Invoice ID,Branch,City,Customer type,Gender,Product line,Unit price,Quantity,Tax 5%,Total,Date,Time,Payment,cogs,gross margin percentage,gross income,Rating
INV-100000,A,Manchester,Member,Female,Personal Care,16.72,2,1.67,35.11,21/05/2025,10:23:52,Cash,33.44,0.2,6.69,8.7
INV-100001,B,Salford,Member,Female,Dairy & Eggs,6.11,10,3.06,64.16,13/03/2025,21:32:11,Cash,61.1,0.08,4.89,7.8
INV-100002,A,Manchester,Normal,Female,Health & Wellness,13.06,5,3.27,68.57,30/10/2025,13:15:14,Cash,65.3,0.22,14.37,8.0
INV-100003,D,Bradford,Member,Female,Household,19.97,4,3.99,83.87,16/01/2025,17:08:38,Mobile Wallet,79.88,0.18,14.38,6.7
INV-100004,A,Manchester,Member,Female,Health & Wellness,35.93,7,12.58,264.09,30/04/2025,10:19:27,Credit Card,251.51,0.22,55.33,5.8
INV-100005,A,Manchester,Member,Female,Bakery,10.9,2,1.09,22.89,29/11/2025,13:05:53,Debit Card,21.8,0.1,2.18,6.6
INV-100006,D,Bradford,Member,Female,Snacks,0.69,9,0.31,6.52,18/08/2025,14:35:13,Credit Card,6.21,0.15,0.93,6.0
INV-100007,C,Leeds,Member,Female,Health & Wellness,33.08,8,13.23,277.87,23/03/2025,16:23:25,Debit Card,264.64,0.22,58.22,8.3
INV-100008,D,Bradford,Normal,Male,Health & Wellness,11.86,1,0.59,12.45,23/05/2025,14:00:43,Cash,11.86,0.22,2.61,7.3
INV-100009,B,Salford,Normal,Female,Frozen Foods,17.97,7,6.29,132.08,22/06/2025,19:11:33,Mobile Wallet,125.79,0.11,13.84,5.6
INV-100010,A,Manchester,Member,Female,Household,9.62,3,1.44,30.3,14/07/2025,17:26:34,Debit Card,28.86,0.18,5.19,5.6
INV-100011,A,Manchester,Normal,Male,Fresh Produce,9.98,2,1.0,20.96,26/06/2025,09:14:14,Credit Card,19.96,0.09,1.8,6.5
INV-100012,C,Leeds,Member,Female,Bakery,1.33,5,0.33,6.98,24/08/2025,15:29:36,Credit Card,6.65,0.1,0.67,6.4
INV-100013,A,Manchester,Normal,Male,Beverages,14.58,7,5.1,107.16,10/02/2025,19:41:44,Debit Card,102.06,0.12,12.25,4.8
INV-100014,C,Leeds,Member,Male,Frozen Foods,15.56,9,7.0,147.04,23/10/2025,19:10:57,Credit Card,140.04,0.11,15.4,6.4
INV-100015,B,Salford,Normal,Female,Fresh Produce,3.28,4,0.66,13.78,24/01/2025,19:38:05,Debit Card,13.12,0.09,1.18,5.5
INV-100016,B,Salford,Member,Male,Health & Wellness,18.14,6,5.44,114.28,10/02/2025,12:58:53,Credit Card,108.84,0.22,23.94,7.1
INV-100017,B,Salford,Member,Female,Fresh Produce,3.9,2,0.39,8.19,14/07/2025,17:36:48,Debit Card,7.8,0.09,0.7,5.1
INV-100018,C,Leeds,Normal,Male,Fresh Produce,12.88,4,2.58,54.1,22/11/2025,14:00:18,Cash,51.52,0.09,4.64,7.0
INV-100019,C,Leeds,Member,Female,Snacks,2.03,6,0.61,12.79,09/07/2025,12:37:23,Debit Card,12.18,0.15,1.83,8.9
INV-100020,C,Leeds,Member,Female,Dairy & Eggs,5.97,5,1.49,31.34,10/12/2025,19:59:58,Cash,29.85,0.08,2.39,8.6
INV-100021,C,Leeds,Member,Female,Bakery,9.09,3,1.36,28.63,08/11/2025,20:39:38,Cash,27.27,0.1,2.73,7.9
INV-100022,B,Salford,Normal,Female,Fresh Produce,8.45,7,2.96,62.11,25/03/2025,16:41:34,Credit Card,59.15,0.09,5.32,5.9
INV-100023,D,Bradford,Normal,Male,Beverages,7.86,4,1.57,33.01,19/05/2025,19:36:31,Cash,31.44,0.12,3.77,5.8
INV-100024,B,Salford,Normal,Male,Health & Wellness,11.68,6,3.5,73.58,29/01/2025,19:53:55,Mobile Wallet,70.08,0.22,15.42,7.5
INV-100025,B,Salford,Member,Female,Health & Wellness,25.94,1,1.3,27.24,11/06/2025,16:53:34,Cash,25.94,0.22,5.71,8.9
INV-100026,D,Bradford,Normal,Male,Health & Wellness,7.95,1,0.4,8.35,03/02/2025,12:55:07,Debit Card,7.95,0.22,1.75,6.9
INV-100027,B,Salford,Member,Male,Bakery,6.79,2,0.68,14.26,19/04/2025,21:50:53,Debit Card,13.58,0.1,1.36,8.0
INV-100028,D,Bradford,Normal,Male,Dairy & Eggs,3.67,6,1.1,23.12,26/11/2025,19:59:47,Debit Card,22.02,0.08,1.76,5.2
INV-100029,D,Bradford,Normal,Female,Frozen Foods,15.27,8,6.11,128.27,16/05/2025,13:45:52,Mobile Wallet,122.16,0.11,13.44,7.1
INV-100030,B,Salford,Member,Female,Fresh Produce,1.66,3,0.25,5.23,15/10/2025,13:02:17,Credit Card,4.98,0.09,0.45,7.5
INV-100031,C,Leeds,Normal,Male,Personal Care,3.55,2,0.35,7.45,26/10/2025,14:26:41,Debit Card,7.1,0.2,1.42,6.7
INV-100032,D,Bradford,Normal,Male,Fresh Produce,9.79,2,0.98,20.56,23/04/2025,16:41:54,Debit Card,19.58,0.09,1.76,4.9
INV-100033,B,Salford,Normal,Male,Baby Products,4.1,5,1.03,21.53,16/02/2025,10:45:15,Credit Card,20.5,0.16,3.28,6.0
INV-100034,A,Manchester,Member,Female,Bakery,4.28,3,0.64,13.48,20/03/2025,16:21:50,Cash,12.84,0.1,1.28,9.5
INV-100035,B,Salford,Member,Male,Baby Products,39.56,2,3.96,83.08,02/11/2025,13:42:59,Cash,79.12,0.16,12.66,4.7
INV-100036,A,Manchester,Member,Male,Personal Care,22.15,2,2.21,46.51,15/07/2025,10:44:31,Debit Card,44.3,0.2,8.86,9.6
INV-100037,D,Bradford,Normal,Male,Beverages,2.47,12,1.48,31.12,11/10/2025,09:55:18,Debit Card,29.64,0.12,3.56,8.6
INV-100038,A,Manchester,Member,Female,Household,8.78,2,0.88,18.44,16/12/2025,14:11:52,Cash,17.56,0.18,3.16,5.2
INV-100039,C,Leeds,Member,Male,Health & Wellness,22.93,2,2.29,48.15,27/02/2025,18:04:21,Mobile Wallet,45.86,0.22,10.09,6.5
INV-100040,C,Leeds,Normal,Male,Bakery,3.16,3,0.47,9.95,22/03/2025,08:13:27,Debit Card,9.48,0.1,0.95,7.1
INV-100041,D,Bradford,Member,Female,Baby Products,29.91,7,10.47,219.84,15/05/2025,15:36:22,Credit Card,209.37,0.16,33.5,7.8
INV-100042,B,Salford,Member,Female,Snacks,4.88,1,0.24,5.12,17/11/2025,17:57:31,Credit Card,4.88,0.15,0.73,7.2
INV-100043,C,Leeds,Member,Female,Personal Care,23.24,10,11.62,244.02,20/03/2025,17:19:23,Mobile Wallet,232.4,0.2,46.48,7.9
INV-100044,C,Leeds,Normal,Female,Bakery,6.65,3,1.0,20.95,04/10/2025,20:02:00,Debit Card,19.95,0.1,2.0,6.9
INV-100045,A,Manchester,Member,Male,Personal Care,11.52,6,3.46,72.58,08/09/2025,13:06:03,Credit Card,69.12,0.2,13.82,6.1
INV-100046,A,Manchester,Normal,Female,Dairy & Eggs,6.07,9,2.73,57.36,05/07/2025,18:56:35,Debit Card,54.63,0.08,4.37,7.0
INV-100047,C,Leeds,Normal,Female,Fresh Produce,8.55,2,0.86,17.96,30/01/2025,16:22:31,Credit Card,17.1,0.09,1.54,5.8
INV-100048,B,Salford,Normal,Female,Fresh Produce,8.24,7,2.88,60.56,13/02/2025,14:48:19,Credit Card,57.68,0.09,5.19,6.0
INV-100049,D,Bradford,Normal,Female,Fresh Produce,1.33,10,0.67,13.97,30/09/2025,14:27:13,Mobile Wallet,13.3,0.09,1.2,7.8
INV-100050,B,Salford,Normal,Female,Beverages,10.07,7,3.52,74.01,04/12/2025,13:24:51,Credit Card,70.49,0.12,8.46,7.7
INV-100051,D,Bradford,Normal,Female,Health & Wellness,6.3,10,3.15,66.15,16/05/2025,21:57:04,Mobile Wallet,63.0,0.22,13.86,7.6
INV-100052,D,Bradford,Normal,Female,Dairy & Eggs,7.39,6,2.22,46.56,04/10/2025,19:37:06,Mobile Wallet,44.34,0.08,3.55,5.0
INV-100053,B,Salford,Member,Male,Baby Products,9.93,4,1.99,41.71,24/07/2025,16:44:00,Credit Card,39.72,0.16,6.36,6.5
INV-100054,C,Leeds,Normal,Male,Fresh Produce,11.18,12,6.71,140.87,22/09/2025,14:30:18,Debit Card,134.16,0.09,12.07,6.9
INV-100055,D,Bradford,Member,Female,Baby Products,15.09,3,2.26,47.53,07/05/2025,14:57:19,Credit Card,45.27,0.16,7.24,8.6
INV-100056,B,Salford,Member,Female,Health & Wellness,28.71,6,8.61,180.87,23/06/2025,14:59:48,Credit Card,172.26,0.22,37.9,7.0
INV-100057,A,Manchester,Member,Female,Baby Products,4.7,11,2.59,54.29,29/10/2025,19:53:20,Cash,51.7,0.16,8.27,5.8
INV-100058,B,Salford,Normal,Female,Frozen Foods,5.56,7,1.95,40.87,06/02/2025,11:48:13,Cash,38.92,0.11,4.28,5.6
INV-100059,A,Manchester,Normal,Female,Baby Products,39.29,9,17.68,371.29,04/02/2025,16:07:57,Credit Card,353.61,0.16,56.58,8.3
INV-100060,A,Manchester,Member,Male,Baby Products,18.48,2,1.85,38.81,06/02/2025,14:35:26,Credit Card,36.96,0.16,5.91,7.3
INV-100061,B,Salford,Member,Male,Beverages,10.54,4,2.11,44.27,09/12/2025,10:05:17,Cash,42.16,0.12,5.06,9.0
INV-100062,D,Bradford,Member,Female,Frozen Foods,11.04,4,2.21,46.37,04/10/2025,19:44:04,Mobile Wallet,44.16,0.11,4.86,6.8
INV-100063,B,Salford,Normal,Male,Fresh Produce,5.07,7,1.77,37.26,05/05/2025,19:48:12,Credit Card,35.49,0.09,3.19,6.1
INV-100064,D,Bradford,Member,Male,Health & Wellness,15.46,2,1.55,32.47,08/04/2025,19:16:04,Cash,30.92,0.22,6.8,8.4
INV-100065,A,Manchester,Normal,Female,Baby Products,20.9,2,2.09,43.89,04/12/2025,12:44:12,Credit Card,41.8,0.16,6.69,6.7
INV-100066,D,Bradford,Member,Male,Fresh Produce,8.38,5,2.1,44.0,05/08/2025,11:25:57,Credit Card,41.9,0.09,3.77,8.7
INV-100067,D,Bradford,Member,Male,Fresh Produce,6.43,5,1.61,33.76,28/01/2025,14:47:46,Mobile Wallet,32.15,0.09,2.89,7.2
INV-100068,A,Manchester,Member,Female,Frozen Foods,13.19,7,4.62,96.95,26/07/2025,11:59:33,Credit Card,92.33,0.11,10.16,8.1
INV-100069,C,Leeds,Member,Female,Bakery,8.95,3,1.34,28.19,08/05/2025,18:59:29,Debit Card,26.85,0.1,2.69,4.8
INV-100070,B,Salford,Normal,Female,Bakery,7.35,7,2.57,54.02,02/10/2025,19:16:59,Credit Card,51.45,0.1,5.15,4.7
INV-100071,D,Bradford,Member,Female,Bakery,5.88,4,1.18,24.7,05/08/2025,14:15:07,Debit Card,23.52,0.1,2.35,8.3
INV-100072,B,Salford,Member,Male,Beverages,6.04,10,3.02,63.42,25/08/2025,17:49:57,Debit Card,60.4,0.12,7.25,7.4
INV-100073,B,Salford,Member,Female,Baby Products,11.1,1,0.56,11.66,15/08/2025,15:25:45,Cash,11.1,0.16,1.78,6.4
INV-100074,A,Manchester,Member,Female,Baby Products,34.26,1,1.71,35.97,30/11/2025,17:46:55,Debit Card,34.26,0.16,5.48,6.6
INV-100075,A,Manchester,Normal,Female,Fresh Produce,7.94,12,4.76,100.04,02/05/2025,20:13:25,Debit Card,95.28,0.09,8.58,6.4
INV-100076,B,Salford,Normal,Male,Personal Care,18.76,1,0.94,19.7,06/09/2025,11:02:46,Cash,18.76,0.2,3.75,7.1
INV-100077,D,Bradford,Member,Female,Dairy & Eggs,4.16,5,1.04,21.84,25/07/2025,13:36:27,Credit Card,20.8,0.08,1.66,7.5
INV-100078,A,Manchester,Member,Female,Health & Wellness,33.6,1,1.68,35.28,14/07/2025,12:12:19,Debit Card,33.6,0.22,7.39,4.4
INV-100079,A,Manchester,Normal,Male,Dairy & Eggs,1.7,5,0.43,8.93,16/05/2025,18:48:43,Debit Card,8.5,0.08,0.68,6.0
INV-100080,D,Bradford,Member,Male,Health & Wellness,13.89,9,6.25,131.26,05/08/2025,12:58:44,Debit Card,125.01,0.22,27.5,7.3
INV-100081,D,Bradford,Member,Female,Frozen Foods,3.82,3,0.57,12.03,08/04/2025,12:29:30,Cash,11.46,0.11,1.26,6.5
INV-100082,C,Leeds,Member,Female,Health & Wellness,5.29,4,1.06,22.22,30/01/2025,21:30:05,Credit Card,21.16,0.22,4.66,7.4
INV-100083,A,Manchester,Normal,Male,Snacks,6.53,5,1.63,34.28,30/01/2025,19:01:14,Debit Card,32.65,0.15,4.9,6.3
INV-100084,A,Manchester,Member,Male,Baby Products,14.92,6,4.48,94.0,15/09/2025,13:18:19,Credit Card,89.52,0.16,14.32,5.0
INV-100085,B,Salford,Member,Female,Baby Products,31.96,1,1.6,33.56,18/09/2025,20:12:42,Debit Card,31.96,0.16,5.11,7.0
INV-100086,A,Manchester,Normal,Female,Snacks,2.59,2,0.26,5.44,05/02/2025,21:12:39,Cash,5.18,0.15,0.78,5.9
INV-100087,A,Manchester,Normal,Female,Fresh Produce,2.37,4,0.47,9.95,26/07/2025,18:30:48,Debit Card,9.48,0.09,0.85,7.2
INV-100088,A,Manchester,Normal,Female,Dairy & Eggs,1.98,7,0.69,14.55,24/10/2025,12:34:00,Mobile Wallet,13.86,0.08,1.11,7.1
INV-100089,A,Manchester,Normal,Female,Personal Care,23.64,7,8.27,173.75,03/08/2025,19:36:04,Debit Card,165.48,0.2,33.1,8.1
INV-100090,C,Leeds,Member,Male,Baby Products,35.95,2,3.6,75.5,15/04/2025,17:07:38,Debit Card,71.9,0.16,11.5,7.4
INV-100091,C,Leeds,Normal,Female,Fresh Produce,8.99,4,1.8,37.76,16/05/2025,20:54:01,Credit Card,35.96,0.09,3.24,6.9
INV-100092,D,Bradford,Member,Female,Personal Care,7.73,5,1.93,40.58,10/12/2025,13:50:07,Credit Card,38.65,0.2,7.73,5.8
INV-100093,C,Leeds,Normal,Male,Fresh Produce,7.04,9,3.17,66.53,11/06/2025,11:32:36,Debit Card,63.36,0.09,5.7,7.2
INV-100094,A,Manchester,Normal,Female,Fresh Produce,1.32,5,0.33,6.93,23/08/2025,19:32:53,Debit Card,6.6,0.09,0.59,7.8
INV-100095,A,Manchester,Member,Female,Beverages,11.69,8,4.68,98.2,03/10/2025,17:35:25,Debit Card,93.52,0.12,11.22,6.3
INV-100096,B,Salford,Member,Male,Frozen Foods,15.29,11,8.41,176.6,09/03/2025,12:22:46,Credit Card,168.19,0.11,18.5,7.6
INV-100097,C,Leeds,Normal,Female,Personal Care,13.36,5,3.34,70.14,06/05/2025,19:11:43,Cash,66.8,0.2,13.36,4.7
INV-100098,C,Leeds,Member,Male,Beverages,11.76,1,0.59,12.35,22/03/2025,18:30:57,Debit Card,11.76,0.12,1.41,6.1
INV-100099,D,Bradford,Member,Male,Household,21.77,9,9.8,205.73,10/11/2025,16:20:46,Debit Card,195.93,0.18,35.27,6.4
INV-100100,A,Manchester,Member,Male,Health & Wellness,11.37,7,3.98,83.57,06/12/2025,11:51:24,Debit Card,79.59,0.22,17.51,5.2
INV-100101,A,Manchester,Normal,Female,Bakery,3.43,4,0.69,14.41,16/05/2025,09:32:48,Cash,13.72,0.1,1.37,4.0
INV-100102,A,Manchester,Normal,Female,Snacks,1.93,2,0.19,4.05,11/10/2025,21:40:48,Debit Card,3.86,0.15,0.58,7.8
INV-100103,B,Salford,Member,Male,Personal Care,13.69,5,3.42,71.87,25/05/2025,18:58:55,Cash,68.45,0.2,13.69,6.9
INV-100104,B,Salford,Normal,Male,Fresh Produce,1.22,4,0.24,5.12,15/04/2025,10:13:50,Debit Card,4.88,0.09,0.44,8.1
INV-100105,C,Leeds,Member,Male,Dairy & Eggs,4.39,7,1.54,32.27,09/05/2025,13:54:38,Cash,30.73,0.08,2.46,4.0
INV-100106,A,Manchester,Normal,Female,Baby Products,16.32,5,4.08,85.68,21/11/2025,09:27:31,Credit Card,81.6,0.16,13.06,7.6
INV-100107,D,Bradford,Member,Male,Household,6.87,2,0.69,14.43,23/01/2025,16:56:46,Debit Card,13.74,0.18,2.47,8.3
INV-100108,A,Manchester,Member,Male,Bakery,7.29,2,0.73,15.31,08/03/2025,12:13:31,Cash,14.58,0.1,1.46,7.0
INV-100109,C,Leeds,Member,Female,Frozen Foods,3.98,4,0.8,16.72,15/08/2025,10:09:06,Credit Card,15.92,0.11,1.75,7.2
INV-100110,D,Bradford,Normal,Female,Frozen Foods,1.79,3,0.27,5.64,27/02/2025,14:01:00,Debit Card,5.37,0.11,0.59,6.0
INV-100111,A,Manchester,Member,Female,Dairy & Eggs,3.75,1,0.19,3.94,07/10/2025,14:29:08,Mobile Wallet,3.75,0.08,0.3,8.3
INV-100112,A,Manchester,Member,Male,Bakery,10.11,6,3.03,63.69,26/10/2025,19:55:58,Cash,60.66,0.1,6.07,6.9
INV-100113,B,Salford,Member,Male,Bakery,5.67,6,1.7,35.72,07/03/2025,14:08:53,Debit Card,34.02,0.1,3.4,7.1
INV-100114,A,Manchester,Normal,Male,Beverages,2.91,10,1.46,30.56,06/07/2025,17:05:17,Debit Card,29.1,0.12,3.49,7.9
INV-100115,A,Manchester,Member,Male,Dairy & Eggs,5.17,6,1.55,32.57,18/04/2025,12:41:21,Mobile Wallet,31.02,0.08,2.48,7.0
INV-100116,B,Salford,Member,Female,Health & Wellness,12.34,6,3.7,77.74,01/07/2025,17:52:06,Credit Card,74.04,0.22,16.29,8.1
INV-100117,D,Bradford,Member,Female,Baby Products,18.23,2,1.82,38.28,02/05/2025,12:52:35,Mobile Wallet,36.46,0.16,5.83,7.2
INV-100118,B,Salford,Normal,Female,Frozen Foods,16.39,5,4.1,86.05,31/07/2025,17:39:34,Mobile Wallet,81.95,0.11,9.01,6.4
INV-100119,A,Manchester,Normal,Female,Snacks,5.5,2,0.55,11.55,20/06/2025,13:34:51,Cash,11.0,0.15,1.65,7.0
INV-100120,D,Bradford,Member,Female,Dairy & Eggs,5.1,4,1.02,21.42,17/05/2025,14:00:24,Credit Card,20.4,0.08,1.63,7.8
INV-100121,B,Salford,Member,Female,Bakery,8.96,7,3.14,65.86,15/07/2025,13:33:11,Debit Card,62.72,0.1,6.27,8.5
INV-100122,A,Manchester,Member,Male,Fresh Produce,2.47,10,1.24,25.94,24/04/2025,12:15:23,Credit Card,24.7,0.09,2.22,7.5
INV-100123,B,Salford,Normal,Male,Frozen Foods,13.83,9,6.22,130.69,29/06/2025,15:14:58,Credit Card,124.47,0.11,13.69,8.0
INV-100124,C,Leeds,Normal,Female,Baby Products,5.31,6,1.59,33.45,25/04/2025,12:20:21,Mobile Wallet,31.86,0.16,5.1,5.4
INV-100125,A,Manchester,Normal,Female,Dairy & Eggs,4.44,8,1.78,37.3,24/07/2025,10:34:17,Debit Card,35.52,0.08,2.84,7.8
INV-100126,C,Leeds,Member,Male,Household,3.06,5,0.77,16.07,05/02/2025,11:33:02,Credit Card,15.3,0.18,2.75,5.8
INV-100127,C,Leeds,Normal,Male,Household,9.49,4,1.9,39.86,25/11/2025,13:17:32,Debit Card,37.96,0.18,6.83,7.8
INV-100128,D,Bradford,Normal,Male,Baby Products,32.77,3,4.92,103.23,15/01/2025,21:58:54,Debit Card,98.31,0.16,15.73,6.1
INV-100129,A,Manchester,Normal,Male,Household,2.85,1,0.14,2.99,02/04/2025,09:43:56,Cash,2.85,0.18,0.51,5.3
INV-100130,C,Leeds,Normal,Female,Health & Wellness,26.22,3,3.93,82.59,25/02/2025,18:29:48,Credit Card,78.66,0.22,17.31,6.1
INV-100131,D,Bradford,Member,Male,Beverages,11.01,6,3.3,69.36,10/06/2025,20:14:08,Credit Card,66.06,0.12,7.93,6.1
INV-100132,D,Bradford,Member,Female,Health & Wellness,24.92,2,2.49,52.33,17/07/2025,18:42:59,Mobile Wallet,49.84,0.22,10.96,8.0
INV-100133,B,Salford,Normal,Male,Dairy & Eggs,2.13,13,1.38,29.07,23/01/2025,20:53:52,Credit Card,27.69,0.08,2.22,6.4
INV-100134,D,Bradford,Normal,Female,Baby Products,5.41,3,0.81,17.04,24/09/2025,20:55:05,Cash,16.23,0.16,2.6,7.2
INV-100135,B,Salford,Member,Male,Health & Wellness,35.0,13,22.75,477.75,09/08/2025,14:49:17,Cash,455.0,0.22,100.1,8.3
INV-100136,A,Manchester,Normal,Male,Personal Care,26.88,4,5.38,112.9,16/11/2025,18:24:08,Debit Card,107.52,0.2,21.5,4.0
INV-100137,C,Leeds,Member,Female,Health & Wellness,4.59,8,1.84,38.56,03/06/2025,13:24:04,Cash,36.72,0.22,8.08,5.8
INV-100138,C,Leeds,Normal,Male,Dairy & Eggs,4.01,4,0.8,16.84,17/06/2025,17:25:17,Credit Card,16.04,0.08,1.28,5.8
INV-100139,D,Bradford,Normal,Male,Personal Care,21.19,4,4.24,89.0,11/10/2025,16:39:33,Mobile Wallet,84.76,0.2,16.95,7.0
INV-100140,B,Salford,Member,Female,Fresh Produce,11.39,8,4.56,95.68,04/08/2025,19:58:47,Debit Card,91.12,0.09,8.2,7.7
INV-100141,D,Bradford,Normal,Female,Baby Products,8.31,6,2.49,52.35,12/11/2025,19:44:57,Credit Card,49.86,0.16,7.98,7.0
INV-100142,C,Leeds,Member,Male,Household,2.55,8,1.02,21.42,08/10/2025,20:17:35,Credit Card,20.4,0.18,3.67,8.7
INV-100143,A,Manchester,Member,Male,Dairy & Eggs,3.19,6,0.96,20.1,27/05/2025,17:30:33,Mobile Wallet,19.14,0.08,1.53,7.3
INV-100144,B,Salford,Normal,Male,Personal Care,21.04,1,1.05,22.09,24/10/2025,08:40:31,Credit Card,21.04,0.2,4.21,6.2
INV-100145,C,Leeds,Member,Male,Frozen Foods,3.32,11,1.83,38.35,15/08/2025,10:26:16,Debit Card,36.52,0.11,4.02,8.2
INV-100146,D,Bradford,Normal,Female,Fresh Produce,6.95,3,1.04,21.89,19/09/2025,09:49:13,Debit Card,20.85,0.09,1.88,6.0
INV-100147,D,Bradford,Normal,Female,Household,4.02,8,1.61,33.77,04/12/2025,19:10:57,Credit Card,32.16,0.18,5.79,6.8
INV-100148,A,Manchester,Member,Male,Dairy & Eggs,3.09,13,2.01,42.18,21/09/2025,15:38:14,Credit Card,40.17,0.08,3.21,7.7
INV-100149,C,Leeds,Member,Female,Dairy & Eggs,6.28,3,0.94,19.78,01/05/2025,19:43:55,Cash,18.84,0.08,1.51,7.8
INV-100150,C,Leeds,Member,Female,Frozen Foods,16.18,9,7.28,152.9,12/04/2025,18:04:02,Mobile Wallet,145.62,0.11,16.02,5.7
INV-100151,B,Salford,Normal,Female,Dairy & Eggs,2.44,1,0.12,2.56,24/01/2025,14:14:43,Debit Card,2.44,0.08,0.2,5.3
INV-100152,B,Salford,Member,Male,Personal Care,6.41,2,0.64,13.46,09/11/2025,11:26:45,Cash,12.82,0.2,2.56,6.5
INV-100153,A,Manchester,Normal,Male,Frozen Foods,18.59,12,11.15,234.23,01/08/2025,15:29:13,Credit Card,223.08,0.11,24.54,6.6
INV-100154,B,Salford,Normal,Male,Beverages,6.92,3,1.04,21.8,11/09/2025,10:53:52,Debit Card,20.76,0.12,2.49,7.5
INV-100155,D,Bradford,Member,Female,Fresh Produce,0.88,1,0.04,0.92,17/03/2025,15:30:37,Credit Card,0.88,0.09,0.08,6.2
INV-100156,A,Manchester,Member,Female,Health & Wellness,34.3,7,12.01,252.11,06/08/2025,15:23:40,Cash,240.1,0.22,52.82,6.9
INV-100157,B,Salford,Normal,Female,Beverages,6.39,8,2.56,53.68,23/12/2025,10:32:32,Mobile Wallet,51.12,0.12,6.13,5.5
INV-100158,D,Bradford,Normal,Female,Fresh Produce,9.53,3,1.43,30.02,13/10/2025,21:25:45,Credit Card,28.59,0.09,2.57,7.6
INV-100159,B,Salford,Member,Female,Fresh Produce,12.27,2,1.23,25.77,22/08/2025,16:08:38,Mobile Wallet,24.54,0.09,2.21,7.7
INV-100160,B,Salford,Normal,Male,Health & Wellness,29.06,8,11.62,244.1,08/12/2025,18:46:58,Debit Card,232.48,0.22,51.15,8.7
INV-100161,C,Leeds,Member,Male,Snacks,5.93,4,1.19,24.91,10/11/2025,16:41:13,Debit Card,23.72,0.15,3.56,6.7
INV-100162,D,Bradford,Member,Male,Snacks,3.86,6,1.16,24.32,23/03/2025,16:18:54,Debit Card,23.16,0.15,3.47,8.8
INV-100163,D,Bradford,Normal,Male,Frozen Foods,11.75,5,2.94,61.69,13/05/2025,17:21:36,Debit Card,58.75,0.11,6.46,6.2
INV-100164,B,Salford,Normal,Male,Health & Wellness,18.97,1,0.95,19.92,24/09/2025,12:53:14,Credit Card,18.97,0.22,4.17,6.1
INV-100165,D,Bradford,Normal,Female,Baby Products,29.2,3,4.38,91.98,21/05/2025,14:19:59,Credit Card,87.6,0.16,14.02,4.8
INV-100166,D,Bradford,Member,Female,Fresh Produce,6.23,5,1.56,32.71,27/05/2025,14:35:01,Cash,31.15,0.09,2.8,8.4
INV-100167,B,Salford,Normal,Male,Bakery,6.78,9,3.05,64.07,21/06/2025,17:39:20,Credit Card,61.02,0.1,6.1,6.9
INV-100168,C,Leeds,Normal,Female,Bakery,7.82,3,1.17,24.63,12/03/2025,17:13:13,Debit Card,23.46,0.1,2.35,4.0
INV-100169,B,Salford,Member,Female,Health & Wellness,11.68,8,4.67,98.11,16/07/2025,15:24:19,Credit Card,93.44,0.22,20.56,7.4
INV-100170,B,Salford,Normal,Female,Snacks,4.32,3,0.65,13.61,02/02/2025,19:04:00,Credit Card,12.96,0.15,1.94,5.9
INV-100171,D,Bradford,Normal,Male,Baby Products,6.69,1,0.33,7.02,19/06/2025,14:29:40,Debit Card,6.69,0.16,1.07,7.0
INV-100172,D,Bradford,Member,Male,Beverages,8.39,11,4.61,96.9,01/02/2025,14:27:56,Credit Card,92.29,0.12,11.07,5.1
INV-100173,B,Salford,Member,Male,Fresh Produce,10.98,8,4.39,92.23,19/07/2025,19:43:58,Debit Card,87.84,0.09,7.91,8.1
INV-100174,A,Manchester,Member,Male,Dairy & Eggs,8.38,2,0.84,17.6,02/09/2025,10:00:54,Credit Card,16.76,0.08,1.34,6.3
INV-100175,A,Manchester,Member,Male,Fresh Produce,7.28,1,0.36,7.64,02/06/2025,21:23:58,Cash,7.28,0.09,0.66,6.4
INV-100176,D,Bradford,Member,Male,Dairy & Eggs,3.1,11,1.71,35.81,03/10/2025,12:42:49,Debit Card,34.1,0.08,2.73,7.2
INV-100177,B,Salford,Member,Male,Beverages,10.88,3,1.63,34.27,23/04/2025,21:00:54,Debit Card,32.64,0.12,3.92,4.7
INV-100178,C,Leeds,Normal,Male,Snacks,5.59,2,0.56,11.74,06/09/2025,19:25:42,Debit Card,11.18,0.15,1.68,6.4
INV-100179,A,Manchester,Normal,Male,Personal Care,24.59,7,8.61,180.74,22/06/2025,18:03:32,Cash,172.13,0.2,34.43,8.6
INV-100180,D,Bradford,Normal,Female,Frozen Foods,12.59,6,3.78,79.32,28/08/2025,11:05:08,Credit Card,75.54,0.11,8.31,6.2
INV-100181,B,Salford,Member,Female,Beverages,10.71,8,4.28,89.96,21/07/2025,15:33:17,Mobile Wallet,85.68,0.12,10.28,7.3
INV-100182,A,Manchester,Normal,Female,Household,13.05,8,5.22,109.62,26/11/2025,16:24:20,Cash,104.4,0.18,18.79,5.4
INV-100183,D,Bradford,Member,Female,Frozen Foods,7.83,6,2.35,49.33,25/08/2025,16:34:43,Debit Card,46.98,0.11,5.17,5.4
INV-100184,B,Salford,Member,Female,Bakery,2.54,5,0.64,13.34,14/05/2025,15:20:25,Debit Card,12.7,0.1,1.27,5.2
INV-100185,D,Bradford,Member,Male,Household,17.44,6,5.23,109.87,19/04/2025,08:22:42,Mobile Wallet,104.64,0.18,18.84,7.3
INV-100186,D,Bradford,Member,Male,Frozen Foods,16.43,3,2.46,51.75,22/06/2025,10:20:12,Mobile Wallet,49.29,0.11,5.42,6.3
INV-100187,D,Bradford,Member,Male,Frozen Foods,6.24,4,1.25,26.21,04/08/2025,16:15:41,Debit Card,24.96,0.11,2.75,6.6
INV-100188,C,Leeds,Normal,Female,Dairy & Eggs,3.95,11,2.17,45.62,29/08/2025,16:06:30,Mobile Wallet,43.45,0.08,3.48,7.1
INV-100189,A,Manchester,Member,Female,Personal Care,22.75,2,2.27,47.77,29/06/2025,14:53:06,Mobile Wallet,45.5,0.2,9.1,7.5
INV-100190,B,Salford,Normal,Female,Personal Care,15.96,1,0.8,16.76,30/11/2025,17:20:21,Cash,15.96,0.2,3.19,7.9
INV-100191,A,Manchester,Normal,Female,Personal Care,12.14,8,4.86,101.98,07/05/2025,14:25:26,Mobile Wallet,97.12,0.2,19.42,7.2
INV-100192,B,Salford,Normal,Female,Dairy & Eggs,6.93,8,2.77,58.21,15/11/2025,18:18:35,Debit Card,55.44,0.08,4.44,6.1
INV-100193,B,Salford,Member,Female,Fresh Produce,9.14,9,4.11,86.37,06/03/2025,10:47:36,Credit Card,82.26,0.09,7.4,5.7
INV-100194,D,Bradford,Normal,Female,Household,12.5,2,1.25,26.25,16/10/2025,16:24:01,Credit Card,25.0,0.18,4.5,7.3
INV-100195,B,Salford,Normal,Male,Baby Products,21.96,6,6.59,138.35,25/12/2025,21:59:45,Debit Card,131.76,0.16,21.08,4.9
INV-100196,C,Leeds,Member,Male,Baby Products,15.82,9,7.12,149.5,27/03/2025,13:36:32,Debit Card,142.38,0.16,22.78,5.0
INV-100197,A,Manchester,Member,Female,Snacks,2.96,1,0.15,3.11,09/06/2025,10:04:43,Debit Card,2.96,0.15,0.44,8.7
INV-100198,A,Manchester,Member,Female,Frozen Foods,6.71,6,2.01,42.27,09/06/2025,12:57:02,Debit Card,40.26,0.11,4.43,5.1
INV-100199,D,Bradford,Normal,Male,Household,10.99,1,0.55,11.54,12/04/2025,20:12:28,Debit Card,10.99,0.18,1.98,5.1
INV-100200,A,Manchester,Normal,Female,Health & Wellness,8.69,3,1.3,27.37,22/02/2025,19:11:16,Credit Card,26.07,0.22,5.74,4.0
INV-100201,C,Leeds,Member,Female,Bakery,2.32,13,1.51,31.67,17/10/2025,16:56:29,Mobile Wallet,30.16,0.1,3.02,6.6
INV-100202,A,Manchester,Member,Male,Snacks,2.16,8,0.86,18.14,30/09/2025,16:11:37,Mobile Wallet,17.28,0.15,2.59,6.8
INV-100203,D,Bradford,Member,Male,Health & Wellness,5.35,10,2.68,56.18,05/02/2025,13:51:22,Debit Card,53.5,0.22,11.77,6.3
INV-100204,C,Leeds,Normal,Female,Dairy & Eggs,4.79,10,2.4,50.3,04/08/2025,21:36:51,Debit Card,47.9,0.08,3.83,6.7
INV-100205,D,Bradford,Member,Female,Personal Care,14.35,7,5.02,105.47,10/08/2025,12:13:08,Cash,100.45,0.2,20.09,6.6
INV-100206,C,Leeds,Member,Male,Bakery,2.81,6,0.84,17.7,29/12/2025,21:09:24,Credit Card,16.86,0.1,1.69,6.2
INV-100207,B,Salford,Member,Male,Fresh Produce,7.67,7,2.68,56.37,01/04/2025,15:40:05,Cash,53.69,0.09,4.83,9.8
INV-100208,C,Leeds,Member,Male,Frozen Foods,3.65,5,0.91,19.16,27/08/2025,12:44:59,Debit Card,18.25,0.11,2.01,6.3
INV-100209,D,Bradford,Normal,Male,Beverages,7.03,2,0.7,14.76,15/06/2025,12:01:59,Debit Card,14.06,0.12,1.69,6.7
INV-100210,B,Salford,Member,Female,Bakery,6.14,2,0.61,12.89,23/05/2025,15:49:30,Credit Card,12.28,0.1,1.23,6.3
INV-100211,D,Bradford,Member,Female,Bakery,2.62,6,0.79,16.51,26/08/2025,17:39:16,Debit Card,15.72,0.1,1.57,6.3
INV-100212,D,Bradford,Member,Male,Beverages,2.93,7,1.03,21.54,15/01/2025,17:36:51,Mobile Wallet,20.51,0.12,2.46,8.8
INV-100213,D,Bradford,Member,Male,Snacks,5.19,7,1.82,38.15,04/04/2025,08:01:26,Debit Card,36.33,0.15,5.45,5.8
INV-100214,D,Bradford,Member,Female,Snacks,2.07,8,0.83,17.39,01/07/2025,16:00:12,Cash,16.56,0.15,2.48,6.9
INV-100215,C,Leeds,Member,Male,Frozen Foods,15.12,2,1.51,31.75,24/05/2025,11:51:47,Debit Card,30.24,0.11,3.33,7.6
INV-100216,C,Leeds,Normal,Female,Personal Care,20.23,5,5.06,106.21,22/09/2025,14:41:12,Mobile Wallet,101.15,0.2,20.23,7.3
INV-100217,B,Salford,Normal,Female,Fresh Produce,10.32,1,0.52,10.84,04/05/2025,15:10:54,Mobile Wallet,10.32,0.09,0.93,6.9
INV-100218,D,Bradford,Normal,Male,Snacks,4.1,6,1.23,25.83,12/10/2025,15:18:04,Cash,24.6,0.15,3.69,6.7
INV-100219,B,Salford,Normal,Male,Personal Care,4.47,6,1.34,28.16,27/11/2025,10:23:16,Cash,26.82,0.2,5.36,8.5
INV-100220,D,Bradford,Normal,Male,Frozen Foods,7.28,5,1.82,38.22,09/01/2025,21:18:06,Mobile Wallet,36.4,0.11,4.0,6.1
INV-100221,A,Manchester,Member,Male,Frozen Foods,13.14,8,5.26,110.38,24/04/2025,09:31:47,Credit Card,105.12,0.11,11.56,8.3
INV-100222,D,Bradford,Normal,Female,Personal Care,19.83,5,4.96,104.11,06/06/2025,12:48:35,Credit Card,99.15,0.2,19.83,7.9
INV-100223,C,Leeds,Normal,Male,Baby Products,20.79,9,9.36,196.47,11/10/2025,11:26:39,Credit Card,187.11,0.16,29.94,7.2
INV-100224,C,Leeds,Member,Male,Frozen Foods,16.35,5,4.09,85.84,09/10/2025,11:09:14,Debit Card,81.75,0.11,8.99,7.2
INV-100225,C,Leeds,Member,Male,Personal Care,13.1,4,2.62,55.02,26/12/2025,20:29:19,Debit Card,52.4,0.2,10.48,6.0
INV-100226,D,Bradford,Member,Male,Bakery,9.05,5,2.26,47.51,06/06/2025,18:54:38,Credit Card,45.25,0.1,4.53,7.7
INV-100227,C,Leeds,Member,Female,Personal Care,18.82,5,4.71,98.81,03/03/2025,10:21:21,Credit Card,94.1,0.2,18.82,6.1
INV-100228,B,Salford,Normal,Male,Snacks,3.77,7,1.32,27.71,03/03/2025,17:51:26,Cash,26.39,0.15,3.96,6.4
INV-100229,B,Salford,Member,Female,Snacks,3.79,6,1.14,23.88,21/04/2025,13:18:22,Debit Card,22.74,0.15,3.41,7.3
INV-100230,D,Bradford,Normal,Male,Household,13.07,9,5.88,123.51,29/10/2025,11:57:15,Credit Card,117.63,0.18,21.17,7.3
INV-100231,C,Leeds,Normal,Female,Beverages,2.08,5,0.52,10.92,10/04/2025,12:09:20,Debit Card,10.4,0.12,1.25,7.2
INV-100232,C,Leeds,Normal,Female,Household,15.05,6,4.51,94.81,04/07/2025,16:35:21,Credit Card,90.3,0.18,16.25,6.9
INV-100233,B,Salford,Normal,Male,Health & Wellness,32.98,3,4.95,103.89,08/01/2025,11:54:05,Credit Card,98.94,0.22,21.77,6.9
INV-100234,B,Salford,Normal,Male,Frozen Foods,3.49,4,0.7,14.66,24/01/2025,18:53:34,Debit Card,13.96,0.11,1.54,6.8
INV-100235,A,Manchester,Member,Male,Household,3.04,5,0.76,15.96,24/12/2025,18:19:16,Credit Card,15.2,0.18,2.74,5.8
INV-100236,B,Salford,Normal,Male,Beverages,7.83,8,3.13,65.77,22/02/2025,12:51:03,Cash,62.64,0.12,7.52,6.4
INV-100237,A,Manchester,Normal,Male,Bakery,3.85,7,1.35,28.3,29/08/2025,10:21:23,Debit Card,26.95,0.1,2.7,5.9
INV-100238,D,Bradford,Member,Male,Baby Products,29.68,7,10.39,218.15,24/06/2025,15:35:29,Debit Card,207.76,0.16,33.24,6.2
INV-100239,B,Salford,Member,Female,Beverages,1.61,9,0.72,15.21,10/05/2025,18:53:44,Debit Card,14.49,0.12,1.74,4.7
INV-100240,D,Bradford,Member,Female,Snacks,3.98,8,1.59,33.43,03/02/2025,14:13:59,Cash,31.84,0.15,4.78,8.3
INV-100241,D,Bradford,Normal,Male,Health & Wellness,19.44,11,10.69,224.53,07/02/2025,17:29:53,Cash,213.84,0.22,47.04,4.3
INV-100242,A,Manchester,Member,Female,Fresh Produce,11.88,7,4.16,87.32,18/03/2025,19:25:50,Cash,83.16,0.09,7.48,6.0
INV-100243,C,Leeds,Member,Female,Frozen Foods,8.88,5,2.22,46.62,08/05/2025,10:38:38,Cash,44.4,0.11,4.88,4.5
INV-100244,A,Manchester,Member,Male,Fresh Produce,11.32,1,0.57,11.89,07/11/2025,12:43:59,Cash,11.32,0.09,1.02,7.6
INV-100245,B,Salford,Member,Male,Frozen Foods,2.82,1,0.14,2.96,19/08/2025,13:34:54,Credit Card,2.82,0.11,0.31,6.6
INV-100246,D,Bradford,Normal,Male,Personal Care,23.2,3,3.48,73.08,29/10/2025,19:05:43,Credit Card,69.6,0.2,13.92,6.6
INV-100247,D,Bradford,Member,Male,Dairy & Eggs,6.98,2,0.7,14.66,19/10/2025,14:06:05,Debit Card,13.96,0.08,1.12,6.8
INV-100248,A,Manchester,Normal,Female,Dairy & Eggs,6.49,5,1.62,34.07,17/04/2025,19:20:41,Cash,32.45,0.08,2.6,6.9
INV-100249,B,Salford,Normal,Male,Frozen Foods,20.01,3,3.0,63.03,05/12/2025,12:23:48,Debit Card,60.03,0.11,6.6,7.0
INV-100250,A,Manchester,Member,Female,Health & Wellness,35.3,11,19.42,407.72,03/05/2025,09:52:03,Credit Card,388.3,0.22,85.43,6.0
INV-100251,B,Salford,Normal,Female,Fresh Produce,6.73,1,0.34,7.07,22/03/2025,17:40:38,Mobile Wallet,6.73,0.09,0.61,6.4
INV-100252,A,Manchester,Normal,Male,Fresh Produce,8.61,2,0.86,18.08,19/08/2025,15:04:01,Mobile Wallet,17.22,0.09,1.55,5.5
INV-100253,D,Bradford,Member,Male,Bakery,6.32,4,1.26,26.54,17/01/2025,15:59:58,Cash,25.28,0.1,2.53,7.7
INV-100254,B,Salford,Member,Male,Bakery,9.14,2,0.91,19.19,28/12/2025,11:03:45,Credit Card,18.28,0.1,1.83,7.3
INV-100255,C,Leeds,Member,Male,Health & Wellness,19.89,6,5.97,125.31,06/02/2025,16:55:02,Debit Card,119.34,0.22,26.25,6.0
INV-100256,B,Salford,Normal,Male,Fresh Produce,5.86,8,2.34,49.22,17/11/2025,15:58:49,Credit Card,46.88,0.09,4.22,6.5
INV-100257,B,Salford,Member,Male,Baby Products,7.24,2,0.72,15.2,28/02/2025,13:07:54,Debit Card,14.48,0.16,2.32,5.8
INV-100258,B,Salford,Normal,Female,Personal Care,14.1,4,2.82,59.22,17/05/2025,11:15:02,Debit Card,56.4,0.2,11.28,7.5
INV-100259,B,Salford,Member,Female,Snacks,1.32,2,0.13,2.77,31/01/2025,19:59:47,Credit Card,2.64,0.15,0.4,6.5
INV-100260,B,Salford,Member,Male,Beverages,13.71,12,8.23,172.75,01/11/2025,11:10:45,Mobile Wallet,164.52,0.12,19.74,5.9
INV-100261,C,Leeds,Normal,Male,Dairy & Eggs,2.12,9,0.95,20.03,05/03/2025,11:26:04,Credit Card,19.08,0.08,1.53,6.6
INV-100262,D,Bradford,Member,Male,Fresh Produce,1.2,8,0.48,10.08,25/12/2025,14:34:27,Credit Card,9.6,0.09,0.86,7.2
INV-100263,D,Bradford,Member,Male,Bakery,7.44,12,4.46,93.74,14/09/2025,17:08:20,Mobile Wallet,89.28,0.1,8.93,7.2
INV-100264,D,Bradford,Member,Male,Snacks,5.04,3,0.76,15.88,11/02/2025,17:55:25,Cash,15.12,0.15,2.27,6.5
INV-100265,A,Manchester,Member,Male,Health & Wellness,29.97,2,3.0,62.94,15/06/2025,15:21:16,Debit Card,59.94,0.22,13.19,6.5
INV-100266,C,Leeds,Normal,Female,Bakery,1.22,6,0.37,7.69,16/02/2025,13:55:27,Cash,7.32,0.1,0.73,5.4
INV-100267,B,Salford,Normal,Female,Fresh Produce,11.51,3,1.73,36.26,11/12/2025,17:24:46,Debit Card,34.53,0.09,3.11,7.0
INV-100268,C,Leeds,Member,Female,Frozen Foods,2.01,4,0.4,8.44,31/03/2025,20:11:16,Debit Card,8.04,0.11,0.88,7.7
INV-100269,D,Bradford,Normal,Male,Dairy & Eggs,5.28,9,2.38,49.9,23/05/2025,11:33:55,Cash,47.52,0.08,3.8,7.3
INV-100270,B,Salford,Member,Male,Beverages,6.96,2,0.7,14.62,22/11/2025,18:58:19,Credit Card,13.92,0.12,1.67,6.7
INV-100271,D,Bradford,Member,Female,Snacks,2.2,9,0.99,20.79,29/08/2025,20:41:18,Credit Card,19.8,0.15,2.97,6.6
INV-100272,C,Leeds,Normal,Male,Beverages,15.31,7,5.36,112.53,20/06/2025,17:56:59,Debit Card,107.17,0.12,12.86,5.5
INV-100273,C,Leeds,Member,Female,Frozen Foods,10.21,2,1.02,21.44,24/03/2025,08:55:51,Credit Card,20.42,0.11,2.25,9.3
INV-100274,C,Leeds,Member,Male,Frozen Foods,7.03,3,1.05,22.14,22/12/2025,09:03:27,Debit Card,21.09,0.11,2.32,7.4
INV-100275,D,Bradford,Normal,Male,Health & Wellness,36.87,5,9.22,193.57,06/12/2025,19:47:29,Debit Card,184.35,0.22,40.56,7.4
INV-100276,D,Bradford,Member,Female,Dairy & Eggs,5.05,6,1.52,31.82,21/08/2025,12:43:32,Credit Card,30.3,0.08,2.42,6.9
INV-100277,A,Manchester,Member,Male,Bakery,8.97,8,3.59,75.35,10/05/2025,15:46:39,Debit Card,71.76,0.1,7.18,8.8
INV-100278,C,Leeds,Member,Female,Health & Wellness,14.45,1,0.72,15.17,26/07/2025,20:37:19,Cash,14.45,0.22,3.18,7.6
INV-100279,A,Manchester,Normal,Male,Beverages,6.96,6,2.09,43.85,31/07/2025,20:33:26,Debit Card,41.76,0.12,5.01,7.9
INV-100280,A,Manchester,Normal,Female,Fresh Produce,4.04,4,0.81,16.97,23/09/2025,08:11:05,Mobile Wallet,16.16,0.09,1.45,6.5
INV-100281,C,Leeds,Member,Male,Bakery,5.52,4,1.1,23.18,17/11/2025,16:48:45,Debit Card,22.08,0.1,2.21,4.7
INV-100282,D,Bradford,Member,Female,Personal Care,2.7,1,0.14,2.84,15/04/2025,18:48:41,Credit Card,2.7,0.2,0.54,7.2
INV-100283,C,Leeds,Member,Female,Frozen Foods,6.07,9,2.73,57.36,28/05/2025,19:54:40,Debit Card,54.63,0.11,6.01,6.6
INV-100284,D,Bradford,Member,Male,Bakery,4.8,10,2.4,50.4,04/03/2025,14:18:11,Cash,48.0,0.1,4.8,7.3
INV-100285,A,Manchester,Member,Female,Fresh Produce,11.9,10,5.95,124.95,30/12/2025,08:26:45,Mobile Wallet,119.0,0.09,10.71,7.9
INV-100286,B,Salford,Member,Male,Household,3.32,9,1.49,31.37,10/10/2025,17:32:35,Credit Card,29.88,0.18,5.38,5.8
INV-100287,A,Manchester,Member,Male,Beverages,13.96,5,3.49,73.29,17/02/2025,18:01:28,Credit Card,69.8,0.12,8.38,6.4
INV-100288,B,Salford,Normal,Female,Dairy & Eggs,7.73,5,1.93,40.58,25/08/2025,11:08:56,Debit Card,38.65,0.08,3.09,6.3
INV-100289,A,Manchester,Normal,Female,Frozen Foods,17.37,1,0.87,18.24,13/09/2025,11:16:40,Debit Card,17.37,0.11,1.91,6.3
INV-100290,C,Leeds,Member,Male,Bakery,5.24,1,0.26,5.5,01/08/2025,20:48:30,Credit Card,5.24,0.1,0.52,8.4
INV-100291,D,Bradford,Member,Male,Frozen Foods,12.28,5,3.07,64.47,05/05/2025,13:52:37,Debit Card,61.4,0.11,6.75,6.6
INV-100292,D,Bradford,Normal,Female,Dairy & Eggs,3.72,4,0.74,15.62,16/07/2025,18:22:39,Debit Card,14.88,0.08,1.19,6.1
INV-100293,B,Salford,Member,Female,Personal Care,10.4,2,1.04,21.84,05/02/2025,11:55:00,Credit Card,20.8,0.2,4.16,6.9
INV-100294,C,Leeds,Member,Male,Beverages,5.77,6,1.73,36.35,24/06/2025,08:46:30,Credit Card,34.62,0.12,4.15,7.4
INV-100295,C,Leeds,Member,Female,Frozen Foods,10.06,9,4.53,95.07,25/05/2025,16:30:03,Debit Card,90.54,0.11,9.96,8.4
INV-100296,C,Leeds,Member,Male,Dairy & Eggs,4.31,1,0.22,4.53,18/03/2025,21:03:25,Debit Card,4.31,0.08,0.34,5.7
INV-100297,D,Bradford,Member,Male,Frozen Foods,6.32,10,3.16,66.36,26/06/2025,20:36:34,Cash,63.2,0.11,6.95,6.6
INV-100298,C,Leeds,Normal,Male,Beverages,15.51,6,4.65,97.71,22/08/2025,16:51:16,Cash,93.06,0.12,11.17,4.9
INV-100299,C,Leeds,Member,Female,Frozen Foods,10.3,6,3.09,64.89,24/12/2025,12:22:50,Cash,61.8,0.11,6.8,5.5
INV-100300,B,Salford,Member,Male,Dairy & Eggs,2.84,2,0.28,5.96,30/04/2025,14:43:20,Cash,5.68,0.08,0.45,7.0
INV-100301,D,Bradford,Member,Female,Personal Care,25.17,2,2.52,52.86,12/06/2025,12:16:34,Debit Card,50.34,0.2,10.07,7.3
INV-100302,D,Bradford,Normal,Male,Personal Care,9.56,7,3.35,70.27,17/07/2025,18:07:27,Debit Card,66.92,0.2,13.38,6.9
INV-100303,B,Salford,Normal,Male,Frozen Foods,11.15,4,2.23,46.83,19/01/2025,09:53:10,Credit Card,44.6,0.11,4.91,7.4
INV-100304,B,Salford,Member,Male,Frozen Foods,14.31,3,2.15,45.08,21/02/2025,20:16:50,Mobile Wallet,42.93,0.11,4.72,7.5
INV-100305,D,Bradford,Member,Female,Snacks,3.83,4,0.77,16.09,27/09/2025,12:23:22,Credit Card,15.32,0.15,2.3,6.7
INV-100306,D,Bradford,Member,Female,Health & Wellness,13.86,6,4.16,87.32,15/03/2025,15:27:50,Mobile Wallet,83.16,0.22,18.3,8.8
INV-100307,D,Bradford,Normal,Female,Bakery,2.58,1,0.13,2.71,08/02/2025,15:48:32,Mobile Wallet,2.58,0.1,0.26,8.6
INV-100308,D,Bradford,Normal,Male,Bakery,3.83,2,0.38,8.04,23/06/2025,21:30:54,Cash,7.66,0.1,0.77,6.6
INV-100309,D,Bradford,Normal,Female,Bakery,7.28,1,0.36,7.64,18/06/2025,14:01:40,Credit Card,7.28,0.1,0.73,6.2
INV-100310,D,Bradford,Member,Male,Personal Care,15.06,7,5.27,110.69,17/11/2025,12:25:48,Mobile Wallet,105.42,0.2,21.08,6.8
INV-100311,D,Bradford,Normal,Female,Frozen Foods,1.7,11,0.94,19.64,13/11/2025,18:00:35,Mobile Wallet,18.7,0.11,2.06,6.2
INV-100312,A,Manchester,Normal,Female,Personal Care,13.27,7,4.64,97.53,20/11/2025,17:30:37,Credit Card,92.89,0.2,18.58,6.9
INV-100313,C,Leeds,Normal,Female,Dairy & Eggs,0.99,2,0.1,2.08,16/02/2025,17:16:54,Mobile Wallet,1.98,0.08,0.16,4.5
INV-100314,D,Bradford,Normal,Female,Snacks,0.85,1,0.04,0.89,21/11/2025,13:59:33,Credit Card,0.85,0.15,0.13,7.4
INV-100315,A,Manchester,Normal,Male,Household,21.38,3,3.21,67.35,27/03/2025,12:40:29,Debit Card,64.14,0.18,11.55,5.7
INV-100316,C,Leeds,Normal,Female,Frozen Foods,4.79,4,0.96,20.12,24/01/2025,12:54:22,Debit Card,19.16,0.11,2.11,6.2
INV-100317,C,Leeds,Normal,Female,Snacks,0.91,7,0.32,6.69,31/05/2025,17:51:52,Credit Card,6.37,0.15,0.96,7.6
INV-100318,C,Leeds,Normal,Male,Snacks,4.03,2,0.4,8.46,09/08/2025,17:11:54,Mobile Wallet,8.06,0.15,1.21,7.2
INV-100319,B,Salford,Member,Female,Fresh Produce,4.4,1,0.22,4.62,29/09/2025,09:31:21,Debit Card,4.4,0.09,0.4,7.8
INV-100320,D,Bradford,Normal,Female,Household,13.18,4,2.64,55.36,29/03/2025,20:28:27,Credit Card,52.72,0.18,9.49,6.3
INV-100321,B,Salford,Member,Female,Dairy & Eggs,3.61,7,1.26,26.53,09/11/2025,15:48:05,Mobile Wallet,25.27,0.08,2.02,6.2
INV-100322,D,Bradford,Member,Female,Bakery,1.71,5,0.43,8.98,12/09/2025,14:26:24,Debit Card,8.55,0.1,0.86,7.5
INV-100323,B,Salford,Normal,Female,Fresh Produce,4.2,2,0.42,8.82,25/08/2025,20:08:20,Debit Card,8.4,0.09,0.76,5.7
INV-100324,C,Leeds,Member,Male,Bakery,6.66,1,0.33,6.99,11/05/2025,20:27:40,Credit Card,6.66,0.1,0.67,5.9
INV-100325,A,Manchester,Normal,Male,Bakery,4.59,1,0.23,4.82,28/05/2025,14:12:35,Debit Card,4.59,0.1,0.46,6.5
INV-100326,B,Salford,Normal,Female,Health & Wellness,25.73,4,5.15,108.07,15/08/2025,12:44:22,Mobile Wallet,102.92,0.22,22.64,4.8
INV-100327,C,Leeds,Member,Male,Household,5.43,7,1.9,39.91,24/11/2025,10:27:39,Mobile Wallet,38.01,0.18,6.84,8.0
INV-100328,D,Bradford,Member,Male,Fresh Produce,10.85,3,1.63,34.18,22/08/2025,10:53:53,Credit Card,32.55,0.09,2.93,5.0
INV-100329,C,Leeds,Normal,Female,Frozen Foods,17.17,9,7.73,162.26,16/07/2025,20:34:24,Debit Card,154.53,0.11,17.0,6.7
INV-100330,D,Bradford,Normal,Female,Snacks,3.5,6,1.05,22.05,02/05/2025,15:35:57,Cash,21.0,0.15,3.15,8.8
INV-100331,D,Bradford,Member,Male,Fresh Produce,6.31,11,3.47,72.88,22/10/2025,08:58:46,Cash,69.41,0.09,6.25,7.2
INV-100332,C,Leeds,Normal,Male,Dairy & Eggs,2.16,4,0.43,9.07,12/01/2025,14:54:57,Credit Card,8.64,0.08,0.69,7.3
INV-100333,D,Bradford,Member,Male,Frozen Foods,11.21,12,6.73,141.25,05/01/2025,09:10:07,Mobile Wallet,134.52,0.11,14.8,5.8
INV-100334,A,Manchester,Normal,Male,Health & Wellness,13.06,2,1.31,27.43,27/05/2025,20:28:40,Cash,26.12,0.22,5.75,6.8
INV-100335,B,Salford,Member,Male,Household,15.75,5,3.94,82.69,23/04/2025,12:55:31,Mobile Wallet,78.75,0.18,14.17,7.6
INV-100336,B,Salford,Normal,Male,Snacks,3.05,3,0.46,9.61,14/12/2025,11:25:24,Credit Card,9.15,0.15,1.37,7.0
INV-100337,B,Salford,Member,Female,Frozen Foods,11.54,10,5.77,121.17,18/11/2025,17:00:48,Cash,115.4,0.11,12.69,8.3
INV-100338,A,Manchester,Normal,Male,Snacks,2.52,4,0.5,10.58,14/08/2025,17:49:25,Mobile Wallet,10.08,0.15,1.51,5.6
INV-100339,A,Manchester,Member,Male,Dairy & Eggs,3.3,7,1.16,24.26,09/03/2025,20:45:04,Credit Card,23.1,0.08,1.85,9.2
INV-100340,A,Manchester,Normal,Male,Snacks,5.69,5,1.42,29.87,17/06/2025,15:02:29,Credit Card,28.45,0.15,4.27,6.5
INV-100341,D,Bradford,Normal,Female,Fresh Produce,2.22,13,1.44,30.3,13/04/2025,14:43:05,Debit Card,28.86,0.09,2.6,7.8
INV-100342,B,Salford,Member,Male,Beverages,14.45,13,9.39,197.24,29/09/2025,21:56:11,Debit Card,187.85,0.12,22.54,6.5
INV-100343,C,Leeds,Normal,Female,Household,6.54,1,0.33,6.87,12/05/2025,19:28:58,Cash,6.54,0.18,1.18,4.6
INV-100344,D,Bradford,Member,Male,Fresh Produce,11.63,5,2.91,61.06,23/06/2025,18:12:41,Mobile Wallet,58.15,0.09,5.23,8.9
INV-100345,A,Manchester,Member,Male,Fresh Produce,6.1,7,2.14,44.84,08/02/2025,18:28:21,Mobile Wallet,42.7,0.09,3.84,6.7
INV-100346,B,Salford,Normal,Female,Frozen Foods,1.87,4,0.37,7.85,13/12/2025,12:42:20,Mobile Wallet,7.48,0.11,0.82,5.8
INV-100347,D,Bradford,Normal,Male,Personal Care,18.97,2,1.9,39.84,16/02/2025,14:43:12,Credit Card,37.94,0.2,7.59,5.4
INV-100348,D,Bradford,Member,Female,Beverages,4.59,5,1.15,24.1,16/05/2025,21:31:24,Mobile Wallet,22.95,0.12,2.75,6.4
INV-100349,A,Manchester,Member,Male,Frozen Foods,2.29,1,0.11,2.4,08/07/2025,13:16:17,Credit Card,2.29,0.11,0.25,8.2
INV-100350,C,Leeds,Normal,Male,Beverages,9.78,5,2.45,51.35,23/11/2025,20:25:44,Mobile Wallet,48.9,0.12,5.87,7.3
INV-100351,C,Leeds,Member,Female,Fresh Produce,3.03,9,1.36,28.63,12/12/2025,20:04:10,Credit Card,27.27,0.09,2.45,7.7
INV-100352,B,Salford,Member,Male,Frozen Foods,9.82,8,3.93,82.49,13/01/2025,14:46:54,Credit Card,78.56,0.11,8.64,8.5
INV-100353,C,Leeds,Member,Female,Dairy & Eggs,2.67,5,0.67,14.02,28/11/2025,13:38:45,Credit Card,13.35,0.08,1.07,6.3
INV-100354,A,Manchester,Member,Male,Health & Wellness,17.4,2,1.74,36.54,25/12/2025,15:46:23,Mobile Wallet,34.8,0.22,7.66,8.1
INV-100355,C,Leeds,Member,Male,Beverages,2.81,10,1.41,29.51,01/03/2025,13:22:44,Debit Card,28.1,0.12,3.37,7.6
INV-100356,B,Salford,Member,Female,Frozen Foods,13.84,1,0.69,14.53,20/01/2025,16:36:56,Credit Card,13.84,0.11,1.52,5.8
INV-100357,C,Leeds,Member,Male,Bakery,1.44,2,0.14,3.02,01/03/2025,18:35:46,Credit Card,2.88,0.1,0.29,5.6
INV-100358,A,Manchester,Member,Female,Household,15.25,9,6.86,144.11,03/10/2025,12:50:13,Debit Card,137.25,0.18,24.7,6.4
INV-100359,B,Salford,Normal,Male,Beverages,15.83,8,6.33,132.97,21/08/2025,16:48:15,Credit Card,126.64,0.12,15.2,5.7
INV-100360,C,Leeds,Member,Male,Baby Products,28.94,1,1.45,30.39,28/10/2025,16:10:31,Debit Card,28.94,0.16,4.63,5.2
INV-100361,B,Salford,Normal,Male,Frozen Foods,12.15,8,4.86,102.06,02/12/2025,11:16:40,Debit Card,97.2,0.11,10.69,7.5
INV-100362,A,Manchester,Member,Male,Dairy & Eggs,6.98,7,2.44,51.3,12/11/2025,20:22:57,Debit Card,48.86,0.08,3.91,7.7
INV-100363,D,Bradford,Member,Male,Health & Wellness,8.52,3,1.28,26.84,17/01/2025,21:02:16,Credit Card,25.56,0.22,5.62,7.4
INV-100364,C,Leeds,Normal,Female,Household,13.72,3,2.06,43.22,16/08/2025,15:31:03,Debit Card,41.16,0.18,7.41,6.3
INV-100365,D,Bradford,Normal,Female,Personal Care,20.49,5,5.12,107.57,05/07/2025,10:23:58,Mobile Wallet,102.45,0.2,20.49,6.7
INV-100366,A,Manchester,Member,Male,Snacks,4.01,11,2.21,46.32,06/10/2025,15:26:15,Cash,44.11,0.15,6.62,6.7
INV-100367,C,Leeds,Normal,Female,Bakery,9.94,2,0.99,20.87,23/07/2025,18:30:03,Mobile Wallet,19.88,0.1,1.99,6.8
INV-100368,C,Leeds,Normal,Female,Dairy & Eggs,6.96,6,2.09,43.85,04/03/2025,12:55:54,Debit Card,41.76,0.08,3.34,7.7
INV-100369,D,Bradford,Normal,Female,Dairy & Eggs,2.91,2,0.29,6.11,06/12/2025,08:52:10,Credit Card,5.82,0.08,0.47,6.9
INV-100370,B,Salford,Member,Female,Fresh Produce,11.04,4,2.21,46.37,26/01/2025,16:55:58,Mobile Wallet,44.16,0.09,3.97,6.4
INV-100371,C,Leeds,Member,Female,Snacks,2.44,1,0.12,2.56,06/03/2025,20:12:19,Credit Card,2.44,0.15,0.37,6.7
INV-100372,B,Salford,Normal,Female,Household,6.44,3,0.97,20.29,11/10/2025,10:28:23,Debit Card,19.32,0.18,3.48,6.0
INV-100373,B,Salford,Normal,Female,Baby Products,20.41,11,11.23,235.74,30/04/2025,16:27:40,Cash,224.51,0.16,35.92,4.8
INV-100374,C,Leeds,Normal,Female,Baby Products,27.39,2,2.74,57.52,02/11/2025,10:02:09,Debit Card,54.78,0.16,8.76,8.5
INV-100375,A,Manchester,Normal,Male,Personal Care,18.13,11,9.97,209.4,16/03/2025,10:28:46,Debit Card,199.43,0.2,39.89,6.7
INV-100376,B,Salford,Normal,Male,Health & Wellness,6.01,5,1.5,31.55,31/03/2025,17:29:52,Debit Card,30.05,0.22,6.61,7.3
INV-100377,A,Manchester,Normal,Female,Snacks,2.52,3,0.38,7.94,09/03/2025,19:00:18,Debit Card,7.56,0.15,1.13,5.1
INV-100378,A,Manchester,Member,Male,Baby Products,27.6,2,2.76,57.96,02/05/2025,08:55:21,Mobile Wallet,55.2,0.16,8.83,5.5
INV-100379,C,Leeds,Member,Female,Fresh Produce,0.95,5,0.24,4.99,31/03/2025,15:00:09,Credit Card,4.75,0.09,0.43,8.5
INV-100380,C,Leeds,Member,Female,Baby Products,30.01,2,3.0,63.02,06/03/2025,15:26:53,Debit Card,60.02,0.16,9.6,7.8
INV-100381,D,Bradford,Member,Female,Health & Wellness,15.56,2,1.56,32.68,02/02/2025,17:25:18,Credit Card,31.12,0.22,6.85,6.4
INV-100382,D,Bradford,Normal,Male,Fresh Produce,6.97,6,2.09,43.91,05/07/2025,12:38:48,Debit Card,41.82,0.09,3.76,5.3
INV-100383,A,Manchester,Member,Male,Fresh Produce,8.84,1,0.44,9.28,15/09/2025,19:37:18,Mobile Wallet,8.84,0.09,0.8,4.8
INV-100384,B,Salford,Member,Female,Personal Care,7.47,5,1.87,39.22,04/12/2025,18:45:07,Debit Card,37.35,0.2,7.47,6.5
INV-100385,C,Leeds,Normal,Male,Snacks,5.82,3,0.87,18.33,26/11/2025,20:36:08,Mobile Wallet,17.46,0.15,2.62,6.1
INV-100386,A,Manchester,Member,Female,Frozen Foods,8.78,10,4.39,92.19,03/09/2025,19:39:35,Debit Card,87.8,0.11,9.66,5.5
INV-100387,D,Bradford,Normal,Male,Dairy & Eggs,7.21,3,1.08,22.71,18/12/2025,09:03:21,Credit Card,21.63,0.08,1.73,6.7
INV-100388,A,Manchester,Member,Male,Snacks,0.8,2,0.08,1.68,31/12/2025,17:37:49,Credit Card,1.6,0.15,0.24,7.6
INV-100389,D,Bradford,Member,Female,Frozen Foods,13.34,11,7.34,154.08,11/02/2025,17:46:19,Debit Card,146.74,0.11,16.14,6.6
INV-100390,C,Leeds,Member,Female,Beverages,4.6,4,0.92,19.32,03/02/2025,15:22:24,Credit Card,18.4,0.12,2.21,5.5
INV-100391,B,Salford,Normal,Male,Health & Wellness,33.37,2,3.34,70.08,16/11/2025,18:45:41,Debit Card,66.74,0.22,14.68,4.9
INV-100392,C,Leeds,Member,Male,Baby Products,41.58,8,16.63,349.27,02/11/2025,14:50:44,Cash,332.64,0.16,53.22,5.4
INV-100393,C,Leeds,Normal,Male,Baby Products,35.12,2,3.51,73.75,16/09/2025,14:21:08,Debit Card,70.24,0.16,11.24,6.6
INV-100394,D,Bradford,Member,Female,Frozen Foods,8.81,8,3.52,74.0,26/12/2025,15:44:16,Credit Card,70.48,0.11,7.75,7.6
INV-100395,A,Manchester,Member,Female,Dairy & Eggs,3.46,5,0.87,18.17,09/08/2025,14:31:41,Credit Card,17.3,0.08,1.38,7.4
INV-100396,D,Bradford,Normal,Female,Baby Products,16.87,1,0.84,17.71,31/07/2025,15:27:10,Credit Card,16.87,0.16,2.7,5.1
INV-100397,C,Leeds,Member,Male,Personal Care,16.8,5,4.2,88.2,24/07/2025,15:18:02,Credit Card,84.0,0.2,16.8,6.3
INV-100398,D,Bradford,Normal,Female,Baby Products,10.25,4,2.05,43.05,10/06/2025,19:33:28,Credit Card,41.0,0.16,6.56,5.3
INV-100399,D,Bradford,Normal,Male,Household,5.62,6,1.69,35.41,07/12/2025,14:48:02,Credit Card,33.72,0.18,6.07,6.7
INV-100400,C,Leeds,Member,Male,Fresh Produce,11.23,7,3.93,82.54,20/03/2025,19:58:02,Debit Card,78.61,0.09,7.07,9.0
INV-100401,D,Bradford,Normal,Female,Health & Wellness,24.33,6,7.3,153.28,16/02/2025,15:21:15,Debit Card,145.98,0.22,32.12,7.7
INV-100402,A,Manchester,Member,Female,Bakery,4.01,4,0.8,16.84,10/08/2025,19:40:44,Debit Card,16.04,0.1,1.6,6.4
INV-100403,A,Manchester,Member,Male,Health & Wellness,30.44,9,13.7,287.66,08/03/2025,10:21:05,Credit Card,273.96,0.22,60.27,6.9
INV-100404,A,Manchester,Member,Male,Health & Wellness,31.79,8,12.72,267.04,10/12/2025,21:17:01,Debit Card,254.32,0.22,55.95,7.3
INV-100405,A,Manchester,Member,Male,Baby Products,17.49,2,1.75,36.73,01/07/2025,14:58:54,Credit Card,34.98,0.16,5.6,7.0
INV-100406,D,Bradford,Member,Female,Beverages,1.28,4,0.26,5.38,28/05/2025,14:01:48,Mobile Wallet,5.12,0.12,0.61,8.7
INV-100407,C,Leeds,Member,Male,Personal Care,13.89,1,0.69,14.58,23/02/2025,16:36:47,Debit Card,13.89,0.2,2.78,5.4
INV-100408,B,Salford,Normal,Female,Household,17.77,7,6.22,130.61,03/12/2025,12:43:28,Cash,124.39,0.18,22.39,8.1
INV-100409,D,Bradford,Member,Female,Snacks,4.61,10,2.31,48.41,25/02/2025,16:25:35,Debit Card,46.1,0.15,6.92,5.7
INV-100410,C,Leeds,Normal,Male,Frozen Foods,11.34,2,1.13,23.81,28/02/2025,17:53:15,Debit Card,22.68,0.11,2.49,5.7
INV-100411,C,Leeds,Member,Female,Dairy & Eggs,4.13,9,1.86,39.03,08/08/2025,12:16:25,Debit Card,37.17,0.08,2.97,5.6
INV-100412,A,Manchester,Normal,Male,Bakery,8.63,5,2.16,45.31,15/01/2025,13:37:56,Debit Card,43.15,0.1,4.32,6.5
INV-100413,B,Salford,Normal,Male,Fresh Produce,7.6,8,3.04,63.84,26/12/2025,13:26:35,Debit Card,60.8,0.09,5.47,6.3
INV-100414,C,Leeds,Normal,Male,Baby Products,28.91,7,10.12,212.49,29/06/2025,18:05:23,Debit Card,202.37,0.16,32.38,6.7
INV-100415,A,Manchester,Member,Female,Personal Care,2.88,2,0.29,6.05,15/03/2025,19:34:14,Cash,5.76,0.2,1.15,6.2
INV-100416,D,Bradford,Member,Female,Personal Care,20.65,7,7.23,151.78,14/03/2025,12:55:39,Credit Card,144.55,0.2,28.91,6.3
INV-100417,A,Manchester,Normal,Female,Dairy & Eggs,7.33,3,1.1,23.09,29/09/2025,10:47:26,Debit Card,21.99,0.08,1.76,8.4
INV-100418,B,Salford,Normal,Male,Baby Products,4.5,3,0.68,14.18,03/08/2025,13:12:48,Debit Card,13.5,0.16,2.16,6.1
INV-100419,D,Bradford,Member,Male,Frozen Foods,5.06,1,0.25,5.31,22/03/2025,17:31:35,Debit Card,5.06,0.11,0.56,8.0
INV-100420,C,Leeds,Member,Male,Baby Products,25.22,5,6.3,132.4,16/06/2025,16:24:03,Mobile Wallet,126.1,0.16,20.18,9.0
INV-100421,A,Manchester,Member,Female,Beverages,9.37,10,4.69,98.39,21/03/2025,14:27:04,Credit Card,93.7,0.12,11.24,6.4
INV-100422,B,Salford,Normal,Female,Frozen Foods,20.28,13,13.18,276.82,12/12/2025,18:19:37,Debit Card,263.64,0.11,29.0,5.7
INV-100423,A,Manchester,Member,Male,Dairy & Eggs,3.97,9,1.79,37.52,15/08/2025,20:43:04,Cash,35.73,0.08,2.86,7.1
INV-100424,D,Bradford,Member,Male,Health & Wellness,25.28,2,2.53,53.09,07/11/2025,17:03:00,Cash,50.56,0.22,11.12,7.4
INV-100425,D,Bradford,Member,Male,Fresh Produce,9.67,2,0.97,20.31,20/05/2025,18:54:58,Cash,19.34,0.09,1.74,5.8
INV-100426,B,Salford,Normal,Female,Personal Care,21.91,11,12.05,253.06,26/06/2025,15:29:12,Debit Card,241.01,0.2,48.2,6.9
INV-100427,D,Bradford,Member,Female,Beverages,1.73,8,0.69,14.53,26/05/2025,16:19:07,Cash,13.84,0.12,1.66,5.7
INV-100428,D,Bradford,Member,Male,Baby Products,6.49,5,1.62,34.07,24/01/2025,19:42:06,Mobile Wallet,32.45,0.16,5.19,7.4
INV-100429,B,Salford,Normal,Male,Frozen Foods,16.63,10,8.32,174.62,03/11/2025,12:36:41,Cash,166.3,0.11,18.29,6.4
INV-100430,A,Manchester,Normal,Female,Household,15.44,10,7.72,162.12,15/04/2025,11:59:38,Debit Card,154.4,0.18,27.79,4.4
INV-100431,C,Leeds,Normal,Female,Baby Products,37.01,1,1.85,38.86,12/03/2025,10:43:57,Credit Card,37.01,0.16,5.92,5.2
INV-100432,C,Leeds,Member,Male,Beverages,1.55,11,0.85,17.9,17/06/2025,15:19:02,Cash,17.05,0.12,2.05,6.5
INV-100433,A,Manchester,Normal,Female,Personal Care,5.28,2,0.53,11.09,12/09/2025,17:31:35,Credit Card,10.56,0.2,2.11,5.9
INV-100434,D,Bradford,Member,Female,Snacks,5.59,8,2.24,46.96,08/03/2025,21:55:22,Cash,44.72,0.15,6.71,7.9
INV-100435,D,Bradford,Member,Female,Snacks,4.92,3,0.74,15.5,14/09/2025,08:59:22,Credit Card,14.76,0.15,2.21,8.6
INV-100436,C,Leeds,Member,Female,Household,22.53,3,3.38,70.97,23/07/2025,13:33:08,Debit Card,67.59,0.18,12.17,6.2
INV-100437,A,Manchester,Member,Male,Personal Care,17.76,2,1.78,37.3,10/01/2025,11:12:16,Cash,35.52,0.2,7.1,5.7
INV-100438,D,Bradford,Normal,Female,Personal Care,10.62,2,1.06,22.3,10/06/2025,18:11:43,Debit Card,21.24,0.2,4.25,7.6
INV-100439,D,Bradford,Member,Male,Dairy & Eggs,1.98,6,0.59,12.47,30/12/2025,15:39:12,Credit Card,11.88,0.08,0.95,8.4
INV-100440,D,Bradford,Normal,Male,Fresh Produce,2.55,5,0.64,13.39,28/02/2025,15:30:53,Debit Card,12.75,0.09,1.15,6.9
INV-100441,D,Bradford,Member,Female,Snacks,1.3,9,0.58,12.28,16/06/2025,19:02:44,Cash,11.7,0.15,1.75,5.1
INV-100442,B,Salford,Member,Male,Snacks,4.66,5,1.17,24.47,20/12/2025,14:05:13,Debit Card,23.3,0.15,3.5,6.6
INV-100443,C,Leeds,Normal,Female,Frozen Foods,4.56,7,1.6,33.52,12/08/2025,12:57:19,Credit Card,31.92,0.11,3.51,7.2
INV-100444,A,Manchester,Member,Female,Snacks,5.63,6,1.69,35.47,12/08/2025,10:51:12,Debit Card,33.78,0.15,5.07,6.1
INV-100445,D,Bradford,Member,Female,Fresh Produce,4.12,2,0.41,8.65,22/07/2025,20:07:07,Mobile Wallet,8.24,0.09,0.74,6.1
INV-100446,C,Leeds,Normal,Male,Household,2.57,7,0.9,18.89,24/04/2025,16:53:17,Debit Card,17.99,0.18,3.24,8.7
INV-100447,C,Leeds,Normal,Female,Dairy & Eggs,3.6,8,1.44,30.24,09/02/2025,09:20:47,Cash,28.8,0.08,2.3,6.7
INV-100448,A,Manchester,Member,Female,Personal Care,8.11,6,2.43,51.09,28/06/2025,18:52:22,Debit Card,48.66,0.2,9.73,5.2
INV-100449,C,Leeds,Normal,Female,Health & Wellness,29.26,1,1.46,30.72,01/05/2025,15:08:31,Cash,29.26,0.22,6.44,7.5
INV-100450,A,Manchester,Member,Female,Fresh Produce,10.03,9,4.51,94.78,12/05/2025,20:11:00,Credit Card,90.27,0.09,8.12,5.6
INV-100451,B,Salford,Member,Female,Household,5.6,7,1.96,41.16,05/11/2025,17:20:39,Credit Card,39.2,0.18,7.06,7.3
INV-100452,B,Salford,Normal,Female,Snacks,2.72,3,0.41,8.57,01/04/2025,15:07:40,Debit Card,8.16,0.15,1.22,5.9
INV-100453,D,Bradford,Member,Male,Frozen Foods,16.5,7,5.78,121.28,16/10/2025,13:16:05,Mobile Wallet,115.5,0.11,12.71,5.1
INV-100454,D,Bradford,Normal,Male,Snacks,2.42,6,0.73,15.25,18/11/2025,15:21:25,Debit Card,14.52,0.15,2.18,6.3
INV-100455,C,Leeds,Member,Female,Baby Products,30.93,6,9.28,194.86,14/08/2025,21:57:59,Debit Card,185.58,0.16,29.69,7.7
INV-100456,A,Manchester,Member,Male,Personal Care,10.34,8,4.14,86.86,15/08/2025,21:32:11,Cash,82.72,0.2,16.54,6.4
INV-100457,C,Leeds,Normal,Male,Health & Wellness,10.47,6,3.14,65.96,30/10/2025,14:44:24,Credit Card,62.82,0.22,13.82,5.3
INV-100458,A,Manchester,Normal,Male,Bakery,3.41,4,0.68,14.32,17/09/2025,18:39:09,Debit Card,13.64,0.1,1.36,5.8
INV-100459,A,Manchester,Member,Male,Fresh Produce,0.99,2,0.1,2.08,25/08/2025,14:33:22,Debit Card,1.98,0.09,0.18,6.0
INV-100460,D,Bradford,Normal,Female,Beverages,10.63,4,2.13,44.65,30/01/2025,11:53:24,Credit Card,42.52,0.12,5.1,6.8
INV-100461,C,Leeds,Normal,Male,Beverages,11.96,2,1.2,25.12,09/02/2025,16:37:14,Debit Card,23.92,0.12,2.87,6.7
INV-100462,A,Manchester,Normal,Male,Beverages,12.58,7,4.4,92.46,25/08/2025,14:05:48,Debit Card,88.06,0.12,10.57,6.6
INV-100463,A,Manchester,Member,Male,Bakery,6.47,5,1.62,33.97,20/10/2025,14:24:51,Mobile Wallet,32.35,0.1,3.24,6.8
INV-100464,B,Salford,Member,Male,Household,8.43,7,2.95,61.96,06/11/2025,10:36:55,Cash,59.01,0.18,10.62,7.1
INV-100465,D,Bradford,Member,Female,Dairy & Eggs,5.69,1,0.28,5.97,01/02/2025,16:11:38,Debit Card,5.69,0.08,0.46,6.0
INV-100466,D,Bradford,Member,Female,Personal Care,8.88,10,4.44,93.24,25/06/2025,21:08:38,Debit Card,88.8,0.2,17.76,6.9
INV-100467,A,Manchester,Member,Female,Household,4.89,1,0.24,5.13,21/01/2025,12:36:46,Debit Card,4.89,0.18,0.88,7.2
INV-100468,B,Salford,Member,Male,Health & Wellness,23.0,3,3.45,72.45,13/08/2025,19:37:34,Mobile Wallet,69.0,0.22,15.18,5.5
INV-100469,B,Salford,Normal,Male,Fresh Produce,7.54,2,0.75,15.83,10/07/2025,14:44:05,Mobile Wallet,15.08,0.09,1.36,5.2
INV-100470,C,Leeds,Member,Male,Personal Care,21.39,8,8.56,179.68,29/07/2025,15:52:55,Credit Card,171.12,0.2,34.22,7.2
INV-100471,C,Leeds,Member,Female,Baby Products,41.42,2,4.14,86.98,20/11/2025,17:49:17,Credit Card,82.84,0.16,13.25,7.2
INV-100472,C,Leeds,Member,Female,Health & Wellness,26.88,1,1.34,28.22,18/06/2025,11:18:42,Credit Card,26.88,0.22,5.91,7.0
INV-100473,A,Manchester,Normal,Male,Beverages,9.09,5,2.27,47.72,26/05/2025,18:16:06,Mobile Wallet,45.45,0.12,5.45,6.4
INV-100474,C,Leeds,Member,Female,Fresh Produce,6.0,7,2.1,44.1,20/06/2025,16:36:47,Debit Card,42.0,0.09,3.78,6.2
INV-100475,A,Manchester,Member,Female,Beverages,7.52,3,1.13,23.69,29/06/2025,16:53:07,Mobile Wallet,22.56,0.12,2.71,6.1
INV-100476,C,Leeds,Member,Male,Health & Wellness,12.76,8,5.1,107.18,08/03/2025,15:38:41,Cash,102.08,0.22,22.46,5.7
INV-100477,A,Manchester,Member,Male,Snacks,3.91,6,1.17,24.63,14/10/2025,18:42:44,Credit Card,23.46,0.15,3.52,5.7
INV-100478,D,Bradford,Normal,Male,Snacks,5.85,3,0.88,18.43,07/03/2025,18:05:31,Cash,17.55,0.15,2.63,4.7
INV-100479,A,Manchester,Member,Male,Health & Wellness,13.64,4,2.73,57.29,18/09/2025,09:02:41,Credit Card,54.56,0.22,12.0,6.5
INV-100480,C,Leeds,Member,Female,Fresh Produce,8.94,3,1.34,28.16,05/07/2025,12:31:21,Credit Card,26.82,0.09,2.41,6.5
INV-100481,C,Leeds,Member,Female,Snacks,5.1,3,0.77,16.07,20/04/2025,09:59:11,Mobile Wallet,15.3,0.15,2.29,8.5
INV-100482,C,Leeds,Normal,Male,Fresh Produce,5.51,3,0.83,17.36,09/04/2025,10:46:04,Credit Card,16.53,0.09,1.49,7.1
INV-100483,B,Salford,Member,Female,Dairy & Eggs,2.22,4,0.44,9.32,21/03/2025,20:56:45,Debit Card,8.88,0.08,0.71,4.9
INV-100484,A,Manchester,Member,Male,Household,18.71,1,0.94,19.65,21/02/2025,13:09:34,Cash,18.71,0.18,3.37,7.4
INV-100485,A,Manchester,Normal,Male,Household,6.1,2,0.61,12.81,13/11/2025,20:41:17,Mobile Wallet,12.2,0.18,2.2,6.2
INV-100486,B,Salford,Member,Male,Fresh Produce,0.92,8,0.37,7.73,20/03/2025,20:56:43,Debit Card,7.36,0.09,0.66,5.7
INV-100487,B,Salford,Normal,Female,Beverages,16.54,6,4.96,104.2,21/12/2025,17:07:06,Credit Card,99.24,0.12,11.91,5.5
INV-100488,B,Salford,Member,Male,Household,12.95,1,0.65,13.6,23/01/2025,19:16:16,Credit Card,12.95,0.18,2.33,7.4
INV-100489,D,Bradford,Normal,Male,Beverages,7.59,4,1.52,31.88,13/12/2025,10:15:13,Mobile Wallet,30.36,0.12,3.64,6.1
INV-100490,B,Salford,Normal,Male,Beverages,8.76,5,2.19,45.99,09/11/2025,14:45:51,Credit Card,43.8,0.12,5.26,6.9
INV-100491,C,Leeds,Normal,Male,Household,5.39,1,0.27,5.66,30/04/2025,14:21:31,Credit Card,5.39,0.18,0.97,5.3
INV-100492,B,Salford,Normal,Male,Frozen Foods,16.22,6,4.87,102.19,29/08/2025,18:42:53,Credit Card,97.32,0.11,10.71,7.0
INV-100493,B,Salford,Normal,Male,Beverages,2.77,2,0.28,5.82,14/12/2025,19:14:56,Debit Card,5.54,0.12,0.66,6.0
INV-100494,D,Bradford,Member,Male,Beverages,2.1,1,0.11,2.21,25/05/2025,16:21:57,Debit Card,2.1,0.12,0.25,6.9
INV-100495,D,Bradford,Member,Male,Beverages,13.94,9,6.27,131.73,24/03/2025,16:30:18,Debit Card,125.46,0.12,15.06,6.4
INV-100496,B,Salford,Normal,Female,Dairy & Eggs,4.08,4,0.82,17.14,09/05/2025,17:31:15,Debit Card,16.32,0.08,1.31,6.3
INV-100497,A,Manchester,Member,Male,Personal Care,23.52,5,5.88,123.48,10/07/2025,08:49:11,Debit Card,117.6,0.2,23.52,7.0
INV-100498,A,Manchester,Member,Female,Fresh Produce,6.69,2,0.67,14.05,26/05/2025,18:06:01,Debit Card,13.38,0.09,1.2,7.1
INV-100499,A,Manchester,Member,Female,Personal Care,4.39,11,2.41,50.7,20/05/2025,11:26:48,Cash,48.29,0.2,9.66,9.7
INV-100500,D,Bradford,Normal,Female,Fresh Produce,8.5,5,2.12,44.62,12/08/2025,13:24:31,Credit Card,42.5,0.09,3.82,7.2
INV-100501,A,Manchester,Member,Female,Personal Care,21.55,2,2.16,45.26,19/08/2025,11:21:56,Cash,43.1,0.2,8.62,5.8
INV-100502,C,Leeds,Normal,Female,Health & Wellness,36.26,2,3.63,76.15,01/08/2025,14:08:11,Debit Card,72.52,0.22,15.95,6.7
INV-100503,A,Manchester,Normal,Male,Beverages,8.06,8,3.22,67.7,15/09/2025,17:53:26,Debit Card,64.48,0.12,7.74,6.1
INV-100504,C,Leeds,Normal,Female,Health & Wellness,35.2,1,1.76,36.96,17/07/2025,16:38:23,Mobile Wallet,35.2,0.22,7.74,7.5
INV-100505,A,Manchester,Normal,Male,Personal Care,10.43,9,4.69,98.56,25/04/2025,11:35:44,Credit Card,93.87,0.2,18.77,4.3
INV-100506,A,Manchester,Member,Male,Beverages,9.62,4,1.92,40.4,20/02/2025,16:37:02,Mobile Wallet,38.48,0.12,4.62,8.0
INV-100507,C,Leeds,Member,Female,Frozen Foods,12.17,7,4.26,89.45,12/03/2025,08:05:11,Debit Card,85.19,0.11,9.37,6.1
INV-100508,A,Manchester,Member,Male,Household,15.0,3,2.25,47.25,30/08/2025,10:40:53,Cash,45.0,0.18,8.1,7.2
INV-100509,B,Salford,Member,Male,Beverages,10.62,4,2.12,44.6,18/08/2025,19:52:30,Credit Card,42.48,0.12,5.1,7.5
INV-100510,A,Manchester,Member,Female,Bakery,2.4,1,0.12,2.52,10/01/2025,19:19:34,Debit Card,2.4,0.1,0.24,6.9
INV-100511,C,Leeds,Normal,Female,Snacks,4.41,12,2.65,55.57,18/03/2025,14:00:19,Credit Card,52.92,0.15,7.94,7.6
INV-100512,D,Bradford,Member,Female,Household,20.67,4,4.13,86.81,28/05/2025,19:34:19,Debit Card,82.68,0.18,14.88,8.2
INV-100513,B,Salford,Member,Male,Fresh Produce,5.36,6,1.61,33.77,04/03/2025,13:50:32,Debit Card,32.16,0.09,2.89,7.1
INV-100514,A,Manchester,Normal,Female,Bakery,7.86,1,0.39,8.25,03/08/2025,13:38:03,Debit Card,7.86,0.1,0.79,6.5
INV-100515,D,Bradford,Normal,Female,Health & Wellness,11.16,3,1.67,35.15,26/02/2025,19:18:07,Debit Card,33.48,0.22,7.37,6.2
INV-100516,D,Bradford,Member,Female,Baby Products,24.31,2,2.43,51.05,20/11/2025,13:08:19,Credit Card,48.62,0.16,7.78,7.9
INV-100517,B,Salford,Normal,Female,Household,7.13,5,1.78,37.43,30/05/2025,09:42:18,Mobile Wallet,35.65,0.18,6.42,7.3
INV-100518,D,Bradford,Normal,Female,Beverages,5.43,7,1.9,39.91,11/11/2025,18:58:51,Mobile Wallet,38.01,0.12,4.56,5.7
INV-100519,C,Leeds,Normal,Female,Beverages,3.35,8,1.34,28.14,20/10/2025,14:52:36,Debit Card,26.8,0.12,3.22,8.1
INV-100520,D,Bradford,Member,Female,Personal Care,24.74,11,13.61,285.75,07/12/2025,13:51:53,Mobile Wallet,272.14,0.2,54.43,7.6
INV-100521,A,Manchester,Normal,Male,Baby Products,19.37,10,9.69,203.39,04/02/2025,11:27:42,Credit Card,193.7,0.16,30.99,6.8
INV-100522,A,Manchester,Normal,Male,Baby Products,37.49,3,5.62,118.09,29/08/2025,11:34:29,Cash,112.47,0.16,18.0,5.5
INV-100523,A,Manchester,Member,Male,Beverages,7.22,2,0.72,15.16,11/07/2025,14:41:58,Mobile Wallet,14.44,0.12,1.73,7.1
INV-100524,C,Leeds,Normal,Female,Snacks,4.56,1,0.23,4.79,02/07/2025,20:21:16,Debit Card,4.56,0.15,0.68,9.3
INV-100525,A,Manchester,Normal,Male,Snacks,6.05,3,0.91,19.06,04/05/2025,17:03:16,Cash,18.15,0.15,2.72,5.8
INV-100526,A,Manchester,Normal,Male,Snacks,0.9,5,0.23,4.73,10/03/2025,19:34:07,Debit Card,4.5,0.15,0.67,7.6
INV-100527,A,Manchester,Member,Male,Health & Wellness,16.62,2,1.66,34.9,07/10/2025,11:58:30,Cash,33.24,0.22,7.31,6.3
INV-100528,C,Leeds,Normal,Female,Fresh Produce,7.32,3,1.1,23.06,17/12/2025,15:29:29,Debit Card,21.96,0.09,1.98,7.7
INV-100529,D,Bradford,Normal,Male,Beverages,12.67,4,2.53,53.21,20/11/2025,11:57:25,Mobile Wallet,50.68,0.12,6.08,6.0
INV-100530,B,Salford,Normal,Female,Snacks,4.73,1,0.24,4.97,02/02/2025,15:30:36,Credit Card,4.73,0.15,0.71,7.0
INV-100531,D,Bradford,Normal,Female,Household,20.58,1,1.03,21.61,31/05/2025,13:52:14,Debit Card,20.58,0.18,3.7,5.9
INV-100532,B,Salford,Normal,Female,Household,10.03,1,0.5,10.53,13/04/2025,20:43:37,Debit Card,10.03,0.18,1.81,6.3
INV-100533,A,Manchester,Member,Male,Baby Products,22.34,1,1.12,23.46,08/06/2025,15:23:21,Credit Card,22.34,0.16,3.57,5.4
INV-100534,D,Bradford,Member,Male,Snacks,3.13,4,0.63,13.15,10/05/2025,12:30:13,Cash,12.52,0.15,1.88,6.4
INV-100535,A,Manchester,Member,Female,Fresh Produce,7.63,2,0.76,16.02,27/05/2025,16:41:52,Cash,15.26,0.09,1.37,5.7
INV-100536,C,Leeds,Member,Female,Baby Products,25.85,3,3.88,81.43,02/12/2025,08:02:18,Debit Card,77.55,0.16,12.41,6.0
INV-100537,C,Leeds,Normal,Male,Snacks,3.5,5,0.88,18.38,05/03/2025,19:19:46,Credit Card,17.5,0.15,2.62,7.3
INV-100538,C,Leeds,Member,Male,Frozen Foods,2.0,6,0.6,12.6,24/07/2025,21:08:59,Debit Card,12.0,0.11,1.32,6.4
INV-100539,D,Bradford,Normal,Male,Household,3.38,2,0.34,7.1,23/06/2025,17:00:09,Debit Card,6.76,0.18,1.22,6.0
INV-100540,B,Salford,Normal,Male,Personal Care,9.98,1,0.5,10.48,21/12/2025,11:25:45,Cash,9.98,0.2,2.0,4.8
INV-100541,D,Bradford,Member,Male,Snacks,4.38,11,2.41,50.59,23/09/2025,14:13:27,Cash,48.18,0.15,7.23,7.1
INV-100542,C,Leeds,Member,Female,Health & Wellness,4.96,2,0.5,10.42,06/08/2025,14:31:19,Debit Card,9.92,0.22,2.18,6.6
INV-100543,A,Manchester,Normal,Male,Bakery,11.53,4,2.31,48.43,05/11/2025,11:44:12,Mobile Wallet,46.12,0.1,4.61,6.8
INV-100544,B,Salford,Member,Male,Beverages,3.49,9,1.57,32.98,14/06/2025,16:49:46,Debit Card,31.41,0.12,3.77,6.0
INV-100545,A,Manchester,Normal,Female,Bakery,4.41,5,1.1,23.15,17/06/2025,18:23:40,Mobile Wallet,22.05,0.1,2.21,5.1
INV-100546,C,Leeds,Normal,Male,Household,15.0,1,0.75,15.75,17/08/2025,18:27:27,Credit Card,15.0,0.18,2.7,5.6
INV-100547,D,Bradford,Member,Female,Beverages,13.93,1,0.7,14.63,20/12/2025,11:34:39,Debit Card,13.93,0.12,1.67,8.5
INV-100548,D,Bradford,Member,Male,Household,13.68,1,0.68,14.36,17/08/2025,18:44:45,Debit Card,13.68,0.18,2.46,4.8
INV-100549,A,Manchester,Member,Male,Health & Wellness,11.48,3,1.72,36.16,11/11/2025,15:22:31,Debit Card,34.44,0.22,7.58,9.0
INV-100550,D,Bradford,Member,Male,Dairy & Eggs,5.35,2,0.54,11.24,24/11/2025,16:44:43,Debit Card,10.7,0.08,0.86,7.7
INV-100551,A,Manchester,Member,Female,Baby Products,24.97,1,1.25,26.22,10/12/2025,13:52:44,Debit Card,24.97,0.16,4.0,5.9
INV-100552,D,Bradford,Member,Male,Frozen Foods,12.95,6,3.89,81.59,20/09/2025,11:36:53,Debit Card,77.7,0.11,8.55,8.9
INV-100553,B,Salford,Member,Female,Health & Wellness,13.34,3,2.0,42.02,15/03/2025,12:05:44,Mobile Wallet,40.02,0.22,8.8,5.3
INV-100554,D,Bradford,Member,Female,Dairy & Eggs,7.21,2,0.72,15.14,06/03/2025,10:17:48,Debit Card,14.42,0.08,1.15,6.0
INV-100555,A,Manchester,Member,Female,Fresh Produce,3.56,1,0.18,3.74,27/11/2025,16:24:15,Mobile Wallet,3.56,0.09,0.32,6.7
INV-100556,C,Leeds,Normal,Male,Bakery,8.6,5,2.15,45.15,16/07/2025,13:41:18,Credit Card,43.0,0.1,4.3,6.0
INV-100557,A,Manchester,Normal,Female,Dairy & Eggs,3.73,5,0.93,19.58,14/12/2025,14:31:40,Debit Card,18.65,0.08,1.49,6.2
INV-100558,D,Bradford,Member,Male,Household,16.72,7,5.85,122.89,10/07/2025,16:23:51,Debit Card,117.04,0.18,21.07,8.3
INV-100559,D,Bradford,Member,Female,Personal Care,16.51,7,5.78,121.35,21/10/2025,08:34:56,Mobile Wallet,115.57,0.2,23.11,5.3
INV-100560,B,Salford,Normal,Male,Household,16.51,8,6.6,138.68,23/07/2025,18:03:41,Mobile Wallet,132.08,0.18,23.77,5.6
INV-100561,C,Leeds,Member,Male,Bakery,1.41,2,0.14,2.96,08/05/2025,13:34:36,Mobile Wallet,2.82,0.1,0.28,7.6
INV-100562,A,Manchester,Member,Female,Beverages,8.32,7,2.91,61.15,06/04/2025,18:51:06,Credit Card,58.24,0.12,6.99,5.9
INV-100563,D,Bradford,Member,Male,Personal Care,19.46,1,0.97,20.43,15/10/2025,14:04:54,Credit Card,19.46,0.2,3.89,5.1
INV-100564,A,Manchester,Member,Male,Dairy & Eggs,3.5,1,0.18,3.68,14/05/2025,21:57:38,Credit Card,3.5,0.08,0.28,8.5
INV-100565,D,Bradford,Member,Female,Bakery,5.16,5,1.29,27.09,10/11/2025,12:58:59,Debit Card,25.8,0.1,2.58,7.6
INV-100566,C,Leeds,Member,Male,Personal Care,20.56,7,7.2,151.12,13/04/2025,18:13:48,Credit Card,143.92,0.2,28.78,8.1
INV-100567,A,Manchester,Member,Female,Fresh Produce,1.54,4,0.31,6.47,07/02/2025,12:27:15,Cash,6.16,0.09,0.55,8.3
INV-100568,D,Bradford,Normal,Female,Baby Products,23.82,9,10.72,225.1,16/08/2025,18:35:24,Mobile Wallet,214.38,0.16,34.3,6.1
INV-100569,A,Manchester,Member,Male,Personal Care,8.69,2,0.87,18.25,08/12/2025,10:10:37,Credit Card,17.38,0.2,3.48,7.9
INV-100570,C,Leeds,Member,Female,Bakery,9.38,3,1.41,29.55,09/10/2025,18:07:50,Debit Card,28.14,0.1,2.81,6.6
INV-100571,C,Leeds,Normal,Male,Health & Wellness,33.88,5,8.47,177.87,22/03/2025,17:34:58,Cash,169.4,0.22,37.27,6.8
INV-100572,B,Salford,Normal,Male,Personal Care,21.99,10,11.0,230.9,18/09/2025,10:22:40,Credit Card,219.9,0.2,43.98,7.2
INV-100573,B,Salford,Normal,Female,Beverages,9.05,4,1.81,38.01,13/04/2025,18:47:31,Debit Card,36.2,0.12,4.34,7.5
INV-100574,B,Salford,Normal,Female,Bakery,8.64,5,2.16,45.36,10/09/2025,14:16:59,Debit Card,43.2,0.1,4.32,6.0
INV-100575,A,Manchester,Member,Male,Dairy & Eggs,1.41,11,0.78,16.29,11/10/2025,17:07:14,Debit Card,15.51,0.08,1.24,7.1
INV-100576,C,Leeds,Member,Male,Health & Wellness,7.09,11,3.9,81.89,10/10/2025,21:51:48,Debit Card,77.99,0.22,17.16,7.2
INV-100577,B,Salford,Member,Female,Dairy & Eggs,4.0,9,1.8,37.8,03/02/2025,15:37:13,Debit Card,36.0,0.08,2.88,5.1
INV-100578,C,Leeds,Normal,Male,Snacks,3.28,4,0.66,13.78,03/09/2025,16:19:20,Mobile Wallet,13.12,0.15,1.97,8.1
INV-100579,D,Bradford,Normal,Male,Dairy & Eggs,5.26,4,1.05,22.09,22/10/2025,13:01:03,Credit Card,21.04,0.08,1.68,6.0
INV-100580,A,Manchester,Member,Female,Dairy & Eggs,6.99,3,1.05,22.02,12/06/2025,13:15:50,Mobile Wallet,20.97,0.08,1.68,5.3
INV-100581,A,Manchester,Member,Male,Beverages,9.03,4,1.81,37.93,27/08/2025,18:58:45,Mobile Wallet,36.12,0.12,4.33,6.5
INV-100582,C,Leeds,Normal,Female,Household,20.2,3,3.03,63.63,10/10/2025,15:17:26,Cash,60.6,0.18,10.91,8.2
INV-100583,B,Salford,Normal,Female,Health & Wellness,28.88,9,13.0,272.92,10/08/2025,12:49:41,Cash,259.92,0.22,57.18,4.8
INV-100584,A,Manchester,Member,Female,Fresh Produce,5.5,8,2.2,46.2,23/09/2025,15:38:41,Credit Card,44.0,0.09,3.96,7.3
INV-100585,B,Salford,Normal,Male,Baby Products,23.49,1,1.17,24.66,26/03/2025,13:06:39,Debit Card,23.49,0.16,3.76,6.9
INV-100586,B,Salford,Member,Male,Baby Products,26.45,13,17.19,361.04,30/12/2025,10:20:25,Mobile Wallet,343.85,0.16,55.02,5.5
INV-100587,B,Salford,Normal,Male,Beverages,12.66,1,0.63,13.29,23/09/2025,12:23:46,Credit Card,12.66,0.12,1.52,5.8
INV-100588,C,Leeds,Member,Female,Snacks,3.76,3,0.56,11.84,09/05/2025,14:21:10,Credit Card,11.28,0.15,1.69,6.9
INV-100589,B,Salford,Member,Male,Dairy & Eggs,6.95,3,1.04,21.89,06/03/2025,21:37:13,Debit Card,20.85,0.08,1.67,8.0
INV-100590,C,Leeds,Normal,Female,Personal Care,4.72,6,1.42,29.74,15/09/2025,10:34:49,Cash,28.32,0.2,5.66,7.1
INV-100591,B,Salford,Member,Female,Frozen Foods,4.38,5,1.09,22.99,29/03/2025,11:58:53,Debit Card,21.9,0.11,2.41,6.4
INV-100592,C,Leeds,Member,Female,Fresh Produce,9.67,4,1.93,40.61,15/01/2025,18:06:43,Cash,38.68,0.09,3.48,6.8
INV-100593,A,Manchester,Normal,Female,Beverages,13.64,5,3.41,71.61,25/11/2025,17:49:16,Debit Card,68.2,0.12,8.18,9.1
INV-100594,C,Leeds,Member,Female,Snacks,4.34,4,0.87,18.23,20/10/2025,11:57:05,Debit Card,17.36,0.15,2.6,6.3
INV-100595,D,Bradford,Member,Female,Household,7.45,11,4.1,86.05,12/09/2025,14:14:35,Mobile Wallet,81.95,0.18,14.75,7.8
INV-100596,C,Leeds,Member,Male,Health & Wellness,25.08,4,5.02,105.34,05/09/2025,15:37:54,Mobile Wallet,100.32,0.22,22.07,4.5
INV-100597,B,Salford,Normal,Male,Bakery,2.92,1,0.15,3.07,02/06/2025,20:02:57,Mobile Wallet,2.92,0.1,0.29,4.1
INV-100598,D,Bradford,Normal,Female,Dairy & Eggs,7.95,8,3.18,66.78,19/12/2025,17:05:38,Debit Card,63.6,0.08,5.09,7.7
INV-100599,A,Manchester,Normal,Female,Frozen Foods,8.77,2,0.88,18.42,14/08/2025,12:41:50,Credit Card,17.54,0.11,1.93,6.9
INV-100600,D,Bradford,Normal,Male,Personal Care,15.6,4,3.12,65.52,26/08/2025,17:45:58,Debit Card,62.4,0.2,12.48,5.8
INV-100601,B,Salford,Member,Male,Household,11.94,2,1.19,25.07,07/11/2025,10:25:32,Credit Card,23.88,0.18,4.3,7.5
INV-100602,B,Salford,Normal,Male,Health & Wellness,24.1,2,2.41,50.61,13/06/2025,10:39:45,Credit Card,48.2,0.22,10.6,6.0
INV-100603,C,Leeds,Normal,Male,Dairy & Eggs,3.71,3,0.56,11.69,08/03/2025,14:16:52,Debit Card,11.13,0.08,0.89,6.3
INV-100604,C,Leeds,Member,Female,Personal Care,19.15,2,1.92,40.22,13/06/2025,13:09:44,Credit Card,38.3,0.2,7.66,7.2
INV-100605,B,Salford,Member,Male,Dairy & Eggs,2.43,9,1.09,22.96,04/03/2025,08:58:19,Cash,21.87,0.08,1.75,7.6
INV-100606,C,Leeds,Normal,Male,Health & Wellness,12.79,4,2.56,53.72,07/05/2025,19:25:51,Credit Card,51.16,0.22,11.26,8.5
INV-100607,B,Salford,Member,Female,Fresh Produce,5.66,4,1.13,23.77,26/01/2025,20:16:43,Credit Card,22.64,0.09,2.04,6.8
INV-100608,C,Leeds,Normal,Male,Fresh Produce,4.72,7,1.65,34.69,12/11/2025,19:07:51,Debit Card,33.04,0.09,2.97,6.9
INV-100609,D,Bradford,Member,Female,Beverages,11.6,9,5.22,109.62,23/03/2025,10:09:53,Credit Card,104.4,0.12,12.53,8.4
INV-100610,C,Leeds,Normal,Male,Baby Products,24.5,3,3.68,77.18,08/04/2025,15:06:40,Debit Card,73.5,0.16,11.76,6.2
INV-100611,B,Salford,Normal,Male,Fresh Produce,9.28,4,1.86,38.98,21/09/2025,21:25:10,Credit Card,37.12,0.09,3.34,6.3
INV-100612,D,Bradford,Normal,Male,Fresh Produce,10.93,5,2.73,57.38,07/06/2025,12:33:43,Debit Card,54.65,0.09,4.92,6.1
INV-100613,D,Bradford,Member,Female,Dairy & Eggs,1.06,3,0.16,3.34,16/02/2025,14:47:59,Credit Card,3.18,0.08,0.25,6.6
INV-100614,D,Bradford,Normal,Male,Beverages,10.56,7,3.7,77.62,04/05/2025,18:35:13,Debit Card,73.92,0.12,8.87,4.4
INV-100615,B,Salford,Normal,Male,Snacks,3.41,2,0.34,7.16,25/01/2025,19:53:29,Cash,6.82,0.15,1.02,7.4
INV-100616,A,Manchester,Member,Male,Personal Care,13.66,8,5.46,114.74,11/09/2025,19:42:36,Credit Card,109.28,0.2,21.86,7.3
INV-100617,D,Bradford,Member,Male,Bakery,2.37,6,0.71,14.93,02/10/2025,17:28:05,Debit Card,14.22,0.1,1.42,7.2
INV-100618,A,Manchester,Member,Female,Frozen Foods,15.55,9,7.0,146.95,09/08/2025,20:34:54,Debit Card,139.95,0.11,15.39,7.0
INV-100619,B,Salford,Member,Male,Health & Wellness,31.36,1,1.57,32.93,07/07/2025,18:00:11,Debit Card,31.36,0.22,6.9,7.6
INV-100620,D,Bradford,Member,Male,Baby Products,9.2,3,1.38,28.98,24/01/2025,21:04:18,Debit Card,27.6,0.16,4.42,7.0
INV-100621,D,Bradford,Normal,Female,Personal Care,9.08,4,1.82,38.14,19/10/2025,12:01:07,Cash,36.32,0.2,7.26,6.5
INV-100622,B,Salford,Member,Male,Frozen Foods,13.65,9,6.14,128.99,11/10/2025,18:41:11,Credit Card,122.85,0.11,13.51,8.0
INV-100623,C,Leeds,Normal,Female,Snacks,4.0,3,0.6,12.6,17/07/2025,20:06:08,Mobile Wallet,12.0,0.15,1.8,6.8
INV-100624,D,Bradford,Member,Male,Snacks,5.87,9,2.64,55.47,16/11/2025,19:57:05,Credit Card,52.83,0.15,7.92,8.6
INV-100625,A,Manchester,Member,Female,Baby Products,29.01,2,2.9,60.92,19/02/2025,13:38:23,Cash,58.02,0.16,9.28,7.1
INV-100626,D,Bradford,Member,Male,Dairy & Eggs,1.53,2,0.15,3.21,23/06/2025,12:26:09,Mobile Wallet,3.06,0.08,0.24,8.6
INV-100627,C,Leeds,Member,Female,Baby Products,20.37,7,7.13,149.72,12/04/2025,14:22:28,Credit Card,142.59,0.16,22.81,7.0
INV-100628,D,Bradford,Normal,Female,Household,10.17,8,4.07,85.43,24/01/2025,14:33:19,Credit Card,81.36,0.18,14.64,9.0
INV-100629,A,Manchester,Member,Female,Personal Care,18.2,9,8.19,171.99,20/06/2025,14:48:10,Credit Card,163.8,0.2,32.76,5.4
INV-100630,D,Bradford,Normal,Male,Baby Products,33.39,5,8.35,175.3,18/03/2025,13:18:17,Debit Card,166.95,0.16,26.71,5.1
INV-100631,B,Salford,Normal,Male,Snacks,1.72,1,0.09,1.81,10/11/2025,11:17:56,Credit Card,1.72,0.15,0.26,4.0
INV-100632,C,Leeds,Member,Female,Baby Products,24.59,2,2.46,51.64,21/07/2025,19:58:57,Credit Card,49.18,0.16,7.87,5.7
INV-100633,C,Leeds,Member,Male,Dairy & Eggs,3.57,5,0.89,18.74,17/09/2025,17:25:25,Cash,17.85,0.08,1.43,6.8
INV-100634,D,Bradford,Member,Male,Household,13.15,7,4.6,96.65,01/09/2025,19:04:10,Credit Card,92.05,0.18,16.57,7.0
INV-100635,A,Manchester,Member,Male,Dairy & Eggs,7.77,4,1.55,32.63,19/06/2025,14:34:14,Debit Card,31.08,0.08,2.49,7.8
INV-100636,A,Manchester,Member,Male,Frozen Foods,8.11,3,1.22,25.55,26/10/2025,20:22:28,Debit Card,24.33,0.11,2.68,5.2
INV-100637,C,Leeds,Member,Female,Household,7.22,1,0.36,7.58,02/11/2025,18:03:39,Credit Card,7.22,0.18,1.3,6.4
INV-100638,D,Bradford,Member,Male,Frozen Foods,7.18,1,0.36,7.54,02/12/2025,13:32:27,Credit Card,7.18,0.11,0.79,4.0
INV-100639,B,Salford,Normal,Female,Personal Care,4.82,11,2.65,55.67,26/10/2025,15:44:47,Credit Card,53.02,0.2,10.6,6.8
INV-100640,D,Bradford,Normal,Female,Baby Products,18.46,5,4.62,96.92,26/09/2025,17:36:50,Credit Card,92.3,0.16,14.77,7.1
INV-100641,D,Bradford,Normal,Female,Frozen Foods,8.6,3,1.29,27.09,15/12/2025,20:30:17,Credit Card,25.8,0.11,2.84,6.0
INV-100642,B,Salford,Member,Female,Beverages,14.81,5,3.7,77.75,21/10/2025,15:52:17,Debit Card,74.05,0.12,8.89,7.3
INV-100643,A,Manchester,Normal,Female,Dairy & Eggs,6.47,4,1.29,27.17,10/01/2025,15:14:27,Debit Card,25.88,0.08,2.07,8.4
INV-100644,D,Bradford,Member,Male,Beverages,5.02,5,1.26,26.36,03/08/2025,14:47:58,Cash,25.1,0.12,3.01,7.1
INV-100645,B,Salford,Normal,Male,Household,3.2,3,0.48,10.08,20/12/2025,10:58:08,Debit Card,9.6,0.18,1.73,5.9
INV-100646,B,Salford,Normal,Male,Household,2.67,6,0.8,16.82,14/09/2025,09:30:46,Debit Card,16.02,0.18,2.88,6.5
INV-100647,D,Bradford,Member,Female,Personal Care,13.55,3,2.03,42.68,28/12/2025,17:26:03,Debit Card,40.65,0.2,8.13,7.1
INV-100648,B,Salford,Normal,Female,Beverages,11.64,7,4.07,85.55,15/10/2025,21:59:48,Mobile Wallet,81.48,0.12,9.78,7.4
INV-100649,C,Leeds,Member,Male,Snacks,3.77,1,0.19,3.96,27/09/2025,15:14:16,Mobile Wallet,3.77,0.15,0.57,7.5
INV-100650,D,Bradford,Member,Male,Bakery,3.56,2,0.36,7.48,30/03/2025,13:51:18,Cash,7.12,0.1,0.71,5.1
INV-100651,D,Bradford,Member,Male,Beverages,5.77,9,2.6,54.53,07/10/2025,15:40:12,Cash,51.93,0.12,6.23,6.8
INV-100652,C,Leeds,Member,Male,Baby Products,22.58,6,6.77,142.25,09/11/2025,09:07:00,Mobile Wallet,135.48,0.16,21.68,6.0
INV-100653,D,Bradford,Member,Female,Frozen Foods,2.67,1,0.13,2.8,07/05/2025,12:51:39,Cash,2.67,0.11,0.29,7.8
INV-100654,C,Leeds,Member,Male,Bakery,7.89,1,0.39,8.28,26/04/2025,19:28:42,Debit Card,7.89,0.1,0.79,4.9
INV-100655,C,Leeds,Member,Male,Snacks,6.53,8,2.61,54.85,27/12/2025,20:15:55,Debit Card,52.24,0.15,7.84,9.9
INV-100656,B,Salford,Normal,Male,Beverages,7.68,4,1.54,32.26,12/06/2025,11:17:46,Mobile Wallet,30.72,0.12,3.69,5.7
INV-100657,D,Bradford,Member,Male,Fresh Produce,7.01,8,2.8,58.88,14/10/2025,15:24:44,Credit Card,56.08,0.09,5.05,5.9
INV-100658,C,Leeds,Member,Male,Household,3.87,1,0.19,4.06,04/03/2025,15:47:22,Mobile Wallet,3.87,0.18,0.7,5.5
INV-100659,D,Bradford,Member,Male,Health & Wellness,3.22,7,1.13,23.67,26/06/2025,10:41:41,Mobile Wallet,22.54,0.22,4.96,6.4
INV-100660,B,Salford,Normal,Male,Health & Wellness,3.38,2,0.34,7.1,22/01/2025,17:16:04,Credit Card,6.76,0.22,1.49,8.6
INV-100661,C,Leeds,Member,Female,Beverages,15.25,9,6.86,144.11,27/06/2025,16:08:03,Debit Card,137.25,0.12,16.47,9.5
INV-100662,D,Bradford,Member,Male,Frozen Foods,9.5,13,6.18,129.68,03/09/2025,14:23:10,Debit Card,123.5,0.11,13.59,6.5
INV-100663,B,Salford,Member,Female,Health & Wellness,28.3,4,5.66,118.86,03/10/2025,16:18:44,Debit Card,113.2,0.22,24.9,5.7
INV-100664,C,Leeds,Normal,Male,Fresh Produce,2.84,7,0.99,20.87,12/03/2025,11:31:38,Credit Card,19.88,0.09,1.79,4.0
INV-100665,A,Manchester,Normal,Female,Dairy & Eggs,5.92,9,2.66,55.94,05/05/2025,15:30:33,Credit Card,53.28,0.08,4.26,7.3
INV-100666,A,Manchester,Member,Female,Dairy & Eggs,2.28,3,0.34,7.18,23/11/2025,17:07:50,Debit Card,6.84,0.08,0.55,7.6
INV-100667,B,Salford,Normal,Female,Health & Wellness,30.81,1,1.54,32.35,21/02/2025,13:47:19,Cash,30.81,0.22,6.78,6.1
INV-100668,D,Bradford,Member,Male,Household,3.49,3,0.52,10.99,30/08/2025,13:11:41,Credit Card,10.47,0.18,1.88,5.6
INV-100669,A,Manchester,Member,Female,Household,10.81,4,2.16,45.4,03/01/2025,21:03:06,Debit Card,43.24,0.18,7.78,6.3
INV-100670,B,Salford,Normal,Male,Bakery,7.31,1,0.37,7.68,01/12/2025,10:37:44,Debit Card,7.31,0.1,0.73,5.7
INV-100671,D,Bradford,Normal,Male,Snacks,5.92,4,1.18,24.86,30/11/2025,11:09:50,Credit Card,23.68,0.15,3.55,7.4
INV-100672,B,Salford,Member,Male,Fresh Produce,8.29,5,2.07,43.52,14/06/2025,13:16:51,Cash,41.45,0.09,3.73,6.3
INV-100673,C,Leeds,Normal,Female,Bakery,2.14,8,0.86,17.98,15/02/2025,14:03:56,Mobile Wallet,17.12,0.1,1.71,5.2
INV-100674,B,Salford,Member,Female,Snacks,2.68,3,0.4,8.44,31/03/2025,10:45:13,Credit Card,8.04,0.15,1.21,6.3
INV-100675,D,Bradford,Normal,Female,Dairy & Eggs,0.98,4,0.2,4.12,19/01/2025,17:25:21,Credit Card,3.92,0.08,0.31,5.7
INV-100676,D,Bradford,Member,Male,Household,18.35,8,7.34,154.14,06/04/2025,20:38:38,Mobile Wallet,146.8,0.18,26.42,8.4
INV-100677,C,Leeds,Member,Female,Health & Wellness,25.72,4,5.14,108.02,05/01/2025,15:04:25,Credit Card,102.88,0.22,22.63,9.7
INV-100678,C,Leeds,Member,Female,Household,6.12,4,1.22,25.7,21/06/2025,15:30:10,Debit Card,24.48,0.18,4.41,5.0
INV-100679,C,Leeds,Normal,Male,Beverages,5.84,4,1.17,24.53,25/11/2025,11:16:44,Debit Card,23.36,0.12,2.8,6.1
INV-100680,D,Bradford,Normal,Female,Household,4.34,7,1.52,31.9,16/09/2025,18:24:14,Debit Card,30.38,0.18,5.47,7.5
INV-100681,D,Bradford,Member,Male,Beverages,4.27,9,1.92,40.35,09/04/2025,19:53:52,Credit Card,38.43,0.12,4.61,7.2
INV-100682,A,Manchester,Normal,Male,Bakery,3.85,4,0.77,16.17,25/03/2025,17:17:22,Cash,15.4,0.1,1.54,4.0
INV-100683,D,Bradford,Member,Male,Household,10.45,1,0.52,10.97,06/04/2025,17:29:57,Debit Card,10.45,0.18,1.88,9.0
INV-100684,A,Manchester,Normal,Male,Baby Products,14.91,1,0.75,15.66,01/06/2025,14:22:27,Credit Card,14.91,0.16,2.39,7.8
INV-100685,B,Salford,Normal,Female,Bakery,8.62,2,0.86,18.1,09/11/2025,14:03:02,Debit Card,17.24,0.1,1.72,7.0
INV-100686,D,Bradford,Normal,Male,Beverages,9.55,13,6.21,130.36,21/09/2025,12:38:30,Cash,124.15,0.12,14.9,6.7
INV-100687,C,Leeds,Normal,Female,Bakery,6.08,2,0.61,12.77,25/07/2025,18:19:02,Debit Card,12.16,0.1,1.22,5.7
INV-100688,A,Manchester,Member,Female,Dairy & Eggs,7.19,6,2.16,45.3,13/03/2025,10:01:33,Credit Card,43.14,0.08,3.45,7.8
INV-100689,D,Bradford,Normal,Male,Beverages,7.8,2,0.78,16.38,08/05/2025,14:09:04,Mobile Wallet,15.6,0.12,1.87,6.7
INV-100690,A,Manchester,Member,Male,Frozen Foods,13.96,7,4.89,102.61,16/07/2025,13:14:58,Credit Card,97.72,0.11,10.75,7.2
INV-100691,B,Salford,Normal,Male,Household,12.25,9,5.51,115.76,17/05/2025,15:58:37,Debit Card,110.25,0.18,19.84,5.8
INV-100692,C,Leeds,Normal,Male,Personal Care,7.44,5,1.86,39.06,26/10/2025,10:50:53,Credit Card,37.2,0.2,7.44,7.2
INV-100693,A,Manchester,Member,Male,Baby Products,30.64,5,7.66,160.86,01/12/2025,16:29:25,Debit Card,153.2,0.16,24.51,7.7
INV-100694,C,Leeds,Normal,Female,Snacks,1.54,2,0.15,3.23,01/02/2025,10:22:40,Credit Card,3.08,0.15,0.46,6.7
INV-100695,A,Manchester,Normal,Male,Fresh Produce,7.71,3,1.16,24.29,07/06/2025,21:28:50,Mobile Wallet,23.13,0.09,2.08,6.1
INV-100696,B,Salford,Member,Male,Personal Care,21.56,6,6.47,135.83,18/12/2025,14:26:57,Credit Card,129.36,0.2,25.87,7.4
INV-100697,C,Leeds,Normal,Female,Fresh Produce,1.83,4,0.37,7.69,24/11/2025,13:05:57,Credit Card,7.32,0.09,0.66,5.5
INV-100698,C,Leeds,Normal,Male,Dairy & Eggs,1.64,6,0.49,10.33,11/11/2025,17:19:38,Debit Card,9.84,0.08,0.79,6.3
INV-100699,B,Salford,Member,Female,Fresh Produce,1.18,10,0.59,12.39,10/03/2025,18:54:10,Credit Card,11.8,0.09,1.06,7.0
INV-100700,D,Bradford,Member,Female,Baby Products,21.56,1,1.08,22.64,21/08/2025,21:35:15,Mobile Wallet,21.56,0.16,3.45,7.8
INV-100701,C,Leeds,Member,Male,Health & Wellness,15.61,8,6.24,131.12,26/12/2025,20:04:34,Debit Card,124.88,0.22,27.47,6.1
INV-100702,D,Bradford,Member,Female,Dairy & Eggs,7.49,9,3.37,70.78,07/05/2025,19:38:02,Cash,67.41,0.08,5.39,7.4
INV-100703,A,Manchester,Member,Male,Dairy & Eggs,7.79,2,0.78,16.36,28/09/2025,15:35:31,Mobile Wallet,15.58,0.08,1.25,6.7
INV-100704,C,Leeds,Normal,Female,Fresh Produce,5.93,1,0.3,6.23,16/10/2025,13:54:24,Debit Card,5.93,0.09,0.53,9.0
INV-100705,A,Manchester,Member,Female,Bakery,2.3,5,0.58,12.08,08/10/2025,10:35:03,Credit Card,11.5,0.1,1.15,9.9
INV-100706,B,Salford,Normal,Female,Frozen Foods,4.26,2,0.43,8.95,26/03/2025,12:35:43,Credit Card,8.52,0.11,0.94,4.9
INV-100707,C,Leeds,Member,Male,Frozen Foods,8.44,5,2.11,44.31,01/03/2025,14:48:36,Cash,42.2,0.11,4.64,7.8
INV-100708,B,Salford,Member,Male,Fresh Produce,11.6,6,3.48,73.08,16/02/2025,18:50:40,Credit Card,69.6,0.09,6.26,6.9
INV-100709,D,Bradford,Member,Female,Household,6.79,1,0.34,7.13,21/08/2025,10:31:09,Debit Card,6.79,0.18,1.22,7.0
INV-100710,B,Salford,Normal,Male,Frozen Foods,17.06,8,6.82,143.3,22/08/2025,10:08:56,Credit Card,136.48,0.11,15.01,5.1
INV-100711,A,Manchester,Normal,Male,Beverages,11.47,3,1.72,36.13,11/12/2025,12:13:02,Mobile Wallet,34.41,0.12,4.13,5.4
INV-100712,C,Leeds,Member,Female,Baby Products,8.17,1,0.41,8.58,22/07/2025,13:57:47,Mobile Wallet,8.17,0.16,1.31,7.8
INV-100713,C,Leeds,Normal,Female,Frozen Foods,2.83,8,1.13,23.77,22/04/2025,21:44:08,Debit Card,22.64,0.11,2.49,5.2
INV-100714,A,Manchester,Member,Female,Fresh Produce,4.67,1,0.23,4.9,05/08/2025,18:56:29,Credit Card,4.67,0.09,0.42,6.5
INV-100715,C,Leeds,Member,Female,Beverages,6.52,3,0.98,20.54,05/10/2025,19:08:01,Mobile Wallet,19.56,0.12,2.35,6.0
INV-100716,A,Manchester,Member,Female,Health & Wellness,27.03,6,8.11,170.29,30/08/2025,12:12:45,Debit Card,162.18,0.22,35.68,5.9
INV-100717,A,Manchester,Normal,Male,Personal Care,6.74,3,1.01,21.23,29/07/2025,10:05:53,Debit Card,20.22,0.2,4.04,6.6
INV-100718,B,Salford,Member,Female,Bakery,5.96,7,2.09,43.81,25/11/2025,18:57:48,Credit Card,41.72,0.1,4.17,6.5
INV-100719,D,Bradford,Normal,Male,Household,20.39,1,1.02,21.41,15/07/2025,09:43:21,Debit Card,20.39,0.18,3.67,7.6
INV-100720,D,Bradford,Member,Male,Dairy & Eggs,3.44,2,0.34,7.22,12/07/2025,19:46:08,Debit Card,6.88,0.08,0.55,7.4
INV-100721,A,Manchester,Normal,Female,Personal Care,21.21,10,10.61,222.71,01/12/2025,15:18:49,Debit Card,212.1,0.2,42.42,5.6
INV-100722,C,Leeds,Member,Female,Household,16.71,1,0.84,17.55,02/04/2025,13:15:22,Mobile Wallet,16.71,0.18,3.01,5.6
INV-100723,D,Bradford,Member,Female,Baby Products,25.28,7,8.85,185.81,25/04/2025,13:12:27,Credit Card,176.96,0.16,28.31,6.3
INV-100724,A,Manchester,Normal,Female,Household,3.97,6,1.19,25.01,02/06/2025,20:12:38,Cash,23.82,0.18,4.29,4.0
INV-100725,D,Bradford,Member,Male,Dairy & Eggs,7.05,8,2.82,59.22,30/09/2025,17:26:40,Credit Card,56.4,0.08,4.51,7.2
INV-100726,D,Bradford,Member,Female,Baby Products,6.59,2,0.66,13.84,07/05/2025,19:53:05,Credit Card,13.18,0.16,2.11,7.6
INV-100727,D,Bradford,Normal,Male,Bakery,2.06,3,0.31,6.49,21/03/2025,17:40:09,Cash,6.18,0.1,0.62,6.4
INV-100728,C,Leeds,Normal,Female,Health & Wellness,7.86,3,1.18,24.76,27/02/2025,17:33:34,Mobile Wallet,23.58,0.22,5.19,5.6
INV-100729,A,Manchester,Normal,Male,Snacks,3.15,6,0.94,19.84,11/11/2025,15:08:51,Debit Card,18.9,0.15,2.83,6.6
INV-100730,A,Manchester,Normal,Female,Bakery,3.4,6,1.02,21.42,16/04/2025,17:28:17,Debit Card,20.4,0.1,2.04,6.4
INV-100731,A,Manchester,Member,Female,Personal Care,13.01,7,4.55,95.62,01/11/2025,12:34:47,Debit Card,91.07,0.2,18.21,5.7
INV-100732,A,Manchester,Member,Male,Baby Products,44.29,3,6.64,139.51,03/11/2025,17:50:01,Cash,132.87,0.16,21.26,6.4
INV-100733,A,Manchester,Normal,Female,Baby Products,33.36,5,8.34,175.14,23/01/2025,17:25:17,Cash,166.8,0.16,26.69,7.6
INV-100734,D,Bradford,Member,Male,Household,4.86,1,0.24,5.1,30/04/2025,11:54:43,Mobile Wallet,4.86,0.18,0.87,8.2
INV-100735,B,Salford,Normal,Female,Personal Care,9.95,2,0.99,20.89,13/03/2025,12:45:21,Debit Card,19.9,0.2,3.98,6.4
INV-100736,C,Leeds,Normal,Female,Frozen Foods,6.15,11,3.38,71.03,22/10/2025,11:23:30,Cash,67.65,0.11,7.44,8.7
INV-100737,C,Leeds,Member,Male,Household,7.38,6,2.21,46.49,02/05/2025,09:36:20,Cash,44.28,0.18,7.97,8.0
INV-100738,C,Leeds,Member,Female,Beverages,9.28,5,2.32,48.72,05/12/2025,10:49:24,Debit Card,46.4,0.12,5.57,8.7
INV-100739,B,Salford,Member,Male,Health & Wellness,31.28,4,6.26,131.38,03/06/2025,12:47:24,Mobile Wallet,125.12,0.22,27.53,6.9
INV-100740,C,Leeds,Member,Female,Bakery,5.55,1,0.28,5.83,13/10/2025,12:46:53,Debit Card,5.55,0.1,0.56,4.0
INV-100741,B,Salford,Normal,Male,Personal Care,14.12,6,4.24,88.96,12/10/2025,13:12:44,Debit Card,84.72,0.2,16.94,6.5
INV-100742,D,Bradford,Member,Female,Health & Wellness,6.22,1,0.31,6.53,26/06/2025,19:08:39,Credit Card,6.22,0.22,1.37,6.2
INV-100743,D,Bradford,Normal,Male,Dairy & Eggs,6.25,1,0.31,6.56,23/12/2025,13:09:23,Credit Card,6.25,0.08,0.5,6.7
INV-100744,D,Bradford,Normal,Male,Dairy & Eggs,6.71,5,1.68,35.23,18/03/2025,14:25:17,Cash,33.55,0.08,2.68,7.9
INV-100745,C,Leeds,Normal,Male,Fresh Produce,9.73,10,4.87,102.17,05/04/2025,20:13:28,Debit Card,97.3,0.09,8.76,6.4
INV-100746,D,Bradford,Member,Female,Bakery,7.76,3,1.16,24.44,26/04/2025,14:32:38,Debit Card,23.28,0.1,2.33,9.3
INV-100747,C,Leeds,Normal,Female,Snacks,4.09,3,0.61,12.88,26/08/2025,15:19:24,Debit Card,12.27,0.15,1.84,8.0
INV-100748,A,Manchester,Member,Male,Baby Products,35.77,1,1.79,37.56,02/08/2025,11:29:48,Debit Card,35.77,0.16,5.72,6.9
INV-100749,B,Salford,Member,Male,Personal Care,3.93,3,0.59,12.38,05/05/2025,13:47:16,Debit Card,11.79,0.2,2.36,6.6
INV-100750,C,Leeds,Member,Female,Snacks,3.37,7,1.18,24.77,19/06/2025,17:37:02,Credit Card,23.59,0.15,3.54,4.7
INV-100751,A,Manchester,Normal,Male,Frozen Foods,5.49,8,2.2,46.12,09/07/2025,19:13:57,Cash,43.92,0.11,4.83,6.3
INV-100752,A,Manchester,Normal,Female,Baby Products,19.99,1,1.0,20.99,27/01/2025,13:13:39,Credit Card,19.99,0.16,3.2,5.9
INV-100753,C,Leeds,Member,Male,Snacks,5.39,3,0.81,16.98,11/12/2025,11:36:25,Cash,16.17,0.15,2.43,6.6
INV-100754,A,Manchester,Member,Female,Bakery,10.5,2,1.05,22.05,07/04/2025,10:52:27,Debit Card,21.0,0.1,2.1,7.6
INV-100755,B,Salford,Member,Male,Household,4.79,5,1.2,25.15,17/04/2025,12:28:49,Debit Card,23.95,0.18,4.31,7.4
INV-100756,C,Leeds,Member,Male,Dairy & Eggs,5.08,6,1.52,32.0,08/01/2025,11:58:25,Debit Card,30.48,0.08,2.44,4.7
INV-100757,B,Salford,Normal,Female,Personal Care,22.37,7,7.83,164.42,02/03/2025,15:53:09,Cash,156.59,0.2,31.32,9.2
INV-100758,D,Bradford,Normal,Female,Bakery,2.74,5,0.69,14.39,23/12/2025,18:55:27,Cash,13.7,0.1,1.37,5.3
INV-100759,B,Salford,Normal,Male,Bakery,7.06,4,1.41,29.65,03/05/2025,08:22:12,Mobile Wallet,28.24,0.1,2.82,7.4
INV-100760,C,Leeds,Normal,Male,Personal Care,11.81,12,7.09,148.81,14/07/2025,11:32:07,Cash,141.72,0.2,28.34,6.0
INV-100761,D,Bradford,Normal,Male,Dairy & Eggs,7.25,1,0.36,7.61,07/06/2025,16:01:01,Mobile Wallet,7.25,0.08,0.58,6.9
INV-100762,C,Leeds,Normal,Male,Fresh Produce,6.26,1,0.31,6.57,20/09/2025,12:31:45,Credit Card,6.26,0.09,0.56,5.6
INV-100763,D,Bradford,Member,Male,Personal Care,16.62,6,4.99,104.71,20/02/2025,20:10:21,Debit Card,99.72,0.2,19.94,6.7
INV-100764,D,Bradford,Member,Male,Fresh Produce,10.56,1,0.53,11.09,15/04/2025,16:06:22,Mobile Wallet,10.56,0.09,0.95,7.2
INV-100765,C,Leeds,Member,Male,Beverages,14.81,4,2.96,62.2,31/07/2025,14:23:07,Credit Card,59.24,0.12,7.11,8.0
INV-100766,A,Manchester,Member,Female,Frozen Foods,8.6,4,1.72,36.12,16/03/2025,18:29:07,Debit Card,34.4,0.11,3.78,5.2
INV-100767,A,Manchester,Member,Male,Dairy & Eggs,3.74,4,0.75,15.71,11/10/2025,14:13:52,Debit Card,14.96,0.08,1.2,5.4
INV-100768,D,Bradford,Member,Male,Beverages,1.62,4,0.32,6.8,20/03/2025,15:04:02,Debit Card,6.48,0.12,0.78,4.3
INV-100769,B,Salford,Normal,Male,Bakery,6.87,5,1.72,36.07,28/04/2025,19:06:45,Mobile Wallet,34.35,0.1,3.44,6.6
INV-100770,D,Bradford,Member,Female,Bakery,7.28,6,2.18,45.86,13/09/2025,11:41:24,Debit Card,43.68,0.1,4.37,6.5
INV-100771,C,Leeds,Member,Male,Household,7.94,3,1.19,25.01,08/09/2025,14:18:27,Cash,23.82,0.18,4.29,7.2
INV-100772,D,Bradford,Normal,Male,Fresh Produce,10.15,4,2.03,42.63,28/03/2025,12:17:10,Debit Card,40.6,0.09,3.65,6.0
INV-100773,C,Leeds,Normal,Female,Dairy & Eggs,7.35,1,0.37,7.72,13/03/2025,16:54:07,Debit Card,7.35,0.08,0.59,7.6
INV-100774,D,Bradford,Member,Female,Fresh Produce,9.74,2,0.97,20.45,05/10/2025,16:26:00,Mobile Wallet,19.48,0.09,1.75,6.1
INV-100775,A,Manchester,Member,Female,Frozen Foods,3.28,6,0.98,20.66,08/02/2025,13:22:34,Cash,19.68,0.11,2.16,7.5
INV-100776,A,Manchester,Normal,Female,Frozen Foods,20.09,7,7.03,147.66,31/07/2025,17:45:23,Credit Card,140.63,0.11,15.47,6.3
INV-100777,B,Salford,Normal,Female,Household,11.72,7,4.1,86.14,04/02/2025,15:26:27,Credit Card,82.04,0.18,14.77,6.6
INV-100778,B,Salford,Member,Female,Fresh Produce,10.86,4,2.17,45.61,22/04/2025,13:32:59,Debit Card,43.44,0.09,3.91,7.1
INV-100779,D,Bradford,Member,Male,Frozen Foods,1.83,6,0.55,11.53,31/01/2025,16:56:46,Debit Card,10.98,0.11,1.21,5.5
INV-100780,D,Bradford,Member,Male,Baby Products,25.87,2,2.59,54.33,09/01/2025,19:48:48,Debit Card,51.74,0.16,8.28,6.7
INV-100781,A,Manchester,Member,Male,Frozen Foods,5.67,8,2.27,47.63,07/01/2025,12:03:29,Cash,45.36,0.11,4.99,7.0
INV-100782,A,Manchester,Normal,Male,Bakery,7.22,5,1.81,37.91,02/10/2025,14:15:06,Mobile Wallet,36.1,0.1,3.61,8.5
INV-100783,C,Leeds,Member,Female,Household,3.17,5,0.79,16.64,15/09/2025,21:39:08,Mobile Wallet,15.85,0.18,2.85,7.9
INV-100784,D,Bradford,Member,Female,Household,6.06,8,2.42,50.9,24/02/2025,16:30:28,Mobile Wallet,48.48,0.18,8.73,8.0
INV-100785,A,Manchester,Normal,Female,Personal Care,14.4,8,5.76,120.96,04/05/2025,14:07:31,Debit Card,115.2,0.2,23.04,5.9
INV-100786,B,Salford,Normal,Male,Health & Wellness,4.56,6,1.37,28.73,01/07/2025,21:42:53,Mobile Wallet,27.36,0.22,6.02,7.5
INV-100787,C,Leeds,Member,Male,Bakery,8.58,6,2.57,54.05,10/02/2025,21:38:36,Debit Card,51.48,0.1,5.15,9.6
INV-100788,C,Leeds,Normal,Male,Snacks,1.07,4,0.21,4.49,24/08/2025,17:41:11,Debit Card,4.28,0.15,0.64,6.4
INV-100789,B,Salford,Member,Female,Household,21.86,4,4.37,91.81,03/06/2025,18:49:19,Debit Card,87.44,0.18,15.74,4.8
INV-100790,A,Manchester,Normal,Female,Bakery,5.87,1,0.29,6.16,17/02/2025,13:35:25,Credit Card,5.87,0.1,0.59,5.7
INV-100791,D,Bradford,Member,Male,Health & Wellness,13.04,8,5.22,109.54,13/07/2025,18:14:31,Debit Card,104.32,0.22,22.95,6.1
INV-100792,D,Bradford,Member,Female,Beverages,1.63,4,0.33,6.85,23/11/2025,11:17:15,Credit Card,6.52,0.12,0.78,6.1
INV-100793,A,Manchester,Normal,Female,Snacks,5.05,3,0.76,15.91,12/02/2025,10:05:58,Debit Card,15.15,0.15,2.27,7.6
INV-100794,D,Bradford,Normal,Male,Household,5.04,1,0.25,5.29,27/11/2025,13:07:58,Debit Card,5.04,0.18,0.91,5.2
INV-100795,C,Leeds,Member,Female,Dairy & Eggs,7.63,4,1.53,32.05,28/09/2025,16:33:49,Cash,30.52,0.08,2.44,7.6
INV-100796,A,Manchester,Normal,Female,Fresh Produce,1.24,4,0.25,5.21,19/04/2025,10:02:58,Debit Card,4.96,0.09,0.45,6.5
INV-100797,D,Bradford,Member,Male,Fresh Produce,10.52,4,2.1,44.18,24/01/2025,19:26:58,Debit Card,42.08,0.09,3.79,6.4
INV-100798,A,Manchester,Member,Male,Fresh Produce,9.95,6,2.99,62.69,06/10/2025,17:58:40,Mobile Wallet,59.7,0.09,5.37,7.3
INV-100799,A,Manchester,Member,Female,Personal Care,16.2,7,5.67,119.07,11/06/2025,17:52:50,Debit Card,113.4,0.2,22.68,7.0
INV-100800,A,Manchester,Member,Female,Snacks,1.24,3,0.19,3.91,28/10/2025,19:48:48,Debit Card,3.72,0.15,0.56,5.0
INV-100801,B,Salford,Member,Male,Fresh Produce,5.05,4,1.01,21.21,09/02/2025,14:06:41,Mobile Wallet,20.2,0.09,1.82,8.0
INV-100802,C,Leeds,Normal,Female,Household,3.98,4,0.8,16.72,16/10/2025,10:03:35,Cash,15.92,0.18,2.87,4.7
INV-100803,B,Salford,Member,Male,Frozen Foods,2.67,8,1.07,22.43,13/12/2025,18:30:28,Mobile Wallet,21.36,0.11,2.35,7.4
INV-100804,C,Leeds,Member,Male,Dairy & Eggs,2.42,5,0.6,12.7,13/03/2025,17:28:01,Debit Card,12.1,0.08,0.97,6.8
INV-100805,A,Manchester,Normal,Male,Frozen Foods,1.96,9,0.88,18.52,28/01/2025,19:01:40,Credit Card,17.64,0.11,1.94,6.7
INV-100806,A,Manchester,Normal,Male,Personal Care,10.07,2,1.01,21.15,29/04/2025,19:42:28,Mobile Wallet,20.14,0.2,4.03,6.7
INV-100807,A,Manchester,Normal,Male,Snacks,6.33,11,3.48,73.11,06/11/2025,15:24:32,Credit Card,69.63,0.15,10.44,6.3
INV-100808,D,Bradford,Member,Male,Bakery,2.92,6,0.88,18.4,16/01/2025,13:36:19,Debit Card,17.52,0.1,1.75,5.6
INV-100809,C,Leeds,Member,Male,Fresh Produce,1.37,7,0.48,10.07,09/09/2025,12:21:24,Mobile Wallet,9.59,0.09,0.86,5.9
INV-100810,B,Salford,Member,Male,Snacks,1.44,4,0.29,6.05,11/10/2025,16:36:54,Debit Card,5.76,0.15,0.86,8.7
INV-100811,D,Bradford,Member,Male,Personal Care,21.16,1,1.06,22.22,06/04/2025,20:19:28,Debit Card,21.16,0.2,4.23,4.8
INV-100812,D,Bradford,Member,Female,Personal Care,14.44,6,4.33,90.97,13/11/2025,19:09:17,Mobile Wallet,86.64,0.2,17.33,4.8
INV-100813,C,Leeds,Normal,Female,Frozen Foods,4.42,8,1.77,37.13,07/02/2025,13:46:50,Credit Card,35.36,0.11,3.89,5.6
INV-100814,A,Manchester,Normal,Male,Bakery,3.66,1,0.18,3.84,20/03/2025,20:16:39,Credit Card,3.66,0.1,0.37,9.2
INV-100815,D,Bradford,Member,Female,Health & Wellness,19.88,1,0.99,20.87,19/07/2025,16:23:11,Cash,19.88,0.22,4.37,7.9
INV-100816,C,Leeds,Member,Male,Household,3.98,5,0.99,20.89,24/02/2025,17:49:21,Cash,19.9,0.18,3.58,7.8
INV-100817,A,Manchester,Member,Female,Personal Care,21.0,1,1.05,22.05,07/06/2025,15:41:00,Credit Card,21.0,0.2,4.2,8.9
INV-100818,D,Bradford,Normal,Male,Beverages,4.55,2,0.46,9.56,19/05/2025,18:06:10,Credit Card,9.1,0.12,1.09,6.6
INV-100819,A,Manchester,Normal,Female,Health & Wellness,24.12,2,2.41,50.65,14/02/2025,16:40:09,Mobile Wallet,48.24,0.22,10.61,8.2
INV-100820,B,Salford,Member,Male,Snacks,1.99,6,0.6,12.54,18/08/2025,10:10:14,Debit Card,11.94,0.15,1.79,7.9
INV-100821,D,Bradford,Member,Female,Health & Wellness,28.09,1,1.4,29.49,14/01/2025,13:23:01,Mobile Wallet,28.09,0.22,6.18,5.9
INV-100822,A,Manchester,Member,Male,Dairy & Eggs,4.93,2,0.49,10.35,11/10/2025,18:00:33,Cash,9.86,0.08,0.79,8.0
INV-100823,A,Manchester,Member,Male,Household,9.51,1,0.48,9.99,17/07/2025,14:00:29,Mobile Wallet,9.51,0.18,1.71,6.5
INV-100824,A,Manchester,Member,Male,Personal Care,23.12,2,2.31,48.55,31/07/2025,11:12:15,Cash,46.24,0.2,9.25,5.5
INV-100825,D,Bradford,Member,Female,Snacks,4.21,3,0.63,13.26,14/10/2025,13:36:16,Mobile Wallet,12.63,0.15,1.89,7.7
INV-100826,B,Salford,Member,Female,Household,9.39,6,2.82,59.16,17/12/2025,18:41:13,Credit Card,56.34,0.18,10.14,5.0
INV-100827,D,Bradford,Member,Female,Baby Products,29.14,5,7.29,152.99,13/03/2025,18:01:16,Credit Card,145.7,0.16,23.31,6.0
INV-100828,C,Leeds,Member,Male,Household,2.52,2,0.25,5.29,18/05/2025,19:00:08,Credit Card,5.04,0.18,0.91,5.8
INV-100829,D,Bradford,Member,Female,Beverages,7.21,5,1.8,37.85,02/02/2025,11:38:08,Credit Card,36.05,0.12,4.33,6.0
INV-100830,B,Salford,Member,Male,Household,11.75,5,2.94,61.69,22/05/2025,19:53:36,Mobile Wallet,58.75,0.18,10.57,7.0
INV-100831,D,Bradford,Normal,Male,Personal Care,3.86,11,2.12,44.58,05/09/2025,15:17:42,Debit Card,42.46,0.2,8.49,6.1
INV-100832,A,Manchester,Normal,Male,Personal Care,5.9,6,1.77,37.17,09/05/2025,12:58:23,Debit Card,35.4,0.2,7.08,6.6
INV-100833,B,Salford,Normal,Male,Baby Products,45.03,5,11.26,236.41,01/11/2025,21:56:04,Cash,225.15,0.16,36.02,5.5
INV-100834,B,Salford,Member,Male,Snacks,3.54,6,1.06,22.3,24/02/2025,21:26:40,Cash,21.24,0.15,3.19,6.2
INV-100835,B,Salford,Normal,Male,Snacks,0.87,12,0.52,10.96,04/01/2025,16:35:35,Debit Card,10.44,0.15,1.57,6.5
INV-100836,D,Bradford,Normal,Male,Personal Care,10.16,1,0.51,10.67,14/11/2025,17:21:11,Mobile Wallet,10.16,0.2,2.03,4.7
INV-100837,D,Bradford,Normal,Male,Dairy & Eggs,5.15,2,0.52,10.82,14/08/2025,16:14:03,Credit Card,10.3,0.08,0.82,6.0
INV-100838,C,Leeds,Member,Male,Beverages,14.5,11,7.98,167.48,30/11/2025,19:33:38,Debit Card,159.5,0.12,19.14,6.2
INV-100839,B,Salford,Member,Male,Fresh Produce,9.11,2,0.91,19.13,14/06/2025,21:44:42,Credit Card,18.22,0.09,1.64,7.9
INV-100840,B,Salford,Member,Male,Dairy & Eggs,1.5,2,0.15,3.15,10/06/2025,15:58:30,Credit Card,3.0,0.08,0.24,7.2
INV-100841,B,Salford,Member,Male,Snacks,0.87,1,0.04,0.91,13/06/2025,15:36:00,Debit Card,0.87,0.15,0.13,8.3
INV-100842,C,Leeds,Member,Male,Snacks,5.99,6,1.8,37.74,22/10/2025,18:33:42,Debit Card,35.94,0.15,5.39,7.6
INV-100843,B,Salford,Member,Male,Dairy & Eggs,4.95,2,0.5,10.4,12/07/2025,13:49:12,Mobile Wallet,9.9,0.08,0.79,7.8
INV-100844,C,Leeds,Member,Male,Personal Care,24.42,3,3.66,76.92,06/07/2025,11:10:52,Credit Card,73.26,0.2,14.65,7.7
INV-100845,A,Manchester,Normal,Female,Dairy & Eggs,1.96,1,0.1,2.06,31/10/2025,12:41:54,Mobile Wallet,1.96,0.08,0.16,4.7
INV-100846,B,Salford,Member,Female,Snacks,1.0,3,0.15,3.15,25/08/2025,20:50:48,Mobile Wallet,3.0,0.15,0.45,7.1
INV-100847,B,Salford,Normal,Male,Health & Wellness,32.43,5,8.11,170.26,30/05/2025,20:18:30,Cash,162.15,0.22,35.67,5.5
INV-100848,A,Manchester,Member,Male,Health & Wellness,11.18,6,3.35,70.43,11/12/2025,13:08:27,Credit Card,67.08,0.22,14.76,6.2
INV-100849,D,Bradford,Normal,Female,Snacks,2.63,3,0.39,8.28,21/11/2025,12:53:39,Debit Card,7.89,0.15,1.18,4.6
INV-100850,C,Leeds,Normal,Female,Frozen Foods,13.88,3,2.08,43.72,10/05/2025,15:09:46,Credit Card,41.64,0.11,4.58,5.5
INV-100851,B,Salford,Member,Male,Health & Wellness,34.07,10,17.04,357.74,13/07/2025,15:53:30,Credit Card,340.7,0.22,74.95,6.5
INV-100852,A,Manchester,Normal,Male,Baby Products,39.01,4,7.8,163.84,03/11/2025,17:07:27,Debit Card,156.04,0.16,24.97,7.8
INV-100853,D,Bradford,Normal,Male,Snacks,1.79,8,0.72,15.04,01/10/2025,15:20:11,Mobile Wallet,14.32,0.15,2.15,7.5
INV-100854,D,Bradford,Normal,Female,Beverages,3.81,4,0.76,16.0,04/07/2025,14:26:43,Cash,15.24,0.12,1.83,5.1
INV-100855,A,Manchester,Normal,Female,Frozen Foods,16.47,10,8.23,172.93,08/05/2025,17:03:11,Debit Card,164.7,0.11,18.12,8.3
INV-100856,C,Leeds,Member,Female,Baby Products,17.06,1,0.85,17.91,28/11/2025,11:18:48,Credit Card,17.06,0.16,2.73,4.8
INV-100857,A,Manchester,Normal,Male,Baby Products,35.12,2,3.51,73.75,19/06/2025,16:47:19,Debit Card,70.24,0.16,11.24,6.3
INV-100858,D,Bradford,Member,Female,Fresh Produce,8.62,2,0.86,18.1,06/01/2025,19:47:15,Credit Card,17.24,0.09,1.55,6.6
INV-100859,A,Manchester,Member,Male,Bakery,5.53,9,2.49,52.26,24/04/2025,14:48:42,Debit Card,49.77,0.1,4.98,8.8
INV-100860,B,Salford,Member,Male,Snacks,3.1,11,1.71,35.81,11/07/2025,13:22:13,Debit Card,34.1,0.15,5.12,5.7
INV-100861,D,Bradford,Member,Male,Snacks,4.63,9,2.08,43.75,14/12/2025,11:24:51,Credit Card,41.67,0.15,6.25,6.7
INV-100862,B,Salford,Normal,Male,Health & Wellness,24.02,4,4.8,100.88,13/01/2025,14:08:33,Debit Card,96.08,0.22,21.14,7.8
INV-100863,D,Bradford,Member,Female,Personal Care,5.66,1,0.28,5.94,01/06/2025,12:21:02,Mobile Wallet,5.66,0.2,1.13,6.8
INV-100864,D,Bradford,Member,Female,Beverages,8.54,7,2.99,62.77,01/03/2025,14:46:00,Mobile Wallet,59.78,0.12,7.17,7.7
INV-100865,B,Salford,Member,Male,Bakery,9.12,1,0.46,9.58,09/06/2025,12:08:57,Debit Card,9.12,0.1,0.91,7.4
INV-100866,C,Leeds,Member,Male,Baby Products,10.68,4,2.14,44.86,16/04/2025,12:27:26,Mobile Wallet,42.72,0.16,6.84,8.3
INV-100867,D,Bradford,Member,Male,Fresh Produce,4.06,8,1.62,34.1,01/09/2025,14:14:42,Debit Card,32.48,0.09,2.92,6.1
INV-100868,A,Manchester,Normal,Male,Beverages,7.34,3,1.1,23.12,23/12/2025,13:19:40,Debit Card,22.02,0.12,2.64,7.6
INV-100869,D,Bradford,Normal,Male,Frozen Foods,14.5,3,2.18,45.68,04/02/2025,15:08:49,Debit Card,43.5,0.11,4.79,6.4
INV-100870,C,Leeds,Normal,Female,Health & Wellness,27.47,7,9.61,201.9,30/12/2025,11:58:07,Debit Card,192.29,0.22,42.3,6.0
INV-100871,A,Manchester,Member,Female,Health & Wellness,21.0,1,1.05,22.05,25/06/2025,12:00:25,Debit Card,21.0,0.22,4.62,7.7
INV-100872,A,Manchester,Normal,Female,Baby Products,15.07,3,2.26,47.47,05/05/2025,15:14:18,Debit Card,45.21,0.16,7.23,5.1
INV-100873,B,Salford,Normal,Female,Household,10.3,3,1.54,32.44,19/06/2025,10:41:28,Debit Card,30.9,0.18,5.56,5.9
INV-100874,D,Bradford,Member,Male,Fresh Produce,6.68,7,2.34,49.1,29/04/2025,18:14:12,Credit Card,46.76,0.09,4.21,9.2
INV-100875,D,Bradford,Member,Female,Personal Care,13.35,3,2.0,42.05,06/04/2025,21:08:51,Cash,40.05,0.2,8.01,6.7
INV-100876,D,Bradford,Normal,Male,Fresh Produce,2.05,3,0.31,6.46,15/01/2025,19:17:46,Debit Card,6.15,0.09,0.55,6.9
INV-100877,B,Salford,Member,Male,Frozen Foods,18.15,13,11.8,247.75,31/10/2025,13:06:57,Credit Card,235.95,0.11,25.95,6.4
INV-100878,D,Bradford,Normal,Male,Baby Products,32.93,3,4.94,103.73,03/01/2025,20:49:42,Debit Card,98.79,0.16,15.81,6.7
INV-100879,B,Salford,Normal,Female,Beverages,5.43,1,0.27,5.7,23/05/2025,11:44:39,Debit Card,5.43,0.12,0.65,5.1
INV-100880,A,Manchester,Member,Female,Personal Care,16.36,1,0.82,17.18,02/10/2025,10:56:49,Debit Card,16.36,0.2,3.27,6.9
INV-100881,B,Salford,Member,Male,Snacks,3.92,8,1.57,32.93,16/06/2025,20:44:08,Cash,31.36,0.15,4.7,7.1
INV-100882,B,Salford,Normal,Male,Health & Wellness,6.9,10,3.45,72.45,28/02/2025,18:51:33,Cash,69.0,0.22,15.18,6.6
INV-100883,C,Leeds,Normal,Male,Snacks,3.46,1,0.17,3.63,28/09/2025,17:27:30,Credit Card,3.46,0.15,0.52,6.7
INV-100884,C,Leeds,Member,Male,Dairy & Eggs,3.17,8,1.27,26.63,09/11/2025,15:51:08,Debit Card,25.36,0.08,2.03,8.7
INV-100885,D,Bradford,Member,Female,Household,11.13,5,2.78,58.43,28/06/2025,11:13:27,Debit Card,55.65,0.18,10.02,7.6
INV-100886,C,Leeds,Member,Male,Bakery,4.84,6,1.45,30.49,13/11/2025,15:27:45,Cash,29.04,0.1,2.9,6.2
INV-100887,B,Salford,Member,Male,Fresh Produce,13.34,2,1.33,28.01,11/11/2025,15:24:30,Credit Card,26.68,0.09,2.4,7.7
INV-100888,A,Manchester,Member,Female,Dairy & Eggs,4.11,5,1.03,21.58,10/06/2025,16:24:17,Debit Card,20.55,0.08,1.64,5.5
INV-100889,A,Manchester,Normal,Female,Household,8.57,2,0.86,18.0,06/06/2025,13:18:55,Debit Card,17.14,0.18,3.09,6.4
INV-100890,A,Manchester,Normal,Female,Household,14.17,1,0.71,14.88,11/07/2025,12:54:30,Mobile Wallet,14.17,0.18,2.55,4.7
INV-100891,B,Salford,Normal,Male,Personal Care,24.37,9,10.97,230.3,03/08/2025,19:40:35,Cash,219.33,0.2,43.87,4.9
INV-100892,B,Salford,Member,Male,Frozen Foods,14.23,11,7.83,164.36,05/08/2025,20:45:12,Mobile Wallet,156.53,0.11,17.22,6.7
INV-100893,B,Salford,Normal,Male,Personal Care,24.6,5,6.15,129.15,22/11/2025,14:42:15,Debit Card,123.0,0.2,24.6,5.8
INV-100894,B,Salford,Member,Female,Household,3.43,4,0.69,14.41,08/09/2025,15:02:53,Credit Card,13.72,0.18,2.47,7.4
INV-100895,C,Leeds,Member,Female,Personal Care,19.53,1,0.98,20.51,06/04/2025,17:36:37,Debit Card,19.53,0.2,3.91,7.7
INV-100896,C,Leeds,Member,Male,Household,21.21,2,2.12,44.54,14/11/2025,19:00:42,Debit Card,42.42,0.18,7.64,7.2
INV-100897,A,Manchester,Member,Male,Fresh Produce,1.4,1,0.07,1.47,05/01/2025,15:10:10,Debit Card,1.4,0.09,0.13,6.7
INV-100898,D,Bradford,Member,Female,Snacks,2.81,3,0.42,8.85,10/04/2025,10:26:49,Debit Card,8.43,0.15,1.26,4.8
INV-100899,D,Bradford,Normal,Male,Baby Products,38.97,5,9.74,204.59,29/07/2025,15:49:16,Cash,194.85,0.16,31.18,4.5
INV-100900,D,Bradford,Member,Male,Fresh Produce,12.68,6,3.8,79.88,30/12/2025,11:27:32,Cash,76.08,0.09,6.85,8.4
INV-100901,D,Bradford,Normal,Male,Personal Care,22.65,5,5.66,118.91,27/03/2025,21:05:24,Credit Card,113.25,0.2,22.65,6.7
INV-100902,A,Manchester,Member,Female,Fresh Produce,2.76,11,1.52,31.88,23/04/2025,15:28:49,Cash,30.36,0.09,2.73,6.0
INV-100903,C,Leeds,Member,Female,Beverages,5.92,7,2.07,43.51,21/05/2025,13:42:56,Cash,41.44,0.12,4.97,7.1
INV-100904,B,Salford,Member,Male,Fresh Produce,1.16,11,0.64,13.4,28/03/2025,13:54:19,Debit Card,12.76,0.09,1.15,6.9
INV-100905,D,Bradford,Member,Male,Personal Care,20.86,2,2.09,43.81,09/10/2025,14:14:29,Debit Card,41.72,0.2,8.34,6.6
INV-100906,A,Manchester,Normal,Female,Snacks,1.89,7,0.66,13.89,18/05/2025,16:31:31,Credit Card,13.23,0.15,1.98,4.2
INV-100907,C,Leeds,Member,Female,Household,21.27,2,2.13,44.67,14/08/2025,11:19:35,Mobile Wallet,42.54,0.18,7.66,7.4
INV-100908,B,Salford,Normal,Male,Household,11.8,4,2.36,49.56,22/02/2025,15:21:52,Credit Card,47.2,0.18,8.5,6.9
INV-100909,B,Salford,Member,Male,Fresh Produce,0.93,2,0.09,1.95,17/01/2025,10:18:57,Mobile Wallet,1.86,0.09,0.17,7.3
INV-100910,D,Bradford,Member,Male,Baby Products,11.17,8,4.47,93.83,28/06/2025,15:35:42,Debit Card,89.36,0.16,14.3,6.9
INV-100911,A,Manchester,Member,Male,Health & Wellness,22.82,2,2.28,47.92,02/03/2025,17:43:07,Mobile Wallet,45.64,0.22,10.04,8.2
INV-100912,B,Salford,Member,Female,Baby Products,14.89,2,1.49,31.27,29/10/2025,14:12:18,Cash,29.78,0.16,4.76,8.2
INV-100913,C,Leeds,Member,Male,Snacks,6.29,5,1.57,33.02,26/03/2025,13:32:13,Debit Card,31.45,0.15,4.72,8.0
INV-100914,B,Salford,Normal,Female,Fresh Produce,4.75,7,1.66,34.91,16/04/2025,12:45:46,Cash,33.25,0.09,2.99,8.2
INV-100915,A,Manchester,Normal,Male,Fresh Produce,11.47,6,3.44,72.26,30/09/2025,10:30:11,Credit Card,68.82,0.09,6.19,7.1
INV-100916,C,Leeds,Member,Female,Snacks,3.66,6,1.1,23.06,15/06/2025,15:23:54,Debit Card,21.96,0.15,3.29,4.8
INV-100917,C,Leeds,Member,Male,Bakery,5.26,4,1.05,22.09,21/10/2025,12:43:31,Credit Card,21.04,0.1,2.1,5.8
INV-100918,C,Leeds,Normal,Female,Personal Care,11.96,2,1.2,25.12,11/03/2025,11:52:03,Debit Card,23.92,0.2,4.78,8.5
INV-100919,D,Bradford,Member,Female,Baby Products,26.57,2,2.66,55.8,22/05/2025,12:30:58,Debit Card,53.14,0.16,8.5,7.0
INV-100920,B,Salford,Member,Female,Bakery,5.74,8,2.3,48.22,08/05/2025,09:28:57,Cash,45.92,0.1,4.59,6.7
INV-100921,B,Salford,Normal,Male,Fresh Produce,4.65,6,1.4,29.3,07/05/2025,13:20:36,Debit Card,27.9,0.09,2.51,8.1
INV-100922,D,Bradford,Member,Male,Frozen Foods,15.42,5,3.85,80.95,14/03/2025,15:28:46,Debit Card,77.1,0.11,8.48,6.9
INV-100923,C,Leeds,Normal,Male,Snacks,2.81,10,1.41,29.51,12/07/2025,14:12:37,Credit Card,28.1,0.15,4.21,6.8
INV-100924,D,Bradford,Normal,Female,Household,19.94,6,5.98,125.62,21/11/2025,13:30:15,Credit Card,119.64,0.18,21.54,6.5
INV-100925,A,Manchester,Normal,Male,Beverages,10.86,1,0.54,11.4,21/09/2025,15:49:51,Mobile Wallet,10.86,0.12,1.3,6.4
INV-100926,C,Leeds,Member,Male,Bakery,5.68,3,0.85,17.89,21/08/2025,14:04:55,Debit Card,17.04,0.1,1.7,8.3
INV-100927,D,Bradford,Member,Male,Snacks,4.43,2,0.44,9.3,25/10/2025,12:52:06,Credit Card,8.86,0.15,1.33,7.2
INV-100928,A,Manchester,Member,Female,Fresh Produce,3.58,6,1.07,22.55,23/08/2025,19:32:56,Debit Card,21.48,0.09,1.93,6.9
INV-100929,C,Leeds,Normal,Female,Beverages,4.24,10,2.12,44.52,01/10/2025,12:15:20,Debit Card,42.4,0.12,5.09,5.2
INV-100930,D,Bradford,Member,Female,Personal Care,4.63,5,1.16,24.31,08/08/2025,13:11:00,Mobile Wallet,23.15,0.2,4.63,7.0
INV-100931,B,Salford,Member,Male,Personal Care,23.65,7,8.28,173.83,18/05/2025,13:08:12,Debit Card,165.55,0.2,33.11,4.2
INV-100932,C,Leeds,Member,Male,Frozen Foods,3.6,3,0.54,11.34,22/06/2025,19:20:38,Debit Card,10.8,0.11,1.19,7.3
INV-100933,B,Salford,Normal,Male,Health & Wellness,9.79,1,0.49,10.28,25/06/2025,21:41:28,Debit Card,9.79,0.22,2.15,6.1
INV-100934,A,Manchester,Member,Female,Health & Wellness,11.4,7,3.99,83.79,20/02/2025,20:25:55,Debit Card,79.8,0.22,17.56,6.5
INV-100935,D,Bradford,Normal,Female,Health & Wellness,8.58,4,1.72,36.04,05/03/2025,18:23:45,Debit Card,34.32,0.22,7.55,8.7
INV-100936,B,Salford,Normal,Male,Household,17.72,4,3.54,74.42,22/08/2025,20:31:56,Mobile Wallet,70.88,0.18,12.76,7.5
INV-100937,A,Manchester,Member,Male,Baby Products,15.61,3,2.34,49.17,14/04/2025,20:42:15,Credit Card,46.83,0.16,7.49,4.6
INV-100938,B,Salford,Normal,Male,Fresh Produce,8.41,3,1.26,26.49,23/03/2025,11:16:43,Cash,25.23,0.09,2.27,5.7
INV-100939,C,Leeds,Normal,Female,Fresh Produce,1.79,2,0.18,3.76,02/12/2025,18:17:48,Mobile Wallet,3.58,0.09,0.32,8.5
INV-100940,C,Leeds,Member,Male,Bakery,7.88,3,1.18,24.82,12/02/2025,18:54:39,Credit Card,23.64,0.1,2.36,7.3
INV-100941,C,Leeds,Member,Female,Dairy & Eggs,6.54,8,2.62,54.94,27/01/2025,19:40:06,Debit Card,52.32,0.08,4.19,6.1
INV-100942,D,Bradford,Normal,Male,Frozen Foods,4.74,10,2.37,49.77,25/12/2025,12:51:28,Credit Card,47.4,0.11,5.21,7.7
INV-100943,B,Salford,Normal,Male,Health & Wellness,10.25,5,2.56,53.81,02/12/2025,18:32:56,Cash,51.25,0.22,11.28,5.5
INV-100944,A,Manchester,Normal,Female,Personal Care,23.1,4,4.62,97.02,01/01/2025,18:35:44,Mobile Wallet,92.4,0.2,18.48,4.8
INV-100945,B,Salford,Normal,Male,Bakery,1.37,3,0.21,4.32,09/02/2025,10:53:09,Debit Card,4.11,0.1,0.41,7.7
INV-100946,B,Salford,Member,Female,Health & Wellness,17.2,2,1.72,36.12,23/09/2025,17:22:53,Cash,34.4,0.22,7.57,6.1
INV-100947,D,Bradford,Normal,Female,Personal Care,2.27,9,1.02,21.45,05/01/2025,18:00:16,Debit Card,20.43,0.2,4.09,5.3
INV-100948,C,Leeds,Member,Female,Frozen Foods,13.03,5,3.26,68.41,05/08/2025,09:23:04,Debit Card,65.15,0.11,7.17,5.8
INV-100949,B,Salford,Normal,Male,Bakery,6.65,6,2.0,41.9,06/02/2025,14:12:31,Mobile Wallet,39.9,0.1,3.99,5.5
INV-100950,B,Salford,Member,Male,Personal Care,13.85,4,2.77,58.17,15/02/2025,18:28:04,Debit Card,55.4,0.2,11.08,6.8
INV-100951,A,Manchester,Normal,Female,Personal Care,21.36,4,4.27,89.71,10/06/2025,11:59:37,Credit Card,85.44,0.2,17.09,7.4
INV-100952,C,Leeds,Normal,Male,Baby Products,29.97,1,1.5,31.47,12/03/2025,16:32:40,Mobile Wallet,29.97,0.16,4.8,8.1
INV-100953,D,Bradford,Normal,Female,Fresh Produce,4.16,13,2.7,56.78,25/11/2025,17:13:39,Debit Card,54.08,0.09,4.87,6.3
INV-100954,B,Salford,Member,Female,Beverages,5.62,1,0.28,5.9,29/09/2025,08:08:52,Debit Card,5.62,0.12,0.67,6.2
INV-100955,A,Manchester,Member,Female,Baby Products,7.42,10,3.71,77.91,14/08/2025,20:44:12,Credit Card,74.2,0.16,11.87,4.9
INV-100956,C,Leeds,Member,Female,Bakery,2.85,1,0.14,2.99,18/11/2025,20:37:47,Debit Card,2.85,0.1,0.29,8.8
INV-100957,B,Salford,Member,Male,Personal Care,6.94,10,3.47,72.87,12/11/2025,14:30:05,Credit Card,69.4,0.2,13.88,6.2
INV-100958,D,Bradford,Member,Female,Baby Products,10.61,5,2.65,55.7,14/02/2025,16:36:55,Cash,53.05,0.16,8.49,6.0
INV-100959,A,Manchester,Member,Female,Health & Wellness,18.27,1,0.91,19.18,05/03/2025,20:35:56,Cash,18.27,0.22,4.02,8.1
INV-100960,D,Bradford,Member,Male,Beverages,2.55,5,0.64,13.39,08/08/2025,18:21:24,Credit Card,12.75,0.12,1.53,7.3
INV-100961,C,Leeds,Member,Female,Household,20.34,9,9.15,192.21,07/05/2025,16:21:54,Mobile Wallet,183.06,0.18,32.95,5.7
INV-100962,C,Leeds,Normal,Female,Household,12.08,6,3.62,76.1,08/05/2025,13:57:34,Credit Card,72.48,0.18,13.05,6.4
INV-100963,C,Leeds,Member,Female,Dairy & Eggs,5.96,3,0.89,18.77,04/12/2025,13:06:45,Debit Card,17.88,0.08,1.43,6.8
INV-100964,C,Leeds,Member,Female,Snacks,3.43,6,1.03,21.61,23/09/2025,13:32:03,Credit Card,20.58,0.15,3.09,7.5
INV-100965,B,Salford,Member,Male,Snacks,6.03,7,2.11,44.32,01/06/2025,13:23:04,Credit Card,42.21,0.15,6.33,6.9
INV-100966,A,Manchester,Normal,Female,Frozen Foods,3.46,7,1.21,25.43,11/09/2025,13:34:25,Mobile Wallet,24.22,0.11,2.66,6.4
INV-100967,D,Bradford,Member,Female,Frozen Foods,10.62,6,3.19,66.91,04/05/2025,10:31:17,Debit Card,63.72,0.11,7.01,5.9
INV-100968,D,Bradford,Member,Female,Household,15.63,5,3.91,82.06,28/09/2025,20:10:43,Mobile Wallet,78.15,0.18,14.07,6.1
INV-100969,A,Manchester,Member,Male,Dairy & Eggs,7.52,1,0.38,7.9,12/06/2025,17:02:36,Debit Card,7.52,0.08,0.6,6.9
INV-100970,B,Salford,Normal,Male,Fresh Produce,6.14,4,1.23,25.79,19/10/2025,18:42:01,Credit Card,24.56,0.09,2.21,7.4
INV-100971,D,Bradford,Member,Male,Snacks,3.29,2,0.33,6.91,07/10/2025,13:40:06,Cash,6.58,0.15,0.99,7.3
INV-100972,B,Salford,Normal,Male,Personal Care,13.5,1,0.68,14.18,07/02/2025,14:39:40,Debit Card,13.5,0.2,2.7,6.4
INV-100973,A,Manchester,Member,Female,Baby Products,4.45,5,1.11,23.36,08/01/2025,21:09:49,Credit Card,22.25,0.16,3.56,8.0
INV-100974,C,Leeds,Member,Female,Health & Wellness,3.11,8,1.24,26.12,21/01/2025,20:02:16,Cash,24.88,0.22,5.47,9.5
INV-100975,A,Manchester,Normal,Male,Beverages,4.14,5,1.03,21.73,17/09/2025,18:25:16,Credit Card,20.7,0.12,2.48,8.5
INV-100976,C,Leeds,Member,Male,Bakery,2.02,7,0.71,14.85,05/08/2025,14:46:36,Credit Card,14.14,0.1,1.41,5.8
INV-100977,D,Bradford,Member,Female,Household,4.22,6,1.27,26.59,24/11/2025,19:37:08,Debit Card,25.32,0.18,4.56,6.4
INV-100978,B,Salford,Member,Male,Frozen Foods,15.77,6,4.73,99.35,12/02/2025,13:12:43,Credit Card,94.62,0.11,10.41,6.7
INV-100979,C,Leeds,Member,Female,Household,9.99,4,2.0,41.96,19/09/2025,14:02:14,Mobile Wallet,39.96,0.18,7.19,6.9
INV-100980,B,Salford,Member,Female,Fresh Produce,7.7,7,2.7,56.6,02/10/2025,15:28:51,Credit Card,53.9,0.09,4.85,6.8
INV-100981,C,Leeds,Normal,Male,Snacks,0.96,11,0.53,11.09,28/10/2025,19:26:52,Credit Card,10.56,0.15,1.58,5.4
INV-100982,A,Manchester,Normal,Male,Fresh Produce,2.21,7,0.77,16.24,24/12/2025,21:14:05,Credit Card,15.47,0.09,1.39,5.5
INV-100983,D,Bradford,Member,Female,Snacks,5.38,1,0.27,5.65,30/01/2025,17:40:48,Debit Card,5.38,0.15,0.81,6.6
INV-100984,B,Salford,Member,Female,Personal Care,5.61,5,1.4,29.45,11/08/2025,20:28:01,Debit Card,28.05,0.2,5.61,6.3
INV-100985,A,Manchester,Normal,Male,Dairy & Eggs,8.5,13,5.53,116.03,10/11/2025,18:35:28,Credit Card,110.5,0.08,8.84,6.6
INV-100986,A,Manchester,Member,Male,Household,13.81,5,3.45,72.5,08/12/2025,13:29:28,Cash,69.05,0.18,12.43,7.8
INV-100987,B,Salford,Normal,Female,Bakery,3.27,1,0.16,3.43,07/01/2025,20:48:56,Cash,3.27,0.1,0.33,6.4
INV-100988,B,Salford,Member,Female,Health & Wellness,26.68,6,8.0,168.08,25/03/2025,12:26:26,Credit Card,160.08,0.22,35.22,6.4
INV-100989,D,Bradford,Normal,Male,Bakery,3.5,5,0.88,18.38,25/09/2025,17:20:11,Cash,17.5,0.1,1.75,4.8
INV-100990,C,Leeds,Normal,Female,Dairy & Eggs,1.89,3,0.28,5.95,10/07/2025,15:56:49,Credit Card,5.67,0.08,0.45,6.9
INV-100991,B,Salford,Normal,Male,Fresh Produce,11.24,5,2.81,59.01,02/03/2025,18:44:01,Credit Card,56.2,0.09,5.06,5.8
INV-100992,A,Manchester,Normal,Male,Dairy & Eggs,7.73,4,1.55,32.47,08/08/2025,12:53:54,Debit Card,30.92,0.08,2.47,7.4
INV-100993,C,Leeds,Member,Female,Frozen Foods,4.8,3,0.72,15.12,15/05/2025,16:40:51,Credit Card,14.4,0.11,1.58,6.3
INV-100994,A,Manchester,Normal,Male,Dairy & Eggs,7.62,2,0.76,16.0,22/08/2025,18:43:17,Debit Card,15.24,0.08,1.22,7.8
INV-100995,C,Leeds,Normal,Female,Frozen Foods,3.07,3,0.46,9.67,13/09/2025,14:11:06,Mobile Wallet,9.21,0.11,1.01,6.2
INV-100996,B,Salford,Normal,Male,Baby Products,5.53,6,1.66,34.84,22/03/2025,10:46:30,Credit Card,33.18,0.16,5.31,7.7
INV-100997,C,Leeds,Member,Female,Snacks,1.57,6,0.47,9.89,21/10/2025,19:03:51,Credit Card,9.42,0.15,1.41,7.4
INV-100998,A,Manchester,Member,Female,Frozen Foods,18.48,1,0.92,19.4,18/09/2025,13:16:19,Debit Card,18.48,0.11,2.03,4.8
INV-100999,A,Manchester,Member,Female,Baby Products,6.67,2,0.67,14.01,07/01/2025,16:59:14,Credit Card,13.34,0.16,2.13,9.0
INV-101000,B,Salford,Member,Female,Baby Products,23.02,2,2.3,48.34,30/08/2025,12:35:08,Cash,46.04,0.16,7.37,8.0
INV-101001,C,Leeds,Normal,Male,Snacks,0.8,9,0.36,7.56,18/03/2025,15:28:05,Mobile Wallet,7.2,0.15,1.08,8.2
INV-101002,B,Salford,Member,Female,Personal Care,23.05,1,1.15,24.2,11/10/2025,15:00:51,Credit Card,23.05,0.2,4.61,6.4
INV-101003,D,Bradford,Normal,Female,Household,21.41,3,3.21,67.44,14/06/2025,17:49:13,Credit Card,64.23,0.18,11.56,6.3
INV-101004,B,Salford,Member,Male,Snacks,6.79,6,2.04,42.78,13/06/2025,13:38:08,Credit Card,40.74,0.15,6.11,6.0
INV-101005,C,Leeds,Member,Female,Dairy & Eggs,7.77,6,2.33,48.95,20/10/2025,09:31:29,Mobile Wallet,46.62,0.08,3.73,6.5
INV-101006,C,Leeds,Member,Female,Baby Products,33.52,1,1.68,35.2,15/09/2025,16:37:04,Debit Card,33.52,0.16,5.36,8.6
INV-101007,A,Manchester,Member,Female,Beverages,10.08,8,4.03,84.67,25/04/2025,19:41:50,Credit Card,80.64,0.12,9.68,6.6
INV-101008,A,Manchester,Member,Male,Fresh Produce,8.98,1,0.45,9.43,05/02/2025,18:46:24,Credit Card,8.98,0.09,0.81,7.6
INV-101009,D,Bradford,Member,Male,Personal Care,18.38,4,3.68,77.2,09/06/2025,11:45:15,Mobile Wallet,73.52,0.2,14.7,5.8
INV-101010,C,Leeds,Member,Female,Bakery,2.1,3,0.32,6.62,11/10/2025,14:38:53,Debit Card,6.3,0.1,0.63,7.1
INV-101011,D,Bradford,Member,Female,Fresh Produce,10.01,8,4.0,84.08,08/07/2025,13:59:56,Debit Card,80.08,0.09,7.21,6.4
INV-101012,B,Salford,Member,Male,Personal Care,6.62,1,0.33,6.95,16/10/2025,19:56:42,Cash,6.62,0.2,1.32,5.9
INV-101013,C,Leeds,Member,Female,Baby Products,16.51,1,0.83,17.34,26/08/2025,17:17:25,Cash,16.51,0.16,2.64,6.2
INV-101014,C,Leeds,Member,Male,Personal Care,17.23,3,2.58,54.27,11/04/2025,10:05:58,Debit Card,51.69,0.2,10.34,7.7
INV-101015,B,Salford,Member,Female,Frozen Foods,13.93,5,3.48,73.13,04/01/2025,15:38:09,Mobile Wallet,69.65,0.11,7.66,6.9
INV-101016,D,Bradford,Normal,Female,Household,16.47,1,0.82,17.29,30/04/2025,14:19:25,Debit Card,16.47,0.18,2.96,4.6
INV-101017,C,Leeds,Member,Female,Baby Products,38.89,7,13.61,285.84,21/06/2025,12:14:00,Cash,272.23,0.16,43.56,7.4
INV-101018,A,Manchester,Member,Male,Health & Wellness,16.3,1,0.82,17.12,07/06/2025,16:14:23,Debit Card,16.3,0.22,3.59,8.5
INV-101019,A,Manchester,Normal,Female,Frozen Foods,13.88,8,5.55,116.59,29/09/2025,11:16:49,Debit Card,111.04,0.11,12.21,6.3
INV-101020,B,Salford,Normal,Male,Personal Care,18.99,4,3.8,79.76,09/09/2025,14:36:36,Debit Card,75.96,0.2,15.19,6.5
INV-101021,A,Manchester,Normal,Female,Dairy & Eggs,2.88,3,0.43,9.07,31/12/2025,11:16:39,Mobile Wallet,8.64,0.08,0.69,6.2
INV-101022,C,Leeds,Member,Female,Personal Care,19.25,1,0.96,20.21,23/01/2025,18:47:30,Credit Card,19.25,0.2,3.85,5.4
INV-101023,B,Salford,Normal,Male,Household,4.21,8,1.68,35.36,25/12/2025,11:28:08,Debit Card,33.68,0.18,6.06,8.2
INV-101024,C,Leeds,Normal,Male,Baby Products,21.25,3,3.19,66.94,13/02/2025,09:44:23,Credit Card,63.75,0.16,10.2,7.6
INV-101025,A,Manchester,Normal,Female,Baby Products,33.48,9,15.07,316.39,23/11/2025,15:35:27,Credit Card,301.32,0.16,48.21,4.7
INV-101026,D,Bradford,Member,Female,Frozen Foods,13.52,9,6.08,127.76,31/10/2025,17:01:49,Debit Card,121.68,0.11,13.38,7.3
INV-101027,A,Manchester,Member,Male,Snacks,2.12,1,0.11,2.23,06/12/2025,12:18:15,Credit Card,2.12,0.15,0.32,7.4
INV-101028,B,Salford,Member,Female,Bakery,6.61,12,3.97,83.29,30/05/2025,19:02:57,Debit Card,79.32,0.1,7.93,6.6
INV-101029,C,Leeds,Member,Male,Baby Products,36.23,4,7.25,152.17,21/07/2025,17:07:08,Cash,144.92,0.16,23.19,7.5
INV-101030,C,Leeds,Member,Male,Frozen Foods,15.7,2,1.57,32.97,20/08/2025,19:38:46,Mobile Wallet,31.4,0.11,3.45,7.7
INV-101031,C,Leeds,Normal,Female,Baby Products,30.69,3,4.6,96.67,08/02/2025,15:49:20,Mobile Wallet,92.07,0.16,14.73,8.3
INV-101032,B,Salford,Normal,Female,Household,2.77,9,1.25,26.18,27/10/2025,18:07:06,Cash,24.93,0.18,4.49,6.2
INV-101033,A,Manchester,Normal,Female,Beverages,13.25,6,3.98,83.48,24/02/2025,13:42:40,Credit Card,79.5,0.12,9.54,5.4
INV-101034,B,Salford,Member,Male,Snacks,3.93,13,2.55,53.64,27/08/2025,14:15:05,Mobile Wallet,51.09,0.15,7.66,8.7
INV-101035,C,Leeds,Normal,Male,Health & Wellness,27.71,5,6.93,145.48,03/03/2025,11:51:30,Cash,138.55,0.22,30.48,7.6
INV-101036,C,Leeds,Member,Female,Dairy & Eggs,5.26,4,1.05,22.09,20/08/2025,12:34:38,Cash,21.04,0.08,1.68,7.3
INV-101037,C,Leeds,Member,Male,Bakery,1.57,7,0.55,11.54,16/05/2025,17:27:12,Debit Card,10.99,0.1,1.1,4.0
INV-101038,A,Manchester,Normal,Female,Bakery,10.18,6,3.05,64.13,22/03/2025,18:50:08,Mobile Wallet,61.08,0.1,6.11,6.7
INV-101039,C,Leeds,Member,Female,Personal Care,20.15,3,3.02,63.47,21/04/2025,19:25:13,Credit Card,60.45,0.2,12.09,6.0
INV-101040,C,Leeds,Member,Female,Beverages,12.23,5,3.06,64.21,16/02/2025,08:58:00,Cash,61.15,0.12,7.34,7.8
INV-101041,B,Salford,Normal,Male,Personal Care,16.19,7,5.67,119.0,22/07/2025,16:13:59,Cash,113.33,0.2,22.67,7.4
INV-101042,A,Manchester,Member,Male,Snacks,1.36,3,0.2,4.28,14/05/2025,21:31:15,Cash,4.08,0.15,0.61,6.6
INV-101043,B,Salford,Normal,Female,Personal Care,8.7,4,1.74,36.54,27/07/2025,12:35:26,Credit Card,34.8,0.2,6.96,6.0
INV-101044,D,Bradford,Normal,Female,Frozen Foods,2.19,6,0.66,13.8,18/02/2025,16:32:45,Credit Card,13.14,0.11,1.45,5.7
INV-101045,D,Bradford,Normal,Female,Fresh Produce,8.15,4,1.63,34.23,13/03/2025,11:56:57,Mobile Wallet,32.6,0.09,2.93,5.7
INV-101046,A,Manchester,Member,Female,Fresh Produce,3.17,7,1.11,23.3,01/02/2025,18:53:54,Debit Card,22.19,0.09,2.0,7.2
INV-101047,B,Salford,Member,Female,Bakery,1.15,2,0.11,2.41,12/04/2025,15:44:39,Credit Card,2.3,0.1,0.23,7.1
INV-101048,D,Bradford,Normal,Male,Baby Products,24.27,7,8.49,178.38,18/12/2025,14:44:12,Cash,169.89,0.16,27.18,6.4
INV-101049,A,Manchester,Member,Male,Frozen Foods,3.09,5,0.77,16.22,08/02/2025,12:51:39,Credit Card,15.45,0.11,1.7,5.7
INV-101050,A,Manchester,Normal,Female,Frozen Foods,18.01,3,2.7,56.73,12/04/2025,21:20:32,Mobile Wallet,54.03,0.11,5.94,6.2
INV-101051,D,Bradford,Member,Female,Snacks,5.59,6,1.68,35.22,17/02/2025,18:16:52,Debit Card,33.54,0.15,5.03,5.7
INV-101052,C,Leeds,Member,Female,Personal Care,8.2,2,0.82,17.22,22/01/2025,17:41:38,Debit Card,16.4,0.2,3.28,5.5
INV-101053,D,Bradford,Normal,Female,Dairy & Eggs,2.7,3,0.41,8.51,28/03/2025,15:54:20,Cash,8.1,0.08,0.65,5.7
INV-101054,D,Bradford,Normal,Male,Household,12.33,1,0.62,12.95,12/09/2025,18:30:20,Credit Card,12.33,0.18,2.22,7.2
INV-101055,A,Manchester,Member,Male,Fresh Produce,6.36,5,1.59,33.39,16/12/2025,12:13:03,Cash,31.8,0.09,2.86,7.0
INV-101056,D,Bradford,Normal,Female,Dairy & Eggs,7.2,5,1.8,37.8,01/07/2025,18:42:39,Debit Card,36.0,0.08,2.88,6.8
INV-101057,B,Salford,Normal,Female,Household,10.17,1,0.51,10.68,21/05/2025,10:48:20,Mobile Wallet,10.17,0.18,1.83,4.0
INV-101058,C,Leeds,Member,Male,Baby Products,27.89,1,1.39,29.28,18/03/2025,18:28:40,Debit Card,27.89,0.16,4.46,7.6
INV-101059,A,Manchester,Member,Female,Household,4.8,4,0.96,20.16,28/11/2025,12:27:15,Credit Card,19.2,0.18,3.46,7.1
INV-101060,C,Leeds,Member,Male,Beverages,3.68,4,0.74,15.46,30/07/2025,13:52:17,Mobile Wallet,14.72,0.12,1.77,5.5
INV-101061,D,Bradford,Member,Female,Dairy & Eggs,5.88,9,2.65,55.57,14/02/2025,15:54:22,Credit Card,52.92,0.08,4.23,8.0
INV-101062,C,Leeds,Normal,Male,Health & Wellness,19.03,5,4.76,99.91,12/03/2025,08:03:23,Mobile Wallet,95.15,0.22,20.93,7.0
INV-101063,D,Bradford,Member,Female,Frozen Foods,2.76,4,0.55,11.59,26/11/2025,08:52:30,Credit Card,11.04,0.11,1.21,7.4
INV-101064,B,Salford,Normal,Female,Baby Products,38.18,3,5.73,120.27,15/07/2025,10:55:56,Debit Card,114.54,0.16,18.33,6.2
INV-101065,C,Leeds,Member,Male,Frozen Foods,17.53,2,1.75,36.81,06/10/2025,20:11:25,Credit Card,35.06,0.11,3.86,5.8
INV-101066,D,Bradford,Member,Male,Frozen Foods,3.03,9,1.36,28.63,17/10/2025,21:17:51,Debit Card,27.27,0.11,3.0,7.4
INV-101067,C,Leeds,Member,Male,Baby Products,13.92,5,3.48,73.08,19/05/2025,12:32:37,Debit Card,69.6,0.16,11.14,7.3
INV-101068,B,Salford,Member,Female,Bakery,8.87,7,3.1,65.19,13/06/2025,16:46:25,Credit Card,62.09,0.1,6.21,6.6
INV-101069,B,Salford,Member,Female,Health & Wellness,20.36,3,3.05,64.13,24/05/2025,10:59:57,Credit Card,61.08,0.22,13.44,8.3
INV-101070,A,Manchester,Member,Male,Bakery,10.23,4,2.05,42.97,29/09/2025,15:03:51,Cash,40.92,0.1,4.09,6.4
INV-101071,C,Leeds,Normal,Female,Bakery,9.57,1,0.48,10.05,23/03/2025,20:13:09,Mobile Wallet,9.57,0.1,0.96,6.3
INV-101072,A,Manchester,Member,Female,Household,8.81,8,3.52,74.0,03/12/2025,11:03:54,Mobile Wallet,70.48,0.18,12.69,6.1
INV-101073,B,Salford,Normal,Male,Bakery,2.32,1,0.12,2.44,01/10/2025,12:14:16,Debit Card,2.32,0.1,0.23,5.9
INV-101074,A,Manchester,Member,Female,Bakery,4.07,1,0.2,4.27,22/10/2025,12:43:41,Credit Card,4.07,0.1,0.41,5.4
INV-101075,D,Bradford,Member,Male,Baby Products,4.0,3,0.6,12.6,30/03/2025,20:11:34,Cash,12.0,0.16,1.92,7.9
INV-101076,B,Salford,Member,Female,Health & Wellness,29.8,2,2.98,62.58,31/10/2025,13:36:12,Credit Card,59.6,0.22,13.11,6.8
INV-101077,C,Leeds,Member,Male,Personal Care,16.33,4,3.27,68.59,30/10/2025,19:34:41,Debit Card,65.32,0.2,13.06,8.6
INV-101078,A,Manchester,Normal,Male,Household,13.51,6,4.05,85.11,18/10/2025,15:16:23,Mobile Wallet,81.06,0.18,14.59,5.9
INV-101079,B,Salford,Member,Female,Bakery,4.68,2,0.47,9.83,10/09/2025,13:12:26,Credit Card,9.36,0.1,0.94,7.5
INV-101080,C,Leeds,Normal,Female,Personal Care,12.2,3,1.83,38.43,09/09/2025,14:56:42,Mobile Wallet,36.6,0.2,7.32,6.9
INV-101081,A,Manchester,Normal,Female,Household,8.23,2,0.82,17.28,29/01/2025,09:56:51,Debit Card,16.46,0.18,2.96,5.7
INV-101082,B,Salford,Normal,Female,Frozen Foods,3.47,2,0.35,7.29,11/01/2025,12:53:16,Debit Card,6.94,0.11,0.76,5.9
INV-101083,D,Bradford,Member,Female,Health & Wellness,16.48,6,4.94,103.82,19/06/2025,18:30:56,Cash,98.88,0.22,21.75,7.3
INV-101084,B,Salford,Member,Female,Snacks,0.99,1,0.05,1.04,24/06/2025,16:46:20,Credit Card,0.99,0.15,0.15,6.9
INV-101085,B,Salford,Member,Male,Household,15.91,3,2.39,50.12,31/01/2025,13:13:43,Cash,47.73,0.18,8.59,8.1
INV-101086,A,Manchester,Member,Female,Beverages,5.59,3,0.84,17.61,28/10/2025,15:22:52,Credit Card,16.77,0.12,2.01,6.8
INV-101087,B,Salford,Member,Female,Baby Products,36.61,1,1.83,38.44,27/09/2025,17:51:19,Cash,36.61,0.16,5.86,6.6
INV-101088,C,Leeds,Member,Female,Dairy & Eggs,4.68,4,0.94,19.66,11/07/2025,18:43:39,Cash,18.72,0.08,1.5,5.7
INV-101089,D,Bradford,Member,Female,Personal Care,21.5,4,4.3,90.3,22/06/2025,09:59:15,Debit Card,86.0,0.2,17.2,6.5
INV-101090,C,Leeds,Member,Male,Household,18.61,3,2.79,58.62,11/03/2025,17:52:46,Debit Card,55.83,0.18,10.05,7.9
INV-101091,B,Salford,Member,Male,Personal Care,28.09,1,1.4,29.49,24/11/2025,19:09:15,Cash,28.09,0.2,5.62,4.7
INV-101092,D,Bradford,Normal,Male,Snacks,5.27,6,1.58,33.2,31/03/2025,17:37:17,Cash,31.62,0.15,4.74,9.3
INV-101093,C,Leeds,Normal,Female,Fresh Produce,5.21,3,0.78,16.41,07/12/2025,08:01:35,Debit Card,15.63,0.09,1.41,6.7
INV-101094,B,Salford,Normal,Male,Bakery,6.0,13,3.9,81.9,07/06/2025,10:48:21,Debit Card,78.0,0.1,7.8,5.3
INV-101095,C,Leeds,Normal,Female,Personal Care,6.79,1,0.34,7.13,01/04/2025,16:06:58,Debit Card,6.79,0.2,1.36,6.6
INV-101096,A,Manchester,Normal,Male,Personal Care,21.23,8,8.49,178.33,18/10/2025,19:07:02,Debit Card,169.84,0.2,33.97,8.5
INV-101097,A,Manchester,Normal,Female,Dairy & Eggs,1.22,10,0.61,12.81,05/11/2025,10:41:46,Cash,12.2,0.08,0.98,6.1
INV-101098,C,Leeds,Member,Female,Fresh Produce,12.35,10,6.18,129.68,24/11/2025,16:43:57,Mobile Wallet,123.5,0.09,11.12,5.0
INV-101099,A,Manchester,Member,Male,Dairy & Eggs,2.36,8,0.94,19.82,14/03/2025,16:40:07,Credit Card,18.88,0.08,1.51,5.4
INV-101100,C,Leeds,Member,Female,Household,12.53,3,1.88,39.47,02/05/2025,14:03:19,Cash,37.59,0.18,6.77,7.5
INV-101101,C,Leeds,Normal,Male,Personal Care,4.48,2,0.45,9.41,27/03/2025,12:55:13,Credit Card,8.96,0.2,1.79,4.0
INV-101102,A,Manchester,Normal,Male,Personal Care,23.71,2,2.37,49.79,17/08/2025,16:12:18,Mobile Wallet,47.42,0.2,9.48,7.2
INV-101103,A,Manchester,Member,Male,Fresh Produce,0.92,5,0.23,4.83,18/04/2025,14:42:11,Mobile Wallet,4.6,0.09,0.41,8.2
INV-101104,B,Salford,Member,Female,Household,6.25,6,1.88,39.38,29/06/2025,17:39:07,Debit Card,37.5,0.18,6.75,6.5
INV-101105,C,Leeds,Member,Female,Beverages,5.97,10,2.99,62.69,01/01/2025,13:54:50,Mobile Wallet,59.7,0.12,7.16,7.9
INV-101106,A,Manchester,Normal,Male,Baby Products,27.83,2,2.78,58.44,13/08/2025,08:06:37,Mobile Wallet,55.66,0.16,8.91,5.4
INV-101107,D,Bradford,Normal,Female,Frozen Foods,5.07,4,1.01,21.29,31/07/2025,12:58:08,Debit Card,20.28,0.11,2.23,5.1
INV-101108,D,Bradford,Normal,Male,Frozen Foods,10.76,7,3.77,79.09,29/06/2025,18:37:21,Debit Card,75.32,0.11,8.29,4.7
INV-101109,D,Bradford,Member,Female,Beverages,2.95,8,1.18,24.78,03/09/2025,17:07:27,Debit Card,23.6,0.12,2.83,7.5
INV-101110,B,Salford,Member,Female,Health & Wellness,25.44,5,6.36,133.56,20/08/2025,08:59:30,Debit Card,127.2,0.22,27.98,7.6
INV-101111,A,Manchester,Normal,Female,Fresh Produce,6.29,6,1.89,39.63,31/05/2025,16:27:15,Debit Card,37.74,0.09,3.4,6.4
INV-101112,A,Manchester,Member,Male,Frozen Foods,4.48,12,2.69,56.45,14/05/2025,20:36:49,Cash,53.76,0.11,5.91,8.9
INV-101113,A,Manchester,Member,Female,Dairy & Eggs,5.52,5,1.38,28.98,25/06/2025,11:04:22,Credit Card,27.6,0.08,2.21,7.2
INV-101114,B,Salford,Normal,Male,Personal Care,10.54,1,0.53,11.07,24/03/2025,12:26:05,Cash,10.54,0.2,2.11,6.5
INV-101115,A,Manchester,Member,Female,Bakery,2.26,4,0.45,9.49,23/06/2025,19:33:03,Cash,9.04,0.1,0.9,6.4
INV-101116,D,Bradford,Normal,Female,Household,4.97,1,0.25,5.22,09/08/2025,12:18:08,Credit Card,4.97,0.18,0.89,6.4
INV-101117,B,Salford,Member,Male,Snacks,5.63,7,1.97,41.38,22/03/2025,11:07:20,Credit Card,39.41,0.15,5.91,6.5
INV-101118,A,Manchester,Normal,Female,Dairy & Eggs,4.4,6,1.32,27.72,19/06/2025,15:27:35,Debit Card,26.4,0.08,2.11,5.9
INV-101119,B,Salford,Normal,Female,Personal Care,16.31,10,8.15,171.25,29/07/2025,12:45:22,Mobile Wallet,163.1,0.2,32.62,6.2
INV-101120,C,Leeds,Normal,Male,Frozen Foods,15.47,8,6.19,129.95,02/06/2025,12:05:01,Debit Card,123.76,0.11,13.61,6.7
INV-101121,B,Salford,Member,Female,Dairy & Eggs,2.81,5,0.7,14.75,26/01/2025,17:23:06,Cash,14.05,0.08,1.12,6.6
INV-101122,D,Bradford,Normal,Male,Household,3.21,10,1.61,33.71,20/03/2025,18:44:49,Debit Card,32.1,0.18,5.78,6.0
INV-101123,A,Manchester,Normal,Male,Health & Wellness,16.21,11,8.92,187.23,02/01/2025,16:59:17,Credit Card,178.31,0.22,39.23,8.4
INV-101124,D,Bradford,Member,Female,Baby Products,27.81,4,5.56,116.8,31/05/2025,13:58:22,Mobile Wallet,111.24,0.16,17.8,8.6
INV-101125,D,Bradford,Member,Female,Bakery,1.96,2,0.2,4.12,19/02/2025,20:44:00,Credit Card,3.92,0.1,0.39,7.1
INV-101126,A,Manchester,Member,Female,Health & Wellness,27.51,10,13.76,288.86,29/03/2025,16:02:47,Debit Card,275.1,0.22,60.52,6.6
INV-101127,C,Leeds,Normal,Female,Bakery,7.06,4,1.41,29.65,31/08/2025,14:29:48,Credit Card,28.24,0.1,2.82,4.4
INV-101128,A,Manchester,Normal,Male,Fresh Produce,12.14,7,4.25,89.23,23/07/2025,17:54:19,Debit Card,84.98,0.09,7.65,6.7
INV-101129,D,Bradford,Normal,Male,Beverages,4.58,6,1.37,28.85,05/12/2025,15:47:28,Debit Card,27.48,0.12,3.3,4.8
INV-101130,C,Leeds,Member,Female,Personal Care,12.42,2,1.24,26.08,25/11/2025,15:23:37,Mobile Wallet,24.84,0.2,4.97,5.2
INV-101131,D,Bradford,Member,Female,Dairy & Eggs,4.84,5,1.21,25.41,09/07/2025,11:32:03,Debit Card,24.2,0.08,1.94,5.8
INV-101132,D,Bradford,Member,Male,Baby Products,11.0,2,1.1,23.1,06/04/2025,16:05:17,Credit Card,22.0,0.16,3.52,6.7
INV-101133,D,Bradford,Member,Female,Bakery,7.96,8,3.18,66.86,15/05/2025,13:52:35,Cash,63.68,0.1,6.37,7.3
INV-101134,D,Bradford,Member,Male,Frozen Foods,1.9,8,0.76,15.96,15/05/2025,16:36:25,Debit Card,15.2,0.11,1.67,7.7
INV-101135,B,Salford,Member,Male,Bakery,4.91,3,0.74,15.47,16/10/2025,17:33:08,Cash,14.73,0.1,1.47,6.9
INV-101136,A,Manchester,Normal,Female,Bakery,3.61,3,0.54,11.37,23/12/2025,19:03:35,Mobile Wallet,10.83,0.1,1.08,7.9
INV-101137,A,Manchester,Member,Female,Snacks,1.26,7,0.44,9.26,09/12/2025,17:32:09,Mobile Wallet,8.82,0.15,1.32,7.1
INV-101138,C,Leeds,Normal,Male,Household,4.86,9,2.19,45.93,29/10/2025,14:45:49,Debit Card,43.74,0.18,7.87,7.1
INV-101139,B,Salford,Member,Female,Snacks,6.37,11,3.5,73.57,18/07/2025,14:31:10,Cash,70.07,0.15,10.51,7.2
INV-101140,D,Bradford,Member,Male,Personal Care,11.76,2,1.18,24.7,21/10/2025,17:41:34,Debit Card,23.52,0.2,4.7,5.0
INV-101141,B,Salford,Normal,Male,Bakery,5.9,4,1.18,24.78,03/06/2025,13:24:41,Credit Card,23.6,0.1,2.36,5.5
INV-101142,A,Manchester,Member,Male,Beverages,14.36,5,3.59,75.39,18/01/2025,14:05:19,Debit Card,71.8,0.12,8.62,6.9
INV-101143,B,Salford,Normal,Female,Dairy & Eggs,6.28,6,1.88,39.56,18/08/2025,15:17:30,Debit Card,37.68,0.08,3.01,5.6
INV-101144,B,Salford,Member,Female,Frozen Foods,4.84,4,0.97,20.33,19/04/2025,17:30:46,Cash,19.36,0.11,2.13,7.9
INV-101145,B,Salford,Member,Female,Beverages,5.69,13,3.7,77.67,22/01/2025,12:28:14,Credit Card,73.97,0.12,8.88,5.9
INV-101146,D,Bradford,Member,Female,Baby Products,28.51,7,9.98,209.55,16/12/2025,13:04:04,Cash,199.57,0.16,31.93,6.3
INV-101147,D,Bradford,Member,Female,Frozen Foods,14.91,3,2.24,46.97,18/11/2025,18:03:35,Cash,44.73,0.11,4.92,5.9
INV-101148,B,Salford,Normal,Male,Fresh Produce,1.14,1,0.06,1.2,13/06/2025,20:47:56,Credit Card,1.14,0.09,0.1,7.9
INV-101149,A,Manchester,Member,Female,Beverages,13.56,12,8.14,170.86,18/07/2025,16:15:14,Debit Card,162.72,0.12,19.53,8.7
INV-101150,D,Bradford,Normal,Male,Frozen Foods,15.15,9,6.82,143.17,22/05/2025,10:35:32,Mobile Wallet,136.35,0.11,15.0,8.1
INV-101151,D,Bradford,Member,Female,Frozen Foods,4.75,8,1.9,39.9,25/12/2025,19:06:42,Debit Card,38.0,0.11,4.18,6.7
INV-101152,D,Bradford,Member,Female,Frozen Foods,7.32,7,2.56,53.8,01/08/2025,16:52:42,Credit Card,51.24,0.11,5.64,6.4
INV-101153,B,Salford,Normal,Female,Beverages,3.74,10,1.87,39.27,18/10/2025,15:26:53,Debit Card,37.4,0.12,4.49,7.9
INV-101154,A,Manchester,Normal,Female,Snacks,5.9,2,0.59,12.39,16/10/2025,14:46:47,Mobile Wallet,11.8,0.15,1.77,6.8
INV-101155,A,Manchester,Member,Male,Frozen Foods,5.28,7,1.85,38.81,02/10/2025,13:45:42,Mobile Wallet,36.96,0.11,4.07,7.9
INV-101156,C,Leeds,Normal,Male,Health & Wellness,17.75,3,2.66,55.91,16/05/2025,16:31:00,Credit Card,53.25,0.22,11.71,5.5
INV-101157,D,Bradford,Member,Male,Baby Products,11.61,7,4.06,85.33,20/10/2025,17:08:59,Credit Card,81.27,0.16,13.0,5.0
INV-101158,D,Bradford,Normal,Female,Snacks,5.34,7,1.87,39.25,30/03/2025,19:37:20,Debit Card,37.38,0.15,5.61,5.7
INV-101159,C,Leeds,Member,Male,Dairy & Eggs,6.51,8,2.6,54.68,15/03/2025,18:39:41,Debit Card,52.08,0.08,4.17,5.8
INV-101160,D,Bradford,Member,Female,Personal Care,13.43,5,3.36,70.51,22/07/2025,20:44:35,Debit Card,67.15,0.2,13.43,6.4
INV-101161,C,Leeds,Normal,Female,Bakery,6.64,3,1.0,20.92,26/01/2025,16:30:22,Cash,19.92,0.1,1.99,6.7
INV-101162,D,Bradford,Member,Male,Personal Care,10.77,1,0.54,11.31,10/07/2025,15:23:22,Cash,10.77,0.2,2.15,7.5
INV-101163,A,Manchester,Member,Male,Baby Products,5.0,1,0.25,5.25,05/06/2025,10:22:37,Credit Card,5.0,0.16,0.8,5.0
INV-101164,C,Leeds,Member,Male,Snacks,4.44,7,1.55,32.63,09/09/2025,15:28:12,Cash,31.08,0.15,4.66,5.3
INV-101165,A,Manchester,Member,Female,Household,21.76,4,4.35,91.39,10/03/2025,14:29:24,Debit Card,87.04,0.18,15.67,7.6
INV-101166,C,Leeds,Normal,Male,Frozen Foods,16.03,5,4.01,84.16,14/06/2025,19:38:42,Mobile Wallet,80.15,0.11,8.82,5.4
INV-101167,C,Leeds,Member,Male,Snacks,5.33,3,0.8,16.79,06/11/2025,17:45:05,Cash,15.99,0.15,2.4,7.9
INV-101168,A,Manchester,Member,Female,Household,24.11,1,1.21,25.32,15/08/2025,16:49:52,Debit Card,24.11,0.18,4.34,7.4
INV-101169,B,Salford,Normal,Male,Snacks,1.39,2,0.14,2.92,06/09/2025,13:24:30,Mobile Wallet,2.78,0.15,0.42,6.0
INV-101170,C,Leeds,Normal,Female,Fresh Produce,11.65,1,0.58,12.23,21/09/2025,15:03:03,Debit Card,11.65,0.09,1.05,4.8
INV-101171,B,Salford,Normal,Female,Beverages,5.07,9,2.28,47.91,09/06/2025,18:47:32,Credit Card,45.63,0.12,5.48,6.1
INV-101172,D,Bradford,Member,Female,Snacks,3.86,6,1.16,24.32,26/09/2025,10:17:44,Credit Card,23.16,0.15,3.47,8.2
INV-101173,A,Manchester,Member,Female,Health & Wellness,30.46,9,13.71,287.85,09/04/2025,08:06:51,Debit Card,274.14,0.22,60.31,8.3
INV-101174,B,Salford,Member,Female,Personal Care,16.83,3,2.52,53.01,08/05/2025,11:27:58,Debit Card,50.49,0.2,10.1,9.0
INV-101175,A,Manchester,Member,Male,Household,11.89,5,2.97,62.42,26/01/2025,20:45:11,Cash,59.45,0.18,10.7,8.7
INV-101176,C,Leeds,Member,Female,Snacks,1.55,1,0.08,1.63,21/05/2025,16:43:30,Cash,1.55,0.15,0.23,7.9
INV-101177,C,Leeds,Member,Male,Beverages,7.26,8,2.9,60.98,16/09/2025,14:41:12,Debit Card,58.08,0.12,6.97,6.3
INV-101178,D,Bradford,Normal,Female,Household,19.93,2,1.99,41.85,15/12/2025,15:43:27,Credit Card,39.86,0.18,7.17,6.1
INV-101179,A,Manchester,Normal,Female,Baby Products,42.25,3,6.34,133.09,10/07/2025,14:50:10,Mobile Wallet,126.75,0.16,20.28,5.6
INV-101180,D,Bradford,Normal,Male,Health & Wellness,3.88,5,0.97,20.37,01/04/2025,14:54:27,Credit Card,19.4,0.22,4.27,4.3
INV-101181,D,Bradford,Member,Male,Household,10.69,4,2.14,44.9,26/06/2025,10:00:02,Mobile Wallet,42.76,0.18,7.7,6.7
INV-101182,B,Salford,Member,Male,Dairy & Eggs,6.18,6,1.85,38.93,19/12/2025,11:29:41,Mobile Wallet,37.08,0.08,2.97,7.9
INV-101183,A,Manchester,Normal,Male,Personal Care,15.82,2,1.58,33.22,15/01/2025,17:25:32,Debit Card,31.64,0.2,6.33,8.2
INV-101184,D,Bradford,Member,Female,Beverages,7.41,9,3.33,70.02,25/03/2025,11:01:00,Credit Card,66.69,0.12,8.0,6.8
INV-101185,B,Salford,Member,Female,Dairy & Eggs,2.38,3,0.36,7.5,28/11/2025,20:15:05,Cash,7.14,0.08,0.57,6.4
INV-101186,B,Salford,Member,Female,Frozen Foods,4.07,5,1.02,21.37,18/05/2025,15:03:21,Cash,20.35,0.11,2.24,7.7
INV-101187,D,Bradford,Member,Female,Snacks,5.25,4,1.05,22.05,16/12/2025,14:57:20,Credit Card,21.0,0.15,3.15,8.2
INV-101188,A,Manchester,Member,Male,Personal Care,6.69,9,3.01,63.22,09/03/2025,18:53:33,Debit Card,60.21,0.2,12.04,4.3
INV-101189,B,Salford,Normal,Female,Beverages,7.83,3,1.17,24.66,25/04/2025,17:23:52,Debit Card,23.49,0.12,2.82,6.2
INV-101190,C,Leeds,Normal,Male,Fresh Produce,11.33,6,3.4,71.38,31/12/2025,11:23:38,Credit Card,67.98,0.09,6.12,4.8
INV-101191,C,Leeds,Member,Male,Health & Wellness,27.77,3,4.17,87.48,12/07/2025,16:21:16,Credit Card,83.31,0.22,18.33,6.3
INV-101192,C,Leeds,Member,Male,Personal Care,5.53,6,1.66,34.84,10/05/2025,17:22:09,Cash,33.18,0.2,6.64,6.7
INV-101193,B,Salford,Member,Male,Personal Care,6.9,6,2.07,43.47,04/06/2025,15:01:20,Cash,41.4,0.2,8.28,6.6
INV-101194,D,Bradford,Member,Female,Bakery,5.32,4,1.06,22.34,04/01/2025,13:07:11,Credit Card,21.28,0.1,2.13,5.9
INV-101195,C,Leeds,Member,Male,Baby Products,18.12,9,8.15,171.23,02/06/2025,20:05:20,Mobile Wallet,163.08,0.16,26.09,6.3
INV-101196,A,Manchester,Member,Male,Beverages,4.58,1,0.23,4.81,02/02/2025,18:44:43,Credit Card,4.58,0.12,0.55,7.5
INV-101197,C,Leeds,Normal,Male,Bakery,6.19,5,1.55,32.5,24/11/2025,14:35:55,Debit Card,30.95,0.1,3.1,5.5
INV-101198,C,Leeds,Member,Male,Household,11.56,3,1.73,36.41,14/05/2025,10:13:19,Debit Card,34.68,0.18,6.24,4.3
INV-101199,C,Leeds,Member,Female,Fresh Produce,9.96,11,5.48,115.04,18/03/2025,14:49:13,Credit Card,109.56,0.09,9.86,5.8
INV-101200,B,Salford,Member,Female,Bakery,10.3,4,2.06,43.26,04/11/2025,14:46:32,Cash,41.2,0.1,4.12,7.0
INV-101201,D,Bradford,Normal,Male,Snacks,6.7,11,3.69,77.39,15/12/2025,15:45:17,Mobile Wallet,73.7,0.15,11.05,5.2
INV-101202,B,Salford,Member,Female,Fresh Produce,4.17,2,0.42,8.76,02/12/2025,15:20:50,Debit Card,8.34,0.09,0.75,6.1
INV-101203,D,Bradford,Normal,Male,Baby Products,28.22,6,8.47,177.79,13/05/2025,21:23:39,Cash,169.32,0.16,27.09,6.0
INV-101204,D,Bradford,Member,Male,Snacks,1.29,4,0.26,5.42,18/07/2025,19:36:05,Credit Card,5.16,0.15,0.77,8.6
INV-101205,A,Manchester,Member,Female,Health & Wellness,14.58,5,3.65,76.55,25/06/2025,09:43:30,Cash,72.9,0.22,16.04,6.4
INV-101206,B,Salford,Normal,Male,Baby Products,18.74,5,4.69,98.39,10/12/2025,20:11:36,Debit Card,93.7,0.16,14.99,5.1
INV-101207,C,Leeds,Normal,Male,Bakery,2.93,2,0.29,6.15,29/03/2025,21:15:08,Credit Card,5.86,0.1,0.59,8.0
INV-101208,B,Salford,Member,Male,Health & Wellness,3.0,6,0.9,18.9,19/02/2025,18:10:10,Debit Card,18.0,0.22,3.96,5.8
INV-101209,D,Bradford,Member,Female,Fresh Produce,4.36,2,0.44,9.16,13/05/2025,18:30:17,Credit Card,8.72,0.09,0.78,7.7
INV-101210,B,Salford,Member,Male,Household,3.6,3,0.54,11.34,02/12/2025,20:08:57,Cash,10.8,0.18,1.94,6.3
INV-101211,A,Manchester,Member,Female,Health & Wellness,6.58,2,0.66,13.82,01/07/2025,08:08:19,Debit Card,13.16,0.22,2.9,6.8
INV-101212,B,Salford,Member,Male,Dairy & Eggs,1.36,4,0.27,5.71,04/08/2025,19:59:56,Debit Card,5.44,0.08,0.44,5.8
INV-101213,C,Leeds,Member,Male,Health & Wellness,9.21,1,0.46,9.67,14/05/2025,16:09:34,Debit Card,9.21,0.22,2.03,6.5
INV-101214,C,Leeds,Normal,Male,Baby Products,24.87,1,1.24,26.11,02/03/2025,17:17:07,Credit Card,24.87,0.16,3.98,6.1
INV-101215,D,Bradford,Normal,Female,Household,15.03,4,3.01,63.13,21/11/2025,14:31:28,Credit Card,60.12,0.18,10.82,6.1
INV-101216,A,Manchester,Normal,Male,Snacks,1.79,5,0.45,9.4,10/04/2025,15:43:56,Debit Card,8.95,0.15,1.34,7.4
INV-101217,A,Manchester,Member,Male,Household,17.51,5,4.38,91.93,29/09/2025,09:12:00,Mobile Wallet,87.55,0.18,15.76,8.4
INV-101218,C,Leeds,Normal,Male,Health & Wellness,25.05,7,8.77,184.12,28/01/2025,21:51:41,Mobile Wallet,175.35,0.22,38.58,6.0
INV-101219,B,Salford,Member,Female,Fresh Produce,1.77,6,0.53,11.15,13/04/2025,09:08:21,Cash,10.62,0.09,0.96,7.3
INV-101220,C,Leeds,Member,Male,Household,18.47,10,9.23,193.93,19/10/2025,15:44:54,Mobile Wallet,184.7,0.18,33.25,7.3
INV-101221,D,Bradford,Member,Female,Health & Wellness,24.47,11,13.46,282.63,11/06/2025,17:36:07,Debit Card,269.17,0.22,59.22,6.5
INV-101222,B,Salford,Member,Female,Personal Care,19.87,2,1.99,41.73,07/09/2025,16:21:01,Debit Card,39.74,0.2,7.95,6.9
INV-101223,C,Leeds,Member,Female,Fresh Produce,9.38,5,2.35,49.25,10/06/2025,16:21:04,Mobile Wallet,46.9,0.09,4.22,5.2
INV-101224,A,Manchester,Member,Female,Bakery,7.93,9,3.57,74.94,20/08/2025,12:22:47,Debit Card,71.37,0.1,7.14,6.3
INV-101225,C,Leeds,Normal,Female,Dairy & Eggs,5.99,2,0.6,12.58,28/03/2025,17:27:40,Debit Card,11.98,0.08,0.96,6.7
INV-101226,B,Salford,Member,Male,Beverages,6.49,5,1.62,34.07,15/02/2025,20:31:37,Credit Card,32.45,0.12,3.89,8.2
INV-101227,B,Salford,Member,Male,Household,22.86,1,1.14,24.0,21/11/2025,15:33:13,Debit Card,22.86,0.18,4.11,9.0
INV-101228,D,Bradford,Member,Male,Fresh Produce,4.95,9,2.23,46.78,08/08/2025,16:48:39,Credit Card,44.55,0.09,4.01,9.4
INV-101229,D,Bradford,Member,Male,Dairy & Eggs,7.37,8,2.95,61.91,03/01/2025,19:32:38,Mobile Wallet,58.96,0.08,4.72,7.3
INV-101230,A,Manchester,Member,Female,Household,23.68,3,3.55,74.59,11/07/2025,16:15:38,Debit Card,71.04,0.18,12.79,7.5
INV-101231,A,Manchester,Member,Male,Personal Care,22.53,1,1.13,23.66,29/09/2025,14:03:53,Cash,22.53,0.2,4.51,8.0
INV-101232,B,Salford,Normal,Female,Dairy & Eggs,4.62,5,1.16,24.26,13/12/2025,14:19:41,Debit Card,23.1,0.08,1.85,6.1
INV-101233,A,Manchester,Normal,Female,Household,16.43,2,1.64,34.5,26/04/2025,16:05:09,Debit Card,32.86,0.18,5.91,5.5
INV-101234,C,Leeds,Member,Male,Snacks,2.62,7,0.92,19.26,08/03/2025,12:45:04,Debit Card,18.34,0.15,2.75,7.6
INV-101235,A,Manchester,Normal,Male,Household,18.15,8,7.26,152.46,15/09/2025,14:21:30,Debit Card,145.2,0.18,26.14,4.5
INV-101236,C,Leeds,Normal,Female,Bakery,3.98,5,0.99,20.89,03/02/2025,20:18:53,Credit Card,19.9,0.1,1.99,4.5
INV-101237,A,Manchester,Member,Male,Household,11.96,3,1.79,37.67,29/05/2025,19:59:16,Debit Card,35.88,0.18,6.46,7.4
INV-101238,D,Bradford,Normal,Male,Personal Care,18.42,4,3.68,77.36,11/08/2025,17:31:35,Credit Card,73.68,0.2,14.74,6.9
INV-101239,B,Salford,Member,Male,Beverages,11.68,10,5.84,122.64,08/09/2025,20:58:33,Debit Card,116.8,0.12,14.02,6.8
INV-101240,C,Leeds,Member,Female,Personal Care,2.12,2,0.21,4.45,26/03/2025,13:25:26,Cash,4.24,0.2,0.85,7.1
INV-101241,D,Bradford,Normal,Female,Health & Wellness,18.19,11,10.0,210.09,27/04/2025,20:25:27,Debit Card,200.09,0.22,44.02,7.4
INV-101242,B,Salford,Member,Female,Frozen Foods,6.37,6,1.91,40.13,19/04/2025,20:43:00,Cash,38.22,0.11,4.2,7.3
INV-101243,A,Manchester,Normal,Female,Personal Care,11.09,1,0.55,11.64,05/03/2025,19:12:19,Debit Card,11.09,0.2,2.22,4.8
INV-101244,C,Leeds,Normal,Female,Household,10.9,4,2.18,45.78,12/07/2025,15:47:53,Debit Card,43.6,0.18,7.85,4.4
INV-101245,C,Leeds,Member,Female,Household,15.23,2,1.52,31.98,01/11/2025,17:21:19,Cash,30.46,0.18,5.48,7.1
INV-101246,A,Manchester,Normal,Female,Dairy & Eggs,8.67,8,3.47,72.83,01/12/2025,12:05:13,Mobile Wallet,69.36,0.08,5.55,5.6
INV-101247,A,Manchester,Member,Female,Dairy & Eggs,4.86,1,0.24,5.1,20/12/2025,16:24:59,Mobile Wallet,4.86,0.08,0.39,6.7
INV-101248,A,Manchester,Normal,Male,Snacks,4.69,7,1.64,34.47,16/08/2025,18:16:15,Credit Card,32.83,0.15,4.92,5.8
INV-101249,D,Bradford,Member,Female,Health & Wellness,32.6,11,17.93,376.53,08/10/2025,13:48:48,Credit Card,358.6,0.22,78.89,6.2
INV-101250,C,Leeds,Member,Male,Dairy & Eggs,8.57,6,2.57,53.99,26/12/2025,14:53:19,Mobile Wallet,51.42,0.08,4.11,6.3
INV-101251,B,Salford,Member,Female,Bakery,7.58,4,1.52,31.84,22/12/2025,13:14:58,Debit Card,30.32,0.1,3.03,5.8
INV-101252,A,Manchester,Normal,Male,Dairy & Eggs,2.47,2,0.25,5.19,04/08/2025,10:39:27,Debit Card,4.94,0.08,0.4,7.0
INV-101253,A,Manchester,Member,Male,Personal Care,25.24,1,1.26,26.5,15/11/2025,15:17:55,Debit Card,25.24,0.2,5.05,7.6
INV-101254,B,Salford,Normal,Male,Beverages,2.41,6,0.72,15.18,23/02/2025,19:45:55,Debit Card,14.46,0.12,1.74,6.2
INV-101255,A,Manchester,Member,Male,Personal Care,23.92,3,3.59,75.35,28/02/2025,18:59:49,Debit Card,71.76,0.2,14.35,6.3
INV-101256,A,Manchester,Member,Male,Health & Wellness,31.85,4,6.37,133.77,12/04/2025,15:47:51,Cash,127.4,0.22,28.03,10.0
INV-101257,B,Salford,Member,Male,Snacks,1.91,10,0.96,20.06,25/09/2025,16:38:17,Mobile Wallet,19.1,0.15,2.87,6.2
INV-101258,B,Salford,Member,Male,Snacks,6.78,2,0.68,14.24,27/12/2025,14:07:21,Credit Card,13.56,0.15,2.03,6.5
INV-101259,D,Bradford,Member,Male,Snacks,2.89,9,1.3,27.31,24/03/2025,17:10:39,Debit Card,26.01,0.15,3.9,6.7
INV-101260,A,Manchester,Member,Male,Dairy & Eggs,6.1,4,1.22,25.62,17/04/2025,14:39:38,Credit Card,24.4,0.08,1.95,8.3
INV-101261,D,Bradford,Normal,Male,Health & Wellness,6.99,5,1.75,36.7,01/05/2025,08:07:51,Credit Card,34.95,0.22,7.69,6.6
INV-101262,A,Manchester,Member,Female,Beverages,13.01,8,5.2,109.28,10/12/2025,12:50:42,Credit Card,104.08,0.12,12.49,6.2
INV-101263,A,Manchester,Member,Female,Frozen Foods,18.41,8,7.36,154.64,21/10/2025,18:20:51,Debit Card,147.28,0.11,16.2,5.8
INV-101264,D,Bradford,Normal,Female,Snacks,4.23,10,2.11,44.41,16/02/2025,21:28:37,Mobile Wallet,42.3,0.15,6.34,5.4
INV-101265,A,Manchester,Normal,Female,Household,8.5,2,0.85,17.85,12/05/2025,19:52:28,Mobile Wallet,17.0,0.18,3.06,6.6
INV-101266,B,Salford,Member,Male,Fresh Produce,10.33,2,1.03,21.69,01/06/2025,15:36:07,Credit Card,20.66,0.09,1.86,6.9
INV-101267,C,Leeds,Normal,Male,Bakery,3.92,3,0.59,12.35,26/01/2025,14:41:28,Cash,11.76,0.1,1.18,7.8
INV-101268,A,Manchester,Member,Female,Beverages,11.4,6,3.42,71.82,21/01/2025,18:26:12,Cash,68.4,0.12,8.21,7.3
INV-101269,C,Leeds,Normal,Male,Dairy & Eggs,8.28,1,0.41,8.69,13/12/2025,15:10:54,Debit Card,8.28,0.08,0.66,6.4
INV-101270,C,Leeds,Member,Male,Beverages,4.95,6,1.49,31.19,01/03/2025,20:19:34,Debit Card,29.7,0.12,3.56,6.8
INV-101271,A,Manchester,Normal,Female,Baby Products,32.95,6,9.88,207.58,05/01/2025,09:26:51,Debit Card,197.7,0.16,31.63,6.1
INV-101272,B,Salford,Member,Female,Frozen Foods,7.97,5,1.99,41.84,18/06/2025,14:16:25,Credit Card,39.85,0.11,4.38,6.8
INV-101273,C,Leeds,Member,Male,Snacks,0.94,6,0.28,5.92,15/11/2025,16:53:01,Mobile Wallet,5.64,0.15,0.85,6.1
INV-101274,C,Leeds,Normal,Female,Household,20.3,3,3.04,63.94,10/07/2025,19:31:10,Cash,60.9,0.18,10.96,6.2
INV-101275,C,Leeds,Normal,Female,Dairy & Eggs,5.7,1,0.29,5.99,28/02/2025,08:12:25,Cash,5.7,0.08,0.46,6.8
INV-101276,D,Bradford,Member,Male,Dairy & Eggs,2.99,11,1.64,34.53,22/08/2025,17:42:23,Cash,32.89,0.08,2.63,5.1
INV-101277,C,Leeds,Normal,Male,Household,11.79,8,4.72,99.04,20/12/2025,14:37:57,Credit Card,94.32,0.18,16.98,6.5
INV-101278,D,Bradford,Normal,Male,Baby Products,20.12,2,2.01,42.25,29/11/2025,19:29:59,Debit Card,40.24,0.16,6.44,5.5
INV-101279,B,Salford,Normal,Female,Health & Wellness,11.11,3,1.67,35.0,09/03/2025,19:37:57,Credit Card,33.33,0.22,7.33,6.6
INV-101280,A,Manchester,Member,Female,Health & Wellness,26.27,9,11.82,248.25,23/02/2025,15:25:07,Credit Card,236.43,0.22,52.01,5.0
INV-101281,D,Bradford,Member,Male,Household,7.65,7,2.68,56.23,19/10/2025,13:04:37,Debit Card,53.55,0.18,9.64,10.0
INV-101282,D,Bradford,Normal,Female,Personal Care,4.58,6,1.37,28.85,09/11/2025,19:38:34,Mobile Wallet,27.48,0.2,5.5,7.8
INV-101283,D,Bradford,Member,Male,Snacks,5.69,2,0.57,11.95,10/11/2025,16:14:43,Mobile Wallet,11.38,0.15,1.71,6.6
INV-101284,A,Manchester,Normal,Female,Bakery,2.76,4,0.55,11.59,05/09/2025,18:16:34,Debit Card,11.04,0.1,1.1,5.3
INV-101285,D,Bradford,Normal,Female,Frozen Foods,1.83,9,0.82,17.29,30/07/2025,13:43:31,Cash,16.47,0.11,1.81,7.3
INV-101286,D,Bradford,Member,Female,Household,12.04,5,3.01,63.21,02/02/2025,10:09:50,Debit Card,60.2,0.18,10.84,9.4
INV-101287,C,Leeds,Member,Male,Personal Care,5.66,2,0.57,11.89,07/01/2025,12:33:10,Cash,11.32,0.2,2.26,6.8
INV-101288,B,Salford,Member,Male,Household,13.71,1,0.69,14.4,23/09/2025,19:38:19,Cash,13.71,0.18,2.47,5.7
INV-101289,A,Manchester,Member,Male,Baby Products,11.47,5,2.87,60.22,05/12/2025,13:34:35,Debit Card,57.35,0.16,9.18,6.1
INV-101290,B,Salford,Normal,Male,Frozen Foods,15.4,9,6.93,145.53,27/06/2025,19:49:03,Credit Card,138.6,0.11,15.25,6.1
INV-101291,D,Bradford,Member,Female,Health & Wellness,23.23,12,13.94,292.7,13/10/2025,18:58:38,Debit Card,278.76,0.22,61.33,7.0
INV-101292,A,Manchester,Member,Female,Beverages,6.68,8,2.67,56.11,26/11/2025,19:33:55,Debit Card,53.44,0.12,6.41,7.8
INV-101293,B,Salford,Member,Male,Personal Care,23.97,1,1.2,25.17,11/09/2025,16:50:44,Cash,23.97,0.2,4.79,5.9
INV-101294,B,Salford,Normal,Female,Baby Products,33.65,3,5.05,106.0,09/09/2025,14:40:44,Credit Card,100.95,0.16,16.15,7.4
INV-101295,C,Leeds,Member,Female,Health & Wellness,3.68,4,0.74,15.46,19/06/2025,20:39:32,Debit Card,14.72,0.22,3.24,10.0
INV-101296,C,Leeds,Member,Female,Bakery,5.6,4,1.12,23.52,17/09/2025,18:18:50,Mobile Wallet,22.4,0.1,2.24,7.9
INV-101297,B,Salford,Member,Male,Bakery,5.77,3,0.87,18.18,26/07/2025,17:28:54,Credit Card,17.31,0.1,1.73,6.7
INV-101298,B,Salford,Member,Female,Fresh Produce,11.03,1,0.55,11.58,24/08/2025,17:25:17,Mobile Wallet,11.03,0.09,0.99,6.3
INV-101299,D,Bradford,Normal,Male,Baby Products,21.22,4,4.24,89.12,15/02/2025,09:48:03,Credit Card,84.88,0.16,13.58,6.2
INV-101300,D,Bradford,Member,Male,Health & Wellness,20.16,1,1.01,21.17,11/06/2025,17:45:54,Debit Card,20.16,0.22,4.44,6.1
INV-101301,A,Manchester,Member,Male,Health & Wellness,24.69,2,2.47,51.85,01/12/2025,17:00:04,Credit Card,49.38,0.22,10.86,7.0
INV-101302,A,Manchester,Normal,Female,Snacks,5.55,7,1.94,40.79,26/07/2025,17:37:03,Debit Card,38.85,0.15,5.83,4.3
INV-101303,D,Bradford,Normal,Female,Bakery,4.76,6,1.43,29.99,13/10/2025,09:59:37,Mobile Wallet,28.56,0.1,2.86,5.1
INV-101304,A,Manchester,Normal,Female,Dairy & Eggs,1.64,5,0.41,8.61,06/11/2025,13:50:17,Credit Card,8.2,0.08,0.66,5.4
INV-101305,C,Leeds,Member,Female,Beverages,3.45,4,0.69,14.49,02/12/2025,17:20:22,Credit Card,13.8,0.12,1.66,9.7
INV-101306,D,Bradford,Member,Male,Bakery,2.45,3,0.37,7.72,06/07/2025,16:26:26,Credit Card,7.35,0.1,0.73,7.0
INV-101307,A,Manchester,Member,Female,Dairy & Eggs,1.28,5,0.32,6.72,21/08/2025,08:30:57,Credit Card,6.4,0.08,0.51,8.8
INV-101308,C,Leeds,Normal,Male,Snacks,0.86,7,0.3,6.32,03/12/2025,15:21:15,Mobile Wallet,6.02,0.15,0.9,5.9
INV-101309,C,Leeds,Member,Male,Dairy & Eggs,3.31,9,1.49,31.28,28/02/2025,21:45:43,Mobile Wallet,29.79,0.08,2.38,5.7
INV-101310,A,Manchester,Member,Female,Beverages,3.42,5,0.86,17.96,02/01/2025,08:51:44,Mobile Wallet,17.1,0.12,2.05,5.7
INV-101311,C,Leeds,Member,Male,Bakery,9.03,1,0.45,9.48,21/11/2025,17:34:57,Debit Card,9.03,0.1,0.9,6.7
INV-101312,C,Leeds,Member,Male,Snacks,0.67,3,0.1,2.11,26/12/2025,17:57:35,Credit Card,2.01,0.15,0.3,5.2
INV-101313,A,Manchester,Normal,Female,Fresh Produce,11.67,4,2.33,49.01,26/03/2025,17:13:53,Credit Card,46.68,0.09,4.2,6.7
INV-101314,D,Bradford,Normal,Female,Household,13.05,7,4.57,95.92,29/07/2025,14:42:27,Cash,91.35,0.18,16.44,7.5
INV-101315,A,Manchester,Normal,Male,Dairy & Eggs,2.62,3,0.39,8.25,09/11/2025,16:15:19,Credit Card,7.86,0.08,0.63,6.6
INV-101316,B,Salford,Normal,Female,Baby Products,15.07,6,4.52,94.94,03/03/2025,15:55:45,Cash,90.42,0.16,14.47,5.1
INV-101317,D,Bradford,Member,Female,Dairy & Eggs,3.57,11,1.96,41.23,23/08/2025,18:40:35,Credit Card,39.27,0.08,3.14,8.6
INV-101318,B,Salford,Member,Male,Fresh Produce,5.39,4,1.08,22.64,25/02/2025,16:21:17,Credit Card,21.56,0.09,1.94,6.6
INV-101319,D,Bradford,Member,Female,Frozen Foods,8.49,4,1.7,35.66,21/11/2025,19:59:36,Credit Card,33.96,0.11,3.74,8.9
INV-101320,A,Manchester,Normal,Male,Beverages,9.48,4,1.9,39.82,23/08/2025,19:57:09,Debit Card,37.92,0.12,4.55,6.5
INV-101321,B,Salford,Normal,Male,Health & Wellness,23.36,2,2.34,49.06,03/01/2025,14:06:47,Cash,46.72,0.22,10.28,8.5
INV-101322,A,Manchester,Member,Male,Personal Care,7.11,2,0.71,14.93,27/10/2025,18:18:19,Cash,14.22,0.2,2.84,7.4
INV-101323,D,Bradford,Normal,Female,Health & Wellness,35.69,2,3.57,74.95,21/12/2025,15:21:33,Debit Card,71.38,0.22,15.7,6.7
INV-101324,B,Salford,Member,Female,Fresh Produce,10.07,3,1.51,31.72,23/02/2025,09:01:01,Mobile Wallet,30.21,0.09,2.72,7.8
INV-101325,D,Bradford,Normal,Male,Personal Care,23.05,4,4.61,96.81,16/09/2025,14:25:35,Debit Card,92.2,0.2,18.44,6.0
INV-101326,D,Bradford,Member,Male,Fresh Produce,3.99,1,0.2,4.19,08/11/2025,19:45:33,Credit Card,3.99,0.09,0.36,6.2
INV-101327,B,Salford,Normal,Male,Household,8.67,10,4.33,91.03,23/07/2025,21:13:13,Debit Card,86.7,0.18,15.61,6.9
INV-101328,C,Leeds,Member,Male,Beverages,9.32,5,2.33,48.93,20/08/2025,13:41:19,Mobile Wallet,46.6,0.12,5.59,7.3
INV-101329,B,Salford,Member,Female,Personal Care,15.06,12,9.04,189.76,31/07/2025,09:33:59,Debit Card,180.72,0.2,36.14,7.7
INV-101330,C,Leeds,Member,Male,Dairy & Eggs,3.9,2,0.39,8.19,31/12/2025,15:50:16,Debit Card,7.8,0.08,0.62,6.4
INV-101331,B,Salford,Normal,Female,Baby Products,31.39,1,1.57,32.96,18/04/2025,08:59:38,Debit Card,31.39,0.16,5.02,6.1
INV-101332,C,Leeds,Member,Male,Frozen Foods,1.92,5,0.48,10.08,11/12/2025,16:28:15,Debit Card,9.6,0.11,1.06,7.4
INV-101333,B,Salford,Member,Female,Bakery,4.09,6,1.23,25.77,15/09/2025,14:39:44,Cash,24.54,0.1,2.45,5.9
INV-101334,C,Leeds,Member,Female,Household,15.68,1,0.78,16.46,30/06/2025,12:31:56,Mobile Wallet,15.68,0.18,2.82,8.6
INV-101335,D,Bradford,Member,Male,Bakery,3.11,1,0.16,3.27,12/12/2025,18:12:43,Credit Card,3.11,0.1,0.31,6.7
INV-101336,C,Leeds,Member,Male,Dairy & Eggs,4.29,10,2.15,45.05,07/01/2025,17:41:57,Debit Card,42.9,0.08,3.43,5.7
INV-101337,A,Manchester,Normal,Female,Frozen Foods,14.8,7,5.18,108.78,15/07/2025,17:53:38,Credit Card,103.6,0.11,11.4,7.8
INV-101338,B,Salford,Member,Female,Frozen Foods,3.51,4,0.7,14.74,10/12/2025,10:09:46,Mobile Wallet,14.04,0.11,1.54,6.1
INV-101339,A,Manchester,Normal,Female,Dairy & Eggs,6.82,3,1.02,21.48,17/05/2025,13:36:21,Credit Card,20.46,0.08,1.64,4.8
INV-101340,B,Salford,Normal,Male,Bakery,2.72,6,0.82,17.14,16/12/2025,17:03:17,Debit Card,16.32,0.1,1.63,5.4
INV-101341,C,Leeds,Normal,Female,Baby Products,21.13,1,1.06,22.19,01/02/2025,19:52:18,Mobile Wallet,21.13,0.16,3.38,6.3
INV-101342,C,Leeds,Member,Female,Frozen Foods,2.44,12,1.46,30.74,05/10/2025,18:08:46,Debit Card,29.28,0.11,3.22,4.6
INV-101343,A,Manchester,Normal,Male,Personal Care,24.33,4,4.87,102.19,20/08/2025,13:29:21,Mobile Wallet,97.32,0.2,19.46,8.0
INV-101344,A,Manchester,Normal,Female,Household,18.64,6,5.59,117.43,28/11/2025,17:40:13,Mobile Wallet,111.84,0.18,20.13,7.9
INV-101345,D,Bradford,Member,Female,Frozen Foods,12.53,2,1.25,26.31,19/09/2025,16:33:55,Debit Card,25.06,0.11,2.76,7.5
INV-101346,C,Leeds,Member,Female,Health & Wellness,25.49,3,3.82,80.29,15/07/2025,12:17:44,Debit Card,76.47,0.22,16.82,7.8
INV-101347,D,Bradford,Member,Male,Dairy & Eggs,5.7,5,1.43,29.93,17/12/2025,20:20:02,Credit Card,28.5,0.08,2.28,7.4
INV-101348,C,Leeds,Member,Female,Bakery,1.81,10,0.91,19.01,07/01/2025,10:51:37,Credit Card,18.1,0.1,1.81,7.3
INV-101349,C,Leeds,Normal,Female,Bakery,7.47,2,0.75,15.69,14/11/2025,13:44:29,Debit Card,14.94,0.1,1.49,9.2
INV-101350,D,Bradford,Normal,Female,Bakery,4.52,5,1.13,23.73,21/11/2025,10:17:18,Cash,22.6,0.1,2.26,7.1
INV-101351,C,Leeds,Normal,Female,Beverages,9.22,5,2.31,48.41,10/04/2025,14:36:10,Debit Card,46.1,0.12,5.53,8.8
INV-101352,C,Leeds,Member,Male,Personal Care,8.59,2,0.86,18.04,01/04/2025,16:09:06,Debit Card,17.18,0.2,3.44,7.2
INV-101353,A,Manchester,Member,Female,Dairy & Eggs,5.47,3,0.82,17.23,30/03/2025,18:48:49,Cash,16.41,0.08,1.31,6.0
INV-101354,A,Manchester,Normal,Male,Baby Products,33.91,2,3.39,71.21,21/01/2025,09:02:07,Credit Card,67.82,0.16,10.85,4.8
INV-101355,D,Bradford,Normal,Male,Dairy & Eggs,6.96,2,0.7,14.62,12/10/2025,08:41:52,Cash,13.92,0.08,1.11,8.5
INV-101356,C,Leeds,Normal,Female,Household,8.57,3,1.29,27.0,24/03/2025,10:34:57,Debit Card,25.71,0.18,4.63,7.2
INV-101357,C,Leeds,Member,Female,Health & Wellness,32.2,8,12.88,270.48,19/06/2025,17:45:33,Credit Card,257.6,0.22,56.67,6.1
INV-101358,D,Bradford,Normal,Female,Dairy & Eggs,3.47,7,1.21,25.5,21/01/2025,20:29:31,Mobile Wallet,24.29,0.08,1.94,7.0
INV-101359,B,Salford,Member,Male,Fresh Produce,12.9,2,1.29,27.09,02/11/2025,18:55:57,Debit Card,25.8,0.09,2.32,6.2
INV-101360,A,Manchester,Normal,Male,Beverages,5.55,8,2.22,46.62,09/09/2025,18:20:11,Credit Card,44.4,0.12,5.33,4.9
INV-101361,C,Leeds,Member,Female,Beverages,2.82,6,0.85,17.77,29/12/2025,18:50:26,Credit Card,16.92,0.12,2.03,5.7
INV-101362,C,Leeds,Normal,Female,Beverages,9.04,9,4.07,85.43,05/04/2025,18:36:18,Debit Card,81.36,0.12,9.76,6.6
INV-101363,A,Manchester,Normal,Female,Fresh Produce,8.34,3,1.25,26.27,01/08/2025,20:42:22,Cash,25.02,0.09,2.25,7.6
INV-101364,D,Bradford,Normal,Female,Bakery,10.01,1,0.5,10.51,28/06/2025,19:56:14,Credit Card,10.01,0.1,1.0,7.6
INV-101365,B,Salford,Member,Female,Baby Products,5.79,9,2.61,54.72,06/12/2025,17:48:59,Cash,52.11,0.16,8.34,6.6
INV-101366,C,Leeds,Normal,Male,Frozen Foods,11.27,2,1.13,23.67,04/07/2025,19:18:43,Debit Card,22.54,0.11,2.48,8.2
INV-101367,C,Leeds,Normal,Female,Snacks,4.7,5,1.18,24.68,13/11/2025,21:41:51,Cash,23.5,0.15,3.52,6.0
INV-101368,D,Bradford,Member,Female,Personal Care,21.82,4,4.36,91.64,28/02/2025,15:53:14,Credit Card,87.28,0.2,17.46,7.5
INV-101369,C,Leeds,Normal,Male,Fresh Produce,10.29,2,1.03,21.61,04/05/2025,15:32:22,Debit Card,20.58,0.09,1.85,5.9
INV-101370,B,Salford,Member,Female,Dairy & Eggs,6.81,7,2.38,50.05,16/12/2025,19:21:14,Cash,47.67,0.08,3.81,6.6
INV-101371,C,Leeds,Member,Male,Fresh Produce,3.61,9,1.62,34.11,28/02/2025,09:13:14,Credit Card,32.49,0.09,2.92,6.5
INV-101372,D,Bradford,Member,Male,Beverages,8.11,8,3.24,68.12,04/10/2025,10:34:12,Credit Card,64.88,0.12,7.79,7.3
INV-101373,C,Leeds,Member,Female,Snacks,2.8,10,1.4,29.4,22/09/2025,15:39:48,Debit Card,28.0,0.15,4.2,4.0
INV-101374,C,Leeds,Normal,Male,Health & Wellness,25.97,4,5.19,109.07,07/09/2025,16:23:51,Credit Card,103.88,0.22,22.85,6.4
INV-101375,A,Manchester,Member,Male,Beverages,5.46,10,2.73,57.33,30/11/2025,14:05:34,Debit Card,54.6,0.12,6.55,7.0
INV-101376,B,Salford,Member,Male,Bakery,6.77,1,0.34,7.11,21/09/2025,15:58:09,Mobile Wallet,6.77,0.1,0.68,5.8
INV-101377,A,Manchester,Normal,Female,Health & Wellness,21.12,6,6.34,133.06,27/03/2025,18:46:11,Credit Card,126.72,0.22,27.88,6.1
INV-101378,A,Manchester,Member,Female,Bakery,1.23,6,0.37,7.75,18/04/2025,14:57:13,Mobile Wallet,7.38,0.1,0.74,7.6
INV-101379,B,Salford,Member,Male,Bakery,9.35,10,4.67,98.17,23/02/2025,15:25:30,Credit Card,93.5,0.1,9.35,7.5
INV-101380,B,Salford,Normal,Male,Baby Products,36.54,1,1.83,38.37,28/11/2025,12:13:36,Cash,36.54,0.16,5.85,5.3
INV-101381,A,Manchester,Member,Female,Bakery,9.01,8,3.6,75.68,13/01/2025,16:43:46,Cash,72.08,0.1,7.21,7.3
INV-101382,D,Bradford,Member,Male,Frozen Foods,15.72,2,1.57,33.01,20/01/2025,17:47:22,Debit Card,31.44,0.11,3.46,7.8
INV-101383,A,Manchester,Normal,Female,Personal Care,10.33,5,2.58,54.23,28/01/2025,10:14:57,Credit Card,51.65,0.2,10.33,6.1
INV-101384,B,Salford,Normal,Male,Personal Care,6.91,3,1.04,21.77,13/10/2025,16:30:10,Debit Card,20.73,0.2,4.15,6.6
INV-101385,A,Manchester,Member,Female,Bakery,2.96,5,0.74,15.54,13/05/2025,14:23:07,Debit Card,14.8,0.1,1.48,7.1
INV-101386,D,Bradford,Member,Male,Baby Products,14.3,5,3.58,75.08,19/08/2025,11:47:03,Debit Card,71.5,0.16,11.44,5.9
INV-101387,D,Bradford,Member,Male,Beverages,11.35,9,5.11,107.26,11/06/2025,15:27:12,Credit Card,102.15,0.12,12.26,7.3
INV-101388,A,Manchester,Normal,Male,Fresh Produce,10.99,9,4.95,103.86,11/12/2025,18:24:28,Mobile Wallet,98.91,0.09,8.9,6.5
INV-101389,A,Manchester,Member,Female,Beverages,1.48,4,0.3,6.22,25/11/2025,13:48:16,Mobile Wallet,5.92,0.12,0.71,6.6
INV-101390,A,Manchester,Member,Female,Dairy & Eggs,4.76,4,0.95,19.99,25/12/2025,14:25:22,Cash,19.04,0.08,1.52,6.8
INV-101391,A,Manchester,Member,Male,Personal Care,25.1,2,2.51,52.71,15/09/2025,18:48:00,Credit Card,50.2,0.2,10.04,7.6
INV-101392,A,Manchester,Member,Male,Bakery,1.52,4,0.3,6.38,18/12/2025,16:34:05,Debit Card,6.08,0.1,0.61,7.5
INV-101393,C,Leeds,Member,Female,Bakery,6.87,2,0.69,14.43,25/05/2025,21:26:45,Credit Card,13.74,0.1,1.37,6.6
INV-101394,D,Bradford,Normal,Male,Fresh Produce,11.76,12,7.06,148.18,22/07/2025,08:29:20,Debit Card,141.12,0.09,12.7,6.5
INV-101395,A,Manchester,Normal,Male,Frozen Foods,2.19,9,0.99,20.7,22/03/2025,14:29:14,Debit Card,19.71,0.11,2.17,6.3
INV-101396,B,Salford,Normal,Female,Frozen Foods,18.08,3,2.71,56.95,20/07/2025,10:43:06,Cash,54.24,0.11,5.97,5.4
INV-101397,C,Leeds,Normal,Female,Bakery,8.2,1,0.41,8.61,02/06/2025,17:31:37,Cash,8.2,0.1,0.82,5.3
INV-101398,C,Leeds,Normal,Female,Baby Products,5.8,5,1.45,30.45,11/10/2025,16:50:21,Cash,29.0,0.16,4.64,6.5
INV-101399,B,Salford,Member,Female,Dairy & Eggs,1.27,1,0.06,1.33,22/01/2025,11:40:53,Credit Card,1.27,0.08,0.1,8.0
INV-101400,A,Manchester,Member,Male,Beverages,2.51,1,0.13,2.64,03/10/2025,17:13:19,Debit Card,2.51,0.12,0.3,7.0
INV-101401,A,Manchester,Normal,Male,Frozen Foods,15.62,8,6.25,131.21,18/04/2025,10:26:39,Credit Card,124.96,0.11,13.75,6.5
INV-101402,C,Leeds,Normal,Female,Bakery,6.67,3,1.0,21.01,31/07/2025,20:01:48,Credit Card,20.01,0.1,2.0,5.0
INV-101403,B,Salford,Member,Female,Health & Wellness,25.88,5,6.47,135.87,05/04/2025,18:13:45,Cash,129.4,0.22,28.47,7.2
INV-101404,B,Salford,Normal,Male,Fresh Produce,2.39,9,1.08,22.59,10/04/2025,11:49:25,Debit Card,21.51,0.09,1.94,5.6
INV-101405,A,Manchester,Normal,Female,Baby Products,41.11,4,8.22,172.66,10/12/2025,18:50:00,Debit Card,164.44,0.16,26.31,5.8
INV-101406,A,Manchester,Member,Male,Health & Wellness,10.3,8,4.12,86.52,27/11/2025,08:14:50,Credit Card,82.4,0.22,18.13,7.3
INV-101407,A,Manchester,Normal,Male,Personal Care,18.48,7,6.47,135.83,10/12/2025,18:21:02,Credit Card,129.36,0.2,25.87,5.9
INV-101408,A,Manchester,Member,Male,Snacks,3.1,12,1.86,39.06,20/02/2025,20:49:15,Credit Card,37.2,0.15,5.58,7.8
INV-101409,B,Salford,Member,Male,Beverages,7.64,8,3.06,64.18,19/06/2025,12:43:01,Debit Card,61.12,0.12,7.33,6.0
INV-101410,C,Leeds,Member,Female,Fresh Produce,5.56,1,0.28,5.84,10/12/2025,14:35:24,Debit Card,5.56,0.09,0.5,6.8
INV-101411,B,Salford,Member,Female,Snacks,4.35,2,0.43,9.13,26/05/2025,13:44:39,Debit Card,8.7,0.15,1.3,6.7
INV-101412,A,Manchester,Member,Female,Personal Care,13.22,8,5.29,111.05,12/06/2025,19:57:04,Cash,105.76,0.2,21.15,7.8
INV-101413,D,Bradford,Normal,Male,Baby Products,8.36,3,1.25,26.33,18/06/2025,10:16:44,Cash,25.08,0.16,4.01,6.6
INV-101414,C,Leeds,Member,Female,Household,13.54,5,3.39,71.09,17/10/2025,13:20:09,Credit Card,67.7,0.18,12.19,6.4
INV-101415,C,Leeds,Normal,Male,Household,14.64,5,3.66,76.86,08/08/2025,14:59:59,Debit Card,73.2,0.18,13.18,4.8
INV-101416,B,Salford,Normal,Female,Household,5.4,11,2.97,62.37,10/06/2025,19:33:47,Debit Card,59.4,0.18,10.69,6.6
INV-101417,B,Salford,Member,Female,Bakery,4.18,11,2.3,48.28,31/12/2025,16:02:44,Debit Card,45.98,0.1,4.6,7.3
INV-101418,D,Bradford,Member,Male,Personal Care,2.42,8,0.97,20.33,04/07/2025,16:38:08,Cash,19.36,0.2,3.87,7.1
INV-101419,B,Salford,Member,Male,Beverages,4.04,5,1.01,21.21,03/09/2025,11:38:27,Debit Card,20.2,0.12,2.42,6.9
INV-101420,D,Bradford,Member,Male,Health & Wellness,12.02,10,6.01,126.21,03/07/2025,13:09:15,Debit Card,120.2,0.22,26.44,6.4
INV-101421,C,Leeds,Normal,Male,Health & Wellness,16.52,6,4.96,104.08,10/10/2025,16:06:27,Credit Card,99.12,0.22,21.81,7.8
INV-101422,A,Manchester,Member,Female,Fresh Produce,8.97,3,1.35,28.26,27/11/2025,16:30:03,Debit Card,26.91,0.09,2.42,5.1
INV-101423,A,Manchester,Member,Male,Beverages,8.06,11,4.43,93.09,13/03/2025,14:47:42,Credit Card,88.66,0.12,10.64,5.8
INV-101424,B,Salford,Member,Male,Bakery,5.19,2,0.52,10.9,17/11/2025,13:42:51,Mobile Wallet,10.38,0.1,1.04,5.6
INV-101425,A,Manchester,Member,Female,Baby Products,36.81,1,1.84,38.65,10/01/2025,13:42:54,Credit Card,36.81,0.16,5.89,8.2
INV-101426,A,Manchester,Normal,Male,Snacks,2.83,4,0.57,11.89,30/10/2025,14:06:35,Cash,11.32,0.15,1.7,8.4
INV-101427,B,Salford,Member,Female,Dairy & Eggs,6.05,3,0.91,19.06,10/10/2025,12:55:14,Credit Card,18.15,0.08,1.45,5.9
INV-101428,C,Leeds,Normal,Male,Fresh Produce,12.82,1,0.64,13.46,01/12/2025,11:31:50,Mobile Wallet,12.82,0.09,1.15,9.6
INV-101429,B,Salford,Normal,Male,Baby Products,21.7,1,1.08,22.78,20/07/2025,15:51:49,Cash,21.7,0.16,3.47,6.8
INV-101430,B,Salford,Normal,Male,Frozen Foods,17.26,6,5.18,108.74,10/03/2025,12:38:08,Mobile Wallet,103.56,0.11,11.39,7.2
INV-101431,D,Bradford,Normal,Female,Frozen Foods,15.82,9,7.12,149.5,23/07/2025,19:56:40,Cash,142.38,0.11,15.66,7.5
INV-101432,C,Leeds,Member,Female,Baby Products,7.73,1,0.39,8.12,06/12/2025,14:00:43,Cash,7.73,0.16,1.24,7.1
INV-101433,B,Salford,Normal,Female,Household,16.79,3,2.52,52.89,21/09/2025,20:57:56,Cash,50.37,0.18,9.07,6.5
INV-101434,B,Salford,Normal,Male,Beverages,5.12,6,1.54,32.26,23/03/2025,09:38:30,Debit Card,30.72,0.12,3.69,6.7
INV-101435,B,Salford,Member,Female,Beverages,8.3,6,2.49,52.29,05/09/2025,13:14:48,Mobile Wallet,49.8,0.12,5.98,8.8
INV-101436,C,Leeds,Normal,Female,Beverages,4.41,3,0.66,13.89,23/04/2025,13:52:15,Debit Card,13.23,0.12,1.59,6.0
INV-101437,D,Bradford,Member,Female,Beverages,11.04,4,2.21,46.37,02/02/2025,09:20:34,Cash,44.16,0.12,5.3,6.1
INV-101438,C,Leeds,Normal,Male,Baby Products,11.21,11,6.17,129.48,30/04/2025,18:53:29,Cash,123.31,0.16,19.73,8.2
INV-101439,A,Manchester,Member,Female,Fresh Produce,4.1,1,0.2,4.3,23/09/2025,11:12:09,Cash,4.1,0.09,0.37,6.1
INV-101440,C,Leeds,Normal,Male,Fresh Produce,4.82,4,0.96,20.24,29/08/2025,20:54:55,Mobile Wallet,19.28,0.09,1.74,6.4
INV-101441,D,Bradford,Member,Female,Health & Wellness,21.15,4,4.23,88.83,21/01/2025,21:53:39,Credit Card,84.6,0.22,18.61,7.8
INV-101442,C,Leeds,Member,Female,Personal Care,2.81,3,0.42,8.85,27/12/2025,17:49:58,Debit Card,8.43,0.2,1.69,6.0
INV-101443,C,Leeds,Member,Male,Dairy & Eggs,6.21,4,1.24,26.08,24/10/2025,11:26:52,Cash,24.84,0.08,1.99,5.4
INV-101444,B,Salford,Normal,Male,Frozen Foods,18.34,10,9.17,192.57,01/12/2025,09:37:50,Credit Card,183.4,0.11,20.17,6.9
INV-101445,D,Bradford,Member,Male,Fresh Produce,10.17,7,3.56,74.75,28/10/2025,14:33:13,Mobile Wallet,71.19,0.09,6.41,7.2
INV-101446,A,Manchester,Member,Male,Fresh Produce,8.18,3,1.23,25.77,12/07/2025,19:30:08,Cash,24.54,0.09,2.21,5.8
INV-101447,B,Salford,Normal,Male,Snacks,0.91,7,0.32,6.69,30/06/2025,17:56:36,Credit Card,6.37,0.15,0.96,7.5
INV-101448,C,Leeds,Member,Male,Personal Care,22.88,2,2.29,48.05,04/09/2025,15:19:22,Credit Card,45.76,0.2,9.15,6.9
INV-101449,A,Manchester,Member,Female,Household,6.06,5,1.52,31.82,14/08/2025,21:22:32,Mobile Wallet,30.3,0.18,5.45,5.9
INV-101450,B,Salford,Normal,Female,Beverages,0.91,6,0.27,5.73,09/02/2025,14:12:32,Debit Card,5.46,0.12,0.66,5.6
INV-101451,C,Leeds,Member,Female,Frozen Foods,6.51,2,0.65,13.67,18/03/2025,15:09:51,Mobile Wallet,13.02,0.11,1.43,7.5
INV-101452,B,Salford,Member,Female,Frozen Foods,5.01,8,2.0,42.08,05/07/2025,11:33:38,Cash,40.08,0.11,4.41,6.2
INV-101453,A,Manchester,Member,Female,Frozen Foods,16.61,3,2.49,52.32,01/08/2025,19:12:26,Mobile Wallet,49.83,0.11,5.48,5.8
INV-101454,C,Leeds,Normal,Female,Fresh Produce,4.16,12,2.5,52.42,04/09/2025,11:21:14,Debit Card,49.92,0.09,4.49,6.7
INV-101455,D,Bradford,Normal,Male,Beverages,10.91,6,3.27,68.73,18/04/2025,19:53:46,Mobile Wallet,65.46,0.12,7.86,5.4
INV-101456,B,Salford,Normal,Male,Health & Wellness,19.16,1,0.96,20.12,12/01/2025,19:07:38,Debit Card,19.16,0.22,4.22,8.6
INV-101457,B,Salford,Normal,Female,Fresh Produce,6.63,8,2.65,55.69,07/03/2025,11:18:07,Mobile Wallet,53.04,0.09,4.77,6.0
INV-101458,B,Salford,Normal,Female,Frozen Foods,2.49,2,0.25,5.23,19/11/2025,12:12:08,Credit Card,4.98,0.11,0.55,5.8
INV-101459,A,Manchester,Normal,Female,Beverages,9.23,5,2.31,48.46,29/01/2025,19:16:35,Debit Card,46.15,0.12,5.54,6.7
INV-101460,B,Salford,Normal,Male,Household,14.09,4,2.82,59.18,03/04/2025,10:01:25,Debit Card,56.36,0.18,10.14,5.5
INV-101461,D,Bradford,Normal,Female,Beverages,9.54,6,2.86,60.1,05/12/2025,17:34:51,Cash,57.24,0.12,6.87,5.3
INV-101462,C,Leeds,Normal,Female,Household,20.43,2,2.04,42.9,21/04/2025,12:01:12,Cash,40.86,0.18,7.35,4.8
INV-101463,D,Bradford,Normal,Male,Beverages,1.92,5,0.48,10.08,04/09/2025,20:54:20,Debit Card,9.6,0.12,1.15,7.0
INV-101464,B,Salford,Normal,Female,Baby Products,13.62,2,1.36,28.6,30/07/2025,12:29:17,Mobile Wallet,27.24,0.16,4.36,7.1
INV-101465,B,Salford,Normal,Female,Frozen Foods,16.23,2,1.62,34.08,16/11/2025,08:31:16,Cash,32.46,0.11,3.57,7.4
INV-101466,C,Leeds,Normal,Female,Health & Wellness,37.79,1,1.89,39.68,18/12/2025,18:29:56,Mobile Wallet,37.79,0.22,8.31,7.0
INV-101467,C,Leeds,Member,Male,Personal Care,16.44,7,5.75,120.83,02/11/2025,17:00:24,Credit Card,115.08,0.2,23.02,8.5
INV-101468,A,Manchester,Normal,Female,Fresh Produce,10.83,2,1.08,22.74,13/07/2025,09:33:20,Cash,21.66,0.09,1.95,4.8
INV-101469,D,Bradford,Normal,Female,Health & Wellness,9.87,1,0.49,10.36,25/02/2025,13:33:16,Mobile Wallet,9.87,0.22,2.17,5.4
INV-101470,A,Manchester,Member,Female,Health & Wellness,10.53,1,0.53,11.06,25/09/2025,17:22:32,Cash,10.53,0.22,2.32,5.9
INV-101471,D,Bradford,Member,Female,Dairy & Eggs,5.53,3,0.83,17.42,07/11/2025,10:08:16,Credit Card,16.59,0.08,1.33,5.8
INV-101472,A,Manchester,Member,Female,Bakery,5.65,4,1.13,23.73,01/09/2025,17:42:09,Debit Card,22.6,0.1,2.26,5.7
INV-101473,A,Manchester,Member,Female,Bakery,8.03,7,2.81,59.02,17/02/2025,15:29:45,Debit Card,56.21,0.1,5.62,7.0
INV-101474,D,Bradford,Normal,Female,Frozen Foods,14.27,10,7.13,149.83,05/11/2025,11:58:26,Debit Card,142.7,0.11,15.7,6.7
INV-101475,A,Manchester,Member,Male,Snacks,2.0,1,0.1,2.1,25/09/2025,13:41:48,Mobile Wallet,2.0,0.15,0.3,6.2
INV-101476,D,Bradford,Member,Male,Personal Care,14.42,4,2.88,60.56,23/01/2025,18:23:06,Debit Card,57.68,0.2,11.54,4.5
INV-101477,D,Bradford,Normal,Female,Baby Products,18.03,1,0.9,18.93,04/09/2025,10:31:26,Debit Card,18.03,0.16,2.88,5.5
INV-101478,D,Bradford,Member,Male,Frozen Foods,13.2,4,2.64,55.44,29/10/2025,10:13:43,Cash,52.8,0.11,5.81,6.5
INV-101479,A,Manchester,Member,Male,Dairy & Eggs,1.4,2,0.14,2.94,10/03/2025,16:58:20,Cash,2.8,0.08,0.22,8.0
INV-101480,C,Leeds,Member,Male,Personal Care,7.77,7,2.72,57.11,30/04/2025,13:24:03,Cash,54.39,0.2,10.88,6.5
INV-101481,A,Manchester,Member,Male,Health & Wellness,38.4,3,5.76,120.96,03/11/2025,11:07:30,Credit Card,115.2,0.22,25.34,8.2
INV-101482,D,Bradford,Member,Male,Personal Care,10.67,4,2.13,44.81,07/04/2025,17:08:06,Mobile Wallet,42.68,0.2,8.54,7.9
INV-101483,A,Manchester,Normal,Female,Snacks,6.75,1,0.34,7.09,23/10/2025,13:29:21,Mobile Wallet,6.75,0.15,1.01,7.1
INV-101484,A,Manchester,Member,Female,Snacks,6.58,6,1.97,41.45,12/07/2025,10:39:56,Debit Card,39.48,0.15,5.92,8.6
INV-101485,B,Salford,Member,Male,Fresh Produce,4.8,9,2.16,45.36,29/07/2025,12:42:08,Mobile Wallet,43.2,0.09,3.89,7.0
INV-101486,C,Leeds,Member,Female,Baby Products,36.22,2,3.62,76.06,21/03/2025,17:52:28,Debit Card,72.44,0.16,11.59,6.9
INV-101487,D,Bradford,Normal,Male,Dairy & Eggs,4.71,4,0.94,19.78,14/05/2025,15:23:00,Credit Card,18.84,0.08,1.51,4.5
INV-101488,D,Bradford,Normal,Male,Frozen Foods,16.99,6,5.1,107.04,10/11/2025,19:31:22,Credit Card,101.94,0.11,11.21,7.0
INV-101489,C,Leeds,Member,Male,Bakery,6.36,6,1.91,40.07,15/04/2025,17:09:52,Mobile Wallet,38.16,0.1,3.82,5.5
INV-101490,D,Bradford,Member,Male,Personal Care,9.11,6,2.73,57.39,02/04/2025,18:54:45,Debit Card,54.66,0.2,10.93,6.5
INV-101491,C,Leeds,Member,Male,Snacks,3.87,2,0.39,8.13,10/05/2025,11:50:50,Credit Card,7.74,0.15,1.16,8.4
INV-101492,C,Leeds,Member,Male,Bakery,10.75,8,4.3,90.3,28/12/2025,15:21:50,Credit Card,86.0,0.1,8.6,6.8
INV-101493,D,Bradford,Normal,Female,Beverages,3.63,6,1.09,22.87,04/12/2025,18:41:16,Cash,21.78,0.12,2.61,4.6
INV-101494,A,Manchester,Normal,Female,Household,10.4,2,1.04,21.84,17/08/2025,10:32:20,Debit Card,20.8,0.18,3.74,4.8
INV-101495,B,Salford,Normal,Female,Snacks,1.99,2,0.2,4.18,20/04/2025,16:18:04,Mobile Wallet,3.98,0.15,0.6,6.3
INV-101496,D,Bradford,Member,Male,Baby Products,34.58,1,1.73,36.31,09/10/2025,11:17:00,Credit Card,34.58,0.16,5.53,6.8
INV-101497,A,Manchester,Normal,Female,Dairy & Eggs,7.09,3,1.06,22.33,19/07/2025,12:19:53,Credit Card,21.27,0.08,1.7,5.3
INV-101498,A,Manchester,Normal,Female,Household,17.27,9,7.77,163.2,16/03/2025,14:07:26,Credit Card,155.43,0.18,27.98,7.9
INV-101499,D,Bradford,Normal,Male,Snacks,5.01,2,0.5,10.52,15/02/2025,15:51:42,Credit Card,10.02,0.15,1.5,6.3
INV-101500,A,Manchester,Normal,Male,Frozen Foods,5.21,8,2.08,43.76,24/04/2025,13:01:07,Debit Card,41.68,0.11,4.58,6.9
INV-101501,C,Leeds,Member,Female,Baby Products,42.36,5,10.59,222.39,08/11/2025,15:04:24,Cash,211.8,0.16,33.89,8.3
INV-101502,A,Manchester,Member,Male,Fresh Produce,10.7,7,3.75,78.65,25/07/2025,14:06:06,Debit Card,74.9,0.09,6.74,6.2
INV-101503,C,Leeds,Member,Female,Dairy & Eggs,6.73,5,1.68,35.33,31/03/2025,20:13:43,Credit Card,33.65,0.08,2.69,5.8
INV-101504,D,Bradford,Normal,Male,Beverages,8.74,10,4.37,91.77,06/01/2025,16:37:49,Debit Card,87.4,0.12,10.49,7.6
INV-101505,B,Salford,Member,Male,Health & Wellness,24.5,6,7.35,154.35,10/04/2025,16:54:00,Cash,147.0,0.22,32.34,6.6
INV-101506,A,Manchester,Member,Female,Beverages,15.2,6,4.56,95.76,11/11/2025,15:02:18,Debit Card,91.2,0.12,10.94,7.2
INV-101507,B,Salford,Normal,Female,Health & Wellness,18.07,5,4.52,94.87,04/07/2025,20:48:12,Credit Card,90.35,0.22,19.88,7.3
INV-101508,B,Salford,Member,Female,Personal Care,20.74,2,2.07,43.55,22/03/2025,17:07:39,Credit Card,41.48,0.2,8.3,6.3
INV-101509,A,Manchester,Normal,Male,Personal Care,24.79,8,9.92,208.24,24/07/2025,19:50:51,Mobile Wallet,198.32,0.2,39.66,6.9
INV-101510,C,Leeds,Normal,Male,Household,12.91,13,8.39,176.22,27/07/2025,17:45:49,Mobile Wallet,167.83,0.18,30.21,4.4
INV-101511,B,Salford,Member,Female,Snacks,1.89,5,0.47,9.92,27/12/2025,15:07:59,Debit Card,9.45,0.15,1.42,7.6
INV-101512,A,Manchester,Member,Female,Fresh Produce,10.94,3,1.64,34.46,09/10/2025,12:52:53,Credit Card,32.82,0.09,2.95,8.5
INV-101513,C,Leeds,Member,Male,Dairy & Eggs,8.25,2,0.83,17.33,27/06/2025,19:24:40,Cash,16.5,0.08,1.32,8.3
INV-101514,C,Leeds,Member,Female,Personal Care,3.03,1,0.15,3.18,07/11/2025,21:56:02,Credit Card,3.03,0.2,0.61,7.7
INV-101515,B,Salford,Member,Male,Fresh Produce,8.0,3,1.2,25.2,26/07/2025,16:43:24,Debit Card,24.0,0.09,2.16,7.7
INV-101516,A,Manchester,Normal,Male,Frozen Foods,5.82,5,1.46,30.56,31/03/2025,15:00:00,Debit Card,29.1,0.11,3.2,7.1
INV-101517,D,Bradford,Normal,Female,Snacks,5.74,1,0.29,6.03,14/10/2025,17:42:05,Mobile Wallet,5.74,0.15,0.86,6.0
INV-101518,A,Manchester,Member,Male,Fresh Produce,11.16,5,2.79,58.59,24/06/2025,17:01:14,Mobile Wallet,55.8,0.09,5.02,7.8
INV-101519,A,Manchester,Normal,Male,Beverages,9.8,9,4.41,92.61,03/10/2025,14:48:42,Credit Card,88.2,0.12,10.58,8.1
INV-101520,C,Leeds,Member,Male,Frozen Foods,16.8,3,2.52,52.92,13/07/2025,17:26:17,Mobile Wallet,50.4,0.11,5.54,7.5
INV-101521,D,Bradford,Member,Female,Snacks,6.0,3,0.9,18.9,23/06/2025,20:03:04,Debit Card,18.0,0.15,2.7,6.9
INV-101522,D,Bradford,Normal,Male,Personal Care,19.82,9,8.92,187.3,28/10/2025,14:15:14,Mobile Wallet,178.38,0.2,35.68,6.7
INV-101523,A,Manchester,Member,Male,Household,22.7,3,3.4,71.5,01/03/2025,11:07:22,Mobile Wallet,68.1,0.18,12.26,7.0
INV-101524,C,Leeds,Member,Female,Beverages,4.78,6,1.43,30.11,15/07/2025,17:28:22,Debit Card,28.68,0.12,3.44,7.7
INV-101525,B,Salford,Member,Female,Dairy & Eggs,7.02,2,0.7,14.74,11/06/2025,13:18:00,Debit Card,14.04,0.08,1.12,7.3
INV-101526,D,Bradford,Normal,Male,Dairy & Eggs,6.35,2,0.64,13.34,22/09/2025,10:08:49,Debit Card,12.7,0.08,1.02,7.6
INV-101527,A,Manchester,Member,Male,Baby Products,40.68,4,8.14,170.86,08/05/2025,15:09:40,Credit Card,162.72,0.16,26.04,7.4
INV-101528,C,Leeds,Member,Female,Baby Products,33.13,2,3.31,69.57,24/07/2025,09:07:59,Debit Card,66.26,0.16,10.6,7.3
INV-101529,C,Leeds,Member,Female,Personal Care,23.47,8,9.39,197.15,11/10/2025,16:47:15,Mobile Wallet,187.76,0.2,37.55,6.8
INV-101530,B,Salford,Normal,Male,Baby Products,6.75,6,2.02,42.52,10/06/2025,20:38:33,Debit Card,40.5,0.16,6.48,6.6
INV-101531,C,Leeds,Member,Female,Personal Care,12.14,1,0.61,12.75,21/10/2025,19:47:07,Mobile Wallet,12.14,0.2,2.43,9.9
INV-101532,C,Leeds,Member,Female,Bakery,10.39,5,2.6,54.55,16/12/2025,19:11:46,Mobile Wallet,51.95,0.1,5.2,7.2
INV-101533,B,Salford,Member,Male,Household,10.62,2,1.06,22.3,13/04/2025,10:50:41,Mobile Wallet,21.24,0.18,3.82,5.3
INV-101534,B,Salford,Member,Female,Household,21.81,6,6.54,137.4,16/05/2025,12:11:17,Mobile Wallet,130.86,0.18,23.55,7.4
INV-101535,B,Salford,Normal,Female,Health & Wellness,25.69,10,12.84,269.74,14/04/2025,13:37:32,Debit Card,256.9,0.22,56.52,7.2
INV-101536,B,Salford,Member,Male,Fresh Produce,6.66,8,2.66,55.94,21/03/2025,12:20:19,Debit Card,53.28,0.09,4.8,6.4
INV-101537,A,Manchester,Member,Female,Personal Care,25.22,3,3.78,79.44,10/02/2025,11:03:22,Credit Card,75.66,0.2,15.13,6.9
INV-101538,D,Bradford,Member,Female,Health & Wellness,3.04,4,0.61,12.77,05/10/2025,17:49:19,Mobile Wallet,12.16,0.22,2.68,7.2
INV-101539,A,Manchester,Member,Male,Dairy & Eggs,3.49,2,0.35,7.33,10/07/2025,15:49:45,Credit Card,6.98,0.08,0.56,7.4
INV-101540,C,Leeds,Member,Male,Frozen Foods,14.36,7,5.03,105.55,22/10/2025,15:25:53,Debit Card,100.52,0.11,11.06,5.5
INV-101541,C,Leeds,Normal,Male,Household,15.93,6,4.78,100.36,04/04/2025,13:18:53,Credit Card,95.58,0.18,17.2,5.1
INV-101542,C,Leeds,Member,Male,Health & Wellness,16.45,1,0.82,17.27,24/04/2025,18:38:21,Credit Card,16.45,0.22,3.62,6.6
INV-101543,B,Salford,Member,Female,Bakery,2.93,3,0.44,9.23,27/09/2025,12:04:01,Cash,8.79,0.1,0.88,6.7
INV-101544,D,Bradford,Normal,Male,Beverages,10.17,2,1.02,21.36,04/10/2025,20:24:19,Debit Card,20.34,0.12,2.44,7.8
INV-101545,A,Manchester,Member,Male,Household,9.51,6,2.85,59.91,21/07/2025,20:29:46,Debit Card,57.06,0.18,10.27,7.4
INV-101546,B,Salford,Member,Male,Snacks,1.73,9,0.78,16.35,03/03/2025,21:56:58,Credit Card,15.57,0.15,2.34,8.6
INV-101547,D,Bradford,Member,Male,Frozen Foods,2.85,10,1.43,29.93,19/12/2025,19:46:13,Debit Card,28.5,0.11,3.14,6.8
INV-101548,A,Manchester,Normal,Female,Frozen Foods,7.12,10,3.56,74.76,12/12/2025,21:20:46,Mobile Wallet,71.2,0.11,7.83,5.9
INV-101549,B,Salford,Normal,Male,Baby Products,24.59,3,3.69,77.46,25/10/2025,12:39:44,Credit Card,73.77,0.16,11.8,5.1
INV-101550,A,Manchester,Member,Male,Beverages,15.07,7,5.27,110.76,05/07/2025,17:05:29,Debit Card,105.49,0.12,12.66,8.2
INV-101551,C,Leeds,Member,Female,Personal Care,2.4,7,0.84,17.64,08/10/2025,16:19:14,Credit Card,16.8,0.2,3.36,6.5
INV-101552,C,Leeds,Member,Female,Baby Products,28.01,5,7.0,147.05,18/05/2025,16:33:37,Mobile Wallet,140.05,0.16,22.41,8.0
INV-101553,D,Bradford,Normal,Male,Beverages,13.66,4,2.73,57.37,07/07/2025,11:13:56,Mobile Wallet,54.64,0.12,6.56,5.5
INV-101554,B,Salford,Member,Male,Personal Care,4.84,1,0.24,5.08,06/08/2025,14:44:12,Debit Card,4.84,0.2,0.97,4.5
INV-101555,B,Salford,Member,Male,Frozen Foods,3.29,4,0.66,13.82,25/12/2025,20:50:31,Mobile Wallet,13.16,0.11,1.45,8.0
INV-101556,C,Leeds,Normal,Male,Personal Care,14.83,6,4.45,93.43,25/07/2025,15:30:25,Credit Card,88.98,0.2,17.8,6.5
INV-101557,C,Leeds,Member,Male,Snacks,3.07,5,0.77,16.12,03/04/2025,13:02:37,Debit Card,15.35,0.15,2.3,9.3
INV-101558,B,Salford,Member,Female,Beverages,12.18,5,3.04,63.94,21/02/2025,19:13:21,Debit Card,60.9,0.12,7.31,6.4
INV-101559,C,Leeds,Member,Female,Personal Care,18.6,6,5.58,117.18,12/10/2025,16:00:51,Mobile Wallet,111.6,0.2,22.32,7.7
INV-101560,D,Bradford,Member,Male,Personal Care,15.67,7,5.48,115.17,11/04/2025,20:34:35,Mobile Wallet,109.69,0.2,21.94,5.9
INV-101561,B,Salford,Member,Female,Fresh Produce,8.04,1,0.4,8.44,31/08/2025,13:31:12,Credit Card,8.04,0.09,0.72,5.9
INV-101562,A,Manchester,Member,Female,Frozen Foods,5.68,8,2.27,47.71,04/08/2025,14:40:08,Debit Card,45.44,0.11,5.0,8.8
INV-101563,D,Bradford,Normal,Female,Fresh Produce,3.72,6,1.12,23.44,19/11/2025,12:39:25,Cash,22.32,0.09,2.01,5.4
INV-101564,C,Leeds,Member,Male,Health & Wellness,4.7,1,0.24,4.94,03/06/2025,19:11:50,Mobile Wallet,4.7,0.22,1.03,6.9
INV-101565,C,Leeds,Member,Female,Dairy & Eggs,2.97,5,0.74,15.59,23/07/2025,17:28:21,Debit Card,14.85,0.08,1.19,7.6
INV-101566,A,Manchester,Member,Female,Fresh Produce,2.66,4,0.53,11.17,31/01/2025,16:37:56,Credit Card,10.64,0.09,0.96,6.8
INV-101567,B,Salford,Normal,Male,Snacks,1.42,9,0.64,13.42,01/09/2025,12:34:47,Cash,12.78,0.15,1.92,6.0
INV-101568,A,Manchester,Member,Male,Snacks,4.08,10,2.04,42.84,21/06/2025,11:45:14,Debit Card,40.8,0.15,6.12,9.0
INV-101569,C,Leeds,Normal,Male,Snacks,4.01,7,1.4,29.47,04/07/2025,12:44:19,Cash,28.07,0.15,4.21,4.7
INV-101570,C,Leeds,Member,Male,Bakery,7.22,1,0.36,7.58,11/01/2025,09:17:34,Debit Card,7.22,0.1,0.72,6.8
INV-101571,D,Bradford,Normal,Female,Snacks,2.42,6,0.73,15.25,29/06/2025,10:53:16,Credit Card,14.52,0.15,2.18,6.8
INV-101572,B,Salford,Normal,Female,Fresh Produce,6.75,1,0.34,7.09,26/05/2025,16:04:03,Mobile Wallet,6.75,0.09,0.61,8.7
INV-101573,C,Leeds,Member,Male,Fresh Produce,7.88,3,1.18,24.82,11/12/2025,13:31:22,Credit Card,23.64,0.09,2.13,6.8
INV-101574,D,Bradford,Member,Male,Bakery,8.64,4,1.73,36.29,10/02/2025,20:04:42,Debit Card,34.56,0.1,3.46,8.6
INV-101575,D,Bradford,Member,Male,Baby Products,22.75,1,1.14,23.89,26/08/2025,08:14:30,Credit Card,22.75,0.16,3.64,7.4
INV-101576,B,Salford,Normal,Female,Fresh Produce,3.1,1,0.16,3.26,24/11/2025,19:51:13,Debit Card,3.1,0.09,0.28,6.1
INV-101577,C,Leeds,Member,Male,Beverages,10.51,5,2.63,55.18,20/11/2025,18:23:18,Debit Card,52.55,0.12,6.31,7.2
INV-101578,D,Bradford,Normal,Female,Fresh Produce,3.93,2,0.39,8.25,10/02/2025,16:02:28,Mobile Wallet,7.86,0.09,0.71,6.2
INV-101579,B,Salford,Member,Male,Dairy & Eggs,2.27,10,1.14,23.84,27/04/2025,15:25:53,Debit Card,22.7,0.08,1.82,8.1
INV-101580,C,Leeds,Normal,Male,Beverages,0.77,1,0.04,0.81,01/12/2025,17:13:58,Credit Card,0.77,0.12,0.09,4.1
INV-101581,C,Leeds,Member,Male,Fresh Produce,2.88,5,0.72,15.12,06/11/2025,12:53:00,Debit Card,14.4,0.09,1.3,6.0
INV-101582,D,Bradford,Member,Male,Household,9.88,2,0.99,20.75,16/08/2025,15:13:36,Credit Card,19.76,0.18,3.56,6.3
INV-101583,C,Leeds,Normal,Male,Snacks,1.2,5,0.3,6.3,31/07/2025,16:22:30,Debit Card,6.0,0.15,0.9,7.1
INV-101584,B,Salford,Member,Female,Frozen Foods,17.57,2,1.76,36.9,12/01/2025,14:05:58,Mobile Wallet,35.14,0.11,3.87,9.1
INV-101585,B,Salford,Member,Female,Beverages,14.62,13,9.5,199.56,05/12/2025,11:51:05,Credit Card,190.06,0.12,22.81,5.5
INV-101586,C,Leeds,Normal,Female,Baby Products,16.36,1,0.82,17.18,18/04/2025,14:43:51,Credit Card,16.36,0.16,2.62,7.3
INV-101587,B,Salford,Member,Male,Bakery,5.02,4,1.0,21.08,22/02/2025,19:03:14,Credit Card,20.08,0.1,2.01,7.0
INV-101588,A,Manchester,Normal,Female,Personal Care,9.44,10,4.72,99.12,31/08/2025,10:47:29,Mobile Wallet,94.4,0.2,18.88,6.2
INV-101589,A,Manchester,Normal,Female,Bakery,4.63,3,0.69,14.58,23/07/2025,13:29:26,Debit Card,13.89,0.1,1.39,4.9
INV-101590,A,Manchester,Normal,Female,Dairy & Eggs,3.54,11,1.95,40.89,15/05/2025,14:39:23,Debit Card,38.94,0.08,3.12,5.9
INV-101591,B,Salford,Member,Female,Bakery,9.57,3,1.44,30.15,02/12/2025,16:32:25,Cash,28.71,0.1,2.87,8.2
INV-101592,D,Bradford,Normal,Male,Frozen Foods,11.19,7,3.92,82.25,28/04/2025,12:03:07,Debit Card,78.33,0.11,8.62,6.7
INV-101593,B,Salford,Member,Male,Dairy & Eggs,1.61,3,0.24,5.07,15/08/2025,18:18:16,Cash,4.83,0.08,0.39,8.3
INV-101594,B,Salford,Normal,Female,Baby Products,19.0,6,5.7,119.7,27/09/2025,14:51:49,Debit Card,114.0,0.16,18.24,6.3
INV-101595,B,Salford,Member,Female,Frozen Foods,15.8,3,2.37,49.77,18/01/2025,19:43:38,Cash,47.4,0.11,5.21,7.8
INV-101596,C,Leeds,Normal,Male,Personal Care,19.79,5,4.95,103.9,01/09/2025,13:47:11,Debit Card,98.95,0.2,19.79,5.6
INV-101597,D,Bradford,Normal,Male,Baby Products,20.89,3,3.13,65.8,08/10/2025,10:14:28,Debit Card,62.67,0.16,10.03,4.8
INV-101598,D,Bradford,Normal,Female,Snacks,5.07,10,2.54,53.24,24/12/2025,16:45:18,Credit Card,50.7,0.15,7.61,7.4
INV-101599,B,Salford,Normal,Male,Household,14.6,3,2.19,45.99,20/11/2025,17:58:04,Debit Card,43.8,0.18,7.88,4.4
INV-101600,D,Bradford,Member,Male,Baby Products,23.25,9,10.46,219.71,27/06/2025,18:24:37,Debit Card,209.25,0.16,33.48,6.5
INV-101601,D,Bradford,Normal,Female,Dairy & Eggs,2.31,9,1.04,21.83,15/02/2025,15:37:31,Cash,20.79,0.08,1.66,6.4
INV-101602,D,Bradford,Normal,Male,Fresh Produce,5.55,6,1.67,34.97,07/07/2025,19:51:37,Mobile Wallet,33.3,0.09,3.0,6.1
INV-101603,D,Bradford,Normal,Male,Household,6.78,4,1.36,28.48,21/03/2025,18:27:20,Mobile Wallet,27.12,0.18,4.88,4.9
INV-101604,C,Leeds,Normal,Female,Snacks,1.39,6,0.42,8.76,01/01/2025,13:30:33,Cash,8.34,0.15,1.25,7.7
INV-101605,B,Salford,Member,Male,Household,21.13,1,1.06,22.19,27/05/2025,09:09:13,Debit Card,21.13,0.18,3.8,6.7
INV-101606,D,Bradford,Member,Female,Bakery,9.88,10,4.94,103.74,19/12/2025,09:35:12,Cash,98.8,0.1,9.88,9.9
INV-101607,D,Bradford,Normal,Male,Bakery,9.6,3,1.44,30.24,03/06/2025,17:47:02,Cash,28.8,0.1,2.88,5.7
INV-101608,A,Manchester,Normal,Male,Baby Products,42.2,6,12.66,265.86,30/05/2025,19:29:12,Credit Card,253.2,0.16,40.51,6.3
INV-101609,B,Salford,Normal,Female,Household,13.16,3,1.97,41.45,08/10/2025,16:09:17,Mobile Wallet,39.48,0.18,7.11,6.6
INV-101610,C,Leeds,Normal,Female,Beverages,8.88,1,0.44,9.32,30/07/2025,12:33:22,Cash,8.88,0.12,1.07,5.5
INV-101611,D,Bradford,Member,Male,Snacks,2.18,3,0.33,6.87,08/05/2025,18:36:51,Credit Card,6.54,0.15,0.98,5.6
INV-101612,B,Salford,Normal,Male,Fresh Produce,7.42,5,1.86,38.96,13/07/2025,14:39:04,Mobile Wallet,37.1,0.09,3.34,6.5
INV-101613,B,Salford,Normal,Male,Frozen Foods,16.46,4,3.29,69.13,10/02/2025,16:25:18,Mobile Wallet,65.84,0.11,7.24,7.0
INV-101614,D,Bradford,Normal,Female,Household,6.93,5,1.73,36.38,22/09/2025,11:12:35,Credit Card,34.65,0.18,6.24,7.4
INV-101615,C,Leeds,Member,Male,Personal Care,19.22,3,2.88,60.54,29/11/2025,12:59:49,Mobile Wallet,57.66,0.2,11.53,6.1
INV-101616,C,Leeds,Normal,Male,Dairy & Eggs,2.84,6,0.85,17.89,07/04/2025,14:57:18,Credit Card,17.04,0.08,1.36,7.6
INV-101617,A,Manchester,Member,Female,Dairy & Eggs,8.25,6,2.48,51.98,11/03/2025,12:13:19,Credit Card,49.5,0.08,3.96,6.1
INV-101618,C,Leeds,Member,Female,Bakery,10.05,13,6.53,137.18,23/11/2025,10:23:28,Cash,130.65,0.1,13.07,5.4
INV-101619,D,Bradford,Member,Male,Snacks,4.84,4,0.97,20.33,20/05/2025,19:37:34,Debit Card,19.36,0.15,2.9,6.5
INV-101620,D,Bradford,Normal,Female,Fresh Produce,3.32,5,0.83,17.43,14/06/2025,15:47:09,Cash,16.6,0.09,1.49,4.3
INV-101621,A,Manchester,Member,Female,Personal Care,18.25,10,9.12,191.62,26/01/2025,17:14:08,Cash,182.5,0.2,36.5,7.0
INV-101622,A,Manchester,Member,Female,Household,5.99,9,2.7,56.61,22/02/2025,20:20:25,Credit Card,53.91,0.18,9.7,6.5
INV-101623,C,Leeds,Member,Male,Fresh Produce,11.71,10,5.86,122.96,06/03/2025,19:44:07,Cash,117.1,0.09,10.54,6.8
INV-101624,D,Bradford,Normal,Female,Fresh Produce,4.39,10,2.19,46.09,30/04/2025,16:33:57,Debit Card,43.9,0.09,3.95,8.3
INV-101625,A,Manchester,Normal,Female,Bakery,1.45,1,0.07,1.52,08/01/2025,12:49:26,Credit Card,1.45,0.1,0.14,7.3
INV-101626,D,Bradford,Member,Female,Personal Care,8.13,6,2.44,51.22,25/06/2025,13:39:06,Debit Card,48.78,0.2,9.76,7.0
INV-101627,D,Bradford,Normal,Male,Baby Products,34.85,1,1.74,36.59,13/09/2025,16:54:10,Debit Card,34.85,0.16,5.58,5.0
INV-101628,C,Leeds,Normal,Male,Personal Care,22.15,3,3.32,69.77,23/12/2025,17:54:12,Credit Card,66.45,0.2,13.29,7.4
INV-101629,A,Manchester,Normal,Male,Frozen Foods,15.95,3,2.39,50.24,11/02/2025,20:46:13,Mobile Wallet,47.85,0.11,5.26,4.7
INV-101630,B,Salford,Normal,Female,Health & Wellness,14.84,3,2.23,46.75,17/05/2025,10:15:51,Mobile Wallet,44.52,0.22,9.79,5.9
INV-101631,D,Bradford,Normal,Female,Beverages,8.21,9,3.69,77.58,06/10/2025,20:51:53,Debit Card,73.89,0.12,8.87,8.0
INV-101632,D,Bradford,Normal,Female,Household,19.13,1,0.96,20.09,09/04/2025,19:47:11,Credit Card,19.13,0.18,3.44,6.4
INV-101633,C,Leeds,Member,Male,Health & Wellness,23.08,8,9.23,193.87,07/01/2025,14:07:09,Credit Card,184.64,0.22,40.62,6.0
INV-101634,A,Manchester,Normal,Female,Baby Products,4.73,3,0.71,14.9,17/07/2025,16:41:11,Credit Card,14.19,0.16,2.27,7.5
INV-101635,D,Bradford,Normal,Female,Baby Products,31.14,1,1.56,32.7,18/01/2025,20:48:16,Debit Card,31.14,0.16,4.98,6.1
INV-101636,B,Salford,Normal,Male,Dairy & Eggs,6.01,10,3.01,63.11,18/02/2025,08:16:01,Debit Card,60.1,0.08,4.81,7.6
INV-101637,B,Salford,Member,Male,Fresh Produce,4.13,4,0.83,17.35,19/07/2025,21:42:46,Credit Card,16.52,0.09,1.49,8.3
INV-101638,C,Leeds,Normal,Male,Snacks,2.05,1,0.1,2.15,23/03/2025,09:51:08,Credit Card,2.05,0.15,0.31,5.7
INV-101639,A,Manchester,Normal,Female,Health & Wellness,12.94,2,1.29,27.17,10/05/2025,12:09:11,Debit Card,25.88,0.22,5.69,7.7
INV-101640,D,Bradford,Normal,Male,Dairy & Eggs,3.12,2,0.31,6.55,12/04/2025,17:22:10,Debit Card,6.24,0.08,0.5,8.5
INV-101641,C,Leeds,Member,Female,Snacks,5.63,1,0.28,5.91,08/12/2025,12:13:44,Debit Card,5.63,0.15,0.84,7.2
INV-101642,B,Salford,Normal,Female,Personal Care,15.14,7,5.3,111.28,01/05/2025,20:02:54,Credit Card,105.98,0.2,21.2,5.7
INV-101643,D,Bradford,Member,Male,Health & Wellness,21.89,5,5.47,114.92,08/01/2025,12:53:45,Mobile Wallet,109.45,0.22,24.08,8.3
INV-101644,B,Salford,Normal,Male,Dairy & Eggs,4.29,1,0.21,4.5,27/10/2025,17:20:47,Cash,4.29,0.08,0.34,6.1
INV-101645,A,Manchester,Member,Male,Bakery,2.95,4,0.59,12.39,05/05/2025,16:56:41,Mobile Wallet,11.8,0.1,1.18,6.7
INV-101646,A,Manchester,Member,Female,Health & Wellness,34.65,3,5.2,109.15,25/10/2025,16:58:40,Credit Card,103.95,0.22,22.87,8.1
INV-101647,D,Bradford,Member,Female,Household,15.32,1,0.77,16.09,10/07/2025,19:12:55,Credit Card,15.32,0.18,2.76,7.3
INV-101648,A,Manchester,Normal,Female,Health & Wellness,16.5,3,2.48,51.98,22/03/2025,09:40:08,Mobile Wallet,49.5,0.22,10.89,7.5
INV-101649,D,Bradford,Member,Female,Bakery,3.89,2,0.39,8.17,18/12/2025,17:01:12,Credit Card,7.78,0.1,0.78,8.8
INV-101650,C,Leeds,Normal,Female,Frozen Foods,11.53,1,0.58,12.11,31/01/2025,09:06:17,Debit Card,11.53,0.11,1.27,6.2
INV-101651,C,Leeds,Member,Female,Frozen Foods,9.0,10,4.5,94.5,26/12/2025,19:23:47,Cash,90.0,0.11,9.9,7.5
INV-101652,A,Manchester,Normal,Female,Personal Care,17.44,5,4.36,91.56,07/09/2025,18:40:17,Debit Card,87.2,0.2,17.44,6.0
INV-101653,B,Salford,Normal,Male,Household,21.63,5,5.41,113.56,13/10/2025,10:17:41,Debit Card,108.15,0.18,19.47,7.2
INV-101654,C,Leeds,Member,Male,Fresh Produce,4.17,5,1.04,21.89,09/04/2025,17:52:01,Credit Card,20.85,0.09,1.88,6.5
INV-101655,A,Manchester,Member,Male,Fresh Produce,12.7,7,4.45,93.35,03/07/2025,18:39:38,Debit Card,88.9,0.09,8.0,6.2
INV-101656,B,Salford,Normal,Male,Beverages,10.31,5,2.58,54.13,21/01/2025,17:16:38,Debit Card,51.55,0.12,6.19,6.1
INV-101657,D,Bradford,Normal,Male,Baby Products,11.15,1,0.56,11.71,14/10/2025,20:01:56,Cash,11.15,0.16,1.78,7.5
INV-101658,C,Leeds,Member,Male,Frozen Foods,15.68,8,6.27,131.71,08/04/2025,12:01:58,Mobile Wallet,125.44,0.11,13.8,7.7
INV-101659,B,Salford,Normal,Male,Dairy & Eggs,2.61,6,0.78,16.44,15/06/2025,12:14:12,Debit Card,15.66,0.08,1.25,6.8
INV-101660,D,Bradford,Member,Male,Frozen Foods,8.47,11,4.66,97.83,03/11/2025,18:29:08,Credit Card,93.17,0.11,10.25,8.4
INV-101661,B,Salford,Member,Female,Health & Wellness,27.43,2,2.74,57.6,29/09/2025,14:13:14,Mobile Wallet,54.86,0.22,12.07,6.3
INV-101662,B,Salford,Normal,Male,Frozen Foods,13.05,1,0.65,13.7,01/06/2025,15:12:14,Credit Card,13.05,0.11,1.44,6.8
INV-101663,C,Leeds,Member,Male,Personal Care,25.74,3,3.86,81.08,21/08/2025,12:34:46,Mobile Wallet,77.22,0.2,15.44,6.5
INV-101664,A,Manchester,Normal,Male,Personal Care,16.29,4,3.26,68.42,05/04/2025,12:27:45,Mobile Wallet,65.16,0.2,13.03,4.9
INV-101665,A,Manchester,Member,Male,Frozen Foods,3.58,7,1.25,26.31,14/11/2025,19:07:30,Credit Card,25.06,0.11,2.76,5.1
INV-101666,B,Salford,Member,Male,Dairy & Eggs,6.91,5,1.73,36.28,02/02/2025,12:45:18,Cash,34.55,0.08,2.76,6.4
INV-101667,D,Bradford,Normal,Female,Frozen Foods,11.8,7,4.13,86.73,26/09/2025,09:48:11,Mobile Wallet,82.6,0.11,9.09,5.1
INV-101668,D,Bradford,Normal,Female,Personal Care,11.2,6,3.36,70.56,10/11/2025,17:39:58,Credit Card,67.2,0.2,13.44,6.5
INV-101669,C,Leeds,Normal,Male,Snacks,2.52,2,0.25,5.29,29/07/2025,12:19:20,Mobile Wallet,5.04,0.15,0.76,7.4
INV-101670,C,Leeds,Member,Female,Health & Wellness,19.57,3,2.94,61.65,19/02/2025,13:03:30,Mobile Wallet,58.71,0.22,12.92,7.1
INV-101671,A,Manchester,Normal,Female,Bakery,8.99,2,0.9,18.88,08/03/2025,10:12:24,Debit Card,17.98,0.1,1.8,7.1
INV-101672,B,Salford,Member,Female,Baby Products,39.82,1,1.99,41.81,14/04/2025,14:20:21,Mobile Wallet,39.82,0.16,6.37,7.3
INV-101673,A,Manchester,Normal,Male,Beverages,9.57,6,2.87,60.29,09/04/2025,10:55:36,Mobile Wallet,57.42,0.12,6.89,7.4
INV-101674,A,Manchester,Member,Female,Dairy & Eggs,6.46,9,2.91,61.05,20/10/2025,11:59:44,Cash,58.14,0.08,4.65,6.5
INV-101675,D,Bradford,Member,Male,Health & Wellness,13.69,5,3.42,71.87,27/09/2025,14:06:16,Debit Card,68.45,0.22,15.06,7.1
INV-101676,C,Leeds,Member,Female,Personal Care,8.12,10,4.06,85.26,07/07/2025,17:54:26,Credit Card,81.2,0.2,16.24,7.8
INV-101677,B,Salford,Normal,Female,Personal Care,12.82,11,7.05,148.07,07/01/2025,11:46:45,Debit Card,141.02,0.2,28.2,5.2
INV-101678,B,Salford,Member,Male,Dairy & Eggs,7.64,3,1.15,24.07,10/02/2025,20:47:10,Credit Card,22.92,0.08,1.83,7.3
INV-101679,D,Bradford,Normal,Female,Baby Products,38.08,1,1.9,39.98,04/07/2025,15:16:18,Credit Card,38.08,0.16,6.09,5.9
INV-101680,D,Bradford,Member,Male,Frozen Foods,13.6,3,2.04,42.84,29/12/2025,16:44:50,Credit Card,40.8,0.11,4.49,6.0
INV-101681,A,Manchester,Member,Male,Fresh Produce,2.15,4,0.43,9.03,28/09/2025,09:40:48,Cash,8.6,0.09,0.77,6.5
INV-101682,A,Manchester,Member,Female,Beverages,10.46,5,2.62,54.92,05/06/2025,15:23:39,Credit Card,52.3,0.12,6.28,6.8
INV-101683,A,Manchester,Member,Female,Personal Care,15.37,5,3.84,80.69,23/09/2025,13:28:04,Debit Card,76.85,0.2,15.37,6.6
INV-101684,A,Manchester,Normal,Female,Snacks,4.63,5,1.16,24.31,29/04/2025,16:01:43,Debit Card,23.15,0.15,3.47,6.9
INV-101685,D,Bradford,Normal,Female,Frozen Foods,1.45,6,0.43,9.13,09/04/2025,21:28:59,Debit Card,8.7,0.11,0.96,9.0
INV-101686,B,Salford,Member,Female,Household,3.91,7,1.37,28.74,13/10/2025,16:13:41,Credit Card,27.37,0.18,4.93,8.1
INV-101687,D,Bradford,Member,Female,Household,4.16,7,1.46,30.58,23/11/2025,21:08:02,Debit Card,29.12,0.18,5.24,6.9
INV-101688,C,Leeds,Normal,Male,Dairy & Eggs,8.57,5,2.14,44.99,26/12/2025,19:08:50,Credit Card,42.85,0.08,3.43,6.8
INV-101689,D,Bradford,Normal,Female,Bakery,5.52,2,0.55,11.59,27/03/2025,14:23:28,Credit Card,11.04,0.1,1.1,6.4
INV-101690,B,Salford,Member,Male,Personal Care,20.47,4,4.09,85.97,16/09/2025,18:45:13,Cash,81.88,0.2,16.38,6.0
INV-101691,C,Leeds,Normal,Female,Fresh Produce,4.52,3,0.68,14.24,01/10/2025,10:27:32,Debit Card,13.56,0.09,1.22,6.8
INV-101692,D,Bradford,Member,Male,Snacks,3.37,2,0.34,7.08,11/06/2025,12:08:46,Debit Card,6.74,0.15,1.01,6.3
INV-101693,C,Leeds,Member,Male,Beverages,5.35,4,1.07,22.47,31/07/2025,13:58:58,Credit Card,21.4,0.12,2.57,8.2
INV-101694,D,Bradford,Normal,Male,Dairy & Eggs,1.83,2,0.18,3.84,08/11/2025,14:35:35,Mobile Wallet,3.66,0.08,0.29,4.0
INV-101695,B,Salford,Member,Female,Health & Wellness,14.87,2,1.49,31.23,12/07/2025,18:45:41,Mobile Wallet,29.74,0.22,6.54,7.3
INV-101696,C,Leeds,Member,Male,Beverages,2.74,5,0.69,14.39,20/08/2025,17:22:30,Cash,13.7,0.12,1.64,8.1
INV-101697,D,Bradford,Member,Male,Baby Products,15.77,3,2.37,49.68,01/01/2025,11:42:17,Mobile Wallet,47.31,0.16,7.57,8.5
INV-101698,A,Manchester,Member,Male,Dairy & Eggs,3.26,3,0.49,10.27,02/11/2025,16:59:00,Credit Card,9.78,0.08,0.78,6.9
INV-101699,A,Manchester,Normal,Female,Fresh Produce,6.96,1,0.35,7.31,04/06/2025,18:05:30,Mobile Wallet,6.96,0.09,0.63,5.5
INV-101700,A,Manchester,Member,Male,Personal Care,2.77,6,0.83,17.45,24/04/2025,16:49:41,Credit Card,16.62,0.2,3.32,6.0
INV-101701,B,Salford,Member,Male,Fresh Produce,1.96,6,0.59,12.35,12/01/2025,20:37:41,Credit Card,11.76,0.09,1.06,6.1
INV-101702,C,Leeds,Member,Female,Dairy & Eggs,2.82,3,0.42,8.88,18/02/2025,17:36:26,Credit Card,8.46,0.08,0.68,7.7
INV-101703,A,Manchester,Member,Male,Health & Wellness,25.98,7,9.09,190.95,02/07/2025,19:49:59,Mobile Wallet,181.86,0.22,40.01,8.1
INV-101704,B,Salford,Normal,Female,Dairy & Eggs,6.73,9,3.03,63.6,16/05/2025,21:14:11,Cash,60.57,0.08,4.85,6.2
INV-101705,C,Leeds,Member,Female,Frozen Foods,8.46,5,2.11,44.41,30/04/2025,20:01:15,Credit Card,42.3,0.11,4.65,7.2
INV-101706,C,Leeds,Member,Male,Health & Wellness,20.77,2,2.08,43.62,17/02/2025,15:44:17,Credit Card,41.54,0.22,9.14,6.9
INV-101707,D,Bradford,Member,Female,Frozen Foods,10.49,3,1.57,33.04,09/02/2025,10:53:27,Debit Card,31.47,0.11,3.46,6.9
INV-101708,C,Leeds,Member,Male,Fresh Produce,6.46,5,1.61,33.91,30/03/2025,15:22:47,Debit Card,32.3,0.09,2.91,7.2
INV-101709,D,Bradford,Member,Female,Bakery,2.29,4,0.46,9.62,01/11/2025,11:18:06,Credit Card,9.16,0.1,0.92,6.5
INV-101710,C,Leeds,Member,Female,Baby Products,8.33,1,0.42,8.75,23/10/2025,20:36:22,Mobile Wallet,8.33,0.16,1.33,6.7
INV-101711,D,Bradford,Normal,Female,Health & Wellness,28.4,1,1.42,29.82,29/01/2025,16:26:18,Mobile Wallet,28.4,0.22,6.25,5.3
INV-101712,C,Leeds,Member,Male,Personal Care,21.98,2,2.2,46.16,11/08/2025,15:57:57,Credit Card,43.96,0.2,8.79,7.7
INV-101713,D,Bradford,Member,Female,Snacks,5.5,4,1.1,23.1,27/04/2025,15:57:42,Cash,22.0,0.15,3.3,4.9
INV-101714,A,Manchester,Normal,Male,Snacks,3.06,2,0.31,6.43,28/01/2025,17:07:04,Debit Card,6.12,0.15,0.92,5.6
INV-101715,C,Leeds,Member,Female,Health & Wellness,9.92,6,2.98,62.5,13/06/2025,19:26:24,Debit Card,59.52,0.22,13.09,7.3
INV-101716,B,Salford,Normal,Male,Dairy & Eggs,6.39,1,0.32,6.71,15/09/2025,13:17:46,Credit Card,6.39,0.08,0.51,8.4
INV-101717,B,Salford,Normal,Female,Baby Products,17.22,9,7.75,162.73,26/01/2025,19:18:00,Cash,154.98,0.16,24.8,6.6
INV-101718,D,Bradford,Normal,Male,Snacks,1.8,1,0.09,1.89,01/11/2025,16:37:03,Cash,1.8,0.15,0.27,5.4
INV-101719,A,Manchester,Normal,Female,Snacks,0.88,3,0.13,2.77,10/08/2025,16:31:52,Cash,2.64,0.15,0.4,4.9
INV-101720,C,Leeds,Member,Male,Frozen Foods,2.47,8,0.99,20.75,17/03/2025,17:24:38,Cash,19.76,0.11,2.17,5.6
INV-101721,B,Salford,Normal,Male,Personal Care,17.26,7,6.04,126.86,12/02/2025,19:58:36,Credit Card,120.82,0.2,24.16,7.6
INV-101722,D,Bradford,Member,Female,Fresh Produce,3.0,2,0.3,6.3,08/10/2025,10:07:49,Mobile Wallet,6.0,0.09,0.54,8.1
INV-101723,D,Bradford,Normal,Male,Bakery,1.64,1,0.08,1.72,13/02/2025,10:40:18,Debit Card,1.64,0.1,0.16,6.7
INV-101724,D,Bradford,Member,Male,Frozen Foods,7.97,5,1.99,41.84,24/12/2025,18:25:39,Credit Card,39.85,0.11,4.38,5.2
INV-101725,B,Salford,Member,Female,Bakery,7.24,5,1.81,38.01,04/09/2025,20:21:33,Cash,36.2,0.1,3.62,9.3
INV-101726,B,Salford,Normal,Male,Dairy & Eggs,6.99,2,0.7,14.68,22/07/2025,13:42:13,Debit Card,13.98,0.08,1.12,6.1
INV-101727,B,Salford,Normal,Female,Personal Care,8.63,10,4.32,90.62,05/05/2025,08:46:07,Credit Card,86.3,0.2,17.26,6.4
INV-101728,A,Manchester,Member,Male,Bakery,1.44,2,0.14,3.02,09/08/2025,10:02:03,Credit Card,2.88,0.1,0.29,6.9
INV-101729,C,Leeds,Member,Female,Snacks,3.34,3,0.5,10.52,27/02/2025,12:32:13,Debit Card,10.02,0.15,1.5,7.7
INV-101730,D,Bradford,Member,Male,Household,14.23,4,2.85,59.77,07/07/2025,19:46:41,Mobile Wallet,56.92,0.18,10.25,7.8
INV-101731,C,Leeds,Member,Female,Health & Wellness,22.19,4,4.44,93.2,14/06/2025,15:33:45,Mobile Wallet,88.76,0.22,19.53,6.3
INV-101732,C,Leeds,Member,Female,Frozen Foods,7.57,3,1.14,23.85,06/06/2025,14:22:45,Debit Card,22.71,0.11,2.5,6.8
INV-101733,B,Salford,Normal,Male,Baby Products,12.29,2,1.23,25.81,12/11/2025,16:04:58,Credit Card,24.58,0.16,3.93,5.6
INV-101734,D,Bradford,Member,Female,Dairy & Eggs,1.96,1,0.1,2.06,14/08/2025,17:58:08,Cash,1.96,0.08,0.16,6.1
INV-101735,A,Manchester,Member,Female,Beverages,10.36,7,3.63,76.15,13/04/2025,13:55:44,Debit Card,72.52,0.12,8.7,5.6
INV-101736,C,Leeds,Member,Female,Household,6.52,8,2.61,54.77,13/02/2025,19:16:55,Debit Card,52.16,0.18,9.39,6.8
INV-101737,A,Manchester,Member,Female,Personal Care,23.98,3,3.6,75.54,05/05/2025,15:00:53,Credit Card,71.94,0.2,14.39,7.5
INV-101738,B,Salford,Member,Male,Frozen Foods,4.38,4,0.88,18.4,08/01/2025,11:46:51,Mobile Wallet,17.52,0.11,1.93,6.0
INV-101739,C,Leeds,Member,Female,Beverages,7.29,7,2.55,53.58,06/06/2025,21:25:41,Cash,51.03,0.12,6.12,7.2
INV-101740,D,Bradford,Member,Male,Snacks,4.6,3,0.69,14.49,12/01/2025,16:27:23,Cash,13.8,0.15,2.07,4.9
INV-101741,C,Leeds,Member,Female,Bakery,5.61,6,1.68,35.34,03/10/2025,15:01:13,Mobile Wallet,33.66,0.1,3.37,7.7
INV-101742,B,Salford,Member,Female,Dairy & Eggs,3.06,3,0.46,9.64,07/10/2025,13:04:49,Debit Card,9.18,0.08,0.73,7.5
INV-101743,C,Leeds,Member,Male,Frozen Foods,5.03,6,1.51,31.69,15/11/2025,13:53:09,Credit Card,30.18,0.11,3.32,6.1
INV-101744,B,Salford,Member,Female,Snacks,0.74,6,0.22,4.66,12/07/2025,17:46:35,Credit Card,4.44,0.15,0.67,8.1
INV-101745,A,Manchester,Normal,Male,Fresh Produce,3.42,4,0.68,14.36,29/03/2025,16:13:13,Debit Card,13.68,0.09,1.23,7.6
INV-101746,A,Manchester,Member,Male,Dairy & Eggs,6.29,3,0.94,19.81,13/04/2025,10:53:23,Credit Card,18.87,0.08,1.51,4.8
INV-101747,C,Leeds,Normal,Female,Baby Products,12.55,4,2.51,52.71,27/08/2025,16:42:52,Debit Card,50.2,0.16,8.03,7.6
INV-101748,A,Manchester,Normal,Female,Personal Care,6.3,6,1.89,39.69,18/07/2025,14:08:22,Mobile Wallet,37.8,0.2,7.56,7.5
INV-101749,C,Leeds,Normal,Male,Bakery,6.66,5,1.67,34.97,25/02/2025,17:20:33,Debit Card,33.3,0.1,3.33,7.0
INV-101750,A,Manchester,Normal,Male,Dairy & Eggs,5.31,4,1.06,22.3,29/11/2025,19:47:55,Credit Card,21.24,0.08,1.7,7.7
INV-101751,D,Bradford,Member,Female,Household,17.79,11,9.78,205.47,14/07/2025,11:24:29,Credit Card,195.69,0.18,35.22,6.2
INV-101752,A,Manchester,Normal,Male,Household,7.98,1,0.4,8.38,06/09/2025,19:29:09,Credit Card,7.98,0.18,1.44,4.3
INV-101753,A,Manchester,Member,Female,Household,21.87,9,9.84,206.67,12/04/2025,11:25:25,Cash,196.83,0.18,35.43,8.9
INV-101754,D,Bradford,Member,Female,Bakery,1.67,5,0.42,8.77,21/01/2025,12:44:44,Debit Card,8.35,0.1,0.83,6.2
INV-101755,B,Salford,Member,Male,Snacks,5.75,8,2.3,48.3,20/06/2025,15:45:50,Debit Card,46.0,0.15,6.9,6.5
INV-101756,D,Bradford,Normal,Male,Health & Wellness,4.03,10,2.02,42.32,22/03/2025,19:18:45,Cash,40.3,0.22,8.87,5.2
INV-101757,A,Manchester,Member,Male,Beverages,5.07,6,1.52,31.94,17/12/2025,21:48:54,Debit Card,30.42,0.12,3.65,7.0
INV-101758,C,Leeds,Member,Male,Household,14.29,4,2.86,60.02,17/11/2025,08:37:55,Cash,57.16,0.18,10.29,7.3
INV-101759,C,Leeds,Member,Female,Dairy & Eggs,3.38,7,1.18,24.84,14/09/2025,11:58:39,Debit Card,23.66,0.08,1.89,6.3
INV-101760,C,Leeds,Normal,Female,Household,20.0,9,9.0,189.0,17/11/2025,15:34:07,Mobile Wallet,180.0,0.18,32.4,6.3
INV-101761,C,Leeds,Normal,Male,Baby Products,34.28,3,5.14,107.98,16/01/2025,20:46:39,Debit Card,102.84,0.16,16.45,8.3
INV-101762,C,Leeds,Member,Female,Snacks,6.07,2,0.61,12.75,19/03/2025,15:22:47,Cash,12.14,0.15,1.82,8.4
INV-101763,C,Leeds,Normal,Male,Household,6.3,8,2.52,52.92,03/12/2025,15:25:56,Credit Card,50.4,0.18,9.07,6.5
INV-101764,B,Salford,Member,Female,Household,17.26,6,5.18,108.74,15/07/2025,16:42:55,Debit Card,103.56,0.18,18.64,6.1
INV-101765,B,Salford,Normal,Male,Household,16.1,6,4.83,101.43,04/05/2025,17:14:16,Credit Card,96.6,0.18,17.39,5.6
INV-101766,B,Salford,Normal,Male,Health & Wellness,11.61,7,4.06,85.33,09/06/2025,12:25:00,Cash,81.27,0.22,17.88,7.2
INV-101767,C,Leeds,Normal,Male,Frozen Foods,12.72,8,5.09,106.85,05/10/2025,14:56:21,Cash,101.76,0.11,11.19,7.5
INV-101768,B,Salford,Member,Female,Dairy & Eggs,4.9,6,1.47,30.87,01/12/2025,12:09:54,Cash,29.4,0.08,2.35,5.9
INV-101769,B,Salford,Member,Female,Dairy & Eggs,4.11,7,1.44,30.21,12/03/2025,11:35:51,Debit Card,28.77,0.08,2.3,6.1
INV-101770,C,Leeds,Normal,Female,Personal Care,11.11,8,4.44,93.32,09/08/2025,14:06:50,Mobile Wallet,88.88,0.2,17.78,6.2
INV-101771,B,Salford,Normal,Female,Baby Products,9.6,1,0.48,10.08,12/06/2025,12:14:02,Cash,9.6,0.16,1.54,7.4
INV-101772,A,Manchester,Normal,Female,Household,12.12,1,0.61,12.73,05/04/2025,20:47:19,Debit Card,12.12,0.18,2.18,7.7
INV-101773,C,Leeds,Normal,Female,Dairy & Eggs,3.77,2,0.38,7.92,16/01/2025,11:06:46,Credit Card,7.54,0.08,0.6,7.9
INV-101774,C,Leeds,Member,Male,Bakery,1.92,3,0.29,6.05,30/07/2025,13:20:58,Mobile Wallet,5.76,0.1,0.58,7.6
INV-101775,C,Leeds,Normal,Male,Snacks,1.69,3,0.25,5.32,23/11/2025,18:52:54,Debit Card,5.07,0.15,0.76,7.6
INV-101776,C,Leeds,Normal,Female,Frozen Foods,12.89,8,5.16,108.28,07/04/2025,20:31:44,Debit Card,103.12,0.11,11.34,7.1
INV-101777,A,Manchester,Member,Female,Health & Wellness,9.5,5,2.38,49.88,05/04/2025,12:41:23,Debit Card,47.5,0.22,10.45,7.8
INV-101778,A,Manchester,Normal,Male,Household,21.82,5,5.46,114.56,07/11/2025,13:50:19,Credit Card,109.1,0.18,19.64,6.5
INV-101779,B,Salford,Member,Female,Personal Care,16.09,12,9.65,202.73,29/04/2025,17:16:00,Credit Card,193.08,0.2,38.62,9.3
INV-101780,A,Manchester,Normal,Male,Dairy & Eggs,6.71,5,1.68,35.23,10/02/2025,09:24:38,Cash,33.55,0.08,2.68,6.3
INV-101781,D,Bradford,Member,Female,Health & Wellness,21.41,2,2.14,44.96,15/09/2025,17:40:44,Debit Card,42.82,0.22,9.42,8.2
INV-101782,D,Bradford,Normal,Male,Snacks,4.08,5,1.02,21.42,05/04/2025,13:41:45,Cash,20.4,0.15,3.06,5.2
INV-101783,D,Bradford,Member,Male,Bakery,5.38,2,0.54,11.3,31/08/2025,14:38:11,Debit Card,10.76,0.1,1.08,7.5
INV-101784,B,Salford,Member,Female,Health & Wellness,14.46,6,4.34,91.1,09/04/2025,17:24:03,Credit Card,86.76,0.22,19.09,5.9
INV-101785,B,Salford,Member,Female,Baby Products,17.72,3,2.66,55.82,29/07/2025,15:38:18,Mobile Wallet,53.16,0.16,8.51,5.1
INV-101786,A,Manchester,Normal,Male,Fresh Produce,3.03,4,0.61,12.73,31/07/2025,14:20:51,Mobile Wallet,12.12,0.09,1.09,6.5
INV-101787,B,Salford,Normal,Female,Snacks,2.71,1,0.14,2.85,15/04/2025,21:15:20,Mobile Wallet,2.71,0.15,0.41,6.6
INV-101788,A,Manchester,Normal,Female,Frozen Foods,12.53,3,1.88,39.47,13/08/2025,21:41:59,Mobile Wallet,37.59,0.11,4.13,6.4
INV-101789,D,Bradford,Member,Male,Dairy & Eggs,6.68,2,0.67,14.03,23/08/2025,19:16:33,Credit Card,13.36,0.08,1.07,7.9
INV-101790,B,Salford,Member,Male,Beverages,11.04,13,7.18,150.7,27/07/2025,17:24:45,Mobile Wallet,143.52,0.12,17.22,6.1
INV-101791,A,Manchester,Member,Male,Snacks,2.04,1,0.1,2.14,10/06/2025,14:25:18,Debit Card,2.04,0.15,0.31,6.3
INV-101792,D,Bradford,Member,Female,Household,8.5,1,0.43,8.93,24/09/2025,13:52:07,Cash,8.5,0.18,1.53,7.7
INV-101793,A,Manchester,Member,Male,Dairy & Eggs,4.1,8,1.64,34.44,22/08/2025,11:39:04,Credit Card,32.8,0.08,2.62,6.4
INV-101794,A,Manchester,Normal,Female,Frozen Foods,15.33,11,8.43,177.06,23/09/2025,12:52:12,Mobile Wallet,168.63,0.11,18.55,5.3
INV-101795,D,Bradford,Member,Female,Snacks,4.47,7,1.56,32.85,13/10/2025,11:13:32,Credit Card,31.29,0.15,4.69,5.1
INV-101796,D,Bradford,Normal,Female,Fresh Produce,7.27,2,0.73,15.27,08/04/2025,13:36:46,Mobile Wallet,14.54,0.09,1.31,5.2
INV-101797,C,Leeds,Member,Male,Snacks,2.61,5,0.65,13.7,23/07/2025,18:07:23,Debit Card,13.05,0.15,1.96,7.2
INV-101798,C,Leeds,Member,Male,Fresh Produce,12.1,6,3.63,76.23,25/08/2025,16:43:53,Mobile Wallet,72.6,0.09,6.53,6.0
INV-101799,B,Salford,Member,Male,Personal Care,18.78,1,0.94,19.72,31/05/2025,19:29:55,Debit Card,18.78,0.2,3.76,6.9
INV-101800,A,Manchester,Member,Female,Bakery,10.12,7,3.54,74.38,26/08/2025,12:59:47,Credit Card,70.84,0.1,7.08,8.0
INV-101801,D,Bradford,Member,Female,Snacks,1.29,2,0.13,2.71,14/09/2025,11:17:12,Cash,2.58,0.15,0.39,7.1
INV-101802,A,Manchester,Member,Female,Household,11.31,7,3.96,83.13,27/10/2025,21:41:56,Credit Card,79.17,0.18,14.25,6.1
INV-101803,B,Salford,Normal,Male,Personal Care,22.31,5,5.58,117.13,31/07/2025,19:49:58,Debit Card,111.55,0.2,22.31,6.6
INV-101804,C,Leeds,Normal,Male,Personal Care,23.57,2,2.36,49.5,13/01/2025,10:30:16,Credit Card,47.14,0.2,9.43,7.2
INV-101805,B,Salford,Normal,Male,Snacks,6.35,5,1.59,33.34,30/10/2025,08:10:33,Debit Card,31.75,0.15,4.76,7.1
INV-101806,B,Salford,Normal,Male,Beverages,5.61,1,0.28,5.89,16/02/2025,10:15:28,Mobile Wallet,5.61,0.12,0.67,8.6
INV-101807,C,Leeds,Member,Male,Bakery,5.68,4,1.14,23.86,21/12/2025,13:39:52,Credit Card,22.72,0.1,2.27,7.7
INV-101808,B,Salford,Member,Female,Snacks,5.07,2,0.51,10.65,16/02/2025,16:12:38,Debit Card,10.14,0.15,1.52,6.5
INV-101809,A,Manchester,Member,Male,Fresh Produce,8.03,7,2.81,59.02,21/11/2025,16:09:53,Debit Card,56.21,0.09,5.06,7.8
INV-101810,C,Leeds,Member,Female,Frozen Foods,9.43,7,3.3,69.31,26/09/2025,13:15:46,Credit Card,66.01,0.11,7.26,6.4
INV-101811,D,Bradford,Normal,Female,Frozen Foods,1.99,1,0.1,2.09,13/07/2025,15:43:25,Debit Card,1.99,0.11,0.22,5.7
INV-101812,D,Bradford,Member,Female,Bakery,3.77,4,0.75,15.83,29/03/2025,16:58:32,Cash,15.08,0.1,1.51,9.2
INV-101813,C,Leeds,Member,Female,Dairy & Eggs,6.99,2,0.7,14.68,25/03/2025,10:49:15,Debit Card,13.98,0.08,1.12,7.7
INV-101814,B,Salford,Member,Female,Dairy & Eggs,7.31,2,0.73,15.35,31/12/2025,09:41:00,Credit Card,14.62,0.08,1.17,7.6
INV-101815,A,Manchester,Normal,Male,Household,10.38,7,3.63,76.29,07/06/2025,14:50:45,Mobile Wallet,72.66,0.18,13.08,4.7
INV-101816,C,Leeds,Member,Male,Household,18.58,8,7.43,156.07,28/05/2025,13:35:06,Debit Card,148.64,0.18,26.76,7.1
INV-101817,B,Salford,Normal,Female,Health & Wellness,21.57,9,9.71,203.84,09/03/2025,16:48:10,Debit Card,194.13,0.22,42.71,5.2
INV-101818,B,Salford,Member,Female,Bakery,10.97,5,2.74,57.59,15/11/2025,16:09:33,Debit Card,54.85,0.1,5.49,6.9
INV-101819,C,Leeds,Member,Female,Dairy & Eggs,6.81,4,1.36,28.6,23/08/2025,14:33:15,Mobile Wallet,27.24,0.08,2.18,7.4
INV-101820,D,Bradford,Normal,Male,Personal Care,20.53,5,5.13,107.78,06/10/2025,20:29:49,Debit Card,102.65,0.2,20.53,7.1
INV-101821,A,Manchester,Member,Male,Frozen Foods,2.67,10,1.33,28.03,02/05/2025,14:48:40,Mobile Wallet,26.7,0.11,2.94,6.1
INV-101822,B,Salford,Normal,Male,Frozen Foods,17.95,3,2.69,56.54,21/08/2025,20:54:18,Mobile Wallet,53.85,0.11,5.92,5.9
INV-101823,D,Bradford,Member,Male,Beverages,10.82,6,3.25,68.17,10/02/2025,17:22:12,Debit Card,64.92,0.12,7.79,6.1
INV-101824,A,Manchester,Member,Female,Health & Wellness,4.48,4,0.9,18.82,08/10/2025,21:34:12,Credit Card,17.92,0.22,3.94,8.9
INV-101825,C,Leeds,Member,Female,Beverages,12.35,10,6.18,129.68,26/01/2025,15:45:24,Debit Card,123.5,0.12,14.82,7.4
INV-101826,B,Salford,Normal,Female,Dairy & Eggs,1.1,4,0.22,4.62,29/01/2025,19:50:36,Mobile Wallet,4.4,0.08,0.35,6.8
INV-101827,C,Leeds,Member,Female,Fresh Produce,11.13,9,5.01,105.18,16/03/2025,16:56:58,Debit Card,100.17,0.09,9.02,8.0
INV-101828,A,Manchester,Member,Male,Beverages,11.61,3,1.74,36.57,19/06/2025,13:06:15,Mobile Wallet,34.83,0.12,4.18,8.6
INV-101829,A,Manchester,Normal,Female,Snacks,4.32,8,1.73,36.29,25/02/2025,12:32:09,Debit Card,34.56,0.15,5.18,5.7
INV-101830,D,Bradford,Normal,Female,Snacks,6.01,3,0.9,18.93,24/03/2025,15:33:59,Debit Card,18.03,0.15,2.7,5.1
INV-101831,C,Leeds,Member,Female,Dairy & Eggs,1.16,5,0.29,6.09,22/08/2025,08:15:52,Credit Card,5.8,0.08,0.46,9.3
INV-101832,C,Leeds,Member,Female,Beverages,3.54,6,1.06,22.3,17/02/2025,19:08:04,Debit Card,21.24,0.12,2.55,6.7
INV-101833,C,Leeds,Normal,Male,Household,11.26,6,3.38,70.94,08/07/2025,14:57:02,Credit Card,67.56,0.18,12.16,7.4
INV-101834,D,Bradford,Member,Female,Bakery,3.04,3,0.46,9.58,07/08/2025,16:33:32,Credit Card,9.12,0.1,0.91,6.3
INV-101835,A,Manchester,Normal,Male,Health & Wellness,29.61,6,8.88,186.54,30/08/2025,15:53:04,Credit Card,177.66,0.22,39.09,7.9
INV-101836,B,Salford,Member,Female,Household,15.8,8,6.32,132.72,22/12/2025,16:47:52,Credit Card,126.4,0.18,22.75,8.2
INV-101837,C,Leeds,Member,Male,Dairy & Eggs,6.06,3,0.91,19.09,27/09/2025,09:16:20,Debit Card,18.18,0.08,1.45,7.9
INV-101838,D,Bradford,Member,Female,Household,18.72,5,4.68,98.28,23/12/2025,20:11:55,Cash,93.6,0.18,16.85,5.1
INV-101839,B,Salford,Member,Female,Beverages,7.22,5,1.81,37.91,25/02/2025,15:31:11,Mobile Wallet,36.1,0.12,4.33,8.3
INV-101840,A,Manchester,Normal,Male,Health & Wellness,25.01,1,1.25,26.26,19/12/2025,19:29:15,Debit Card,25.01,0.22,5.5,5.3
INV-101841,C,Leeds,Normal,Male,Personal Care,12.88,1,0.64,13.52,08/11/2025,10:42:54,Cash,12.88,0.2,2.58,4.8
INV-101842,C,Leeds,Normal,Male,Dairy & Eggs,2.98,5,0.75,15.65,27/09/2025,16:45:19,Credit Card,14.9,0.08,1.19,6.5
INV-101843,C,Leeds,Normal,Female,Household,11.14,1,0.56,11.7,11/11/2025,14:56:12,Debit Card,11.14,0.18,2.01,6.9
INV-101844,D,Bradford,Normal,Male,Snacks,5.65,10,2.83,59.33,10/09/2025,15:20:45,Debit Card,56.5,0.15,8.47,5.7
INV-101845,B,Salford,Member,Female,Snacks,4.52,10,2.26,47.46,29/12/2025,20:02:29,Credit Card,45.2,0.15,6.78,6.1
INV-101846,C,Leeds,Normal,Female,Beverages,12.07,5,3.02,63.37,01/01/2025,15:14:00,Debit Card,60.35,0.12,7.24,9.1
INV-101847,A,Manchester,Member,Female,Beverages,1.4,5,0.35,7.35,27/08/2025,14:05:23,Debit Card,7.0,0.12,0.84,7.2
INV-101848,A,Manchester,Member,Female,Bakery,9.86,5,2.46,51.76,12/11/2025,16:55:14,Credit Card,49.3,0.1,4.93,7.1
INV-101849,D,Bradford,Member,Male,Snacks,2.85,3,0.43,8.98,24/01/2025,16:00:38,Credit Card,8.55,0.15,1.28,7.6
INV-101850,C,Leeds,Member,Male,Personal Care,5.63,1,0.28,5.91,14/10/2025,16:36:12,Debit Card,5.63,0.2,1.13,8.1
INV-101851,B,Salford,Member,Female,Frozen Foods,11.65,5,2.91,61.16,24/11/2025,19:08:31,Debit Card,58.25,0.11,6.41,7.7
INV-101852,B,Salford,Member,Male,Personal Care,17.53,8,7.01,147.25,11/05/2025,16:42:32,Mobile Wallet,140.24,0.2,28.05,8.7
INV-101853,A,Manchester,Normal,Male,Bakery,1.57,7,0.55,11.54,03/06/2025,11:21:44,Credit Card,10.99,0.1,1.1,6.0
INV-101854,C,Leeds,Member,Female,Beverages,1.8,3,0.27,5.67,28/02/2025,13:18:21,Credit Card,5.4,0.12,0.65,5.2
INV-101855,C,Leeds,Member,Male,Bakery,10.3,2,1.03,21.63,22/07/2025,09:23:26,Cash,20.6,0.1,2.06,7.0
INV-101856,A,Manchester,Normal,Female,Fresh Produce,3.14,6,0.94,19.78,10/04/2025,19:00:33,Credit Card,18.84,0.09,1.7,6.1
INV-101857,C,Leeds,Normal,Male,Baby Products,30.25,3,4.54,95.29,11/12/2025,17:10:34,Credit Card,90.75,0.16,14.52,6.6
INV-101858,D,Bradford,Normal,Male,Baby Products,23.89,7,8.36,175.59,19/01/2025,15:32:40,Credit Card,167.23,0.16,26.76,7.7
INV-101859,B,Salford,Member,Male,Fresh Produce,0.91,2,0.09,1.91,21/03/2025,10:01:00,Debit Card,1.82,0.09,0.16,4.3
INV-101860,D,Bradford,Normal,Male,Household,11.43,5,2.86,60.01,25/08/2025,10:34:35,Debit Card,57.15,0.18,10.29,7.8
INV-101861,D,Bradford,Member,Female,Baby Products,4.38,1,0.22,4.6,24/09/2025,12:17:23,Cash,4.38,0.16,0.7,6.6
INV-101862,C,Leeds,Normal,Male,Fresh Produce,7.56,2,0.76,15.88,12/10/2025,20:22:52,Mobile Wallet,15.12,0.09,1.36,6.4
INV-101863,A,Manchester,Normal,Female,Household,3.54,3,0.53,11.15,23/10/2025,14:24:07,Cash,10.62,0.18,1.91,6.7
INV-101864,C,Leeds,Member,Male,Beverages,3.54,6,1.06,22.3,03/02/2025,15:46:39,Cash,21.24,0.12,2.55,5.2
INV-101865,B,Salford,Member,Male,Baby Products,18.03,4,3.61,75.73,16/01/2025,13:04:06,Debit Card,72.12,0.16,11.54,8.2
INV-101866,C,Leeds,Member,Male,Household,11.31,2,1.13,23.75,17/11/2025,12:28:01,Debit Card,22.62,0.18,4.07,6.7
INV-101867,B,Salford,Member,Male,Snacks,0.93,5,0.23,4.88,06/04/2025,13:28:59,Debit Card,4.65,0.15,0.7,5.6
INV-101868,A,Manchester,Member,Male,Frozen Foods,19.3,1,0.97,20.27,28/12/2025,16:37:10,Debit Card,19.3,0.11,2.12,9.6
INV-101869,C,Leeds,Member,Female,Fresh Produce,7.83,10,3.92,82.22,20/05/2025,17:31:54,Credit Card,78.3,0.09,7.05,7.1
INV-101870,D,Bradford,Member,Female,Dairy & Eggs,1.14,7,0.4,8.38,12/09/2025,09:31:10,Cash,7.98,0.08,0.64,7.8
INV-101871,B,Salford,Normal,Male,Fresh Produce,11.92,1,0.6,12.52,20/08/2025,12:11:37,Debit Card,11.92,0.09,1.07,5.8
INV-101872,C,Leeds,Member,Female,Baby Products,7.93,6,2.38,49.96,26/09/2025,20:25:50,Mobile Wallet,47.58,0.16,7.61,9.3
INV-101873,C,Leeds,Member,Female,Fresh Produce,5.35,11,2.94,61.79,27/02/2025,13:29:12,Debit Card,58.85,0.09,5.3,6.8
INV-101874,C,Leeds,Member,Female,Dairy & Eggs,4.24,7,1.48,31.16,14/04/2025,19:24:37,Credit Card,29.68,0.08,2.37,8.3
INV-101875,A,Manchester,Normal,Male,Baby Products,31.5,2,3.15,66.15,17/09/2025,16:35:31,Credit Card,63.0,0.16,10.08,6.5
INV-101876,A,Manchester,Member,Male,Bakery,6.03,2,0.6,12.66,14/09/2025,10:17:38,Credit Card,12.06,0.1,1.21,7.3
INV-101877,B,Salford,Member,Female,Health & Wellness,16.19,7,5.67,119.0,24/06/2025,12:53:07,Mobile Wallet,113.33,0.22,24.93,5.4
INV-101878,D,Bradford,Normal,Male,Beverages,0.95,5,0.24,4.99,17/06/2025,11:40:08,Credit Card,4.75,0.12,0.57,5.5
INV-101879,B,Salford,Normal,Female,Beverages,13.1,1,0.66,13.76,22/09/2025,16:55:09,Debit Card,13.1,0.12,1.57,6.7
INV-101880,B,Salford,Member,Female,Beverages,4.39,9,1.98,41.49,19/01/2025,14:08:06,Debit Card,39.51,0.12,4.74,7.5
INV-101881,D,Bradford,Member,Male,Snacks,0.55,5,0.14,2.89,25/09/2025,16:54:52,Credit Card,2.75,0.15,0.41,6.9
INV-101882,A,Manchester,Member,Female,Personal Care,4.92,4,0.98,20.66,09/06/2025,16:46:15,Credit Card,19.68,0.2,3.94,5.2
INV-101883,A,Manchester,Normal,Female,Household,6.96,8,2.78,58.46,20/06/2025,18:46:51,Credit Card,55.68,0.18,10.02,9.2
INV-101884,D,Bradford,Member,Female,Snacks,3.68,3,0.55,11.59,22/02/2025,21:33:26,Debit Card,11.04,0.15,1.66,7.6
INV-101885,C,Leeds,Member,Female,Beverages,10.06,9,4.53,95.07,23/10/2025,15:24:43,Debit Card,90.54,0.12,10.86,6.8
INV-101886,C,Leeds,Member,Female,Snacks,5.12,8,2.05,43.01,14/06/2025,14:21:14,Credit Card,40.96,0.15,6.14,6.8
INV-101887,B,Salford,Normal,Female,Fresh Produce,5.41,6,1.62,34.08,27/05/2025,21:57:33,Credit Card,32.46,0.09,2.92,6.8
INV-101888,C,Leeds,Normal,Male,Fresh Produce,7.07,7,2.47,51.96,14/08/2025,19:22:56,Debit Card,49.49,0.09,4.45,7.0
INV-101889,A,Manchester,Normal,Male,Beverages,11.23,2,1.12,23.58,18/03/2025,14:26:24,Mobile Wallet,22.46,0.12,2.7,7.7
INV-101890,B,Salford,Member,Male,Beverages,3.88,5,0.97,20.37,28/02/2025,10:28:47,Debit Card,19.4,0.12,2.33,6.0
INV-101891,A,Manchester,Member,Female,Fresh Produce,4.28,7,1.5,31.46,16/04/2025,14:10:24,Cash,29.96,0.09,2.7,7.5
INV-101892,C,Leeds,Member,Male,Fresh Produce,8.97,1,0.45,9.42,19/05/2025,12:05:27,Mobile Wallet,8.97,0.09,0.81,5.8
INV-101893,B,Salford,Normal,Male,Dairy & Eggs,5.53,2,0.55,11.61,21/10/2025,15:01:37,Mobile Wallet,11.06,0.08,0.88,7.3
INV-101894,B,Salford,Normal,Female,Health & Wellness,16.48,3,2.47,51.91,06/02/2025,14:34:22,Credit Card,49.44,0.22,10.88,6.5
INV-101895,C,Leeds,Normal,Male,Household,5.64,11,3.1,65.14,04/10/2025,15:41:37,Debit Card,62.04,0.18,11.17,6.5
INV-101896,D,Bradford,Normal,Female,Baby Products,35.2,3,5.28,110.88,08/03/2025,16:54:22,Debit Card,105.6,0.16,16.9,4.8
INV-101897,A,Manchester,Normal,Male,Personal Care,20.77,5,5.19,109.04,12/12/2025,19:16:33,Mobile Wallet,103.85,0.2,20.77,5.5
INV-101898,A,Manchester,Normal,Female,Frozen Foods,1.76,4,0.35,7.39,16/07/2025,17:47:29,Credit Card,7.04,0.11,0.77,5.8
INV-101899,A,Manchester,Normal,Female,Baby Products,21.62,9,9.73,204.31,07/08/2025,17:32:27,Credit Card,194.58,0.16,31.13,6.4
INV-101900,D,Bradford,Normal,Female,Health & Wellness,35.26,5,8.82,185.12,27/12/2025,12:39:47,Credit Card,176.3,0.22,38.79,5.8
INV-101901,D,Bradford,Normal,Male,Beverages,6.86,5,1.71,36.01,09/06/2025,16:21:26,Debit Card,34.3,0.12,4.12,7.5
INV-101902,C,Leeds,Normal,Female,Fresh Produce,7.01,8,2.8,58.88,10/12/2025,12:57:06,Debit Card,56.08,0.09,5.05,6.1
INV-101903,A,Manchester,Member,Male,Snacks,5.29,5,1.32,27.77,18/10/2025,13:07:23,Mobile Wallet,26.45,0.15,3.97,7.2
INV-101904,B,Salford,Normal,Female,Household,3.79,3,0.57,11.94,24/12/2025,14:37:18,Cash,11.37,0.18,2.05,5.6
INV-101905,D,Bradford,Member,Female,Dairy & Eggs,2.16,1,0.11,2.27,22/08/2025,20:13:16,Debit Card,2.16,0.08,0.17,9.2
INV-101906,C,Leeds,Member,Male,Snacks,4.23,7,1.48,31.09,29/08/2025,10:15:58,Credit Card,29.61,0.15,4.44,7.0
INV-101907,B,Salford,Normal,Female,Health & Wellness,13.56,10,6.78,142.38,15/03/2025,08:26:31,Mobile Wallet,135.6,0.22,29.83,5.4
INV-101908,C,Leeds,Normal,Male,Personal Care,25.7,4,5.14,107.94,20/07/2025,15:08:07,Credit Card,102.8,0.2,20.56,5.2
INV-101909,B,Salford,Normal,Male,Household,21.66,7,7.58,159.2,16/06/2025,21:30:49,Debit Card,151.62,0.18,27.29,6.8
INV-101910,D,Bradford,Normal,Male,Household,16.52,5,4.13,86.73,16/01/2025,17:09:53,Cash,82.6,0.18,14.87,6.6
INV-101911,A,Manchester,Member,Male,Health & Wellness,19.17,1,0.96,20.13,27/02/2025,10:53:01,Credit Card,19.17,0.22,4.22,6.8
INV-101912,C,Leeds,Member,Male,Health & Wellness,14.1,4,2.82,59.22,25/08/2025,16:12:08,Mobile Wallet,56.4,0.22,12.41,8.5
INV-101913,B,Salford,Normal,Male,Personal Care,6.91,3,1.04,21.77,28/06/2025,14:30:16,Debit Card,20.73,0.2,4.15,5.8
INV-101914,B,Salford,Member,Female,Snacks,2.88,10,1.44,30.24,27/07/2025,19:17:11,Debit Card,28.8,0.15,4.32,6.3
INV-101915,A,Manchester,Member,Male,Personal Care,4.68,3,0.7,14.74,12/10/2025,09:48:37,Debit Card,14.04,0.2,2.81,4.4
INV-101916,A,Manchester,Member,Male,Baby Products,18.52,3,2.78,58.34,30/09/2025,08:59:07,Debit Card,55.56,0.16,8.89,8.1
INV-101917,D,Bradford,Member,Male,Beverages,3.78,5,0.94,19.84,30/10/2025,21:05:46,Credit Card,18.9,0.12,2.27,6.5
INV-101918,D,Bradford,Normal,Female,Health & Wellness,18.73,2,1.87,39.33,14/11/2025,11:04:06,Credit Card,37.46,0.22,8.24,9.2
INV-101919,B,Salford,Member,Female,Beverages,11.46,8,4.58,96.26,04/09/2025,17:01:15,Debit Card,91.68,0.12,11.0,7.7
INV-101920,D,Bradford,Normal,Female,Snacks,2.89,8,1.16,24.28,24/06/2025,14:59:11,Mobile Wallet,23.12,0.15,3.47,4.7
INV-101921,B,Salford,Normal,Male,Household,21.63,4,4.33,90.85,11/08/2025,18:45:56,Credit Card,86.52,0.18,15.57,6.1
INV-101922,C,Leeds,Member,Female,Baby Products,22.09,2,2.21,46.39,30/03/2025,15:31:22,Cash,44.18,0.16,7.07,8.1
INV-101923,A,Manchester,Member,Male,Dairy & Eggs,7.94,2,0.79,16.67,28/02/2025,09:59:26,Debit Card,15.88,0.08,1.27,7.2
INV-101924,D,Bradford,Member,Male,Health & Wellness,14.96,2,1.5,31.42,12/10/2025,11:35:32,Debit Card,29.92,0.22,6.58,6.4
INV-101925,A,Manchester,Member,Male,Household,15.23,1,0.76,15.99,01/04/2025,08:40:01,Credit Card,15.23,0.18,2.74,5.5
INV-101926,C,Leeds,Member,Male,Health & Wellness,28.49,6,8.55,179.49,05/02/2025,14:09:18,Credit Card,170.94,0.22,37.61,8.4
INV-101927,A,Manchester,Member,Male,Personal Care,20.5,1,1.03,21.53,17/06/2025,15:59:20,Debit Card,20.5,0.2,4.1,7.4
INV-101928,D,Bradford,Normal,Female,Health & Wellness,10.73,3,1.61,33.8,16/02/2025,13:34:26,Mobile Wallet,32.19,0.22,7.08,4.5
INV-101929,B,Salford,Normal,Female,Dairy & Eggs,4.48,8,1.79,37.63,25/10/2025,17:57:44,Debit Card,35.84,0.08,2.87,4.5
INV-101930,A,Manchester,Normal,Female,Snacks,1.37,4,0.27,5.75,05/12/2025,21:36:52,Debit Card,5.48,0.15,0.82,6.2
INV-101931,B,Salford,Member,Male,Snacks,1.51,4,0.3,6.34,30/09/2025,11:03:40,Mobile Wallet,6.04,0.15,0.91,7.0
INV-101932,C,Leeds,Member,Male,Fresh Produce,12.42,8,4.97,104.33,12/11/2025,12:11:24,Mobile Wallet,99.36,0.09,8.94,6.1
INV-101933,D,Bradford,Normal,Female,Health & Wellness,14.87,12,8.92,187.36,16/04/2025,14:44:00,Credit Card,178.44,0.22,39.26,7.4
INV-101934,C,Leeds,Member,Male,Personal Care,18.13,4,3.63,76.15,19/10/2025,15:15:01,Mobile Wallet,72.52,0.2,14.5,6.3
INV-101935,C,Leeds,Normal,Male,Beverages,10.9,3,1.64,34.34,26/06/2025,20:23:38,Debit Card,32.7,0.12,3.92,9.1
INV-101936,A,Manchester,Member,Female,Health & Wellness,14.11,8,5.64,118.52,10/11/2025,12:58:30,Cash,112.88,0.22,24.83,9.3
INV-101937,D,Bradford,Member,Female,Personal Care,6.97,9,3.14,65.87,31/05/2025,17:11:23,Cash,62.73,0.2,12.55,5.8
INV-101938,A,Manchester,Member,Male,Personal Care,5.09,5,1.27,26.72,09/10/2025,15:50:33,Cash,25.45,0.2,5.09,7.7
INV-101939,A,Manchester,Member,Female,Snacks,0.91,6,0.27,5.73,27/12/2025,10:08:46,Debit Card,5.46,0.15,0.82,6.9
INV-101940,C,Leeds,Member,Female,Beverages,0.69,10,0.35,7.25,25/05/2025,18:15:09,Cash,6.9,0.12,0.83,6.1
INV-101941,A,Manchester,Member,Female,Health & Wellness,35.04,4,7.01,147.17,10/08/2025,13:19:16,Mobile Wallet,140.16,0.22,30.84,8.6
INV-101942,D,Bradford,Member,Male,Personal Care,12.05,2,1.21,25.31,31/12/2025,14:09:56,Credit Card,24.1,0.2,4.82,8.5
INV-101943,D,Bradford,Member,Male,Dairy & Eggs,4.03,4,0.81,16.93,15/07/2025,20:39:14,Debit Card,16.12,0.08,1.29,9.1
INV-101944,D,Bradford,Member,Female,Frozen Foods,16.29,5,4.07,85.52,06/12/2025,10:15:35,Credit Card,81.45,0.11,8.96,8.6
INV-101945,B,Salford,Normal,Male,Health & Wellness,30.08,5,7.52,157.92,13/03/2025,11:15:54,Credit Card,150.4,0.22,33.09,7.8
INV-101946,B,Salford,Member,Male,Baby Products,25.55,1,1.28,26.83,04/07/2025,12:10:11,Cash,25.55,0.16,4.09,7.8
INV-101947,D,Bradford,Member,Female,Household,16.67,1,0.83,17.5,28/05/2025,20:22:08,Debit Card,16.67,0.18,3.0,9.3
INV-101948,B,Salford,Member,Female,Beverages,9.69,1,0.48,10.17,06/01/2025,10:47:33,Mobile Wallet,9.69,0.12,1.16,6.4
INV-101949,A,Manchester,Normal,Female,Health & Wellness,11.68,2,1.17,24.53,15/03/2025,21:07:01,Credit Card,23.36,0.22,5.14,5.0
INV-101950,D,Bradford,Member,Male,Beverages,13.37,8,5.35,112.31,11/03/2025,16:01:30,Credit Card,106.96,0.12,12.84,5.8
INV-101951,A,Manchester,Normal,Female,Fresh Produce,4.63,5,1.16,24.31,25/11/2025,15:54:11,Credit Card,23.15,0.09,2.08,7.5
INV-101952,D,Bradford,Normal,Male,Health & Wellness,13.79,5,3.45,72.4,23/12/2025,14:15:03,Debit Card,68.95,0.22,15.17,6.9
INV-101953,D,Bradford,Normal,Female,Snacks,6.15,1,0.31,6.46,21/08/2025,10:33:23,Credit Card,6.15,0.15,0.92,7.2
INV-101954,D,Bradford,Normal,Male,Snacks,1.3,8,0.52,10.92,16/07/2025,16:04:38,Debit Card,10.4,0.15,1.56,6.1
INV-101955,C,Leeds,Normal,Female,Beverages,7.03,2,0.7,14.76,06/04/2025,16:26:16,Debit Card,14.06,0.12,1.69,6.2
INV-101956,D,Bradford,Member,Female,Bakery,5.88,10,2.94,61.74,23/10/2025,14:54:40,Credit Card,58.8,0.1,5.88,8.7
INV-101957,D,Bradford,Normal,Female,Fresh Produce,7.17,5,1.79,37.64,31/12/2025,14:40:55,Debit Card,35.85,0.09,3.23,7.3
INV-101958,C,Leeds,Member,Male,Dairy & Eggs,2.98,8,1.19,25.03,07/10/2025,09:18:40,Credit Card,23.84,0.08,1.91,5.3
INV-101959,C,Leeds,Member,Female,Snacks,6.03,5,1.51,31.66,20/01/2025,09:58:13,Cash,30.15,0.15,4.52,7.6
INV-101960,D,Bradford,Normal,Male,Snacks,3.0,10,1.5,31.5,27/02/2025,08:40:44,Cash,30.0,0.15,4.5,4.4
INV-101961,D,Bradford,Member,Female,Fresh Produce,6.01,4,1.2,25.24,14/03/2025,11:36:38,Cash,24.04,0.09,2.16,7.0
INV-101962,C,Leeds,Member,Male,Personal Care,21.22,5,5.3,111.4,22/09/2025,14:49:30,Credit Card,106.1,0.2,21.22,6.7
INV-101963,A,Manchester,Member,Female,Beverages,10.23,6,3.07,64.45,06/05/2025,10:47:17,Cash,61.38,0.12,7.37,6.4
INV-101964,D,Bradford,Member,Female,Fresh Produce,12.26,4,2.45,51.49,17/12/2025,14:30:37,Cash,49.04,0.09,4.41,5.9
INV-101965,C,Leeds,Normal,Female,Snacks,6.07,10,3.04,63.74,25/06/2025,14:28:36,Credit Card,60.7,0.15,9.11,6.5
INV-101966,A,Manchester,Member,Male,Health & Wellness,34.35,2,3.44,72.14,21/08/2025,09:11:03,Credit Card,68.7,0.22,15.11,6.5
INV-101967,D,Bradford,Member,Male,Beverages,8.86,8,3.54,74.42,04/08/2025,17:20:12,Debit Card,70.88,0.12,8.51,6.7
INV-101968,C,Leeds,Member,Male,Snacks,2.02,5,0.51,10.61,29/05/2025,17:59:12,Credit Card,10.1,0.15,1.51,6.4
INV-101969,B,Salford,Member,Female,Health & Wellness,37.63,1,1.88,39.51,22/12/2025,10:27:27,Credit Card,37.63,0.22,8.28,6.1
INV-101970,C,Leeds,Normal,Male,Dairy & Eggs,4.77,3,0.72,15.03,01/02/2025,14:22:32,Debit Card,14.31,0.08,1.14,4.0
INV-101971,D,Bradford,Normal,Female,Dairy & Eggs,4.84,4,0.97,20.33,21/10/2025,14:41:36,Cash,19.36,0.08,1.55,6.3
INV-101972,A,Manchester,Member,Male,Frozen Foods,18.14,2,1.81,38.09,16/11/2025,17:36:22,Cash,36.28,0.11,3.99,7.1
INV-101973,A,Manchester,Member,Male,Snacks,6.76,3,1.01,21.29,06/09/2025,16:02:08,Debit Card,20.28,0.15,3.04,7.8
INV-101974,A,Manchester,Member,Female,Dairy & Eggs,7.16,10,3.58,75.18,16/09/2025,17:00:02,Cash,71.6,0.08,5.73,7.1
INV-101975,A,Manchester,Normal,Male,Bakery,1.06,4,0.21,4.45,10/05/2025,21:52:01,Cash,4.24,0.1,0.42,7.1
INV-101976,B,Salford,Member,Male,Snacks,2.47,9,1.11,23.34,21/05/2025,17:54:53,Debit Card,22.23,0.15,3.33,7.0
INV-101977,C,Leeds,Normal,Female,Fresh Produce,7.38,1,0.37,7.75,27/02/2025,11:31:57,Debit Card,7.38,0.09,0.66,5.0
INV-101978,B,Salford,Member,Female,Snacks,6.06,5,1.52,31.82,04/12/2025,18:02:47,Debit Card,30.3,0.15,4.54,6.6
INV-101979,D,Bradford,Member,Male,Household,10.32,9,4.64,97.52,31/03/2025,19:35:06,Debit Card,92.88,0.18,16.72,7.9
INV-101980,C,Leeds,Member,Female,Dairy & Eggs,3.66,2,0.37,7.69,06/09/2025,09:13:04,Mobile Wallet,7.32,0.08,0.59,8.6
INV-101981,B,Salford,Normal,Female,Beverages,11.91,13,7.74,162.57,25/06/2025,14:17:00,Debit Card,154.83,0.12,18.58,5.1
INV-101982,A,Manchester,Member,Female,Fresh Produce,11.08,3,1.66,34.9,01/11/2025,15:11:27,Mobile Wallet,33.24,0.09,2.99,6.1
INV-101983,B,Salford,Member,Male,Baby Products,21.07,4,4.21,88.49,31/07/2025,20:30:22,Debit Card,84.28,0.16,13.48,6.6
INV-101984,D,Bradford,Normal,Female,Bakery,3.63,4,0.73,15.25,05/12/2025,19:43:36,Mobile Wallet,14.52,0.1,1.45,5.9
INV-101985,D,Bradford,Member,Female,Frozen Foods,2.52,6,0.76,15.88,18/04/2025,12:32:04,Credit Card,15.12,0.11,1.66,5.9
INV-101986,C,Leeds,Normal,Female,Frozen Foods,4.25,5,1.06,22.31,25/11/2025,16:59:41,Debit Card,21.25,0.11,2.34,6.9
INV-101987,C,Leeds,Member,Female,Baby Products,33.91,11,18.65,391.66,27/01/2025,14:19:02,Debit Card,373.01,0.16,59.68,7.2
INV-101988,B,Salford,Normal,Male,Personal Care,16.18,2,1.62,33.98,24/07/2025,15:45:31,Debit Card,32.36,0.2,6.47,7.4
INV-101989,D,Bradford,Normal,Male,Baby Products,11.66,2,1.17,24.49,01/09/2025,19:51:44,Mobile Wallet,23.32,0.16,3.73,7.5
INV-101990,B,Salford,Member,Male,Household,9.81,11,5.4,113.31,16/12/2025,08:34:51,Debit Card,107.91,0.18,19.42,10.0
INV-101991,D,Bradford,Normal,Male,Snacks,4.57,2,0.46,9.6,15/05/2025,17:48:23,Cash,9.14,0.15,1.37,7.3
INV-101992,B,Salford,Normal,Male,Baby Products,11.17,3,1.68,35.19,07/01/2025,17:23:32,Credit Card,33.51,0.16,5.36,6.3
INV-101993,C,Leeds,Member,Male,Bakery,10.06,4,2.01,42.25,15/07/2025,18:08:56,Cash,40.24,0.1,4.02,5.7
INV-101994,C,Leeds,Member,Female,Snacks,5.99,2,0.6,12.58,19/02/2025,20:11:03,Credit Card,11.98,0.15,1.8,6.6
INV-101995,C,Leeds,Member,Male,Household,19.39,5,4.85,101.8,09/11/2025,13:43:14,Debit Card,96.95,0.18,17.45,5.6
INV-101996,C,Leeds,Member,Male,Health & Wellness,22.91,2,2.29,48.11,19/05/2025,18:20:20,Credit Card,45.82,0.22,10.08,5.8
INV-101997,C,Leeds,Normal,Female,Snacks,4.66,9,2.1,44.04,11/05/2025,12:11:21,Mobile Wallet,41.94,0.15,6.29,5.8
INV-101998,D,Bradford,Member,Male,Baby Products,21.48,2,2.15,45.11,12/12/2025,17:02:33,Cash,42.96,0.16,6.87,7.0
INV-101999,B,Salford,Normal,Female,Health & Wellness,11.89,12,7.13,149.81,24/09/2025,20:32:20,Debit Card,142.68,0.22,31.39,7.3
INV-102000,C,Leeds,Member,Female,Fresh Produce,4.89,5,1.22,25.67,10/06/2025,13:07:53,Mobile Wallet,24.45,0.09,2.2,5.5
INV-102001,A,Manchester,Normal,Female,Baby Products,14.83,5,3.71,77.86,04/02/2025,21:56:37,Credit Card,74.15,0.16,11.86,6.9
INV-102002,A,Manchester,Member,Male,Personal Care,9.77,6,2.93,61.55,20/02/2025,17:29:40,Cash,58.62,0.2,11.72,7.2
INV-102003,A,Manchester,Member,Male,Fresh Produce,3.16,4,0.63,13.27,29/06/2025,20:25:18,Credit Card,12.64,0.09,1.14,7.3
INV-102004,B,Salford,Member,Male,Bakery,8.49,2,0.85,17.83,09/05/2025,17:38:19,Cash,16.98,0.1,1.7,7.2
INV-102005,B,Salford,Member,Female,Baby Products,26.45,8,10.58,222.18,13/01/2025,19:56:32,Mobile Wallet,211.6,0.16,33.86,8.8
INV-102006,A,Manchester,Member,Female,Personal Care,29.19,3,4.38,91.95,01/11/2025,19:44:57,Cash,87.57,0.2,17.51,5.7
INV-102007,B,Salford,Member,Female,Frozen Foods,8.44,7,2.95,62.03,29/12/2025,13:39:42,Cash,59.08,0.11,6.5,4.8
INV-102008,A,Manchester,Normal,Female,Bakery,5.88,7,2.06,43.22,06/11/2025,16:38:57,Mobile Wallet,41.16,0.1,4.12,8.7
INV-102009,B,Salford,Member,Male,Snacks,2.92,5,0.73,15.33,03/12/2025,13:37:01,Mobile Wallet,14.6,0.15,2.19,7.8
INV-102010,B,Salford,Member,Female,Frozen Foods,11.63,2,1.16,24.42,23/12/2025,13:43:34,Debit Card,23.26,0.11,2.56,6.6
INV-102011,B,Salford,Member,Male,Frozen Foods,14.91,12,8.95,187.87,31/05/2025,17:05:55,Debit Card,178.92,0.11,19.68,8.3
INV-102012,D,Bradford,Normal,Female,Frozen Foods,15.12,3,2.27,47.63,24/11/2025,10:32:42,Mobile Wallet,45.36,0.11,4.99,8.1
INV-102013,D,Bradford,Member,Male,Dairy & Eggs,3.74,1,0.19,3.93,07/08/2025,19:22:53,Cash,3.74,0.08,0.3,8.0
INV-102014,C,Leeds,Member,Male,Household,9.49,3,1.42,29.89,24/03/2025,20:18:48,Debit Card,28.47,0.18,5.12,9.4
INV-102015,A,Manchester,Member,Male,Baby Products,31.1,2,3.11,65.31,01/02/2025,19:32:58,Debit Card,62.2,0.16,9.95,6.8
INV-102016,D,Bradford,Normal,Male,Health & Wellness,34.69,3,5.2,109.27,20/06/2025,15:45:20,Debit Card,104.07,0.22,22.9,8.1
INV-102017,A,Manchester,Normal,Male,Health & Wellness,23.57,2,2.36,49.5,16/05/2025,18:55:55,Mobile Wallet,47.14,0.22,10.37,7.4
INV-102018,B,Salford,Member,Male,Fresh Produce,7.6,4,1.52,31.92,05/02/2025,21:06:49,Credit Card,30.4,0.09,2.74,6.2
INV-102019,D,Bradford,Member,Female,Fresh Produce,1.81,7,0.63,13.3,09/11/2025,20:23:29,Cash,12.67,0.09,1.14,7.6
INV-102020,D,Bradford,Normal,Female,Beverages,6.93,4,1.39,29.11,27/11/2025,18:59:48,Cash,27.72,0.12,3.33,6.3
INV-102021,D,Bradford,Normal,Female,Dairy & Eggs,3.46,9,1.56,32.7,15/03/2025,12:32:20,Credit Card,31.14,0.08,2.49,6.1
INV-102022,D,Bradford,Member,Female,Bakery,5.02,3,0.75,15.81,11/11/2025,12:32:10,Cash,15.06,0.1,1.51,9.8
INV-102023,A,Manchester,Normal,Male,Dairy & Eggs,1.97,4,0.39,8.27,13/05/2025,16:51:01,Cash,7.88,0.08,0.63,4.7
INV-102024,A,Manchester,Member,Female,Beverages,5.92,7,2.07,43.51,07/02/2025,11:21:52,Debit Card,41.44,0.12,4.97,5.6
INV-102025,A,Manchester,Member,Male,Personal Care,14.12,11,7.77,163.09,17/08/2025,20:21:45,Cash,155.32,0.2,31.06,6.8
INV-102026,A,Manchester,Normal,Male,Beverages,7.62,10,3.81,80.01,18/03/2025,12:17:21,Mobile Wallet,76.2,0.12,9.14,7.6
INV-102027,A,Manchester,Member,Female,Baby Products,35.01,7,12.25,257.32,07/12/2025,14:00:38,Debit Card,245.07,0.16,39.21,6.9
INV-102028,D,Bradford,Normal,Male,Health & Wellness,25.6,10,12.8,268.8,19/03/2025,14:21:30,Debit Card,256.0,0.22,56.32,6.3
INV-102029,C,Leeds,Member,Male,Fresh Produce,7.34,3,1.1,23.12,22/10/2025,18:27:12,Debit Card,22.02,0.09,1.98,7.2
INV-102030,A,Manchester,Member,Male,Baby Products,30.78,6,9.23,193.91,02/09/2025,14:51:38,Debit Card,184.68,0.16,29.55,6.2
INV-102031,D,Bradford,Normal,Male,Personal Care,4.56,1,0.23,4.79,05/02/2025,11:18:31,Credit Card,4.56,0.2,0.91,6.1
INV-102032,B,Salford,Normal,Female,Fresh Produce,2.75,1,0.14,2.89,16/07/2025,10:09:16,Debit Card,2.75,0.09,0.25,7.9
INV-102033,D,Bradford,Member,Female,Bakery,2.23,7,0.78,16.39,18/10/2025,14:43:13,Debit Card,15.61,0.1,1.56,7.8
INV-102034,C,Leeds,Normal,Male,Personal Care,14.35,2,1.44,30.14,16/12/2025,12:27:06,Debit Card,28.7,0.2,5.74,4.5
INV-102035,C,Leeds,Member,Male,Baby Products,4.36,8,1.74,36.62,29/01/2025,19:46:57,Debit Card,34.88,0.16,5.58,7.3
INV-102036,A,Manchester,Normal,Male,Bakery,7.97,2,0.8,16.74,01/10/2025,14:26:49,Cash,15.94,0.1,1.59,6.6
INV-102037,C,Leeds,Member,Female,Household,3.22,2,0.32,6.76,24/08/2025,13:16:41,Credit Card,6.44,0.18,1.16,5.4
INV-102038,C,Leeds,Member,Female,Bakery,6.92,2,0.69,14.53,01/04/2025,14:30:10,Debit Card,13.84,0.1,1.38,6.7
INV-102039,A,Manchester,Member,Male,Beverages,7.1,7,2.49,52.19,05/12/2025,12:38:43,Credit Card,49.7,0.12,5.96,8.3
INV-102040,B,Salford,Normal,Male,Beverages,10.91,6,3.27,68.73,23/12/2025,16:46:05,Mobile Wallet,65.46,0.12,7.86,7.0
INV-102041,D,Bradford,Member,Female,Household,3.43,3,0.51,10.8,19/11/2025,14:58:12,Credit Card,10.29,0.18,1.85,7.4
INV-102042,C,Leeds,Member,Male,Snacks,5.85,10,2.93,61.43,13/02/2025,10:40:55,Mobile Wallet,58.5,0.15,8.78,7.6
INV-102043,D,Bradford,Member,Female,Household,9.46,5,2.36,49.66,13/03/2025,09:38:41,Debit Card,47.3,0.18,8.51,7.4
INV-102044,A,Manchester,Normal,Female,Snacks,6.59,4,1.32,27.68,13/01/2025,19:22:04,Debit Card,26.36,0.15,3.95,6.7
INV-102045,B,Salford,Member,Male,Health & Wellness,26.99,9,12.15,255.06,19/07/2025,10:55:08,Debit Card,242.91,0.22,53.44,4.7
INV-102046,A,Manchester,Member,Male,Snacks,1.76,9,0.79,16.63,13/09/2025,08:14:37,Cash,15.84,0.15,2.38,7.5
INV-102047,D,Bradford,Normal,Female,Snacks,5.97,3,0.9,18.81,19/01/2025,12:45:41,Credit Card,17.91,0.15,2.69,5.6
INV-102048,C,Leeds,Normal,Female,Household,5.73,2,0.57,12.03,22/06/2025,11:45:58,Debit Card,11.46,0.18,2.06,7.4
INV-102049,A,Manchester,Member,Male,Frozen Foods,15.89,4,3.18,66.74,02/03/2025,11:08:54,Mobile Wallet,63.56,0.11,6.99,6.5
INV-102050,B,Salford,Member,Male,Fresh Produce,9.01,10,4.5,94.6,14/12/2025,17:27:15,Mobile Wallet,90.1,0.09,8.11,5.2
INV-102051,B,Salford,Normal,Female,Health & Wellness,12.06,1,0.6,12.66,06/02/2025,12:21:02,Cash,12.06,0.22,2.65,8.0
INV-102052,A,Manchester,Member,Female,Baby Products,25.29,5,6.32,132.77,08/09/2025,12:38:23,Mobile Wallet,126.45,0.16,20.23,7.3
INV-102053,A,Manchester,Member,Male,Beverages,5.2,4,1.04,21.84,13/11/2025,16:31:25,Credit Card,20.8,0.12,2.5,4.6
INV-102054,A,Manchester,Normal,Female,Health & Wellness,25.64,7,8.97,188.45,26/12/2025,20:39:45,Credit Card,179.48,0.22,39.49,6.3
INV-102055,B,Salford,Normal,Female,Beverages,4.94,5,1.24,25.94,30/03/2025,14:09:34,Credit Card,24.7,0.12,2.96,9.6
INV-102056,A,Manchester,Normal,Male,Beverages,8.29,9,3.73,78.34,19/02/2025,14:46:26,Cash,74.61,0.12,8.95,5.1
INV-102057,D,Bradford,Normal,Female,Baby Products,25.01,4,5.0,105.04,30/10/2025,12:15:36,Mobile Wallet,100.04,0.16,16.01,7.6
INV-102058,A,Manchester,Member,Female,Fresh Produce,1.17,1,0.06,1.23,28/02/2025,20:01:07,Credit Card,1.17,0.09,0.11,10.0
INV-102059,D,Bradford,Member,Female,Health & Wellness,18.02,1,0.9,18.92,02/02/2025,19:50:45,Debit Card,18.02,0.22,3.96,7.3
INV-102060,B,Salford,Normal,Male,Personal Care,6.02,5,1.51,31.61,22/06/2025,17:53:11,Mobile Wallet,30.1,0.2,6.02,4.7
INV-102061,D,Bradford,Normal,Male,Household,13.83,3,2.07,43.56,03/03/2025,14:32:03,Cash,41.49,0.18,7.47,7.5
INV-102062,B,Salford,Normal,Male,Beverages,11.09,2,1.11,23.29,20/04/2025,15:42:19,Credit Card,22.18,0.12,2.66,5.7
INV-102063,A,Manchester,Normal,Female,Dairy & Eggs,3.61,7,1.26,26.53,21/06/2025,18:21:53,Cash,25.27,0.08,2.02,7.9
INV-102064,A,Manchester,Normal,Female,Dairy & Eggs,7.54,3,1.13,23.75,21/05/2025,12:35:40,Credit Card,22.62,0.08,1.81,4.8
INV-102065,B,Salford,Normal,Male,Baby Products,37.52,11,20.64,433.36,28/03/2025,15:28:14,Debit Card,412.72,0.16,66.04,6.7
INV-102066,C,Leeds,Member,Female,Dairy & Eggs,7.7,11,4.24,88.94,13/08/2025,13:05:50,Mobile Wallet,84.7,0.08,6.78,6.3
INV-102067,B,Salford,Member,Female,Dairy & Eggs,2.65,6,0.8,16.7,10/03/2025,12:53:37,Mobile Wallet,15.9,0.08,1.27,4.9
INV-102068,A,Manchester,Member,Male,Dairy & Eggs,4.81,4,0.96,20.2,22/03/2025,20:44:26,Debit Card,19.24,0.08,1.54,5.3
INV-102069,A,Manchester,Member,Male,Baby Products,34.95,4,6.99,146.79,11/02/2025,20:42:03,Debit Card,139.8,0.16,22.37,6.7
INV-102070,A,Manchester,Normal,Female,Household,19.92,3,2.99,62.75,02/04/2025,19:58:52,Cash,59.76,0.18,10.76,5.7
INV-102071,A,Manchester,Member,Male,Baby Products,24.29,1,1.21,25.5,02/08/2025,21:44:50,Credit Card,24.29,0.16,3.89,7.8
INV-102072,D,Bradford,Member,Female,Snacks,5.73,2,0.57,12.03,16/04/2025,18:47:17,Debit Card,11.46,0.15,1.72,5.0
INV-102073,B,Salford,Normal,Male,Dairy & Eggs,3.62,2,0.36,7.6,25/09/2025,10:27:33,Debit Card,7.24,0.08,0.58,6.8
INV-102074,D,Bradford,Normal,Male,Bakery,8.72,3,1.31,27.47,03/05/2025,14:22:16,Credit Card,26.16,0.1,2.62,6.6
INV-102075,B,Salford,Member,Female,Snacks,3.03,6,0.91,19.09,02/11/2025,20:35:51,Mobile Wallet,18.18,0.15,2.73,6.2
INV-102076,B,Salford,Member,Male,Personal Care,20.63,3,3.09,64.98,10/11/2025,11:38:54,Cash,61.89,0.2,12.38,9.0
INV-102077,A,Manchester,Normal,Male,Beverages,8.64,6,2.59,54.43,28/06/2025,14:02:50,Mobile Wallet,51.84,0.12,6.22,7.2
INV-102078,D,Bradford,Member,Female,Snacks,4.36,7,1.53,32.05,13/10/2025,14:08:40,Mobile Wallet,30.52,0.15,4.58,7.1
INV-102079,B,Salford,Normal,Female,Snacks,1.11,8,0.44,9.32,02/03/2025,20:43:20,Debit Card,8.88,0.15,1.33,5.8
INV-102080,A,Manchester,Member,Male,Baby Products,8.31,4,1.66,34.9,04/10/2025,09:42:37,Debit Card,33.24,0.16,5.32,6.2
INV-102081,B,Salford,Normal,Male,Frozen Foods,5.47,4,1.09,22.97,17/11/2025,09:47:04,Debit Card,21.88,0.11,2.41,7.0
INV-102082,B,Salford,Member,Male,Household,17.14,1,0.86,18.0,28/01/2025,16:16:34,Mobile Wallet,17.14,0.18,3.09,6.7
INV-102083,B,Salford,Normal,Female,Health & Wellness,25.86,13,16.81,352.99,18/03/2025,09:58:30,Debit Card,336.18,0.22,73.96,4.6
INV-102084,D,Bradford,Member,Male,Household,9.54,9,4.29,90.15,01/04/2025,14:48:55,Mobile Wallet,85.86,0.18,15.45,6.5
INV-102085,B,Salford,Member,Female,Bakery,1.6,2,0.16,3.36,28/01/2025,18:01:34,Debit Card,3.2,0.1,0.32,7.7
INV-102086,C,Leeds,Normal,Male,Health & Wellness,16.51,2,1.65,34.67,18/04/2025,15:38:42,Credit Card,33.02,0.22,7.26,7.2
INV-102087,D,Bradford,Member,Male,Frozen Foods,6.22,7,2.18,45.72,21/06/2025,21:09:04,Mobile Wallet,43.54,0.11,4.79,8.8
INV-102088,D,Bradford,Normal,Female,Baby Products,24.36,2,2.44,51.16,23/02/2025,16:33:48,Debit Card,48.72,0.16,7.8,7.8
INV-102089,A,Manchester,Member,Female,Personal Care,16.41,3,2.46,51.69,22/03/2025,13:44:34,Mobile Wallet,49.23,0.2,9.85,7.3
INV-102090,A,Manchester,Member,Male,Frozen Foods,15.94,6,4.78,100.42,21/09/2025,20:31:58,Cash,95.64,0.11,10.52,6.2
INV-102091,A,Manchester,Member,Female,Household,18.48,2,1.85,38.81,01/05/2025,18:22:54,Debit Card,36.96,0.18,6.65,6.8
INV-102092,D,Bradford,Member,Male,Fresh Produce,5.6,10,2.8,58.8,03/08/2025,13:51:23,Cash,56.0,0.09,5.04,7.3
INV-102093,B,Salford,Member,Male,Beverages,11.44,5,2.86,60.06,28/04/2025,14:57:42,Credit Card,57.2,0.12,6.86,8.3
INV-102094,A,Manchester,Member,Male,Dairy & Eggs,4.88,7,1.71,35.87,27/04/2025,14:43:41,Cash,34.16,0.08,2.73,6.7
INV-102095,A,Manchester,Normal,Female,Health & Wellness,37.99,5,9.5,199.45,31/07/2025,19:49:39,Debit Card,189.95,0.22,41.79,6.2
INV-102096,B,Salford,Member,Male,Fresh Produce,10.47,4,2.09,43.97,23/04/2025,10:04:29,Debit Card,41.88,0.09,3.77,7.7
INV-102097,A,Manchester,Member,Male,Baby Products,35.81,5,8.95,188.0,27/10/2025,12:31:30,Debit Card,179.05,0.16,28.65,8.6
INV-102098,D,Bradford,Member,Female,Frozen Foods,2.52,2,0.25,5.29,12/08/2025,16:59:26,Debit Card,5.04,0.11,0.55,6.9
INV-102099,B,Salford,Member,Female,Baby Products,12.54,1,0.63,13.17,09/11/2025,17:52:27,Credit Card,12.54,0.16,2.01,8.2
INV-102100,D,Bradford,Member,Female,Snacks,2.2,9,0.99,20.79,18/07/2025,10:34:51,Mobile Wallet,19.8,0.15,2.97,6.1
INV-102101,C,Leeds,Member,Female,Personal Care,24.96,3,3.74,78.62,23/08/2025,16:42:49,Credit Card,74.88,0.2,14.98,7.1
INV-102102,B,Salford,Normal,Male,Fresh Produce,5.89,9,2.65,55.66,19/05/2025,15:52:33,Mobile Wallet,53.01,0.09,4.77,6.9
INV-102103,B,Salford,Normal,Male,Bakery,1.89,12,1.13,23.81,07/03/2025,17:14:15,Debit Card,22.68,0.1,2.27,6.8
INV-102104,A,Manchester,Member,Female,Beverages,11.47,8,4.59,96.35,24/05/2025,13:33:31,Credit Card,91.76,0.12,11.01,7.7
INV-102105,B,Salford,Normal,Female,Frozen Foods,4.78,6,1.43,30.11,27/08/2025,13:27:42,Mobile Wallet,28.68,0.11,3.15,6.1
INV-102106,D,Bradford,Normal,Male,Fresh Produce,9.62,1,0.48,10.1,29/03/2025,21:57:40,Cash,9.62,0.09,0.87,10.0
INV-102107,C,Leeds,Member,Female,Frozen Foods,5.1,7,1.79,37.49,01/06/2025,10:45:40,Credit Card,35.7,0.11,3.93,8.4
INV-102108,B,Salford,Member,Female,Dairy & Eggs,5.06,1,0.25,5.31,23/10/2025,09:31:24,Credit Card,5.06,0.08,0.4,6.9
INV-102109,B,Salford,Normal,Female,Personal Care,15.87,1,0.79,16.66,30/07/2025,15:43:47,Debit Card,15.87,0.2,3.17,5.7
INV-102110,D,Bradford,Normal,Female,Health & Wellness,19.93,4,3.99,83.71,30/10/2025,18:51:44,Mobile Wallet,79.72,0.22,17.54,7.4
INV-102111,D,Bradford,Normal,Male,Health & Wellness,28.29,6,8.49,178.23,23/05/2025,19:34:19,Credit Card,169.74,0.22,37.34,4.2
INV-102112,A,Manchester,Member,Male,Fresh Produce,6.28,6,1.88,39.56,07/05/2025,20:19:28,Cash,37.68,0.09,3.39,8.4
INV-102113,B,Salford,Member,Male,Frozen Foods,13.67,12,8.2,172.24,11/08/2025,19:22:39,Credit Card,164.04,0.11,18.04,6.9
INV-102114,B,Salford,Normal,Female,Bakery,4.05,1,0.2,4.25,21/10/2025,19:30:27,Mobile Wallet,4.05,0.1,0.41,5.9
INV-102115,A,Manchester,Normal,Male,Bakery,1.39,1,0.07,1.46,23/01/2025,14:41:50,Cash,1.39,0.1,0.14,6.4
INV-102116,A,Manchester,Member,Male,Dairy & Eggs,7.75,6,2.33,48.83,16/09/2025,10:25:30,Credit Card,46.5,0.08,3.72,6.0
INV-102117,A,Manchester,Member,Male,Snacks,6.85,2,0.69,14.39,29/09/2025,17:06:10,Debit Card,13.7,0.15,2.05,6.0
INV-102118,D,Bradford,Member,Male,Beverages,13.04,8,5.22,109.54,23/12/2025,16:56:47,Credit Card,104.32,0.12,12.52,8.9
INV-102119,A,Manchester,Normal,Male,Frozen Foods,16.11,10,8.05,169.15,11/09/2025,15:31:15,Cash,161.1,0.11,17.72,7.2
INV-102120,B,Salford,Member,Female,Frozen Foods,6.59,1,0.33,6.92,13/10/2025,20:18:30,Cash,6.59,0.11,0.72,5.9
INV-102121,A,Manchester,Normal,Male,Personal Care,7.67,1,0.38,8.05,22/04/2025,12:16:25,Debit Card,7.67,0.2,1.53,4.7
INV-102122,B,Salford,Member,Male,Baby Products,26.99,9,12.15,255.06,01/06/2025,21:01:37,Mobile Wallet,242.91,0.16,38.87,6.5
INV-102123,B,Salford,Member,Female,Household,9.91,3,1.49,31.22,09/01/2025,18:50:18,Debit Card,29.73,0.18,5.35,5.0
INV-102124,D,Bradford,Normal,Male,Snacks,6.03,6,1.81,37.99,24/03/2025,13:05:27,Debit Card,36.18,0.15,5.43,5.9
INV-102125,D,Bradford,Normal,Female,Fresh Produce,4.53,4,0.91,19.03,21/08/2025,10:35:06,Cash,18.12,0.09,1.63,5.1
INV-102126,D,Bradford,Member,Female,Snacks,2.35,1,0.12,2.47,27/12/2025,19:12:59,Mobile Wallet,2.35,0.15,0.35,7.1
INV-102127,D,Bradford,Normal,Female,Snacks,3.67,5,0.92,19.27,09/07/2025,18:57:00,Debit Card,18.35,0.15,2.75,5.0
INV-102128,D,Bradford,Normal,Female,Fresh Produce,8.26,1,0.41,8.67,18/11/2025,14:25:30,Debit Card,8.26,0.09,0.74,6.9
INV-102129,A,Manchester,Member,Male,Fresh Produce,3.54,8,1.42,29.74,20/12/2025,16:41:38,Cash,28.32,0.09,2.55,8.1
INV-102130,C,Leeds,Normal,Female,Dairy & Eggs,1.7,5,0.43,8.93,01/06/2025,18:14:32,Debit Card,8.5,0.08,0.68,7.2
INV-102131,D,Bradford,Member,Male,Household,17.71,5,4.43,92.98,24/12/2025,12:29:56,Debit Card,88.55,0.18,15.94,8.0
INV-102132,B,Salford,Member,Female,Household,13.99,5,3.5,73.45,14/11/2025,18:02:24,Cash,69.95,0.18,12.59,5.1
INV-102133,C,Leeds,Member,Female,Dairy & Eggs,6.01,2,0.6,12.62,21/09/2025,17:10:49,Credit Card,12.02,0.08,0.96,8.8
INV-102134,C,Leeds,Member,Female,Beverages,7.45,7,2.61,54.76,26/02/2025,18:02:38,Debit Card,52.15,0.12,6.26,6.5
INV-102135,D,Bradford,Normal,Male,Personal Care,21.85,4,4.37,91.77,27/08/2025,12:45:47,Credit Card,87.4,0.2,17.48,5.8
INV-102136,A,Manchester,Member,Male,Household,5.46,2,0.55,11.47,07/07/2025,14:11:29,Credit Card,10.92,0.18,1.97,6.3
INV-102137,B,Salford,Member,Female,Beverages,4.06,8,1.62,34.1,15/10/2025,15:09:49,Debit Card,32.48,0.12,3.9,8.1
INV-102138,B,Salford,Member,Female,Beverages,9.34,7,3.27,68.65,21/06/2025,19:16:12,Mobile Wallet,65.38,0.12,7.85,6.5
INV-102139,B,Salford,Member,Female,Baby Products,8.18,7,2.86,60.12,29/11/2025,11:09:10,Cash,57.26,0.16,9.16,4.5
INV-102140,D,Bradford,Normal,Female,Snacks,3.8,6,1.14,23.94,26/04/2025,15:59:00,Debit Card,22.8,0.15,3.42,6.6
INV-102141,C,Leeds,Normal,Male,Bakery,7.14,1,0.36,7.5,17/05/2025,17:04:33,Cash,7.14,0.1,0.71,8.4
INV-102142,D,Bradford,Member,Male,Personal Care,21.87,6,6.56,137.78,28/01/2025,14:23:09,Debit Card,131.22,0.2,26.24,6.4
INV-102143,A,Manchester,Normal,Male,Personal Care,7.43,12,4.46,93.62,26/06/2025,13:41:24,Cash,89.16,0.2,17.83,5.2
INV-102144,D,Bradford,Member,Male,Health & Wellness,21.63,6,6.49,136.27,14/09/2025,17:04:08,Credit Card,129.78,0.22,28.55,8.7
INV-102145,A,Manchester,Normal,Male,Baby Products,38.13,6,11.44,240.22,30/12/2025,11:16:12,Debit Card,228.78,0.16,36.6,6.0
INV-102146,C,Leeds,Member,Male,Baby Products,36.74,5,9.19,192.89,14/11/2025,09:09:52,Debit Card,183.7,0.16,29.39,4.7
INV-102147,C,Leeds,Member,Female,Bakery,9.51,6,2.85,59.91,07/04/2025,17:41:00,Mobile Wallet,57.06,0.1,5.71,6.7
INV-102148,D,Bradford,Member,Female,Fresh Produce,9.23,1,0.46,9.69,11/02/2025,17:00:52,Mobile Wallet,9.23,0.09,0.83,5.9
INV-102149,D,Bradford,Member,Female,Personal Care,6.73,4,1.35,28.27,28/05/2025,18:19:43,Credit Card,26.92,0.2,5.38,6.3
INV-102150,A,Manchester,Member,Female,Fresh Produce,3.64,7,1.27,26.75,26/03/2025,19:59:50,Mobile Wallet,25.48,0.09,2.29,7.2
INV-102151,C,Leeds,Member,Female,Bakery,2.19,2,0.22,4.6,23/12/2025,21:49:58,Debit Card,4.38,0.1,0.44,6.9
INV-102152,B,Salford,Normal,Male,Bakery,8.05,5,2.01,42.26,19/03/2025,15:27:11,Credit Card,40.25,0.1,4.03,4.8
INV-102153,B,Salford,Member,Female,Baby Products,18.14,4,3.63,76.19,31/05/2025,14:52:54,Cash,72.56,0.16,11.61,6.8
INV-102154,D,Bradford,Normal,Female,Beverages,2.68,2,0.27,5.63,31/08/2025,18:45:54,Mobile Wallet,5.36,0.12,0.64,5.3
INV-102155,C,Leeds,Normal,Male,Frozen Foods,6.34,11,3.49,73.23,16/08/2025,16:45:26,Mobile Wallet,69.74,0.11,7.67,6.8
INV-102156,A,Manchester,Member,Male,Beverages,12.96,8,5.18,108.86,07/04/2025,20:23:55,Debit Card,103.68,0.12,12.44,8.0
INV-102157,A,Manchester,Member,Female,Household,7.4,1,0.37,7.77,29/04/2025,15:21:38,Cash,7.4,0.18,1.33,7.5
INV-102158,C,Leeds,Member,Male,Household,5.44,4,1.09,22.85,24/10/2025,13:09:00,Cash,21.76,0.18,3.92,6.6
INV-102159,C,Leeds,Member,Male,Baby Products,9.06,2,0.91,19.03,06/09/2025,10:19:58,Debit Card,18.12,0.16,2.9,7.6
INV-102160,D,Bradford,Normal,Male,Frozen Foods,1.83,13,1.19,24.98,05/06/2025,18:09:45,Credit Card,23.79,0.11,2.62,6.5
INV-102161,B,Salford,Member,Male,Bakery,3.84,5,0.96,20.16,29/03/2025,18:02:00,Credit Card,19.2,0.1,1.92,7.9
INV-102162,C,Leeds,Normal,Female,Snacks,1.36,9,0.61,12.85,05/09/2025,15:53:32,Credit Card,12.24,0.15,1.84,6.7
INV-102163,C,Leeds,Member,Male,Dairy & Eggs,5.18,5,1.29,27.19,25/01/2025,19:57:57,Debit Card,25.9,0.08,2.07,4.8
INV-102164,B,Salford,Normal,Male,Health & Wellness,22.73,6,6.82,143.2,26/05/2025,17:07:15,Debit Card,136.38,0.22,30.0,5.6
INV-102165,D,Bradford,Member,Female,Frozen Foods,18.12,8,7.25,152.21,13/11/2025,20:49:13,Debit Card,144.96,0.11,15.95,6.8
INV-102166,B,Salford,Member,Male,Baby Products,5.79,2,0.58,12.16,04/04/2025,18:14:16,Debit Card,11.58,0.16,1.85,6.8
INV-102167,B,Salford,Normal,Female,Fresh Produce,7.98,6,2.39,50.27,24/03/2025,15:14:32,Credit Card,47.88,0.09,4.31,6.7
INV-102168,B,Salford,Normal,Female,Health & Wellness,10.66,5,2.67,55.97,22/01/2025,16:31:12,Cash,53.3,0.22,11.73,9.2
INV-102169,C,Leeds,Member,Female,Fresh Produce,10.8,5,2.7,56.7,14/08/2025,11:05:01,Credit Card,54.0,0.09,4.86,6.7
INV-102170,C,Leeds,Normal,Male,Baby Products,4.38,7,1.53,32.19,05/04/2025,19:53:50,Cash,30.66,0.16,4.91,8.5
INV-102171,B,Salford,Normal,Female,Personal Care,16.4,2,1.64,34.44,07/12/2025,09:02:54,Mobile Wallet,32.8,0.2,6.56,7.0
INV-102172,C,Leeds,Normal,Male,Beverages,13.68,13,8.89,186.73,17/03/2025,11:34:09,Debit Card,177.84,0.12,21.34,6.6
INV-102173,C,Leeds,Member,Male,Health & Wellness,29.69,6,8.91,187.05,04/10/2025,19:06:47,Debit Card,178.14,0.22,39.19,8.7
INV-102174,B,Salford,Normal,Male,Health & Wellness,23.76,2,2.38,49.9,04/03/2025,12:08:04,Debit Card,47.52,0.22,10.45,7.2
INV-102175,A,Manchester,Member,Male,Frozen Foods,16.25,8,6.5,136.5,13/09/2025,17:16:17,Credit Card,130.0,0.11,14.3,7.8
INV-102176,B,Salford,Normal,Male,Health & Wellness,16.63,1,0.83,17.46,13/06/2025,14:12:34,Debit Card,16.63,0.22,3.66,6.5
INV-102177,B,Salford,Normal,Female,Baby Products,30.04,3,4.51,94.63,07/10/2025,16:41:19,Credit Card,90.12,0.16,14.42,6.1
INV-102178,C,Leeds,Member,Male,Baby Products,39.02,9,17.56,368.74,31/08/2025,13:24:43,Credit Card,351.18,0.16,56.19,6.8
INV-102179,C,Leeds,Member,Female,Snacks,4.06,3,0.61,12.79,17/10/2025,11:18:43,Debit Card,12.18,0.15,1.83,7.1
INV-102180,D,Bradford,Member,Male,Baby Products,22.97,7,8.04,168.83,19/12/2025,16:47:13,Credit Card,160.79,0.16,25.73,6.0
INV-102181,A,Manchester,Normal,Male,Frozen Foods,6.33,8,2.53,53.17,21/01/2025,12:31:57,Cash,50.64,0.11,5.57,7.8
INV-102182,B,Salford,Normal,Female,Snacks,6.44,1,0.32,6.76,07/06/2025,15:39:53,Mobile Wallet,6.44,0.15,0.97,5.8
INV-102183,A,Manchester,Member,Male,Health & Wellness,9.32,7,3.26,68.5,13/11/2025,16:48:30,Debit Card,65.24,0.22,14.35,7.3
INV-102184,B,Salford,Normal,Male,Beverages,9.48,6,2.84,59.72,02/07/2025,10:05:42,Debit Card,56.88,0.12,6.83,6.7
INV-102185,A,Manchester,Normal,Male,Frozen Foods,7.5,10,3.75,78.75,29/01/2025,20:51:38,Mobile Wallet,75.0,0.11,8.25,4.8
INV-102186,B,Salford,Member,Female,Personal Care,20.0,3,3.0,63.0,23/05/2025,20:37:19,Credit Card,60.0,0.2,12.0,7.1
INV-102187,B,Salford,Member,Female,Personal Care,19.64,1,0.98,20.62,12/02/2025,18:30:26,Credit Card,19.64,0.2,3.93,7.2
INV-102188,D,Bradford,Normal,Female,Personal Care,14.63,5,3.66,76.81,20/09/2025,12:06:14,Credit Card,73.15,0.2,14.63,6.5
INV-102189,D,Bradford,Member,Female,Beverages,4.67,8,1.87,39.23,09/09/2025,13:01:27,Mobile Wallet,37.36,0.12,4.48,8.1
INV-102190,C,Leeds,Member,Female,Baby Products,21.61,1,1.08,22.69,08/12/2025,15:37:55,Credit Card,21.61,0.16,3.46,5.8
INV-102191,C,Leeds,Member,Male,Frozen Foods,11.16,3,1.67,35.15,17/03/2025,17:22:59,Debit Card,33.48,0.11,3.68,7.3
INV-102192,D,Bradford,Normal,Male,Personal Care,15.2,8,6.08,127.68,17/07/2025,18:49:37,Debit Card,121.6,0.2,24.32,7.4
INV-102193,C,Leeds,Member,Female,Frozen Foods,10.76,4,2.15,45.19,26/05/2025,13:08:30,Cash,43.04,0.11,4.73,7.8
INV-102194,C,Leeds,Normal,Male,Health & Wellness,3.5,7,1.23,25.73,07/06/2025,19:35:09,Debit Card,24.5,0.22,5.39,8.0
INV-102195,D,Bradford,Member,Female,Beverages,11.1,5,2.78,58.28,21/04/2025,17:08:34,Debit Card,55.5,0.12,6.66,7.1
INV-102196,D,Bradford,Normal,Male,Beverages,14.7,8,5.88,123.48,15/08/2025,08:49:36,Mobile Wallet,117.6,0.12,14.11,6.4
INV-102197,C,Leeds,Member,Female,Baby Products,41.35,4,8.27,173.67,06/08/2025,18:39:46,Mobile Wallet,165.4,0.16,26.46,7.1
INV-102198,D,Bradford,Member,Female,Fresh Produce,3.71,9,1.67,35.06,28/10/2025,14:21:39,Debit Card,33.39,0.09,3.01,9.3
INV-102199,A,Manchester,Member,Female,Baby Products,41.31,10,20.66,433.76,17/04/2025,12:41:16,Credit Card,413.1,0.16,66.1,5.6
INV-102200,C,Leeds,Member,Male,Baby Products,9.61,5,2.4,50.45,26/09/2025,20:48:23,Debit Card,48.05,0.16,7.69,6.9
INV-102201,C,Leeds,Member,Female,Fresh Produce,5.72,6,1.72,36.04,30/10/2025,13:02:12,Debit Card,34.32,0.09,3.09,7.2
INV-102202,D,Bradford,Normal,Female,Beverages,6.32,2,0.63,13.27,04/01/2025,12:16:38,Debit Card,12.64,0.12,1.52,7.9
INV-102203,D,Bradford,Member,Male,Personal Care,2.68,9,1.21,25.33,01/08/2025,12:56:21,Credit Card,24.12,0.2,4.82,5.4
INV-102204,B,Salford,Member,Male,Dairy & Eggs,4.23,5,1.06,22.21,30/12/2025,19:55:07,Mobile Wallet,21.15,0.08,1.69,7.0
INV-102205,B,Salford,Normal,Female,Fresh Produce,10.34,7,3.62,76.0,06/04/2025,16:09:28,Mobile Wallet,72.38,0.09,6.51,6.2
INV-102206,D,Bradford,Member,Male,Personal Care,13.95,6,4.19,87.89,11/10/2025,16:46:22,Credit Card,83.7,0.2,16.74,6.4
INV-102207,D,Bradford,Member,Female,Bakery,7.3,9,3.29,68.99,04/06/2025,17:41:04,Debit Card,65.7,0.1,6.57,5.8
INV-102208,C,Leeds,Normal,Male,Household,20.75,11,11.41,239.66,14/10/2025,18:34:09,Credit Card,228.25,0.18,41.09,6.0
INV-102209,D,Bradford,Member,Female,Personal Care,8.02,8,3.21,67.37,14/01/2025,17:42:57,Debit Card,64.16,0.2,12.83,6.7
INV-102210,A,Manchester,Member,Female,Snacks,6.35,8,2.54,53.34,15/05/2025,10:23:58,Credit Card,50.8,0.15,7.62,7.2
INV-102211,C,Leeds,Normal,Male,Dairy & Eggs,7.32,4,1.46,30.74,05/03/2025,19:50:53,Debit Card,29.28,0.08,2.34,4.6
INV-102212,C,Leeds,Normal,Male,Personal Care,2.43,4,0.49,10.21,02/04/2025,14:53:57,Mobile Wallet,9.72,0.2,1.94,5.5
INV-102213,D,Bradford,Member,Female,Household,7.62,2,0.76,16.0,15/01/2025,13:39:08,Cash,15.24,0.18,2.74,9.4
INV-102214,A,Manchester,Member,Male,Beverages,14.65,2,1.47,30.77,10/09/2025,19:24:48,Cash,29.3,0.12,3.52,5.8
INV-102215,A,Manchester,Member,Male,Dairy & Eggs,1.42,4,0.28,5.96,25/10/2025,18:41:25,Mobile Wallet,5.68,0.08,0.45,5.6
INV-102216,D,Bradford,Member,Male,Personal Care,3.17,6,0.95,19.97,13/05/2025,17:29:04,Debit Card,19.02,0.2,3.8,7.1
INV-102217,D,Bradford,Member,Female,Snacks,5.08,9,2.29,48.01,11/07/2025,18:12:26,Debit Card,45.72,0.15,6.86,6.0
INV-102218,A,Manchester,Member,Male,Dairy & Eggs,6.71,5,1.68,35.23,25/03/2025,14:56:08,Cash,33.55,0.08,2.68,6.1
INV-102219,A,Manchester,Normal,Female,Dairy & Eggs,3.62,1,0.18,3.8,13/06/2025,12:32:48,Credit Card,3.62,0.08,0.29,7.6
INV-102220,D,Bradford,Member,Female,Beverages,12.18,9,5.48,115.1,02/07/2025,15:20:09,Credit Card,109.62,0.12,13.15,7.1
INV-102221,B,Salford,Member,Female,Household,9.75,4,1.95,40.95,20/05/2025,17:34:56,Cash,39.0,0.18,7.02,6.3
INV-102222,C,Leeds,Member,Male,Personal Care,13.86,2,1.39,29.11,22/11/2025,12:30:58,Debit Card,27.72,0.2,5.54,4.0
INV-102223,C,Leeds,Normal,Female,Fresh Produce,1.15,3,0.17,3.62,29/05/2025,08:09:33,Mobile Wallet,3.45,0.09,0.31,5.4
INV-102224,C,Leeds,Normal,Female,Household,20.35,2,2.04,42.74,21/09/2025,16:11:23,Credit Card,40.7,0.18,7.33,6.4
INV-102225,B,Salford,Member,Female,Household,8.84,11,4.86,102.1,18/02/2025,11:13:23,Credit Card,97.24,0.18,17.5,7.0
INV-102226,B,Salford,Normal,Male,Bakery,6.24,1,0.31,6.55,11/06/2025,13:06:16,Credit Card,6.24,0.1,0.62,7.1
INV-102227,C,Leeds,Member,Male,Personal Care,9.01,6,2.7,56.76,17/12/2025,17:18:27,Mobile Wallet,54.06,0.2,10.81,6.6
INV-102228,C,Leeds,Member,Female,Baby Products,24.33,5,6.08,127.73,01/10/2025,17:39:40,Debit Card,121.65,0.16,19.46,8.6
INV-102229,C,Leeds,Member,Female,Household,15.37,7,5.38,112.97,07/01/2025,16:57:29,Debit Card,107.59,0.18,19.37,5.2
INV-102230,B,Salford,Member,Male,Frozen Foods,16.52,7,5.78,121.42,10/07/2025,11:43:19,Mobile Wallet,115.64,0.11,12.72,7.6
INV-102231,D,Bradford,Normal,Male,Beverages,10.32,10,5.16,108.36,24/06/2025,14:09:04,Credit Card,103.2,0.12,12.38,7.1
INV-102232,B,Salford,Member,Female,Fresh Produce,2.99,2,0.3,6.28,22/04/2025,17:15:13,Mobile Wallet,5.98,0.09,0.54,6.3
INV-102233,B,Salford,Normal,Female,Fresh Produce,10.21,10,5.11,107.21,07/04/2025,19:18:39,Mobile Wallet,102.1,0.09,9.19,7.8
INV-102234,A,Manchester,Normal,Male,Fresh Produce,12.47,10,6.24,130.94,24/08/2025,14:52:59,Debit Card,124.7,0.09,11.22,7.4
INV-102235,A,Manchester,Member,Female,Bakery,9.76,3,1.46,30.74,09/03/2025,14:36:15,Debit Card,29.28,0.1,2.93,6.9
INV-102236,A,Manchester,Normal,Male,Personal Care,24.09,12,14.45,303.53,28/06/2025,15:52:36,Mobile Wallet,289.08,0.2,57.82,5.6
INV-102237,C,Leeds,Member,Male,Personal Care,15.04,1,0.75,15.79,13/03/2025,14:19:04,Cash,15.04,0.2,3.01,5.7
INV-102238,D,Bradford,Member,Male,Personal Care,18.3,2,1.83,38.43,30/03/2025,19:33:18,Cash,36.6,0.2,7.32,8.3
INV-102239,C,Leeds,Member,Female,Snacks,5.34,1,0.27,5.61,02/03/2025,17:43:17,Debit Card,5.34,0.15,0.8,6.6
INV-102240,B,Salford,Normal,Female,Household,6.83,6,2.05,43.03,22/12/2025,15:17:41,Mobile Wallet,40.98,0.18,7.38,4.0
INV-102241,B,Salford,Member,Female,Fresh Produce,6.08,2,0.61,12.77,07/06/2025,10:39:39,Cash,12.16,0.09,1.09,6.7
INV-102242,B,Salford,Normal,Female,Bakery,4.11,2,0.41,8.63,08/03/2025,13:08:44,Debit Card,8.22,0.1,0.82,8.0
INV-102243,A,Manchester,Member,Male,Dairy & Eggs,2.33,1,0.12,2.45,20/12/2025,20:55:37,Credit Card,2.33,0.08,0.19,6.1
INV-102244,A,Manchester,Member,Female,Personal Care,4.55,1,0.23,4.78,10/01/2025,17:37:21,Mobile Wallet,4.55,0.2,0.91,7.8
INV-102245,D,Bradford,Member,Male,Dairy & Eggs,5.06,11,2.78,58.44,22/01/2025,14:34:07,Mobile Wallet,55.66,0.08,4.45,8.1
INV-102246,B,Salford,Member,Female,Health & Wellness,31.93,1,1.6,33.53,17/01/2025,19:05:41,Cash,31.93,0.22,7.02,5.9
INV-102247,A,Manchester,Normal,Male,Snacks,5.6,10,2.8,58.8,02/03/2025,14:14:46,Cash,56.0,0.15,8.4,5.0
INV-102248,C,Leeds,Normal,Female,Frozen Foods,2.46,8,0.98,20.66,03/02/2025,20:30:59,Cash,19.68,0.11,2.16,5.4
INV-102249,C,Leeds,Member,Female,Personal Care,12.17,6,3.65,76.67,19/02/2025,11:53:18,Credit Card,73.02,0.2,14.6,7.7
INV-102250,A,Manchester,Member,Female,Beverages,7.7,7,2.7,56.6,28/10/2025,12:28:40,Credit Card,53.9,0.12,6.47,5.5
INV-102251,B,Salford,Member,Female,Health & Wellness,22.2,5,5.55,116.55,10/12/2025,12:50:12,Debit Card,111.0,0.22,24.42,6.2
INV-102252,C,Leeds,Member,Female,Snacks,0.77,1,0.04,0.81,16/02/2025,14:27:56,Debit Card,0.77,0.15,0.12,6.7
INV-102253,B,Salford,Member,Male,Dairy & Eggs,3.59,2,0.36,7.54,24/10/2025,12:47:21,Credit Card,7.18,0.08,0.57,5.8
INV-102254,C,Leeds,Normal,Male,Household,15.64,2,1.56,32.84,24/03/2025,08:11:12,Cash,31.28,0.18,5.63,5.1
INV-102255,B,Salford,Normal,Female,Dairy & Eggs,2.97,6,0.89,18.71,20/02/2025,16:42:58,Cash,17.82,0.08,1.43,6.3
INV-102256,A,Manchester,Member,Female,Health & Wellness,35.61,6,10.68,224.34,09/04/2025,13:49:21,Mobile Wallet,213.66,0.22,47.01,6.4
INV-102257,C,Leeds,Normal,Female,Frozen Foods,10.52,13,6.84,143.6,03/10/2025,12:04:37,Credit Card,136.76,0.11,15.04,5.5
INV-102258,A,Manchester,Member,Female,Personal Care,14.66,1,0.73,15.39,20/04/2025,11:05:04,Debit Card,14.66,0.2,2.93,6.2
INV-102259,D,Bradford,Member,Male,Bakery,2.49,3,0.37,7.84,24/12/2025,17:09:19,Cash,7.47,0.1,0.75,7.5
INV-102260,B,Salford,Member,Male,Frozen Foods,2.76,3,0.41,8.69,11/12/2025,14:34:14,Cash,8.28,0.11,0.91,5.4
INV-102261,A,Manchester,Member,Female,Frozen Foods,10.04,4,2.01,42.17,01/07/2025,19:29:41,Debit Card,40.16,0.11,4.42,7.2
INV-102262,D,Bradford,Member,Male,Household,5.11,7,1.79,37.56,20/04/2025,12:50:26,Debit Card,35.77,0.18,6.44,6.5
INV-102263,B,Salford,Normal,Male,Baby Products,35.25,4,7.05,148.05,27/02/2025,13:49:16,Debit Card,141.0,0.16,22.56,7.5
INV-102264,C,Leeds,Member,Female,Dairy & Eggs,2.59,10,1.29,27.19,27/08/2025,10:24:20,Debit Card,25.9,0.08,2.07,6.0
INV-102265,A,Manchester,Member,Female,Frozen Foods,6.07,3,0.91,19.12,11/09/2025,18:14:05,Credit Card,18.21,0.11,2.0,7.3
INV-102266,C,Leeds,Member,Male,Dairy & Eggs,1.7,6,0.51,10.71,13/10/2025,15:48:37,Debit Card,10.2,0.08,0.82,4.8
INV-102267,A,Manchester,Normal,Female,Household,7.37,3,1.11,23.22,17/06/2025,16:23:15,Debit Card,22.11,0.18,3.98,5.3
INV-102268,D,Bradford,Normal,Female,Health & Wellness,19.3,8,7.72,162.12,17/07/2025,18:43:21,Debit Card,154.4,0.22,33.97,5.4
INV-102269,C,Leeds,Normal,Male,Household,22.58,1,1.13,23.71,04/11/2025,11:12:56,Debit Card,22.58,0.18,4.06,5.6
INV-102270,C,Leeds,Member,Male,Personal Care,16.17,3,2.43,50.94,26/04/2025,13:12:36,Cash,48.51,0.2,9.7,6.6
INV-102271,D,Bradford,Member,Male,Health & Wellness,4.92,4,0.98,20.66,08/08/2025,11:43:40,Debit Card,19.68,0.22,4.33,7.4
INV-102272,B,Salford,Member,Female,Baby Products,12.01,6,3.6,75.66,01/09/2025,08:51:56,Debit Card,72.06,0.16,11.53,7.3
INV-102273,C,Leeds,Member,Female,Baby Products,29.88,4,5.98,125.5,07/01/2025,18:58:53,Cash,119.52,0.16,19.12,6.0
INV-102274,D,Bradford,Member,Female,Frozen Foods,10.43,7,3.65,76.66,22/07/2025,09:47:00,Cash,73.01,0.11,8.03,8.2
INV-102275,D,Bradford,Member,Female,Personal Care,19.34,5,4.84,101.54,03/03/2025,16:50:23,Mobile Wallet,96.7,0.2,19.34,5.9
INV-102276,B,Salford,Member,Male,Bakery,4.03,3,0.6,12.69,25/07/2025,19:01:03,Cash,12.09,0.1,1.21,8.4
INV-102277,A,Manchester,Member,Female,Frozen Foods,15.64,7,5.47,114.95,03/02/2025,16:53:44,Mobile Wallet,109.48,0.11,12.04,6.7
INV-102278,C,Leeds,Normal,Female,Personal Care,7.98,9,3.59,75.41,23/06/2025,15:51:27,Mobile Wallet,71.82,0.2,14.36,5.8
INV-102279,B,Salford,Normal,Male,Household,13.15,4,2.63,55.23,04/03/2025,14:56:28,Cash,52.6,0.18,9.47,8.0
INV-102280,B,Salford,Member,Male,Dairy & Eggs,6.51,4,1.3,27.34,13/09/2025,21:43:47,Cash,26.04,0.08,2.08,6.2
INV-102281,C,Leeds,Member,Male,Frozen Foods,7.38,10,3.69,77.49,26/11/2025,09:03:04,Cash,73.8,0.11,8.12,7.4
INV-102282,D,Bradford,Normal,Male,Personal Care,20.93,2,2.09,43.95,01/09/2025,17:10:49,Credit Card,41.86,0.2,8.37,5.2
INV-102283,D,Bradford,Normal,Male,Personal Care,7.69,3,1.15,24.22,19/09/2025,21:40:24,Mobile Wallet,23.07,0.2,4.61,6.7
INV-102284,C,Leeds,Member,Female,Health & Wellness,20.32,8,8.13,170.69,21/08/2025,15:33:06,Credit Card,162.56,0.22,35.76,8.8
INV-102285,A,Manchester,Member,Female,Beverages,9.47,5,2.37,49.72,09/05/2025,19:20:27,Mobile Wallet,47.35,0.12,5.68,9.0
INV-102286,D,Bradford,Member,Male,Dairy & Eggs,6.34,3,0.95,19.97,29/04/2025,11:11:52,Cash,19.02,0.08,1.52,6.1
INV-102287,B,Salford,Member,Female,Frozen Foods,17.47,2,1.75,36.69,20/02/2025,11:30:06,Cash,34.94,0.11,3.84,6.2
INV-102288,A,Manchester,Member,Female,Beverages,12.02,9,5.41,113.59,13/09/2025,14:19:13,Credit Card,108.18,0.12,12.98,7.5
INV-102289,A,Manchester,Member,Female,Frozen Foods,10.25,10,5.12,107.62,15/07/2025,19:10:41,Mobile Wallet,102.5,0.11,11.28,5.9
INV-102290,C,Leeds,Normal,Female,Snacks,1.45,4,0.29,6.09,05/06/2025,19:53:35,Debit Card,5.8,0.15,0.87,7.6
INV-102291,A,Manchester,Normal,Female,Bakery,3.63,2,0.36,7.62,05/12/2025,17:32:41,Debit Card,7.26,0.1,0.73,6.7
INV-102292,D,Bradford,Member,Male,Bakery,8.93,2,0.89,18.75,14/04/2025,19:58:07,Mobile Wallet,17.86,0.1,1.79,5.8
INV-102293,C,Leeds,Normal,Male,Fresh Produce,6.26,5,1.57,32.87,09/09/2025,17:06:05,Credit Card,31.3,0.09,2.82,5.1
INV-102294,C,Leeds,Member,Male,Personal Care,5.02,2,0.5,10.54,04/10/2025,18:29:45,Credit Card,10.04,0.2,2.01,7.5
INV-102295,A,Manchester,Member,Female,Dairy & Eggs,8.65,3,1.3,27.25,09/08/2025,18:50:54,Mobile Wallet,25.95,0.08,2.08,6.6
INV-102296,A,Manchester,Normal,Male,Beverages,3.02,10,1.51,31.71,19/08/2025,18:39:33,Debit Card,30.2,0.12,3.62,5.1
INV-102297,C,Leeds,Member,Male,Snacks,2.25,5,0.56,11.81,15/08/2025,17:12:40,Debit Card,11.25,0.15,1.69,6.8
INV-102298,D,Bradford,Normal,Female,Dairy & Eggs,2.83,6,0.85,17.83,17/01/2025,15:55:51,Cash,16.98,0.08,1.36,4.9
INV-102299,B,Salford,Member,Male,Frozen Foods,4.64,3,0.7,14.62,28/12/2025,18:02:30,Credit Card,13.92,0.11,1.53,5.4
INV-102300,B,Salford,Normal,Male,Health & Wellness,10.61,7,3.71,77.98,09/08/2025,11:25:54,Credit Card,74.27,0.22,16.34,8.4
INV-102301,B,Salford,Member,Male,Frozen Foods,9.64,1,0.48,10.12,19/07/2025,16:10:50,Credit Card,9.64,0.11,1.06,7.7
INV-102302,D,Bradford,Normal,Female,Frozen Foods,7.76,8,3.1,65.18,19/10/2025,15:26:54,Debit Card,62.08,0.11,6.83,5.2
INV-102303,D,Bradford,Normal,Male,Household,11.38,2,1.14,23.9,01/09/2025,18:22:37,Mobile Wallet,22.76,0.18,4.1,5.9
INV-102304,B,Salford,Member,Female,Baby Products,39.55,2,3.96,83.06,20/07/2025,17:25:50,Debit Card,79.1,0.16,12.66,9.1
INV-102305,C,Leeds,Member,Male,Baby Products,33.93,7,11.88,249.39,30/10/2025,14:35:35,Debit Card,237.51,0.16,38.0,7.9
INV-102306,D,Bradford,Member,Male,Personal Care,12.99,2,1.3,27.28,26/05/2025,13:53:12,Debit Card,25.98,0.2,5.2,7.3
INV-102307,C,Leeds,Normal,Female,Bakery,9.17,2,0.92,19.26,15/01/2025,14:49:24,Mobile Wallet,18.34,0.1,1.83,8.1
INV-102308,A,Manchester,Member,Female,Fresh Produce,8.59,13,5.58,117.25,07/07/2025,21:52:56,Mobile Wallet,111.67,0.09,10.05,7.1
INV-102309,C,Leeds,Normal,Female,Fresh Produce,10.25,2,1.03,21.53,17/11/2025,15:06:44,Debit Card,20.5,0.09,1.84,6.9
INV-102310,C,Leeds,Normal,Male,Fresh Produce,8.44,5,2.11,44.31,19/02/2025,11:58:52,Cash,42.2,0.09,3.8,5.8
INV-102311,D,Bradford,Member,Male,Personal Care,2.68,1,0.13,2.81,02/07/2025,19:06:32,Credit Card,2.68,0.2,0.54,7.2
INV-102312,D,Bradford,Member,Male,Beverages,5.0,4,1.0,21.0,29/01/2025,14:45:29,Debit Card,20.0,0.12,2.4,8.3
INV-102313,B,Salford,Member,Female,Household,7.75,9,3.49,73.24,01/05/2025,19:50:57,Cash,69.75,0.18,12.55,5.6
INV-102314,C,Leeds,Member,Female,Frozen Foods,16.34,1,0.82,17.16,19/12/2025,16:20:13,Debit Card,16.34,0.11,1.8,7.2
INV-102315,A,Manchester,Normal,Male,Personal Care,25.27,8,10.11,212.27,28/02/2025,13:28:40,Cash,202.16,0.2,40.43,6.2
INV-102316,C,Leeds,Member,Female,Health & Wellness,10.3,1,0.52,10.82,11/01/2025,17:17:51,Mobile Wallet,10.3,0.22,2.27,5.9
INV-102317,C,Leeds,Normal,Female,Snacks,2.25,10,1.12,23.62,24/08/2025,15:30:51,Credit Card,22.5,0.15,3.38,7.9
INV-102318,D,Bradford,Normal,Male,Beverages,4.87,6,1.46,30.68,17/05/2025,15:41:05,Mobile Wallet,29.22,0.12,3.51,5.6
INV-102319,A,Manchester,Member,Male,Dairy & Eggs,3.25,2,0.33,6.83,29/10/2025,12:17:22,Debit Card,6.5,0.08,0.52,6.6
INV-102320,A,Manchester,Member,Male,Bakery,10.29,5,2.57,54.02,13/07/2025,09:49:21,Debit Card,51.45,0.1,5.15,7.6
INV-102321,D,Bradford,Member,Male,Fresh Produce,9.74,5,2.44,51.14,21/10/2025,18:03:42,Debit Card,48.7,0.09,4.38,5.8
INV-102322,A,Manchester,Member,Male,Personal Care,12.73,8,5.09,106.93,21/02/2025,19:20:50,Cash,101.84,0.2,20.37,6.7
INV-102323,B,Salford,Member,Male,Personal Care,23.74,12,14.24,299.12,12/09/2025,16:26:55,Credit Card,284.88,0.2,56.98,6.9
INV-102324,C,Leeds,Normal,Female,Frozen Foods,3.25,5,0.81,17.06,11/11/2025,10:01:11,Cash,16.25,0.11,1.79,6.6
INV-102325,C,Leeds,Normal,Male,Baby Products,19.95,2,2.0,41.9,12/08/2025,21:23:53,Debit Card,39.9,0.16,6.38,7.1
INV-102326,B,Salford,Member,Male,Frozen Foods,2.41,5,0.6,12.65,22/11/2025,19:42:53,Debit Card,12.05,0.11,1.33,6.5
INV-102327,A,Manchester,Member,Female,Health & Wellness,6.78,10,3.39,71.19,28/05/2025,15:50:03,Credit Card,67.8,0.22,14.92,6.5
INV-102328,C,Leeds,Normal,Female,Health & Wellness,15.44,2,1.54,32.42,02/06/2025,15:59:45,Cash,30.88,0.22,6.79,7.3
INV-102329,D,Bradford,Member,Female,Fresh Produce,3.93,7,1.38,28.89,16/11/2025,11:39:10,Cash,27.51,0.09,2.48,6.6
INV-102330,A,Manchester,Normal,Female,Household,14.3,5,3.58,75.08,31/10/2025,18:11:28,Mobile Wallet,71.5,0.18,12.87,6.4
INV-102331,C,Leeds,Member,Male,Frozen Foods,12.68,3,1.9,39.94,04/02/2025,16:52:11,Mobile Wallet,38.04,0.11,4.18,5.9
INV-102332,D,Bradford,Member,Male,Dairy & Eggs,1.95,7,0.68,14.33,18/04/2025,12:23:42,Credit Card,13.65,0.08,1.09,6.6
INV-102333,C,Leeds,Member,Female,Dairy & Eggs,2.56,7,0.9,18.82,30/11/2025,13:08:34,Debit Card,17.92,0.08,1.43,5.8
INV-102334,C,Leeds,Normal,Male,Dairy & Eggs,3.2,1,0.16,3.36,10/08/2025,14:45:17,Cash,3.2,0.08,0.26,7.3
INV-102335,C,Leeds,Member,Female,Frozen Foods,14.14,11,7.78,163.32,01/08/2025,13:14:37,Cash,155.54,0.11,17.11,6.0
INV-102336,D,Bradford,Member,Male,Household,14.86,3,2.23,46.81,16/11/2025,15:59:38,Debit Card,44.58,0.18,8.02,7.5
INV-102337,D,Bradford,Member,Female,Dairy & Eggs,6.87,4,1.37,28.85,10/01/2025,15:14:03,Cash,27.48,0.08,2.2,8.0
INV-102338,B,Salford,Normal,Male,Snacks,2.02,4,0.4,8.48,20/04/2025,21:45:37,Debit Card,8.08,0.15,1.21,6.5
INV-102339,D,Bradford,Member,Male,Household,12.93,13,8.4,176.49,23/11/2025,10:26:08,Credit Card,168.09,0.18,30.26,9.1
INV-102340,D,Bradford,Member,Female,Household,13.39,7,4.69,98.42,25/09/2025,19:28:36,Cash,93.73,0.18,16.87,6.8
INV-102341,B,Salford,Member,Male,Dairy & Eggs,2.71,7,0.95,19.92,25/08/2025,20:51:50,Debit Card,18.97,0.08,1.52,6.8
INV-102342,B,Salford,Member,Female,Snacks,1.08,4,0.22,4.54,19/03/2025,15:50:40,Mobile Wallet,4.32,0.15,0.65,7.2
INV-102343,C,Leeds,Normal,Male,Household,7.43,4,1.49,31.21,30/07/2025,16:27:21,Credit Card,29.72,0.18,5.35,6.4
INV-102344,C,Leeds,Member,Female,Fresh Produce,6.16,8,2.46,51.74,21/11/2025,19:58:23,Credit Card,49.28,0.09,4.44,7.2
INV-102345,B,Salford,Member,Male,Snacks,1.89,4,0.38,7.94,17/05/2025,20:43:19,Cash,7.56,0.15,1.13,5.9
INV-102346,C,Leeds,Normal,Female,Personal Care,7.54,6,2.26,47.5,12/05/2025,14:21:07,Debit Card,45.24,0.2,9.05,6.6
INV-102347,B,Salford,Normal,Male,Household,8.85,2,0.89,18.59,03/05/2025,17:46:33,Credit Card,17.7,0.18,3.19,7.3
INV-102348,A,Manchester,Normal,Female,Household,4.66,3,0.7,14.68,09/04/2025,20:33:47,Cash,13.98,0.18,2.52,5.8
INV-102349,A,Manchester,Member,Female,Personal Care,16.53,7,5.79,121.5,08/06/2025,19:41:27,Cash,115.71,0.2,23.14,5.8
INV-102350,D,Bradford,Normal,Male,Beverages,9.93,2,0.99,20.85,14/10/2025,18:16:09,Cash,19.86,0.12,2.38,4.9
INV-102351,D,Bradford,Normal,Male,Personal Care,2.35,2,0.24,4.94,28/11/2025,11:47:52,Credit Card,4.7,0.2,0.94,7.6
INV-102352,A,Manchester,Normal,Female,Personal Care,10.55,6,3.17,66.47,23/03/2025,16:02:24,Credit Card,63.3,0.2,12.66,7.4
INV-102353,C,Leeds,Member,Female,Personal Care,12.24,1,0.61,12.85,15/01/2025,14:32:55,Debit Card,12.24,0.2,2.45,7.1
INV-102354,C,Leeds,Normal,Male,Frozen Foods,19.07,3,2.86,60.07,04/12/2025,16:48:45,Mobile Wallet,57.21,0.11,6.29,5.8
INV-102355,B,Salford,Normal,Female,Dairy & Eggs,1.29,5,0.32,6.77,06/09/2025,12:06:26,Debit Card,6.45,0.08,0.52,7.4
INV-102356,A,Manchester,Member,Female,Snacks,5.72,10,2.86,60.06,12/02/2025,09:03:29,Credit Card,57.2,0.15,8.58,5.9
INV-102357,C,Leeds,Member,Male,Dairy & Eggs,5.49,1,0.27,5.76,02/02/2025,15:06:47,Mobile Wallet,5.49,0.08,0.44,6.9
INV-102358,D,Bradford,Normal,Male,Fresh Produce,2.03,8,0.81,17.05,10/12/2025,18:25:13,Debit Card,16.24,0.09,1.46,5.5
INV-102359,A,Manchester,Normal,Male,Beverages,4.31,3,0.65,13.58,13/03/2025,19:24:41,Cash,12.93,0.12,1.55,6.7
INV-102360,B,Salford,Member,Female,Beverages,5.11,7,1.79,37.56,20/10/2025,13:11:19,Mobile Wallet,35.77,0.12,4.29,6.5
INV-102361,A,Manchester,Normal,Male,Beverages,7.71,4,1.54,32.38,12/09/2025,09:11:38,Credit Card,30.84,0.12,3.7,8.2
INV-102362,A,Manchester,Normal,Female,Household,11.85,4,2.37,49.77,04/11/2025,14:17:25,Credit Card,47.4,0.18,8.53,5.7
INV-102363,A,Manchester,Member,Male,Snacks,1.08,8,0.43,9.07,18/06/2025,17:49:49,Mobile Wallet,8.64,0.15,1.3,6.3
INV-102364,D,Bradford,Normal,Female,Health & Wellness,32.97,3,4.95,103.86,05/08/2025,13:39:02,Mobile Wallet,98.91,0.22,21.76,5.1
INV-102365,B,Salford,Normal,Female,Health & Wellness,22.31,2,2.23,46.85,24/02/2025,20:37:47,Cash,44.62,0.22,9.82,8.2
INV-102366,B,Salford,Normal,Female,Fresh Produce,4.58,1,0.23,4.81,21/05/2025,15:14:10,Mobile Wallet,4.58,0.09,0.41,8.5
INV-102367,D,Bradford,Member,Male,Baby Products,7.57,2,0.76,15.9,11/05/2025,13:47:58,Mobile Wallet,15.14,0.16,2.42,7.7
INV-102368,A,Manchester,Member,Male,Dairy & Eggs,6.07,1,0.3,6.37,01/10/2025,12:10:38,Debit Card,6.07,0.08,0.49,6.3
INV-102369,C,Leeds,Normal,Female,Personal Care,3.72,7,1.3,27.34,12/06/2025,20:13:06,Debit Card,26.04,0.2,5.21,6.0
INV-102370,D,Bradford,Member,Male,Frozen Foods,10.76,1,0.54,11.3,16/12/2025,16:42:42,Debit Card,10.76,0.11,1.18,7.5
INV-102371,B,Salford,Normal,Male,Frozen Foods,14.06,8,5.62,118.1,16/03/2025,17:16:07,Cash,112.48,0.11,12.37,6.1
INV-102372,C,Leeds,Member,Male,Household,22.56,4,4.51,94.75,08/07/2025,17:38:09,Credit Card,90.24,0.18,16.24,6.2
INV-102373,C,Leeds,Member,Female,Beverages,9.66,8,3.86,81.14,27/11/2025,19:05:54,Cash,77.28,0.12,9.27,5.7
INV-102374,A,Manchester,Normal,Female,Frozen Foods,12.09,1,0.6,12.69,20/12/2025,17:37:31,Debit Card,12.09,0.11,1.33,5.9
INV-102375,B,Salford,Normal,Male,Bakery,2.19,8,0.88,18.4,10/10/2025,17:17:12,Credit Card,17.52,0.1,1.75,8.4
INV-102376,D,Bradford,Member,Male,Baby Products,18.21,8,7.28,152.96,24/11/2025,12:33:18,Debit Card,145.68,0.16,23.31,8.3
INV-102377,C,Leeds,Normal,Female,Dairy & Eggs,7.49,1,0.37,7.86,01/10/2025,19:51:43,Mobile Wallet,7.49,0.08,0.6,7.2
INV-102378,B,Salford,Normal,Male,Bakery,3.2,5,0.8,16.8,18/07/2025,19:13:57,Cash,16.0,0.1,1.6,6.6
INV-102379,A,Manchester,Normal,Male,Household,15.6,6,4.68,98.28,11/05/2025,11:37:57,Cash,93.6,0.18,16.85,8.9
INV-102380,C,Leeds,Member,Female,Health & Wellness,12.72,1,0.64,13.36,01/05/2025,17:24:46,Debit Card,12.72,0.22,2.8,8.9
INV-102381,C,Leeds,Member,Female,Fresh Produce,1.14,7,0.4,8.38,24/03/2025,18:42:56,Debit Card,7.98,0.09,0.72,7.0
INV-102382,D,Bradford,Normal,Male,Bakery,3.31,3,0.5,10.43,26/11/2025,20:52:48,Credit Card,9.93,0.1,0.99,6.5
INV-102383,D,Bradford,Member,Female,Snacks,1.4,2,0.14,2.94,21/05/2025,14:46:51,Debit Card,2.8,0.15,0.42,6.4
INV-102384,A,Manchester,Normal,Male,Household,21.96,7,7.69,161.41,30/08/2025,21:01:14,Debit Card,153.72,0.18,27.67,6.6
INV-102385,D,Bradford,Normal,Male,Baby Products,13.52,6,4.06,85.18,05/08/2025,14:33:06,Credit Card,81.12,0.16,12.98,5.3
INV-102386,A,Manchester,Normal,Female,Snacks,4.52,3,0.68,14.24,24/12/2025,19:13:39,Cash,13.56,0.15,2.03,6.6
INV-102387,C,Leeds,Member,Female,Baby Products,25.87,1,1.29,27.16,30/06/2025,12:57:31,Mobile Wallet,25.87,0.16,4.14,8.3
INV-102388,D,Bradford,Member,Male,Baby Products,8.69,3,1.3,27.37,21/08/2025,17:12:57,Cash,26.07,0.16,4.17,6.4
INV-102389,A,Manchester,Member,Female,Fresh Produce,2.12,8,0.85,17.81,25/11/2025,20:06:16,Debit Card,16.96,0.09,1.53,8.0
INV-102390,B,Salford,Normal,Male,Frozen Foods,8.79,2,0.88,18.46,25/11/2025,16:34:44,Credit Card,17.58,0.11,1.93,7.9
INV-102391,B,Salford,Normal,Female,Frozen Foods,13.09,3,1.96,41.23,25/07/2025,17:04:26,Debit Card,39.27,0.11,4.32,4.6
INV-102392,B,Salford,Normal,Male,Fresh Produce,5.63,8,2.25,47.29,10/06/2025,18:43:36,Mobile Wallet,45.04,0.09,4.05,5.9
INV-102393,A,Manchester,Member,Female,Household,14.68,9,6.61,138.73,22/03/2025,14:26:32,Cash,132.12,0.18,23.78,6.7
INV-102394,B,Salford,Member,Female,Frozen Foods,5.83,2,0.58,12.24,01/11/2025,15:50:42,Cash,11.66,0.11,1.28,4.3
INV-102395,D,Bradford,Member,Male,Frozen Foods,6.27,8,2.51,52.67,20/08/2025,08:54:45,Debit Card,50.16,0.11,5.52,7.2
INV-102396,D,Bradford,Member,Female,Fresh Produce,1.31,10,0.66,13.76,14/05/2025,13:16:18,Debit Card,13.1,0.09,1.18,6.8
INV-102397,B,Salford,Normal,Male,Fresh Produce,7.54,7,2.64,55.42,25/05/2025,14:26:45,Debit Card,52.78,0.09,4.75,6.7
INV-102398,B,Salford,Normal,Female,Baby Products,29.31,2,2.93,61.55,01/08/2025,15:30:16,Debit Card,58.62,0.16,9.38,6.7
INV-102399,C,Leeds,Normal,Female,Beverages,9.17,1,0.46,9.63,21/07/2025,14:03:01,Debit Card,9.17,0.12,1.1,7.8
INV-102400,D,Bradford,Normal,Female,Snacks,5.46,2,0.55,11.47,11/01/2025,20:17:02,Debit Card,10.92,0.15,1.64,4.0
INV-102401,A,Manchester,Member,Female,Snacks,2.22,4,0.44,9.32,15/02/2025,21:32:14,Credit Card,8.88,0.15,1.33,6.5
INV-102402,D,Bradford,Normal,Female,Baby Products,16.24,8,6.5,136.42,15/05/2025,12:54:15,Cash,129.92,0.16,20.79,6.4
INV-102403,B,Salford,Normal,Female,Beverages,7.34,11,4.04,84.78,25/07/2025,12:58:01,Debit Card,80.74,0.12,9.69,7.3
INV-102404,D,Bradford,Member,Male,Household,14.84,1,0.74,15.58,18/03/2025,17:22:32,Credit Card,14.84,0.18,2.67,6.9
INV-102405,A,Manchester,Member,Male,Baby Products,31.57,5,7.89,165.74,29/03/2025,13:48:20,Mobile Wallet,157.85,0.16,25.26,6.7
INV-102406,A,Manchester,Member,Female,Baby Products,17.52,5,4.38,91.98,27/09/2025,14:27:35,Mobile Wallet,87.6,0.16,14.02,9.0
INV-102407,D,Bradford,Normal,Male,Dairy & Eggs,1.4,3,0.21,4.41,11/12/2025,14:02:44,Mobile Wallet,4.2,0.08,0.34,4.4
INV-102408,D,Bradford,Normal,Female,Beverages,3.82,4,0.76,16.04,25/04/2025,12:27:07,Mobile Wallet,15.28,0.12,1.83,5.6
INV-102409,B,Salford,Member,Female,Baby Products,23.31,1,1.17,24.48,17/05/2025,21:10:31,Debit Card,23.31,0.16,3.73,5.1
INV-102410,C,Leeds,Member,Male,Snacks,2.75,1,0.14,2.89,15/07/2025,19:06:41,Debit Card,2.75,0.15,0.41,7.2
INV-102411,B,Salford,Member,Male,Beverages,4.4,3,0.66,13.86,16/04/2025,17:52:26,Cash,13.2,0.12,1.58,8.7
INV-102412,B,Salford,Member,Male,Beverages,11.56,10,5.78,121.38,13/12/2025,14:43:14,Debit Card,115.6,0.12,13.87,7.9
INV-102413,B,Salford,Normal,Male,Fresh Produce,9.55,10,4.78,100.28,03/04/2025,09:17:15,Cash,95.5,0.09,8.59,7.6
INV-102414,D,Bradford,Member,Female,Health & Wellness,24.92,2,2.49,52.33,15/01/2025,20:07:02,Credit Card,49.84,0.22,10.96,6.4
INV-102415,C,Leeds,Member,Male,Dairy & Eggs,7.06,7,2.47,51.89,01/05/2025,08:03:39,Debit Card,49.42,0.08,3.95,6.8
INV-102416,D,Bradford,Normal,Female,Bakery,6.99,12,4.19,88.07,09/07/2025,14:48:33,Mobile Wallet,83.88,0.1,8.39,4.9
INV-102417,D,Bradford,Member,Female,Dairy & Eggs,5.59,1,0.28,5.87,06/01/2025,15:03:00,Debit Card,5.59,0.08,0.45,6.8
INV-102418,D,Bradford,Member,Female,Snacks,5.19,2,0.52,10.9,15/06/2025,10:40:11,Debit Card,10.38,0.15,1.56,6.8
INV-102419,D,Bradford,Normal,Female,Personal Care,18.59,3,2.79,58.56,16/07/2025,18:33:07,Credit Card,55.77,0.2,11.15,6.1
INV-102420,D,Bradford,Normal,Male,Frozen Foods,2.46,4,0.49,10.33,07/02/2025,21:45:36,Debit Card,9.84,0.11,1.08,7.6
INV-102421,A,Manchester,Member,Female,Personal Care,18.62,13,12.1,254.16,27/01/2025,19:28:03,Credit Card,242.06,0.2,48.41,8.0
INV-102422,C,Leeds,Normal,Female,Bakery,1.53,1,0.08,1.61,30/08/2025,14:23:39,Cash,1.53,0.1,0.15,7.0
INV-102423,C,Leeds,Member,Female,Baby Products,11.44,1,0.57,12.01,03/01/2025,18:53:10,Credit Card,11.44,0.16,1.83,5.5
INV-102424,C,Leeds,Member,Male,Personal Care,6.66,10,3.33,69.93,04/06/2025,18:37:08,Debit Card,66.6,0.2,13.32,6.7
INV-102425,D,Bradford,Member,Male,Health & Wellness,20.75,2,2.08,43.58,09/03/2025,14:55:55,Cash,41.5,0.22,9.13,7.0
INV-102426,A,Manchester,Member,Female,Personal Care,15.06,4,3.01,63.25,14/05/2025,20:15:51,Debit Card,60.24,0.2,12.05,7.3
INV-102427,B,Salford,Member,Male,Bakery,10.62,5,2.66,55.76,23/06/2025,13:34:50,Credit Card,53.1,0.1,5.31,8.1
INV-102428,D,Bradford,Normal,Female,Personal Care,11.82,11,6.5,136.52,15/02/2025,08:36:31,Cash,130.02,0.2,26.0,8.4
INV-102429,C,Leeds,Member,Male,Snacks,0.51,3,0.08,1.61,14/03/2025,17:36:37,Credit Card,1.53,0.15,0.23,8.2
INV-102430,C,Leeds,Member,Female,Personal Care,12.31,6,3.69,77.55,10/06/2025,08:00:29,Debit Card,73.86,0.2,14.77,6.4
INV-102431,A,Manchester,Normal,Female,Fresh Produce,6.6,9,2.97,62.37,13/09/2025,14:34:30,Cash,59.4,0.09,5.35,7.4
INV-102432,C,Leeds,Normal,Male,Beverages,1.67,2,0.17,3.51,09/08/2025,14:13:29,Cash,3.34,0.12,0.4,7.2
INV-102433,C,Leeds,Normal,Male,Household,15.6,6,4.68,98.28,10/11/2025,13:27:37,Debit Card,93.6,0.18,16.85,5.1
INV-102434,C,Leeds,Normal,Male,Dairy & Eggs,2.36,5,0.59,12.39,12/08/2025,16:04:21,Mobile Wallet,11.8,0.08,0.94,4.1
INV-102435,B,Salford,Member,Male,Beverages,11.53,5,2.88,60.53,09/09/2025,15:33:52,Credit Card,57.65,0.12,6.92,7.2
INV-102436,B,Salford,Member,Male,Frozen Foods,6.79,4,1.36,28.52,28/01/2025,13:41:40,Mobile Wallet,27.16,0.11,2.99,6.3
INV-102437,B,Salford,Member,Female,Household,11.97,4,2.39,50.27,28/01/2025,15:44:47,Debit Card,47.88,0.18,8.62,6.2
INV-102438,B,Salford,Member,Female,Household,11.75,5,2.94,61.69,19/01/2025,11:12:46,Credit Card,58.75,0.18,10.57,7.0
INV-102439,D,Bradford,Normal,Male,Personal Care,17.12,9,7.7,161.78,25/03/2025,21:32:44,Debit Card,154.08,0.2,30.82,5.7
INV-102440,D,Bradford,Normal,Male,Fresh Produce,4.26,1,0.21,4.47,01/03/2025,16:16:11,Debit Card,4.26,0.09,0.38,5.5
INV-102441,D,Bradford,Member,Female,Frozen Foods,13.39,12,8.03,168.71,15/08/2025,13:17:22,Mobile Wallet,160.68,0.11,17.67,5.3
INV-102442,C,Leeds,Member,Male,Snacks,3.59,3,0.54,11.31,23/08/2025,20:38:31,Cash,10.77,0.15,1.62,8.3
INV-102443,D,Bradford,Member,Female,Dairy & Eggs,2.56,5,0.64,13.44,17/03/2025,20:34:48,Debit Card,12.8,0.08,1.02,6.6
INV-102444,A,Manchester,Member,Male,Bakery,6.14,4,1.23,25.79,17/02/2025,10:58:38,Credit Card,24.56,0.1,2.46,6.3
INV-102445,B,Salford,Member,Male,Snacks,0.87,6,0.26,5.48,03/04/2025,18:34:50,Debit Card,5.22,0.15,0.78,7.3
INV-102446,B,Salford,Normal,Male,Frozen Foods,17.29,1,0.86,18.15,16/10/2025,16:40:52,Debit Card,17.29,0.11,1.9,7.3
INV-102447,B,Salford,Member,Female,Health & Wellness,3.99,12,2.39,50.27,27/09/2025,17:44:30,Cash,47.88,0.22,10.53,8.2
INV-102448,B,Salford,Member,Male,Personal Care,9.09,7,3.18,66.81,09/02/2025,14:55:36,Mobile Wallet,63.63,0.2,12.73,4.3
INV-102449,B,Salford,Normal,Male,Fresh Produce,9.53,3,1.43,30.02,13/12/2025,20:29:29,Debit Card,28.59,0.09,2.57,6.6
INV-102450,A,Manchester,Member,Male,Household,19.14,2,1.91,40.19,14/01/2025,21:36:13,Debit Card,38.28,0.18,6.89,7.0
INV-102451,C,Leeds,Member,Female,Household,20.6,13,13.39,281.19,21/07/2025,18:27:35,Debit Card,267.8,0.18,48.2,5.4
INV-102452,C,Leeds,Normal,Female,Dairy & Eggs,4.21,10,2.1,44.2,15/06/2025,18:57:46,Credit Card,42.1,0.08,3.37,5.9
INV-102453,B,Salford,Member,Female,Frozen Foods,15.09,11,8.3,174.29,11/02/2025,18:09:27,Debit Card,165.99,0.11,18.26,6.4
INV-102454,D,Bradford,Member,Male,Frozen Foods,14.36,8,5.74,120.62,21/08/2025,16:51:42,Credit Card,114.88,0.11,12.64,8.6
INV-102455,C,Leeds,Member,Female,Health & Wellness,23.77,1,1.19,24.96,18/06/2025,08:35:18,Credit Card,23.77,0.22,5.23,7.9
INV-102456,A,Manchester,Member,Male,Frozen Foods,2.85,11,1.57,32.92,16/06/2025,18:24:53,Debit Card,31.35,0.11,3.45,7.5
INV-102457,B,Salford,Normal,Female,Dairy & Eggs,4.93,8,1.97,41.41,25/01/2025,08:35:17,Cash,39.44,0.08,3.16,9.2
INV-102458,C,Leeds,Member,Male,Health & Wellness,30.03,2,3.0,63.06,29/01/2025,15:52:27,Cash,60.06,0.22,13.21,7.3
INV-102459,A,Manchester,Member,Male,Household,3.82,1,0.19,4.01,17/02/2025,13:11:18,Credit Card,3.82,0.18,0.69,9.5
INV-102460,D,Bradford,Member,Male,Snacks,3.5,2,0.35,7.35,02/04/2025,14:48:12,Debit Card,7.0,0.15,1.05,5.7
INV-102461,B,Salford,Normal,Male,Beverages,3.13,7,1.1,23.01,15/02/2025,10:01:18,Credit Card,21.91,0.12,2.63,5.9
INV-102462,A,Manchester,Member,Female,Household,22.34,2,2.23,46.91,25/03/2025,20:26:04,Mobile Wallet,44.68,0.18,8.04,6.2
INV-102463,D,Bradford,Normal,Male,Baby Products,31.44,9,14.15,297.11,26/05/2025,11:37:41,Debit Card,282.96,0.16,45.27,7.5
INV-102464,B,Salford,Member,Female,Beverages,15.93,4,3.19,66.91,02/06/2025,11:56:51,Credit Card,63.72,0.12,7.65,5.8
INV-102465,D,Bradford,Normal,Male,Dairy & Eggs,4.69,11,2.58,54.17,08/06/2025,16:16:26,Debit Card,51.59,0.08,4.13,7.4
INV-102466,B,Salford,Normal,Male,Health & Wellness,35.15,3,5.27,110.72,07/12/2025,16:25:30,Debit Card,105.45,0.22,23.2,6.7
INV-102467,A,Manchester,Member,Male,Personal Care,17.33,6,5.2,109.18,20/09/2025,18:38:07,Credit Card,103.98,0.2,20.8,7.3
INV-102468,B,Salford,Normal,Male,Fresh Produce,11.27,1,0.56,11.83,17/08/2025,10:11:16,Credit Card,11.27,0.09,1.01,6.5
INV-102469,D,Bradford,Normal,Male,Beverages,10.96,7,3.84,80.56,18/05/2025,20:37:55,Debit Card,76.72,0.12,9.21,7.7
INV-102470,D,Bradford,Member,Female,Personal Care,15.32,7,5.36,112.6,05/08/2025,15:20:16,Cash,107.24,0.2,21.45,6.4
INV-102471,C,Leeds,Member,Female,Snacks,5.16,9,2.32,48.76,11/08/2025,11:24:26,Credit Card,46.44,0.15,6.97,5.0
INV-102472,D,Bradford,Normal,Female,Snacks,1.11,7,0.39,8.16,21/01/2025,14:18:13,Credit Card,7.77,0.15,1.17,6.8
INV-102473,C,Leeds,Member,Male,Snacks,4.49,3,0.67,14.14,13/12/2025,13:13:16,Credit Card,13.47,0.15,2.02,6.9
INV-102474,B,Salford,Normal,Female,Bakery,2.03,4,0.41,8.53,11/09/2025,11:58:58,Cash,8.12,0.1,0.81,6.7
INV-102475,A,Manchester,Member,Male,Health & Wellness,7.87,6,2.36,49.58,28/08/2025,12:15:29,Debit Card,47.22,0.22,10.39,9.1
INV-102476,D,Bradford,Member,Female,Beverages,3.41,8,1.36,28.64,02/09/2025,13:32:14,Debit Card,27.28,0.12,3.27,6.3
INV-102477,C,Leeds,Member,Female,Health & Wellness,12.5,5,3.12,65.62,07/03/2025,18:26:58,Debit Card,62.5,0.22,13.75,7.7
INV-102478,C,Leeds,Normal,Female,Baby Products,12.01,1,0.6,12.61,25/09/2025,17:20:15,Mobile Wallet,12.01,0.16,1.92,8.3
INV-102479,D,Bradford,Normal,Male,Dairy & Eggs,7.27,3,1.09,22.9,19/10/2025,16:59:10,Debit Card,21.81,0.08,1.74,7.1
INV-102480,A,Manchester,Member,Female,Dairy & Eggs,7.37,1,0.37,7.74,24/01/2025,17:25:22,Credit Card,7.37,0.08,0.59,6.1
INV-102481,A,Manchester,Normal,Male,Health & Wellness,28.41,4,5.68,119.32,31/07/2025,18:14:14,Credit Card,113.64,0.22,25.0,5.7
INV-102482,A,Manchester,Member,Male,Household,11.52,5,2.88,60.48,05/12/2025,20:19:27,Mobile Wallet,57.6,0.18,10.37,6.6
INV-102483,C,Leeds,Normal,Male,Baby Products,24.99,10,12.5,262.4,11/05/2025,20:34:22,Credit Card,249.9,0.16,39.98,6.7
INV-102484,A,Manchester,Member,Female,Baby Products,26.42,5,6.61,138.71,28/02/2025,18:35:24,Mobile Wallet,132.1,0.16,21.14,6.1
INV-102485,D,Bradford,Normal,Female,Beverages,8.65,4,1.73,36.33,04/04/2025,10:42:41,Debit Card,34.6,0.12,4.15,6.2
INV-102486,D,Bradford,Normal,Female,Baby Products,35.63,4,7.13,149.65,12/02/2025,12:28:14,Debit Card,142.52,0.16,22.8,6.2
INV-102487,D,Bradford,Normal,Male,Bakery,1.46,8,0.58,12.26,10/06/2025,10:56:53,Credit Card,11.68,0.1,1.17,6.2
INV-102488,D,Bradford,Member,Male,Frozen Foods,18.87,6,5.66,118.88,16/11/2025,21:00:53,Mobile Wallet,113.22,0.11,12.45,8.2
INV-102489,C,Leeds,Member,Male,Dairy & Eggs,7.32,2,0.73,15.37,06/04/2025,19:24:15,Debit Card,14.64,0.08,1.17,7.2
INV-102490,B,Salford,Member,Female,Frozen Foods,17.2,9,7.74,162.54,10/02/2025,21:21:20,Cash,154.8,0.11,17.03,8.2
INV-102491,C,Leeds,Normal,Female,Snacks,6.41,6,1.92,40.38,11/08/2025,14:59:58,Debit Card,38.46,0.15,5.77,7.7
INV-102492,A,Manchester,Member,Female,Dairy & Eggs,4.77,2,0.48,10.02,22/07/2025,18:28:32,Debit Card,9.54,0.08,0.76,8.5
INV-102493,A,Manchester,Member,Female,Personal Care,9.82,2,0.98,20.62,29/03/2025,17:06:19,Mobile Wallet,19.64,0.2,3.93,8.8
INV-102494,D,Bradford,Normal,Male,Dairy & Eggs,7.46,3,1.12,23.5,21/12/2025,11:20:44,Debit Card,22.38,0.08,1.79,6.8
INV-102495,D,Bradford,Member,Male,Frozen Foods,7.69,9,3.46,72.67,05/06/2025,11:32:58,Debit Card,69.21,0.11,7.61,8.8
INV-102496,C,Leeds,Normal,Male,Bakery,4.7,4,0.94,19.74,04/06/2025,19:34:24,Cash,18.8,0.1,1.88,7.1
INV-102497,A,Manchester,Normal,Female,Household,15.12,1,0.76,15.88,11/03/2025,14:41:43,Credit Card,15.12,0.18,2.72,7.8
INV-102498,A,Manchester,Normal,Female,Dairy & Eggs,4.19,7,1.47,30.8,27/02/2025,12:36:02,Mobile Wallet,29.33,0.08,2.35,7.8
INV-102499,A,Manchester,Normal,Female,Personal Care,7.45,1,0.37,7.82,14/01/2025,21:31:52,Debit Card,7.45,0.2,1.49,7.1
INV-102500,B,Salford,Member,Male,Household,21.76,3,3.26,68.54,29/11/2025,18:19:53,Credit Card,65.28,0.18,11.75,7.5
INV-102501,B,Salford,Member,Female,Personal Care,21.66,10,10.83,227.43,12/08/2025,16:06:07,Debit Card,216.6,0.2,43.32,7.2
INV-102502,B,Salford,Member,Female,Snacks,0.56,10,0.28,5.88,04/06/2025,12:51:35,Credit Card,5.6,0.15,0.84,7.2
INV-102503,D,Bradford,Member,Female,Snacks,6.23,5,1.56,32.71,31/08/2025,19:25:05,Debit Card,31.15,0.15,4.67,7.8
INV-102504,D,Bradford,Member,Female,Household,3.57,1,0.18,3.75,01/03/2025,14:41:04,Debit Card,3.57,0.18,0.64,5.9
INV-102505,B,Salford,Normal,Female,Baby Products,22.36,1,1.12,23.48,26/12/2025,11:20:55,Mobile Wallet,22.36,0.16,3.58,4.9
INV-102506,D,Bradford,Normal,Male,Frozen Foods,8.22,9,3.7,77.68,30/08/2025,18:59:26,Debit Card,73.98,0.11,8.14,6.6
INV-102507,A,Manchester,Normal,Male,Personal Care,11.06,2,1.11,23.23,27/10/2025,20:58:23,Debit Card,22.12,0.2,4.42,6.8
INV-102508,B,Salford,Member,Female,Frozen Foods,17.98,9,8.09,169.91,31/05/2025,16:46:39,Mobile Wallet,161.82,0.11,17.8,7.1
INV-102509,D,Bradford,Normal,Female,Beverages,5.36,4,1.07,22.51,20/06/2025,20:50:14,Credit Card,21.44,0.12,2.57,6.9
INV-102510,A,Manchester,Member,Female,Snacks,5.95,3,0.89,18.74,19/11/2025,16:08:51,Credit Card,17.85,0.15,2.68,9.1
INV-102511,D,Bradford,Member,Male,Beverages,10.98,7,3.84,80.7,11/09/2025,12:54:18,Debit Card,76.86,0.12,9.22,6.8
INV-102512,C,Leeds,Normal,Female,Dairy & Eggs,3.37,7,1.18,24.77,07/09/2025,16:08:29,Cash,23.59,0.08,1.89,5.8
INV-102513,D,Bradford,Normal,Male,Household,13.46,2,1.35,28.27,20/09/2025,08:41:51,Cash,26.92,0.18,4.85,6.5
INV-102514,D,Bradford,Member,Female,Fresh Produce,6.95,10,3.48,72.98,01/02/2025,15:26:35,Mobile Wallet,69.5,0.09,6.25,5.4
INV-102515,A,Manchester,Normal,Male,Frozen Foods,7.25,13,4.71,98.96,23/10/2025,18:13:25,Cash,94.25,0.11,10.37,5.9
INV-102516,C,Leeds,Member,Female,Beverages,2.46,4,0.49,10.33,18/05/2025,13:57:52,Debit Card,9.84,0.12,1.18,6.1
INV-102517,D,Bradford,Member,Male,Beverages,1.5,5,0.38,7.88,01/03/2025,20:26:35,Credit Card,7.5,0.12,0.9,4.7
INV-102518,D,Bradford,Member,Male,Baby Products,26.6,2,2.66,55.86,18/08/2025,16:48:42,Mobile Wallet,53.2,0.16,8.51,7.0
INV-102519,D,Bradford,Member,Female,Personal Care,3.35,2,0.34,7.04,24/03/2025,19:46:11,Mobile Wallet,6.7,0.2,1.34,6.5
INV-102520,C,Leeds,Member,Female,Bakery,6.86,6,2.06,43.22,29/08/2025,20:07:39,Credit Card,41.16,0.1,4.12,5.1
INV-102521,C,Leeds,Normal,Male,Health & Wellness,25.09,3,3.76,79.03,29/04/2025,17:44:35,Credit Card,75.27,0.22,16.56,4.4
INV-102522,B,Salford,Member,Male,Personal Care,22.83,1,1.14,23.97,05/11/2025,15:38:52,Credit Card,22.83,0.2,4.57,5.1
INV-102523,D,Bradford,Normal,Female,Baby Products,30.09,4,6.02,126.38,31/05/2025,17:53:15,Credit Card,120.36,0.16,19.26,4.2
INV-102524,D,Bradford,Member,Male,Health & Wellness,6.39,5,1.6,33.55,11/12/2025,14:57:19,Credit Card,31.95,0.22,7.03,7.9
INV-102525,C,Leeds,Member,Male,Beverages,7.77,4,1.55,32.63,24/03/2025,18:17:35,Credit Card,31.08,0.12,3.73,6.2
INV-102526,B,Salford,Member,Male,Fresh Produce,2.06,2,0.21,4.33,20/12/2025,20:23:33,Debit Card,4.12,0.09,0.37,7.0
INV-102527,A,Manchester,Normal,Male,Health & Wellness,24.31,1,1.22,25.53,08/03/2025,14:47:37,Debit Card,24.31,0.22,5.35,6.9
INV-102528,B,Salford,Member,Female,Dairy & Eggs,4.28,9,1.93,40.45,22/03/2025,17:58:36,Mobile Wallet,38.52,0.08,3.08,7.0
INV-102529,D,Bradford,Normal,Female,Beverages,6.24,2,0.62,13.1,01/08/2025,10:01:12,Credit Card,12.48,0.12,1.5,6.1
INV-102530,D,Bradford,Normal,Male,Bakery,3.39,7,1.19,24.92,01/05/2025,18:59:59,Credit Card,23.73,0.1,2.37,6.1
INV-102531,B,Salford,Member,Female,Frozen Foods,16.46,9,7.41,155.55,10/01/2025,10:45:42,Mobile Wallet,148.14,0.11,16.3,6.1
INV-102532,C,Leeds,Normal,Male,Household,10.8,1,0.54,11.34,02/07/2025,13:09:08,Debit Card,10.8,0.18,1.94,5.6
INV-102533,B,Salford,Member,Female,Dairy & Eggs,5.57,2,0.56,11.7,15/09/2025,12:36:08,Credit Card,11.14,0.08,0.89,6.7
INV-102534,A,Manchester,Normal,Female,Baby Products,39.84,6,11.95,250.99,22/06/2025,11:56:50,Mobile Wallet,239.04,0.16,38.25,4.7
INV-102535,D,Bradford,Normal,Female,Health & Wellness,29.26,7,10.24,215.06,13/11/2025,21:24:07,Cash,204.82,0.22,45.06,6.6
INV-102536,B,Salford,Normal,Female,Dairy & Eggs,1.91,3,0.29,6.02,15/10/2025,17:59:33,Credit Card,5.73,0.08,0.46,6.1
INV-102537,B,Salford,Member,Male,Personal Care,2.43,7,0.85,17.86,13/05/2025,10:53:00,Debit Card,17.01,0.2,3.4,6.0
INV-102538,C,Leeds,Member,Male,Household,13.12,8,5.25,110.21,24/01/2025,08:14:07,Cash,104.96,0.18,18.89,6.0
INV-102539,C,Leeds,Normal,Female,Dairy & Eggs,3.0,3,0.45,9.45,20/12/2025,17:56:13,Credit Card,9.0,0.08,0.72,8.2
INV-102540,A,Manchester,Normal,Female,Household,5.87,1,0.29,6.16,13/08/2025,18:18:43,Debit Card,5.87,0.18,1.06,8.4
INV-102541,D,Bradford,Member,Female,Beverages,8.04,1,0.4,8.44,24/02/2025,16:28:54,Debit Card,8.04,0.12,0.96,7.8
INV-102542,A,Manchester,Normal,Female,Health & Wellness,29.74,5,7.43,156.13,17/09/2025,17:44:13,Debit Card,148.7,0.22,32.71,5.6
INV-102543,A,Manchester,Member,Female,Personal Care,6.67,7,2.33,49.02,19/11/2025,15:08:06,Cash,46.69,0.2,9.34,5.7
INV-102544,A,Manchester,Member,Female,Bakery,6.08,5,1.52,31.92,05/07/2025,12:26:24,Cash,30.4,0.1,3.04,7.3
INV-102545,B,Salford,Normal,Male,Personal Care,6.47,6,1.94,40.76,29/12/2025,17:14:34,Mobile Wallet,38.82,0.2,7.76,6.5
INV-102546,D,Bradford,Member,Male,Frozen Foods,3.6,9,1.62,34.02,20/02/2025,14:17:21,Debit Card,32.4,0.11,3.56,7.2
INV-102547,B,Salford,Member,Male,Fresh Produce,7.74,3,1.16,24.38,21/06/2025,16:49:27,Credit Card,23.22,0.09,2.09,7.8
INV-102548,B,Salford,Normal,Female,Health & Wellness,9.66,7,3.38,71.0,14/04/2025,10:03:22,Mobile Wallet,67.62,0.22,14.88,6.5
INV-102549,D,Bradford,Normal,Male,Frozen Foods,11.79,9,5.31,111.42,04/01/2025,11:56:59,Debit Card,106.11,0.11,11.67,7.3
INV-102550,B,Salford,Normal,Male,Baby Products,25.7,8,10.28,215.88,24/06/2025,10:28:28,Mobile Wallet,205.6,0.16,32.9,6.6
INV-102551,C,Leeds,Normal,Female,Household,7.91,1,0.4,8.31,13/02/2025,16:45:28,Debit Card,7.91,0.18,1.42,5.7
INV-102552,C,Leeds,Normal,Male,Dairy & Eggs,6.28,8,2.51,52.75,01/08/2025,15:48:08,Cash,50.24,0.08,4.02,7.2
INV-102553,C,Leeds,Member,Female,Baby Products,8.82,1,0.44,9.26,19/03/2025,21:24:00,Debit Card,8.82,0.16,1.41,6.1
INV-102554,D,Bradford,Member,Female,Frozen Foods,7.33,1,0.37,7.7,12/03/2025,16:41:10,Credit Card,7.33,0.11,0.81,6.8
INV-102555,D,Bradford,Member,Male,Fresh Produce,5.21,2,0.52,10.94,29/07/2025,16:40:03,Credit Card,10.42,0.09,0.94,7.1
INV-102556,D,Bradford,Normal,Male,Frozen Foods,9.33,5,2.33,48.98,16/01/2025,19:03:35,Credit Card,46.65,0.11,5.13,6.8
INV-102557,D,Bradford,Normal,Female,Beverages,8.91,10,4.46,93.56,06/01/2025,16:44:24,Cash,89.1,0.12,10.69,6.4
INV-102558,A,Manchester,Normal,Female,Household,10.02,3,1.5,31.56,23/06/2025,18:12:47,Mobile Wallet,30.06,0.18,5.41,6.5
INV-102559,C,Leeds,Member,Male,Snacks,3.68,11,2.02,42.5,26/03/2025,13:18:38,Credit Card,40.48,0.15,6.07,6.2
INV-102560,D,Bradford,Normal,Female,Baby Products,26.35,13,17.13,359.68,21/07/2025,17:04:02,Credit Card,342.55,0.16,54.81,5.2
INV-102561,A,Manchester,Member,Female,Baby Products,23.41,10,11.71,245.81,22/10/2025,15:31:21,Debit Card,234.1,0.16,37.46,9.3
INV-102562,A,Manchester,Member,Male,Beverages,6.91,6,2.07,43.53,03/08/2025,13:21:36,Credit Card,41.46,0.12,4.98,8.3
INV-102563,D,Bradford,Normal,Male,Health & Wellness,32.06,4,6.41,134.65,10/06/2025,08:08:48,Debit Card,128.24,0.22,28.21,7.2
INV-102564,C,Leeds,Normal,Female,Fresh Produce,6.93,3,1.04,21.83,24/05/2025,15:35:30,Debit Card,20.79,0.09,1.87,7.5
INV-102565,B,Salford,Normal,Male,Health & Wellness,13.31,8,5.32,111.8,17/08/2025,15:46:02,Credit Card,106.48,0.22,23.43,6.8
INV-102566,B,Salford,Member,Male,Frozen Foods,19.08,9,8.59,180.31,24/12/2025,11:54:47,Debit Card,171.72,0.11,18.89,6.8
INV-102567,C,Leeds,Normal,Male,Frozen Foods,17.53,4,3.51,73.63,12/04/2025,17:40:35,Credit Card,70.12,0.11,7.71,5.8
INV-102568,C,Leeds,Normal,Female,Household,5.51,7,1.93,40.5,19/01/2025,11:50:42,Debit Card,38.57,0.18,6.94,5.9
INV-102569,C,Leeds,Normal,Male,Frozen Foods,5.75,2,0.58,12.08,06/03/2025,12:56:35,Debit Card,11.5,0.11,1.26,7.1
INV-102570,C,Leeds,Member,Female,Bakery,4.1,5,1.03,21.53,17/02/2025,16:15:05,Debit Card,20.5,0.1,2.05,5.5
INV-102571,C,Leeds,Normal,Male,Fresh Produce,5.18,7,1.81,38.07,22/11/2025,12:13:29,Cash,36.26,0.09,3.26,6.6
INV-102572,B,Salford,Member,Female,Personal Care,5.09,6,1.53,32.07,15/01/2025,13:52:34,Debit Card,30.54,0.2,6.11,9.4
INV-102573,C,Leeds,Member,Female,Dairy & Eggs,6.78,3,1.02,21.36,05/06/2025,11:41:18,Mobile Wallet,20.34,0.08,1.63,7.4
INV-102574,D,Bradford,Normal,Female,Bakery,6.74,2,0.67,14.15,31/01/2025,13:20:20,Credit Card,13.48,0.1,1.35,6.9
INV-102575,C,Leeds,Member,Male,Frozen Foods,7.02,13,4.56,95.82,18/11/2025,20:11:40,Mobile Wallet,91.26,0.11,10.04,8.7
INV-102576,C,Leeds,Member,Female,Fresh Produce,10.95,6,3.29,68.99,25/01/2025,17:49:44,Credit Card,65.7,0.09,5.91,6.6
INV-102577,A,Manchester,Normal,Male,Dairy & Eggs,7.11,11,3.91,82.12,02/06/2025,17:03:28,Debit Card,78.21,0.08,6.26,7.2
INV-102578,A,Manchester,Member,Male,Fresh Produce,3.93,7,1.38,28.89,23/06/2025,12:49:54,Debit Card,27.51,0.09,2.48,5.6
INV-102579,B,Salford,Normal,Female,Frozen Foods,18.07,4,3.61,75.89,29/06/2025,12:40:55,Mobile Wallet,72.28,0.11,7.95,6.3
INV-102580,C,Leeds,Normal,Male,Snacks,6.29,1,0.31,6.6,08/12/2025,21:03:08,Credit Card,6.29,0.15,0.94,6.3
INV-102581,B,Salford,Member,Male,Beverages,1.07,4,0.21,4.49,24/09/2025,17:25:26,Cash,4.28,0.12,0.51,7.7
INV-102582,B,Salford,Normal,Female,Household,5.76,4,1.15,24.19,17/06/2025,19:57:13,Debit Card,23.04,0.18,4.15,7.1
INV-102583,B,Salford,Member,Male,Bakery,2.81,3,0.42,8.85,21/08/2025,11:41:06,Debit Card,8.43,0.1,0.84,8.2
INV-102584,A,Manchester,Normal,Female,Personal Care,11.45,4,2.29,48.09,31/12/2025,14:19:31,Mobile Wallet,45.8,0.2,9.16,9.1
INV-102585,D,Bradford,Member,Male,Beverages,12.34,5,3.09,64.79,11/02/2025,09:55:39,Cash,61.7,0.12,7.4,6.4
INV-102586,A,Manchester,Normal,Female,Frozen Foods,14.0,5,3.5,73.5,06/08/2025,19:15:10,Mobile Wallet,70.0,0.11,7.7,6.7
INV-102587,B,Salford,Normal,Male,Snacks,4.96,3,0.74,15.62,20/04/2025,12:04:45,Mobile Wallet,14.88,0.15,2.23,6.6
INV-102588,D,Bradford,Member,Female,Fresh Produce,9.98,1,0.5,10.48,09/07/2025,17:49:11,Cash,9.98,0.09,0.9,5.7
INV-102589,D,Bradford,Member,Male,Snacks,2.38,9,1.07,22.49,16/05/2025,20:30:00,Cash,21.42,0.15,3.21,7.4
INV-102590,D,Bradford,Normal,Male,Baby Products,37.0,3,5.55,116.55,14/08/2025,11:23:18,Debit Card,111.0,0.16,17.76,5.4
INV-102591,D,Bradford,Normal,Male,Snacks,2.59,2,0.26,5.44,25/03/2025,13:04:04,Mobile Wallet,5.18,0.15,0.78,7.5
INV-102592,B,Salford,Normal,Female,Household,5.3,7,1.86,38.96,06/09/2025,10:53:51,Mobile Wallet,37.1,0.18,6.68,8.9
INV-102593,D,Bradford,Member,Female,Dairy & Eggs,1.32,7,0.46,9.7,27/12/2025,15:22:41,Cash,9.24,0.08,0.74,7.6
INV-102594,A,Manchester,Normal,Female,Frozen Foods,17.56,4,3.51,73.75,22/08/2025,18:51:57,Debit Card,70.24,0.11,7.73,7.6
INV-102595,D,Bradford,Normal,Female,Dairy & Eggs,3.6,8,1.44,30.24,22/03/2025,12:05:34,Cash,28.8,0.08,2.3,4.6
INV-102596,C,Leeds,Normal,Female,Snacks,5.69,10,2.85,59.75,05/11/2025,21:37:48,Debit Card,56.9,0.15,8.54,7.7
INV-102597,D,Bradford,Member,Female,Frozen Foods,6.27,9,2.82,59.25,03/03/2025,08:56:14,Credit Card,56.43,0.11,6.21,6.5
INV-102598,C,Leeds,Member,Male,Personal Care,4.37,13,2.84,59.65,21/01/2025,17:40:41,Debit Card,56.81,0.2,11.36,5.2
INV-102599,B,Salford,Member,Female,Personal Care,20.69,10,10.35,217.25,10/07/2025,16:46:37,Cash,206.9,0.2,41.38,5.6
INV-102600,C,Leeds,Member,Male,Household,14.26,5,3.56,74.86,05/06/2025,16:26:44,Mobile Wallet,71.3,0.18,12.83,6.4
INV-102601,C,Leeds,Member,Male,Beverages,5.83,7,2.04,42.85,15/01/2025,17:16:39,Debit Card,40.81,0.12,4.9,4.7
INV-102602,B,Salford,Normal,Female,Frozen Foods,3.73,3,0.56,11.75,29/10/2025,10:03:37,Cash,11.19,0.11,1.23,6.0
INV-102603,D,Bradford,Member,Female,Baby Products,32.71,2,3.27,68.69,06/06/2025,13:34:28,Mobile Wallet,65.42,0.16,10.47,7.1
INV-102604,C,Leeds,Normal,Female,Household,19.8,5,4.95,103.95,04/04/2025,16:23:36,Cash,99.0,0.18,17.82,7.4
INV-102605,D,Bradford,Normal,Female,Household,11.23,5,2.81,58.96,04/03/2025,10:07:01,Debit Card,56.15,0.18,10.11,7.5
INV-102606,C,Leeds,Normal,Female,Baby Products,36.72,3,5.51,115.67,23/01/2025,16:25:58,Debit Card,110.16,0.16,17.63,7.6
INV-102607,D,Bradford,Member,Male,Baby Products,6.32,1,0.32,6.64,21/10/2025,14:26:20,Cash,6.32,0.16,1.01,8.0
INV-102608,C,Leeds,Member,Male,Household,10.93,2,1.09,22.95,22/06/2025,18:18:27,Debit Card,21.86,0.18,3.93,6.3
INV-102609,D,Bradford,Normal,Male,Beverages,3.41,5,0.85,17.9,07/11/2025,13:34:02,Mobile Wallet,17.05,0.12,2.05,7.6
INV-102610,B,Salford,Member,Female,Household,5.99,11,3.29,69.18,16/09/2025,11:05:57,Debit Card,65.89,0.18,11.86,7.2
INV-102611,D,Bradford,Normal,Male,Bakery,5.37,6,1.61,33.83,08/12/2025,15:24:54,Cash,32.22,0.1,3.22,5.4
INV-102612,D,Bradford,Normal,Female,Household,3.2,3,0.48,10.08,16/06/2025,17:33:55,Debit Card,9.6,0.18,1.73,5.8
INV-102613,A,Manchester,Member,Male,Household,7.55,3,1.13,23.78,18/07/2025,14:01:45,Debit Card,22.65,0.18,4.08,6.3
INV-102614,B,Salford,Member,Male,Health & Wellness,32.88,5,8.22,172.62,23/06/2025,16:04:43,Mobile Wallet,164.4,0.22,36.17,7.9
INV-102615,A,Manchester,Member,Male,Dairy & Eggs,6.28,4,1.26,26.38,23/05/2025,11:30:25,Credit Card,25.12,0.08,2.01,6.8
INV-102616,A,Manchester,Member,Female,Bakery,3.91,9,1.76,36.95,29/12/2025,15:44:33,Debit Card,35.19,0.1,3.52,7.4
INV-102617,A,Manchester,Member,Male,Frozen Foods,9.87,6,2.96,62.18,15/10/2025,12:14:08,Debit Card,59.22,0.11,6.51,7.3
INV-102618,A,Manchester,Normal,Female,Household,3.82,6,1.15,24.07,09/04/2025,11:20:33,Credit Card,22.92,0.18,4.13,5.2
INV-102619,A,Manchester,Member,Female,Fresh Produce,9.42,2,0.94,19.78,01/09/2025,14:13:23,Cash,18.84,0.09,1.7,6.8
INV-102620,A,Manchester,Normal,Female,Beverages,16.68,4,3.34,70.06,04/12/2025,12:29:58,Credit Card,66.72,0.12,8.01,8.9
INV-102621,B,Salford,Member,Female,Baby Products,33.51,1,1.68,35.19,21/05/2025,16:44:13,Debit Card,33.51,0.16,5.36,5.4
INV-102622,B,Salford,Member,Female,Health & Wellness,14.69,2,1.47,30.85,28/12/2025,18:43:57,Cash,29.38,0.22,6.46,6.6
INV-102623,D,Bradford,Member,Female,Dairy & Eggs,2.98,4,0.6,12.52,01/10/2025,14:39:40,Mobile Wallet,11.92,0.08,0.95,8.6
INV-102624,C,Leeds,Member,Male,Fresh Produce,10.95,3,1.64,34.49,29/10/2025,15:15:41,Credit Card,32.85,0.09,2.96,6.6
INV-102625,A,Manchester,Member,Male,Health & Wellness,20.78,2,2.08,43.64,12/01/2025,14:33:08,Cash,41.56,0.22,9.14,7.8
INV-102626,C,Leeds,Member,Male,Beverages,2.72,11,1.5,31.42,03/04/2025,17:34:04,Debit Card,29.92,0.12,3.59,5.5
INV-102627,D,Bradford,Normal,Female,Bakery,9.27,4,1.85,38.93,28/09/2025,12:21:50,Debit Card,37.08,0.1,3.71,6.4
INV-102628,C,Leeds,Normal,Male,Frozen Foods,2.29,5,0.57,12.02,12/05/2025,08:10:10,Mobile Wallet,11.45,0.11,1.26,7.5
INV-102629,A,Manchester,Normal,Female,Personal Care,11.4,1,0.57,11.97,20/02/2025,20:48:12,Credit Card,11.4,0.2,2.28,7.4
INV-102630,B,Salford,Member,Male,Bakery,3.52,3,0.53,11.09,15/03/2025,15:22:20,Credit Card,10.56,0.1,1.06,8.4
INV-102631,B,Salford,Normal,Male,Beverages,1.33,3,0.2,4.19,15/02/2025,19:25:45,Cash,3.99,0.12,0.48,6.4
INV-102632,B,Salford,Normal,Male,Fresh Produce,7.48,9,3.37,70.69,28/07/2025,16:34:20,Mobile Wallet,67.32,0.09,6.06,5.9
INV-102633,B,Salford,Member,Female,Health & Wellness,21.48,11,11.81,248.09,11/11/2025,21:47:36,Credit Card,236.28,0.22,51.98,7.8
INV-102634,C,Leeds,Member,Female,Household,17.5,3,2.62,55.12,14/01/2025,17:22:07,Cash,52.5,0.18,9.45,5.9
INV-102635,A,Manchester,Normal,Male,Snacks,0.65,5,0.16,3.41,19/07/2025,13:46:30,Cash,3.25,0.15,0.49,5.6
INV-102636,A,Manchester,Member,Male,Bakery,7.09,4,1.42,29.78,14/03/2025,13:35:29,Debit Card,28.36,0.1,2.84,7.0
INV-102637,D,Bradford,Member,Male,Snacks,5.82,2,0.58,12.22,13/05/2025,11:47:04,Credit Card,11.64,0.15,1.75,8.3
INV-102638,D,Bradford,Member,Female,Baby Products,10.55,11,5.8,121.85,27/01/2025,17:19:54,Cash,116.05,0.16,18.57,7.6
INV-102639,B,Salford,Normal,Female,Beverages,13.3,7,4.66,97.76,02/11/2025,16:02:43,Credit Card,93.1,0.12,11.17,6.2
INV-102640,B,Salford,Member,Male,Health & Wellness,12.2,9,5.49,115.29,18/09/2025,17:23:29,Debit Card,109.8,0.22,24.16,7.0
INV-102641,D,Bradford,Normal,Female,Bakery,5.67,3,0.85,17.86,18/05/2025,08:44:08,Mobile Wallet,17.01,0.1,1.7,6.4
INV-102642,A,Manchester,Member,Male,Dairy & Eggs,4.5,2,0.45,9.45,26/08/2025,16:36:35,Mobile Wallet,9.0,0.08,0.72,7.1
INV-102643,D,Bradford,Member,Female,Household,15.77,4,3.15,66.23,05/09/2025,10:19:28,Debit Card,63.08,0.18,11.35,6.8
INV-102644,A,Manchester,Member,Male,Frozen Foods,12.8,12,7.68,161.28,21/11/2025,11:36:34,Mobile Wallet,153.6,0.11,16.9,7.6
INV-102645,B,Salford,Normal,Female,Fresh Produce,1.02,3,0.15,3.21,18/05/2025,21:40:53,Cash,3.06,0.09,0.28,4.9
INV-102646,A,Manchester,Member,Female,Fresh Produce,1.7,2,0.17,3.57,12/10/2025,20:45:12,Cash,3.4,0.09,0.31,4.7
INV-102647,B,Salford,Normal,Male,Snacks,5.76,6,1.73,36.29,18/10/2025,16:42:43,Mobile Wallet,34.56,0.15,5.18,8.2
INV-102648,D,Bradford,Member,Male,Baby Products,19.46,1,0.97,20.43,12/02/2025,15:04:53,Debit Card,19.46,0.16,3.11,7.6
INV-102649,B,Salford,Member,Female,Health & Wellness,16.71,4,3.34,70.18,11/07/2025,13:14:31,Credit Card,66.84,0.22,14.7,6.4
INV-102650,B,Salford,Normal,Female,Bakery,6.79,5,1.7,35.65,03/10/2025,17:54:04,Debit Card,33.95,0.1,3.4,6.9
INV-102651,D,Bradford,Member,Male,Beverages,2.95,9,1.33,27.88,22/01/2025,18:03:27,Credit Card,26.55,0.12,3.19,8.4
INV-102652,A,Manchester,Member,Male,Bakery,11.68,3,1.75,36.79,14/11/2025,21:27:25,Credit Card,35.04,0.1,3.5,5.4
INV-102653,C,Leeds,Member,Female,Fresh Produce,10.29,10,5.15,108.05,01/01/2025,10:08:26,Debit Card,102.9,0.09,9.26,6.7
INV-102654,A,Manchester,Member,Male,Dairy & Eggs,6.84,7,2.39,50.27,20/05/2025,18:35:39,Mobile Wallet,47.88,0.08,3.83,7.2
INV-102655,C,Leeds,Member,Male,Health & Wellness,13.51,1,0.68,14.19,29/06/2025,08:23:57,Mobile Wallet,13.51,0.22,2.97,6.9
INV-102656,B,Salford,Member,Male,Beverages,10.37,7,3.63,76.22,24/01/2025,10:41:02,Credit Card,72.59,0.12,8.71,6.5
INV-102657,B,Salford,Normal,Female,Frozen Foods,3.53,2,0.35,7.41,03/06/2025,17:20:20,Mobile Wallet,7.06,0.11,0.78,5.3
INV-102658,A,Manchester,Normal,Male,Snacks,2.01,2,0.2,4.22,24/12/2025,10:09:25,Debit Card,4.02,0.15,0.6,6.1
INV-102659,A,Manchester,Member,Female,Baby Products,22.95,5,5.74,120.49,12/10/2025,14:36:54,Debit Card,114.75,0.16,18.36,8.3
INV-102660,C,Leeds,Normal,Male,Fresh Produce,7.23,2,0.72,15.18,18/04/2025,19:03:55,Debit Card,14.46,0.09,1.3,6.9
INV-102661,C,Leeds,Normal,Male,Baby Products,35.19,2,3.52,73.9,22/11/2025,19:21:49,Credit Card,70.38,0.16,11.26,7.3
INV-102662,C,Leeds,Normal,Male,Dairy & Eggs,2.91,2,0.29,6.11,20/05/2025,19:46:48,Credit Card,5.82,0.08,0.47,5.6
INV-102663,B,Salford,Member,Male,Personal Care,5.55,5,1.39,29.14,24/06/2025,12:36:06,Debit Card,27.75,0.2,5.55,7.3
INV-102664,B,Salford,Member,Male,Dairy & Eggs,1.28,6,0.38,8.06,03/11/2025,21:38:52,Cash,7.68,0.08,0.61,4.2
INV-102665,C,Leeds,Member,Female,Personal Care,27.39,1,1.37,28.76,21/12/2025,20:39:43,Mobile Wallet,27.39,0.2,5.48,5.9
INV-102666,B,Salford,Member,Female,Bakery,7.55,5,1.89,39.64,08/11/2025,12:11:11,Debit Card,37.75,0.1,3.78,6.9
INV-102667,D,Bradford,Member,Female,Beverages,12.45,9,5.6,117.65,05/01/2025,21:03:58,Mobile Wallet,112.05,0.12,13.45,6.5
INV-102668,B,Salford,Normal,Male,Baby Products,29.31,2,2.93,61.55,12/10/2025,16:37:27,Credit Card,58.62,0.16,9.38,5.9
INV-102669,D,Bradford,Member,Male,Household,15.35,10,7.68,161.18,03/10/2025,19:12:14,Cash,153.5,0.18,27.63,8.3
INV-102670,A,Manchester,Member,Female,Household,21.18,10,10.59,222.39,03/10/2025,16:42:24,Cash,211.8,0.18,38.12,7.8
INV-102671,A,Manchester,Member,Male,Fresh Produce,3.44,8,1.38,28.9,11/12/2025,16:25:09,Mobile Wallet,27.52,0.09,2.48,8.4
INV-102672,A,Manchester,Normal,Male,Snacks,4.5,6,1.35,28.35,12/07/2025,21:24:34,Debit Card,27.0,0.15,4.05,5.3
INV-102673,C,Leeds,Member,Male,Baby Products,36.23,1,1.81,38.04,01/04/2025,13:52:57,Mobile Wallet,36.23,0.16,5.8,7.4
INV-102674,A,Manchester,Member,Female,Beverages,10.37,5,2.59,54.44,25/08/2025,17:47:16,Debit Card,51.85,0.12,6.22,7.7
INV-102675,C,Leeds,Normal,Female,Personal Care,2.31,11,1.27,26.68,16/08/2025,11:57:55,Debit Card,25.41,0.2,5.08,6.3
INV-102676,A,Manchester,Member,Female,Snacks,2.24,12,1.34,28.22,11/01/2025,20:29:29,Mobile Wallet,26.88,0.15,4.03,7.2
INV-102677,C,Leeds,Normal,Male,Beverages,4.43,3,0.66,13.95,09/04/2025,13:22:07,Cash,13.29,0.12,1.59,7.7
INV-102678,A,Manchester,Normal,Male,Personal Care,22.1,6,6.63,139.23,24/04/2025,12:23:32,Cash,132.6,0.2,26.52,4.9
INV-102679,B,Salford,Normal,Male,Snacks,5.83,3,0.87,18.36,05/07/2025,13:03:23,Credit Card,17.49,0.15,2.62,7.5
INV-102680,A,Manchester,Normal,Male,Fresh Produce,1.07,2,0.11,2.25,10/09/2025,11:41:28,Credit Card,2.14,0.09,0.19,5.8
INV-102681,B,Salford,Member,Female,Personal Care,22.11,7,7.74,162.51,11/04/2025,19:04:46,Credit Card,154.77,0.2,30.95,7.5
INV-102682,D,Bradford,Normal,Female,Bakery,5.17,3,0.78,16.29,23/05/2025,16:39:20,Debit Card,15.51,0.1,1.55,7.2
INV-102683,D,Bradford,Member,Female,Health & Wellness,22.45,9,10.1,212.15,10/10/2025,09:13:18,Debit Card,202.05,0.22,44.45,6.2
INV-102684,B,Salford,Normal,Female,Beverages,9.36,1,0.47,9.83,03/02/2025,17:38:43,Credit Card,9.36,0.12,1.12,8.5
INV-102685,B,Salford,Member,Female,Frozen Foods,8.11,6,2.43,51.09,07/03/2025,21:35:01,Credit Card,48.66,0.11,5.35,6.6
INV-102686,C,Leeds,Member,Female,Bakery,3.58,4,0.72,15.04,25/09/2025,16:04:24,Mobile Wallet,14.32,0.1,1.43,5.9
INV-102687,C,Leeds,Member,Female,Frozen Foods,2.79,4,0.56,11.72,14/12/2025,14:56:00,Mobile Wallet,11.16,0.11,1.23,7.6
INV-102688,A,Manchester,Member,Male,Household,14.64,4,2.93,61.49,15/12/2025,12:03:25,Debit Card,58.56,0.18,10.54,5.3
INV-102689,D,Bradford,Normal,Female,Frozen Foods,8.97,1,0.45,9.42,07/08/2025,21:17:59,Debit Card,8.97,0.11,0.99,8.2
INV-102690,A,Manchester,Member,Male,Snacks,4.2,5,1.05,22.05,10/08/2025,12:48:10,Credit Card,21.0,0.15,3.15,7.1
INV-102691,D,Bradford,Member,Male,Household,15.47,3,2.32,48.73,04/03/2025,11:18:29,Debit Card,46.41,0.18,8.35,6.7
INV-102692,D,Bradford,Normal,Male,Bakery,2.52,1,0.13,2.65,05/07/2025,16:20:32,Debit Card,2.52,0.1,0.25,5.7
INV-102693,A,Manchester,Normal,Female,Dairy & Eggs,3.45,6,1.03,21.73,25/01/2025,19:34:22,Mobile Wallet,20.7,0.08,1.66,5.7
INV-102694,C,Leeds,Normal,Male,Baby Products,4.32,2,0.43,9.07,30/09/2025,09:19:51,Credit Card,8.64,0.16,1.38,5.6
INV-102695,D,Bradford,Normal,Male,Beverages,0.82,7,0.29,6.03,03/01/2025,18:44:22,Mobile Wallet,5.74,0.12,0.69,6.7
INV-102696,D,Bradford,Member,Female,Bakery,5.75,5,1.44,30.19,21/06/2025,12:08:37,Debit Card,28.75,0.1,2.88,5.6
INV-102697,A,Manchester,Normal,Female,Bakery,6.96,1,0.35,7.31,26/04/2025,16:18:40,Debit Card,6.96,0.1,0.7,5.0
INV-102698,D,Bradford,Member,Female,Frozen Foods,14.41,5,3.6,75.65,08/05/2025,18:28:30,Credit Card,72.05,0.11,7.93,8.7
INV-102699,B,Salford,Member,Female,Beverages,1.44,1,0.07,1.51,18/06/2025,13:16:45,Debit Card,1.44,0.12,0.17,5.8
INV-102700,C,Leeds,Member,Female,Beverages,5.13,3,0.77,16.16,17/11/2025,12:49:40,Cash,15.39,0.12,1.85,6.8
INV-102701,A,Manchester,Normal,Female,Frozen Foods,3.62,5,0.91,19.01,03/09/2025,16:36:19,Credit Card,18.1,0.11,1.99,7.5
INV-102702,D,Bradford,Member,Female,Frozen Foods,6.77,8,2.71,56.87,31/10/2025,20:45:14,Debit Card,54.16,0.11,5.96,10.0
INV-102703,C,Leeds,Member,Male,Health & Wellness,24.9,8,9.96,209.16,07/05/2025,20:47:09,Credit Card,199.2,0.22,43.82,6.6
INV-102704,A,Manchester,Normal,Male,Health & Wellness,15.31,7,5.36,112.53,03/05/2025,19:59:22,Cash,107.17,0.22,23.58,4.0
INV-102705,C,Leeds,Member,Female,Baby Products,39.7,2,3.97,83.37,20/06/2025,12:35:16,Cash,79.4,0.16,12.7,7.3
INV-102706,B,Salford,Normal,Female,Household,8.42,8,3.37,70.73,04/11/2025,17:10:00,Cash,67.36,0.18,12.12,6.7
INV-102707,D,Bradford,Normal,Female,Frozen Foods,16.42,11,9.03,189.65,17/11/2025,10:31:48,Mobile Wallet,180.62,0.11,19.87,6.9
INV-102708,D,Bradford,Normal,Female,Bakery,1.33,9,0.6,12.57,13/02/2025,13:10:48,Debit Card,11.97,0.1,1.2,7.6
INV-102709,A,Manchester,Member,Female,Health & Wellness,11.52,4,2.3,48.38,13/07/2025,14:21:12,Debit Card,46.08,0.22,10.14,7.8
INV-102710,C,Leeds,Member,Female,Fresh Produce,4.59,6,1.38,28.92,07/03/2025,20:49:05,Cash,27.54,0.09,2.48,8.6
INV-102711,A,Manchester,Member,Male,Bakery,6.67,9,3.0,63.03,29/01/2025,11:17:21,Debit Card,60.03,0.1,6.0,8.2
INV-102712,C,Leeds,Normal,Male,Personal Care,5.45,5,1.36,28.61,03/02/2025,21:01:38,Debit Card,27.25,0.2,5.45,6.1
INV-102713,A,Manchester,Normal,Female,Snacks,5.53,10,2.77,58.07,14/10/2025,12:54:44,Debit Card,55.3,0.15,8.29,6.7
INV-102714,A,Manchester,Normal,Male,Baby Products,30.48,8,12.19,256.03,15/07/2025,12:02:39,Credit Card,243.84,0.16,39.01,6.1
INV-102715,D,Bradford,Member,Female,Household,14.42,2,1.44,30.28,13/11/2025,18:54:44,Debit Card,28.84,0.18,5.19,6.4
INV-102716,D,Bradford,Member,Female,Household,17.24,6,5.17,108.61,03/11/2025,14:19:27,Credit Card,103.44,0.18,18.62,6.7
INV-102717,A,Manchester,Normal,Male,Baby Products,22.25,3,3.34,70.09,16/07/2025,20:25:04,Credit Card,66.75,0.16,10.68,4.9
INV-102718,D,Bradford,Normal,Male,Dairy & Eggs,8.09,4,1.62,33.98,14/11/2025,21:36:38,Debit Card,32.36,0.08,2.59,4.3
INV-102719,A,Manchester,Member,Male,Beverages,1.47,5,0.37,7.72,30/11/2025,18:41:00,Debit Card,7.35,0.12,0.88,6.8
INV-102720,A,Manchester,Normal,Male,Fresh Produce,12.27,3,1.84,38.65,22/09/2025,16:46:38,Debit Card,36.81,0.09,3.31,4.8
INV-102721,C,Leeds,Member,Female,Beverages,11.5,12,6.9,144.9,25/02/2025,16:04:58,Cash,138.0,0.12,16.56,6.3
INV-102722,A,Manchester,Normal,Female,Fresh Produce,10.42,5,2.61,54.71,01/11/2025,14:47:33,Cash,52.1,0.09,4.69,7.0
INV-102723,A,Manchester,Normal,Female,Frozen Foods,14.32,2,1.43,30.07,21/10/2025,11:01:00,Cash,28.64,0.11,3.15,6.7
INV-102724,B,Salford,Member,Male,Beverages,4.33,5,1.08,22.73,01/07/2025,16:25:28,Mobile Wallet,21.65,0.12,2.6,7.6
INV-102725,D,Bradford,Member,Male,Snacks,3.47,4,0.69,14.57,14/11/2025,17:01:17,Credit Card,13.88,0.15,2.08,6.5
INV-102726,D,Bradford,Member,Female,Household,15.75,1,0.79,16.54,05/05/2025,20:11:45,Debit Card,15.75,0.18,2.83,7.7
INV-102727,B,Salford,Normal,Female,Bakery,1.74,8,0.7,14.62,31/01/2025,20:54:35,Debit Card,13.92,0.1,1.39,6.7
INV-102728,B,Salford,Member,Male,Fresh Produce,4.49,2,0.45,9.43,27/10/2025,15:00:30,Debit Card,8.98,0.09,0.81,10.0
INV-102729,D,Bradford,Member,Male,Baby Products,13.11,10,6.55,137.65,09/06/2025,14:09:56,Credit Card,131.1,0.16,20.98,4.6
INV-102730,B,Salford,Normal,Female,Bakery,8.0,3,1.2,25.2,29/08/2025,18:42:46,Cash,24.0,0.1,2.4,5.9
INV-102731,C,Leeds,Normal,Male,Bakery,5.59,5,1.4,29.35,30/05/2025,14:11:07,Cash,27.95,0.1,2.79,5.6
INV-102732,C,Leeds,Member,Female,Dairy & Eggs,7.28,10,3.64,76.44,23/09/2025,11:16:37,Debit Card,72.8,0.08,5.82,8.5
INV-102733,B,Salford,Member,Female,Fresh Produce,9.61,7,3.36,70.63,02/05/2025,12:19:14,Cash,67.27,0.09,6.05,7.2
INV-102734,A,Manchester,Member,Male,Personal Care,9.34,1,0.47,9.81,26/06/2025,11:37:02,Mobile Wallet,9.34,0.2,1.87,7.9
INV-102735,B,Salford,Member,Female,Household,3.05,6,0.92,19.22,24/11/2025,14:26:10,Debit Card,18.3,0.18,3.29,6.5
INV-102736,B,Salford,Member,Female,Health & Wellness,15.17,2,1.52,31.86,24/06/2025,18:35:03,Debit Card,30.34,0.22,6.67,8.3
INV-102737,B,Salford,Normal,Male,Fresh Produce,7.72,3,1.16,24.32,22/12/2025,09:44:06,Credit Card,23.16,0.09,2.08,7.5
INV-102738,D,Bradford,Member,Male,Household,9.71,1,0.49,10.2,24/10/2025,16:28:09,Debit Card,9.71,0.18,1.75,5.7
INV-102739,C,Leeds,Member,Male,Personal Care,21.35,1,1.07,22.42,03/08/2025,15:41:11,Credit Card,21.35,0.2,4.27,6.6
INV-102740,C,Leeds,Member,Female,Frozen Foods,16.01,4,3.2,67.24,23/02/2025,19:21:24,Debit Card,64.04,0.11,7.04,7.3
INV-102741,D,Bradford,Normal,Female,Household,9.92,3,1.49,31.25,11/09/2025,17:43:23,Mobile Wallet,29.76,0.18,5.36,7.4
INV-102742,B,Salford,Member,Female,Baby Products,13.9,5,3.48,72.98,24/11/2025,14:16:24,Cash,69.5,0.16,11.12,6.6
INV-102743,B,Salford,Member,Female,Personal Care,22.72,6,6.82,143.14,27/08/2025,14:06:44,Cash,136.32,0.2,27.26,6.8
INV-102744,B,Salford,Member,Female,Frozen Foods,6.56,8,2.62,55.1,04/09/2025,15:35:56,Credit Card,52.48,0.11,5.77,7.6
INV-102745,C,Leeds,Member,Male,Beverages,11.09,1,0.55,11.64,16/04/2025,14:26:43,Debit Card,11.09,0.12,1.33,5.9
INV-102746,D,Bradford,Member,Female,Dairy & Eggs,1.68,4,0.34,7.06,04/01/2025,12:13:04,Credit Card,6.72,0.08,0.54,7.2
INV-102747,C,Leeds,Normal,Female,Fresh Produce,9.24,3,1.39,29.11,07/02/2025,16:17:48,Debit Card,27.72,0.09,2.49,5.5
INV-102748,C,Leeds,Member,Female,Health & Wellness,27.57,1,1.38,28.95,12/10/2025,19:42:12,Debit Card,27.57,0.22,6.07,6.9
INV-102749,A,Manchester,Normal,Female,Personal Care,4.36,4,0.87,18.31,29/05/2025,13:48:04,Cash,17.44,0.2,3.49,5.9
INV-102750,D,Bradford,Normal,Female,Snacks,1.16,5,0.29,6.09,20/11/2025,12:15:48,Debit Card,5.8,0.15,0.87,5.3
INV-102751,C,Leeds,Normal,Female,Personal Care,17.55,3,2.63,55.28,16/01/2025,13:00:08,Debit Card,52.65,0.2,10.53,6.2
INV-102752,B,Salford,Member,Female,Personal Care,20.7,7,7.25,152.15,26/05/2025,13:53:52,Credit Card,144.9,0.2,28.98,7.1
INV-102753,B,Salford,Normal,Female,Baby Products,35.59,3,5.34,112.11,15/05/2025,12:00:56,Cash,106.77,0.16,17.08,6.8
INV-102754,B,Salford,Normal,Male,Bakery,3.97,6,1.19,25.01,11/10/2025,12:47:23,Debit Card,23.82,0.1,2.38,4.9
INV-102755,B,Salford,Member,Female,Beverages,9.73,3,1.46,30.65,11/04/2025,14:47:48,Debit Card,29.19,0.12,3.5,5.7
INV-102756,A,Manchester,Normal,Female,Health & Wellness,24.48,1,1.22,25.7,15/05/2025,21:19:57,Debit Card,24.48,0.22,5.39,8.1
INV-102757,A,Manchester,Member,Female,Dairy & Eggs,5.1,12,3.06,64.26,13/12/2025,17:00:35,Credit Card,61.2,0.08,4.9,6.5
INV-102758,B,Salford,Member,Male,Beverages,12.82,9,5.77,121.15,02/12/2025,13:52:12,Cash,115.38,0.12,13.85,6.8
INV-102759,A,Manchester,Member,Male,Personal Care,24.05,2,2.41,50.51,18/04/2025,19:31:28,Mobile Wallet,48.1,0.2,9.62,7.9
INV-102760,C,Leeds,Member,Male,Snacks,3.97,4,0.79,16.67,03/05/2025,10:42:57,Debit Card,15.88,0.15,2.38,6.6
INV-102761,C,Leeds,Normal,Male,Health & Wellness,35.52,9,15.98,335.66,05/12/2025,18:39:06,Mobile Wallet,319.68,0.22,70.33,6.2
INV-102762,B,Salford,Member,Male,Dairy & Eggs,4.7,5,1.18,24.68,31/12/2025,15:12:58,Debit Card,23.5,0.08,1.88,6.5
INV-102763,A,Manchester,Normal,Female,Personal Care,16.88,1,0.84,17.72,15/03/2025,16:40:41,Mobile Wallet,16.88,0.2,3.38,6.3
INV-102764,B,Salford,Normal,Female,Dairy & Eggs,7.15,8,2.86,60.06,09/04/2025,10:18:12,Debit Card,57.2,0.08,4.58,6.4
INV-102765,D,Bradford,Member,Male,Fresh Produce,11.39,1,0.57,11.96,12/06/2025,15:21:47,Cash,11.39,0.09,1.03,7.8
INV-102766,D,Bradford,Member,Female,Bakery,4.34,9,1.95,41.01,24/01/2025,21:05:42,Cash,39.06,0.1,3.91,5.2
INV-102767,B,Salford,Member,Male,Frozen Foods,12.35,6,3.71,77.81,18/03/2025,16:06:32,Cash,74.1,0.11,8.15,7.2
INV-102768,C,Leeds,Member,Female,Baby Products,34.69,4,6.94,145.7,28/01/2025,17:18:24,Credit Card,138.76,0.16,22.2,6.1
INV-102769,C,Leeds,Member,Female,Bakery,9.27,5,2.32,48.67,18/09/2025,09:08:12,Cash,46.35,0.1,4.64,6.6
INV-102770,D,Bradford,Normal,Female,Snacks,5.68,6,1.7,35.78,11/02/2025,13:09:08,Debit Card,34.08,0.15,5.11,5.0
INV-102771,D,Bradford,Normal,Female,Personal Care,17.75,13,11.54,242.29,27/03/2025,19:41:32,Credit Card,230.75,0.2,46.15,5.1
INV-102772,D,Bradford,Member,Male,Health & Wellness,25.3,9,11.38,239.08,13/09/2025,12:36:15,Credit Card,227.7,0.22,50.09,7.5
INV-102773,D,Bradford,Member,Female,Baby Products,35.26,3,5.29,111.07,14/06/2025,17:10:39,Credit Card,105.78,0.16,16.92,6.0
INV-102774,C,Leeds,Member,Male,Household,21.0,5,5.25,110.25,11/09/2025,18:27:51,Mobile Wallet,105.0,0.18,18.9,8.3
INV-102775,D,Bradford,Member,Male,Beverages,13.71,7,4.8,100.77,25/10/2025,19:03:51,Mobile Wallet,95.97,0.12,11.52,5.4
INV-102776,D,Bradford,Normal,Female,Bakery,6.74,2,0.67,14.15,17/04/2025,14:37:23,Debit Card,13.48,0.1,1.35,6.7
INV-102777,B,Salford,Normal,Female,Snacks,2.72,10,1.36,28.56,20/08/2025,17:43:17,Debit Card,27.2,0.15,4.08,6.1
INV-102778,B,Salford,Normal,Male,Household,7.07,6,2.12,44.54,22/04/2025,11:43:17,Credit Card,42.42,0.18,7.64,6.0
INV-102779,C,Leeds,Normal,Male,Frozen Foods,12.19,7,4.27,89.6,13/07/2025,12:26:25,Debit Card,85.33,0.11,9.39,5.6
INV-102780,B,Salford,Member,Male,Baby Products,15.69,1,0.78,16.47,11/05/2025,14:07:29,Debit Card,15.69,0.16,2.51,6.1
INV-102781,A,Manchester,Normal,Female,Household,11.72,1,0.59,12.31,13/02/2025,14:18:12,Credit Card,11.72,0.18,2.11,7.4
INV-102782,C,Leeds,Member,Male,Fresh Produce,2.88,1,0.14,3.02,23/09/2025,16:26:25,Debit Card,2.88,0.09,0.26,8.0
INV-102783,C,Leeds,Normal,Female,Household,16.52,3,2.48,52.04,26/10/2025,20:42:29,Debit Card,49.56,0.18,8.92,4.0
INV-102784,A,Manchester,Normal,Male,Household,12.07,8,4.83,101.39,20/09/2025,19:40:51,Mobile Wallet,96.56,0.18,17.38,8.7
INV-102785,C,Leeds,Member,Male,Bakery,10.33,3,1.55,32.54,19/08/2025,18:34:25,Debit Card,30.99,0.1,3.1,6.0
INV-102786,D,Bradford,Normal,Male,Frozen Foods,11.98,5,3.0,62.9,29/07/2025,19:37:35,Credit Card,59.9,0.11,6.59,6.8
INV-102787,C,Leeds,Member,Male,Frozen Foods,16.11,5,4.03,84.58,12/06/2025,13:12:39,Debit Card,80.55,0.11,8.86,7.4
INV-102788,C,Leeds,Normal,Male,Bakery,4.16,3,0.62,13.1,13/01/2025,20:28:02,Credit Card,12.48,0.1,1.25,5.3
INV-102789,B,Salford,Normal,Male,Frozen Foods,8.86,3,1.33,27.91,30/04/2025,17:10:53,Credit Card,26.58,0.11,2.92,7.2
INV-102790,C,Leeds,Member,Female,Frozen Foods,10.08,13,6.55,137.59,03/07/2025,12:46:23,Debit Card,131.04,0.11,14.41,7.4
INV-102791,A,Manchester,Normal,Male,Baby Products,42.28,2,4.23,88.79,14/09/2025,16:35:12,Debit Card,84.56,0.16,13.53,7.5
INV-102792,A,Manchester,Normal,Male,Health & Wellness,3.74,1,0.19,3.93,27/04/2025,16:49:41,Credit Card,3.74,0.22,0.82,7.3
INV-102793,A,Manchester,Member,Female,Fresh Produce,10.9,2,1.09,22.89,06/02/2025,13:18:23,Debit Card,21.8,0.09,1.96,8.7
INV-102794,C,Leeds,Normal,Female,Personal Care,4.08,8,1.63,34.27,07/10/2025,16:04:36,Cash,32.64,0.2,6.53,5.8
INV-102795,B,Salford,Member,Male,Baby Products,33.73,12,20.24,425.0,11/04/2025,14:06:57,Mobile Wallet,404.76,0.16,64.76,6.1
INV-102796,C,Leeds,Normal,Male,Household,8.96,1,0.45,9.41,04/06/2025,16:12:36,Credit Card,8.96,0.18,1.61,7.3
INV-102797,C,Leeds,Member,Female,Fresh Produce,6.68,4,1.34,28.06,28/12/2025,18:50:01,Mobile Wallet,26.72,0.09,2.4,5.6
INV-102798,B,Salford,Member,Male,Frozen Foods,4.69,3,0.7,14.77,05/01/2025,17:34:33,Credit Card,14.07,0.11,1.55,8.1
INV-102799,C,Leeds,Normal,Male,Dairy & Eggs,7.45,2,0.75,15.65,27/06/2025,21:02:16,Credit Card,14.9,0.08,1.19,6.9
INV-102800,D,Bradford,Member,Male,Snacks,0.74,5,0.19,3.89,24/10/2025,13:13:26,Debit Card,3.7,0.15,0.56,7.8
INV-102801,A,Manchester,Member,Male,Bakery,9.98,2,1.0,20.96,01/12/2025,20:23:39,Credit Card,19.96,0.1,2.0,4.9
INV-102802,B,Salford,Member,Male,Dairy & Eggs,4.35,7,1.52,31.97,27/04/2025,18:01:15,Mobile Wallet,30.45,0.08,2.44,8.4
INV-102803,B,Salford,Member,Female,Health & Wellness,8.05,3,1.21,25.36,31/08/2025,14:29:39,Debit Card,24.15,0.22,5.31,6.5
INV-102804,B,Salford,Normal,Male,Dairy & Eggs,3.82,2,0.38,8.02,25/08/2025,12:22:10,Credit Card,7.64,0.08,0.61,5.5
INV-102805,C,Leeds,Member,Female,Beverages,1.67,10,0.83,17.53,10/06/2025,11:54:41,Mobile Wallet,16.7,0.12,2.0,6.2
INV-102806,B,Salford,Member,Male,Dairy & Eggs,3.87,1,0.19,4.06,24/12/2025,11:02:54,Credit Card,3.87,0.08,0.31,7.9
INV-102807,D,Bradford,Member,Female,Baby Products,24.14,1,1.21,25.35,13/08/2025,19:44:55,Cash,24.14,0.16,3.86,7.5
INV-102808,D,Bradford,Member,Female,Dairy & Eggs,3.95,3,0.59,12.44,11/07/2025,14:24:08,Cash,11.85,0.08,0.95,7.5
INV-102809,B,Salford,Normal,Female,Household,21.81,8,8.72,183.2,06/06/2025,21:09:39,Debit Card,174.48,0.18,31.41,6.3
INV-102810,A,Manchester,Member,Male,Health & Wellness,27.65,6,8.29,174.19,04/12/2025,19:55:08,Mobile Wallet,165.9,0.22,36.5,7.0
INV-102811,C,Leeds,Member,Male,Dairy & Eggs,5.27,11,2.9,60.87,26/04/2025,11:26:23,Mobile Wallet,57.97,0.08,4.64,7.8
INV-102812,D,Bradford,Member,Male,Baby Products,38.84,4,7.77,163.13,18/12/2025,18:50:08,Credit Card,155.36,0.16,24.86,6.0
INV-102813,D,Bradford,Member,Male,Beverages,5.79,5,1.45,30.4,16/06/2025,15:37:48,Debit Card,28.95,0.12,3.47,6.6
INV-102814,A,Manchester,Normal,Female,Bakery,2.99,6,0.9,18.84,13/03/2025,12:07:02,Mobile Wallet,17.94,0.1,1.79,6.3
INV-102815,B,Salford,Normal,Male,Beverages,12.33,6,3.7,77.68,18/10/2025,20:48:39,Debit Card,73.98,0.12,8.88,6.6
INV-102816,D,Bradford,Member,Male,Bakery,3.56,7,1.25,26.17,15/04/2025,11:38:42,Credit Card,24.92,0.1,2.49,4.2
INV-102817,D,Bradford,Normal,Female,Frozen Foods,10.79,1,0.54,11.33,01/10/2025,16:09:04,Debit Card,10.79,0.11,1.19,4.5
INV-102818,D,Bradford,Normal,Female,Health & Wellness,7.43,10,3.71,78.01,01/09/2025,19:53:08,Debit Card,74.3,0.22,16.35,7.3
INV-102819,A,Manchester,Member,Male,Snacks,5.77,2,0.58,12.12,19/10/2025,12:34:52,Debit Card,11.54,0.15,1.73,7.5
INV-102820,D,Bradford,Member,Male,Fresh Produce,7.2,8,2.88,60.48,17/02/2025,13:39:53,Mobile Wallet,57.6,0.09,5.18,6.5
INV-102821,B,Salford,Member,Female,Frozen Foods,3.63,3,0.54,11.43,12/12/2025,18:00:18,Credit Card,10.89,0.11,1.2,5.3
INV-102822,B,Salford,Member,Female,Household,6.05,5,1.51,31.76,19/12/2025,11:10:14,Credit Card,30.25,0.18,5.44,6.2
INV-102823,D,Bradford,Member,Female,Household,14.12,3,2.12,44.48,06/04/2025,16:12:07,Debit Card,42.36,0.18,7.62,6.6
INV-102824,B,Salford,Normal,Female,Dairy & Eggs,5.95,1,0.3,6.25,17/07/2025,18:45:15,Debit Card,5.95,0.08,0.48,7.6
INV-102825,C,Leeds,Member,Female,Bakery,8.65,10,4.33,90.83,30/04/2025,11:28:49,Debit Card,86.5,0.1,8.65,8.2
INV-102826,C,Leeds,Member,Female,Frozen Foods,14.85,2,1.49,31.19,21/08/2025,13:25:55,Debit Card,29.7,0.11,3.27,6.9
INV-102827,A,Manchester,Normal,Male,Fresh Produce,8.68,10,4.34,91.14,23/09/2025,12:56:05,Mobile Wallet,86.8,0.09,7.81,5.4
INV-102828,A,Manchester,Member,Female,Beverages,8.27,8,3.31,69.47,17/06/2025,13:27:03,Mobile Wallet,66.16,0.12,7.94,7.6
INV-102829,D,Bradford,Member,Male,Health & Wellness,32.51,10,16.26,341.36,22/03/2025,17:59:12,Credit Card,325.1,0.22,71.52,7.0
INV-102830,A,Manchester,Normal,Female,Baby Products,15.77,2,1.58,33.12,02/10/2025,11:52:56,Credit Card,31.54,0.16,5.05,6.6
INV-102831,D,Bradford,Normal,Male,Snacks,5.26,4,1.05,22.09,05/02/2025,16:34:46,Credit Card,21.04,0.15,3.16,8.9
INV-102832,D,Bradford,Normal,Female,Personal Care,10.82,3,1.62,34.08,08/03/2025,13:59:56,Debit Card,32.46,0.2,6.49,7.5
INV-102833,B,Salford,Normal,Male,Fresh Produce,4.56,3,0.68,14.36,10/08/2025,21:55:08,Credit Card,13.68,0.09,1.23,6.2
INV-102834,D,Bradford,Member,Female,Household,8.76,4,1.75,36.79,06/11/2025,13:37:10,Credit Card,35.04,0.18,6.31,5.6
INV-102835,C,Leeds,Normal,Female,Personal Care,4.36,8,1.74,36.62,15/09/2025,12:33:20,Debit Card,34.88,0.2,6.98,5.1
INV-102836,D,Bradford,Member,Male,Fresh Produce,1.4,5,0.35,7.35,14/04/2025,21:52:08,Debit Card,7.0,0.09,0.63,8.0
INV-102837,A,Manchester,Normal,Female,Beverages,14.28,5,3.57,74.97,17/08/2025,14:34:49,Cash,71.4,0.12,8.57,5.5
INV-102838,A,Manchester,Member,Male,Bakery,1.81,3,0.27,5.7,06/11/2025,11:44:50,Debit Card,5.43,0.1,0.54,6.2
INV-102839,B,Salford,Normal,Male,Frozen Foods,14.25,2,1.43,29.93,19/10/2025,16:53:31,Credit Card,28.5,0.11,3.14,6.3
INV-102840,D,Bradford,Member,Male,Bakery,7.67,1,0.38,8.05,25/08/2025,20:01:28,Credit Card,7.67,0.1,0.77,4.9
INV-102841,A,Manchester,Normal,Female,Dairy & Eggs,7.4,2,0.74,15.54,28/05/2025,08:05:13,Debit Card,14.8,0.08,1.18,6.9
INV-102842,D,Bradford,Member,Male,Bakery,3.72,2,0.37,7.81,25/12/2025,18:40:48,Credit Card,7.44,0.1,0.74,6.3
INV-102843,C,Leeds,Member,Male,Bakery,5.15,1,0.26,5.41,10/11/2025,18:20:38,Debit Card,5.15,0.1,0.52,6.2
INV-102844,B,Salford,Member,Male,Household,17.25,1,0.86,18.11,08/05/2025,17:30:54,Credit Card,17.25,0.18,3.1,8.0
INV-102845,B,Salford,Normal,Male,Snacks,5.31,3,0.8,16.73,23/08/2025,17:14:18,Debit Card,15.93,0.15,2.39,6.2
INV-102846,D,Bradford,Member,Female,Beverages,4.25,5,1.06,22.31,24/12/2025,09:44:44,Mobile Wallet,21.25,0.12,2.55,6.8
INV-102847,A,Manchester,Member,Male,Personal Care,23.26,4,4.65,97.69,24/12/2025,15:55:37,Debit Card,93.04,0.2,18.61,7.8
INV-102848,A,Manchester,Normal,Female,Frozen Foods,6.92,5,1.73,36.33,22/03/2025,13:40:37,Cash,34.6,0.11,3.81,5.2
INV-102849,C,Leeds,Normal,Male,Personal Care,22.03,6,6.61,138.79,08/12/2025,18:45:51,Cash,132.18,0.2,26.44,4.4
INV-102850,A,Manchester,Member,Female,Frozen Foods,10.94,5,2.74,57.44,10/09/2025,11:26:55,Credit Card,54.7,0.11,6.02,7.1
INV-102851,D,Bradford,Member,Female,Personal Care,21.2,7,7.42,155.82,08/07/2025,14:47:40,Debit Card,148.4,0.2,29.68,8.1
INV-102852,A,Manchester,Member,Female,Bakery,7.64,5,1.91,40.11,16/09/2025,12:08:21,Debit Card,38.2,0.1,3.82,9.8
INV-102853,C,Leeds,Member,Male,Baby Products,13.51,1,0.68,14.19,19/08/2025,15:34:23,Credit Card,13.51,0.16,2.16,5.2
INV-102854,B,Salford,Member,Male,Household,7.72,3,1.16,24.32,17/04/2025,17:44:36,Cash,23.16,0.18,4.17,6.5
INV-102855,A,Manchester,Member,Male,Frozen Foods,8.25,10,4.12,86.62,14/01/2025,14:51:45,Credit Card,82.5,0.11,9.07,7.6
INV-102856,A,Manchester,Normal,Male,Dairy & Eggs,5.64,2,0.56,11.84,15/07/2025,21:57:22,Credit Card,11.28,0.08,0.9,6.5
INV-102857,C,Leeds,Normal,Male,Health & Wellness,24.98,8,9.99,209.83,10/04/2025,15:04:51,Debit Card,199.84,0.22,43.96,6.4
INV-102858,D,Bradford,Member,Female,Snacks,2.64,7,0.92,19.4,06/01/2025,20:53:19,Cash,18.48,0.15,2.77,5.7
INV-102859,C,Leeds,Normal,Female,Personal Care,18.02,7,6.31,132.45,30/12/2025,18:58:04,Credit Card,126.14,0.2,25.23,6.5
INV-102860,B,Salford,Normal,Male,Baby Products,16.91,6,5.07,106.53,10/12/2025,16:35:28,Debit Card,101.46,0.16,16.23,6.2
INV-102861,D,Bradford,Member,Male,Fresh Produce,8.33,4,1.67,34.99,25/08/2025,14:40:38,Debit Card,33.32,0.09,3.0,6.5
INV-102862,A,Manchester,Normal,Female,Dairy & Eggs,2.78,4,0.56,11.68,08/10/2025,14:24:41,Credit Card,11.12,0.08,0.89,5.8
INV-102863,B,Salford,Normal,Male,Bakery,1.44,1,0.07,1.51,13/03/2025,08:24:49,Cash,1.44,0.1,0.14,6.8
INV-102864,D,Bradford,Member,Male,Personal Care,12.63,6,3.79,79.57,24/03/2025,13:39:47,Cash,75.78,0.2,15.16,6.7
INV-102865,B,Salford,Member,Female,Dairy & Eggs,3.09,8,1.24,25.96,07/11/2025,21:08:19,Cash,24.72,0.08,1.98,4.7
INV-102866,A,Manchester,Normal,Female,Beverages,4.08,3,0.61,12.85,31/05/2025,15:14:25,Mobile Wallet,12.24,0.12,1.47,5.4
INV-102867,A,Manchester,Member,Male,Fresh Produce,4.38,10,2.19,45.99,28/03/2025,19:18:30,Mobile Wallet,43.8,0.09,3.94,7.3
INV-102868,A,Manchester,Member,Female,Baby Products,22.29,4,4.46,93.62,13/12/2025,17:08:13,Mobile Wallet,89.16,0.16,14.27,6.5
INV-102869,C,Leeds,Normal,Female,Household,4.09,9,1.84,38.65,14/08/2025,09:44:26,Credit Card,36.81,0.18,6.63,6.1
INV-102870,C,Leeds,Normal,Female,Health & Wellness,6.44,3,0.97,20.29,21/04/2025,18:34:18,Credit Card,19.32,0.22,4.25,5.6
INV-102871,A,Manchester,Member,Female,Bakery,6.29,1,0.31,6.6,15/08/2025,18:16:48,Debit Card,6.29,0.1,0.63,6.1
INV-102872,A,Manchester,Member,Female,Fresh Produce,2.67,5,0.67,14.02,19/07/2025,17:46:55,Credit Card,13.35,0.09,1.2,7.0
INV-102873,C,Leeds,Normal,Male,Beverages,13.56,5,3.39,71.19,27/01/2025,13:16:36,Mobile Wallet,67.8,0.12,8.14,5.2
INV-102874,A,Manchester,Normal,Female,Baby Products,35.63,4,7.13,149.65,13/07/2025,14:55:41,Debit Card,142.52,0.16,22.8,7.7
INV-102875,B,Salford,Member,Female,Bakery,10.41,5,2.6,54.65,11/07/2025,21:32:55,Credit Card,52.05,0.1,5.21,5.2
INV-102876,B,Salford,Member,Female,Fresh Produce,4.13,4,0.83,17.35,16/02/2025,12:39:12,Debit Card,16.52,0.09,1.49,7.0
INV-102877,A,Manchester,Normal,Male,Dairy & Eggs,1.13,9,0.51,10.68,15/01/2025,16:41:58,Debit Card,10.17,0.08,0.81,7.1
INV-102878,A,Manchester,Member,Male,Beverages,3.63,9,1.63,34.3,09/04/2025,17:43:08,Debit Card,32.67,0.12,3.92,8.5
INV-102879,A,Manchester,Normal,Female,Dairy & Eggs,8.0,11,4.4,92.4,19/02/2025,19:53:25,Credit Card,88.0,0.08,7.04,5.4
INV-102880,B,Salford,Member,Female,Bakery,5.99,6,1.8,37.74,23/01/2025,17:32:15,Debit Card,35.94,0.1,3.59,6.0
INV-102881,D,Bradford,Member,Female,Snacks,4.38,2,0.44,9.2,17/06/2025,10:47:37,Credit Card,8.76,0.15,1.31,6.8
INV-102882,C,Leeds,Member,Female,Beverages,3.97,3,0.6,12.51,16/11/2025,16:12:32,Debit Card,11.91,0.12,1.43,7.4
INV-102883,B,Salford,Member,Male,Health & Wellness,11.33,1,0.57,11.9,08/08/2025,16:05:18,Cash,11.33,0.22,2.49,6.6
INV-102884,A,Manchester,Normal,Female,Dairy & Eggs,4.65,4,0.93,19.53,20/04/2025,19:41:26,Debit Card,18.6,0.08,1.49,6.3
INV-102885,A,Manchester,Normal,Male,Personal Care,16.38,10,8.19,171.99,15/06/2025,20:09:11,Mobile Wallet,163.8,0.2,32.76,6.5
INV-102886,B,Salford,Member,Female,Fresh Produce,3.71,7,1.3,27.27,25/07/2025,18:09:49,Credit Card,25.97,0.09,2.34,6.0
INV-102887,C,Leeds,Member,Female,Bakery,8.03,9,3.61,75.88,19/07/2025,11:40:41,Mobile Wallet,72.27,0.1,7.23,8.1
INV-102888,B,Salford,Member,Male,Fresh Produce,6.66,2,0.67,13.99,23/04/2025,18:42:12,Debit Card,13.32,0.09,1.2,5.7
INV-102889,A,Manchester,Member,Male,Personal Care,27.26,5,6.82,143.12,29/11/2025,19:12:40,Debit Card,136.3,0.2,27.26,7.2
INV-102890,C,Leeds,Member,Female,Baby Products,29.05,1,1.45,30.5,04/02/2025,12:38:02,Debit Card,29.05,0.16,4.65,6.2
INV-102891,B,Salford,Member,Male,Personal Care,18.33,13,11.91,250.2,04/06/2025,14:10:11,Mobile Wallet,238.29,0.2,47.66,7.8
INV-102892,D,Bradford,Normal,Female,Personal Care,10.1,1,0.51,10.61,31/12/2025,21:09:28,Debit Card,10.1,0.2,2.02,6.9
INV-102893,B,Salford,Member,Male,Health & Wellness,22.7,1,1.14,23.84,18/02/2025,15:18:34,Credit Card,22.7,0.22,4.99,8.2
INV-102894,C,Leeds,Member,Male,Baby Products,33.19,2,3.32,69.7,14/12/2025,19:39:04,Debit Card,66.38,0.16,10.62,7.5
INV-102895,B,Salford,Member,Male,Bakery,1.26,2,0.13,2.65,31/03/2025,16:40:48,Cash,2.52,0.1,0.25,7.6
INV-102896,C,Leeds,Member,Male,Household,7.05,4,1.41,29.61,04/02/2025,19:22:04,Debit Card,28.2,0.18,5.08,7.8
INV-102897,C,Leeds,Member,Female,Snacks,3.93,5,0.98,20.63,08/11/2025,13:50:47,Mobile Wallet,19.65,0.15,2.95,6.5
INV-102898,D,Bradford,Normal,Male,Household,7.54,4,1.51,31.67,19/09/2025,18:43:54,Credit Card,30.16,0.18,5.43,7.2
INV-102899,B,Salford,Normal,Female,Snacks,6.47,2,0.65,13.59,30/04/2025,16:41:36,Debit Card,12.94,0.15,1.94,7.2
INV-102900,A,Manchester,Member,Female,Household,14.57,5,3.64,76.49,08/06/2025,18:37:15,Debit Card,72.85,0.18,13.11,8.6
INV-102901,B,Salford,Member,Male,Snacks,0.77,4,0.15,3.23,05/05/2025,12:03:50,Debit Card,3.08,0.15,0.46,6.2
INV-102902,A,Manchester,Member,Female,Personal Care,10.2,11,5.61,117.81,12/03/2025,14:17:03,Debit Card,112.2,0.2,22.44,7.9
INV-102903,C,Leeds,Normal,Male,Beverages,7.8,6,2.34,49.14,01/06/2025,13:48:30,Credit Card,46.8,0.12,5.62,9.3
INV-102904,B,Salford,Member,Female,Beverages,4.3,10,2.15,45.15,12/07/2025,12:22:43,Cash,43.0,0.12,5.16,7.7
INV-102905,B,Salford,Normal,Female,Health & Wellness,33.73,3,5.06,106.25,02/05/2025,15:59:33,Debit Card,101.19,0.22,22.26,7.0
INV-102906,D,Bradford,Member,Male,Bakery,4.8,8,1.92,40.32,10/03/2025,14:23:40,Credit Card,38.4,0.1,3.84,7.6
INV-102907,C,Leeds,Member,Male,Fresh Produce,3.36,3,0.5,10.58,26/11/2025,14:30:42,Cash,10.08,0.09,0.91,5.7
INV-102908,A,Manchester,Normal,Male,Snacks,5.35,11,2.94,61.79,28/11/2025,17:59:36,Credit Card,58.85,0.15,8.83,7.0
INV-102909,C,Leeds,Normal,Female,Baby Products,27.03,8,10.81,227.05,28/04/2025,13:16:39,Credit Card,216.24,0.16,34.6,4.6
INV-102910,C,Leeds,Member,Male,Personal Care,4.12,13,2.68,56.24,05/05/2025,15:31:49,Debit Card,53.56,0.2,10.71,6.9
INV-102911,B,Salford,Normal,Female,Fresh Produce,7.4,5,1.85,38.85,07/12/2025,11:02:53,Credit Card,37.0,0.09,3.33,5.6
INV-102912,B,Salford,Member,Female,Snacks,4.27,3,0.64,13.45,08/11/2025,12:35:57,Debit Card,12.81,0.15,1.92,6.8
INV-102913,D,Bradford,Member,Male,Frozen Foods,11.22,7,3.93,82.47,04/04/2025,08:18:14,Credit Card,78.54,0.11,8.64,6.8
INV-102914,D,Bradford,Normal,Female,Household,15.53,3,2.33,48.92,03/02/2025,12:29:16,Credit Card,46.59,0.18,8.39,6.7
INV-102915,D,Bradford,Member,Female,Household,9.93,2,0.99,20.85,09/04/2025,16:13:36,Debit Card,19.86,0.18,3.57,6.7
INV-102916,A,Manchester,Member,Female,Frozen Foods,4.22,5,1.06,22.16,15/04/2025,20:54:41,Debit Card,21.1,0.11,2.32,7.0
INV-102917,B,Salford,Member,Female,Fresh Produce,10.58,8,4.23,88.87,30/03/2025,18:36:53,Debit Card,84.64,0.09,7.62,7.2
INV-102918,B,Salford,Normal,Female,Health & Wellness,6.88,4,1.38,28.9,17/09/2025,19:53:58,Credit Card,27.52,0.22,6.05,8.9
INV-102919,A,Manchester,Member,Male,Health & Wellness,11.69,3,1.75,36.82,28/08/2025,16:35:22,Debit Card,35.07,0.22,7.72,5.8
INV-102920,C,Leeds,Member,Female,Health & Wellness,33.43,5,8.36,175.51,12/04/2025,15:15:37,Mobile Wallet,167.15,0.22,36.77,8.8
INV-102921,B,Salford,Normal,Male,Dairy & Eggs,2.66,5,0.67,13.97,01/04/2025,17:03:07,Debit Card,13.3,0.08,1.06,6.4
INV-102922,B,Salford,Normal,Male,Beverages,8.76,9,3.94,82.78,27/05/2025,18:50:12,Credit Card,78.84,0.12,9.46,6.5
INV-102923,D,Bradford,Member,Female,Baby Products,28.37,3,4.26,89.37,20/05/2025,16:36:32,Credit Card,85.11,0.16,13.62,8.9
INV-102924,D,Bradford,Normal,Female,Bakery,9.82,1,0.49,10.31,04/07/2025,16:24:19,Debit Card,9.82,0.1,0.98,6.5
INV-102925,D,Bradford,Member,Male,Dairy & Eggs,7.11,11,3.91,82.12,27/03/2025,21:30:34,Cash,78.21,0.08,6.26,7.9
INV-102926,D,Bradford,Member,Male,Fresh Produce,12.01,4,2.4,50.44,05/08/2025,17:38:02,Debit Card,48.04,0.09,4.32,6.0
INV-102927,D,Bradford,Member,Female,Frozen Foods,9.4,2,0.94,19.74,04/09/2025,13:36:24,Credit Card,18.8,0.11,2.07,7.5
INV-102928,A,Manchester,Member,Male,Frozen Foods,9.06,1,0.45,9.51,07/08/2025,14:22:06,Credit Card,9.06,0.11,1.0,5.8
INV-102929,A,Manchester,Normal,Male,Baby Products,20.82,1,1.04,21.86,01/11/2025,20:48:24,Debit Card,20.82,0.16,3.33,4.9
INV-102930,B,Salford,Normal,Female,Dairy & Eggs,4.39,6,1.32,27.66,12/05/2025,14:27:43,Mobile Wallet,26.34,0.08,2.11,8.0
INV-102931,D,Bradford,Member,Male,Household,6.82,1,0.34,7.16,06/06/2025,15:21:35,Debit Card,6.82,0.18,1.23,7.3
INV-102932,D,Bradford,Member,Male,Bakery,1.55,2,0.16,3.26,12/07/2025,21:55:44,Credit Card,3.1,0.1,0.31,7.8
INV-102933,D,Bradford,Normal,Female,Dairy & Eggs,1.64,3,0.25,5.17,20/06/2025,18:29:12,Credit Card,4.92,0.08,0.39,5.2
INV-102934,B,Salford,Member,Male,Frozen Foods,12.73,3,1.91,40.1,11/04/2025,14:18:42,Debit Card,38.19,0.11,4.2,8.4
INV-102935,B,Salford,Member,Female,Baby Products,29.38,2,2.94,61.7,03/01/2025,17:12:44,Mobile Wallet,58.76,0.16,9.4,7.1
INV-102936,A,Manchester,Normal,Male,Frozen Foods,4.47,5,1.12,23.47,09/09/2025,17:49:52,Credit Card,22.35,0.11,2.46,5.8
INV-102937,D,Bradford,Member,Male,Baby Products,39.56,13,25.71,539.99,22/07/2025,10:59:01,Mobile Wallet,514.28,0.16,82.28,8.2
INV-102938,C,Leeds,Member,Male,Health & Wellness,28.3,1,1.42,29.72,08/09/2025,10:05:15,Credit Card,28.3,0.22,6.23,8.6
INV-102939,C,Leeds,Member,Female,Health & Wellness,27.52,7,9.63,202.27,29/07/2025,10:19:54,Credit Card,192.64,0.22,42.38,7.6
INV-102940,A,Manchester,Normal,Female,Frozen Foods,4.17,3,0.63,13.14,17/07/2025,16:37:25,Debit Card,12.51,0.11,1.38,5.5
INV-102941,B,Salford,Member,Female,Baby Products,26.69,6,8.01,168.15,12/08/2025,13:50:18,Credit Card,160.14,0.16,25.62,7.1
INV-102942,C,Leeds,Normal,Male,Health & Wellness,15.64,6,4.69,98.53,18/09/2025,11:23:51,Mobile Wallet,93.84,0.22,20.64,7.4
INV-102943,D,Bradford,Member,Male,Frozen Foods,11.96,3,1.79,37.67,23/12/2025,14:31:41,Cash,35.88,0.11,3.95,6.1
INV-102944,A,Manchester,Member,Male,Dairy & Eggs,8.58,8,3.43,72.07,06/08/2025,12:10:14,Mobile Wallet,68.64,0.08,5.49,5.7
INV-102945,B,Salford,Normal,Female,Household,5.18,3,0.78,16.32,02/09/2025,13:39:31,Cash,15.54,0.18,2.8,6.9
INV-102946,A,Manchester,Member,Male,Frozen Foods,10.45,8,4.18,87.78,20/11/2025,14:22:41,Debit Card,83.6,0.11,9.2,5.8
INV-102947,A,Manchester,Member,Female,Beverages,6.57,10,3.29,68.99,14/05/2025,19:49:39,Cash,65.7,0.12,7.88,9.1
INV-102948,D,Bradford,Member,Female,Health & Wellness,24.9,4,4.98,104.58,11/05/2025,19:24:01,Debit Card,99.6,0.22,21.91,7.4
INV-102949,B,Salford,Normal,Female,Snacks,6.3,7,2.21,46.31,07/01/2025,11:52:39,Mobile Wallet,44.1,0.15,6.62,6.4
INV-102950,A,Manchester,Member,Female,Bakery,2.1,6,0.63,13.23,26/11/2025,08:46:10,Cash,12.6,0.1,1.26,6.3
INV-102951,D,Bradford,Member,Male,Fresh Produce,7.44,2,0.74,15.62,28/12/2025,18:48:44,Debit Card,14.88,0.09,1.34,6.1
INV-102952,A,Manchester,Member,Female,Dairy & Eggs,4.54,6,1.36,28.6,05/08/2025,18:20:58,Debit Card,27.24,0.08,2.18,7.9
INV-102953,B,Salford,Member,Male,Dairy & Eggs,3.19,5,0.8,16.75,10/05/2025,13:21:43,Credit Card,15.95,0.08,1.28,6.4
INV-102954,C,Leeds,Normal,Male,Fresh Produce,1.27,7,0.44,9.33,28/10/2025,17:02:07,Mobile Wallet,8.89,0.09,0.8,5.2
INV-102955,C,Leeds,Member,Male,Fresh Produce,8.76,11,4.82,101.18,15/02/2025,14:53:03,Credit Card,96.36,0.09,8.67,6.8
INV-102956,A,Manchester,Member,Male,Baby Products,11.34,5,2.84,59.54,15/03/2025,16:27:57,Credit Card,56.7,0.16,9.07,5.4
INV-102957,C,Leeds,Normal,Female,Health & Wellness,30.31,3,4.55,95.48,23/07/2025,13:28:49,Debit Card,90.93,0.22,20.0,6.0
INV-102958,C,Leeds,Member,Female,Dairy & Eggs,2.96,6,0.89,18.65,28/03/2025,19:05:35,Credit Card,17.76,0.08,1.42,6.8
INV-102959,D,Bradford,Normal,Female,Beverages,5.23,8,2.09,43.93,19/02/2025,12:01:59,Debit Card,41.84,0.12,5.02,6.5
INV-102960,A,Manchester,Normal,Male,Snacks,6.25,2,0.62,13.12,26/09/2025,19:21:45,Credit Card,12.5,0.15,1.88,7.0
INV-102961,D,Bradford,Normal,Male,Frozen Foods,12.07,7,4.22,88.71,09/08/2025,10:44:07,Debit Card,84.49,0.11,9.29,7.4
INV-102962,B,Salford,Normal,Female,Household,15.49,4,3.1,65.06,11/07/2025,10:10:47,Credit Card,61.96,0.18,11.15,7.7
INV-102963,B,Salford,Member,Female,Health & Wellness,28.93,1,1.45,30.38,12/04/2025,12:48:29,Credit Card,28.93,0.22,6.36,7.0
INV-102964,D,Bradford,Member,Female,Frozen Foods,12.39,4,2.48,52.04,15/09/2025,12:07:35,Credit Card,49.56,0.11,5.45,5.6
INV-102965,A,Manchester,Member,Male,Frozen Foods,14.66,1,0.73,15.39,18/10/2025,11:08:31,Credit Card,14.66,0.11,1.61,6.6
INV-102966,B,Salford,Normal,Female,Snacks,6.31,4,1.26,26.5,13/04/2025,21:34:49,Credit Card,25.24,0.15,3.79,5.1
INV-102967,A,Manchester,Member,Female,Baby Products,42.39,7,14.84,311.57,09/04/2025,17:50:28,Credit Card,296.73,0.16,47.48,5.1
INV-102968,C,Leeds,Member,Male,Beverages,3.01,11,1.66,34.77,14/08/2025,10:07:30,Debit Card,33.11,0.12,3.97,7.0
INV-102969,A,Manchester,Normal,Female,Household,20.09,3,3.01,63.28,10/02/2025,15:53:42,Credit Card,60.27,0.18,10.85,6.5
INV-102970,C,Leeds,Member,Female,Frozen Foods,18.14,2,1.81,38.09,13/07/2025,10:34:02,Debit Card,36.28,0.11,3.99,7.9
INV-102971,A,Manchester,Member,Male,Health & Wellness,7.42,1,0.37,7.79,02/02/2025,21:59:39,Credit Card,7.42,0.22,1.63,6.0
INV-102972,C,Leeds,Member,Female,Bakery,4.76,3,0.71,14.99,27/10/2025,19:15:03,Cash,14.28,0.1,1.43,5.8
INV-102973,B,Salford,Member,Male,Health & Wellness,22.97,5,5.74,120.59,06/09/2025,16:29:23,Mobile Wallet,114.85,0.22,25.27,7.5
INV-102974,A,Manchester,Member,Female,Household,10.08,7,3.53,74.09,01/02/2025,16:53:50,Debit Card,70.56,0.18,12.7,8.4
INV-102975,C,Leeds,Member,Female,Beverages,4.9,4,0.98,20.58,07/12/2025,20:04:18,Credit Card,19.6,0.12,2.35,7.7
INV-102976,A,Manchester,Normal,Female,Health & Wellness,13.47,5,3.37,70.72,19/04/2025,16:58:07,Debit Card,67.35,0.22,14.82,5.5
INV-102977,A,Manchester,Member,Male,Frozen Foods,21.16,4,4.23,88.87,05/11/2025,10:02:02,Mobile Wallet,84.64,0.11,9.31,9.2
INV-102978,C,Leeds,Member,Male,Baby Products,40.3,6,12.09,253.89,31/08/2025,10:56:05,Debit Card,241.8,0.16,38.69,8.2
INV-102979,C,Leeds,Member,Male,Frozen Foods,13.77,1,0.69,14.46,22/06/2025,11:54:11,Cash,13.77,0.11,1.51,6.8
INV-102980,C,Leeds,Member,Male,Snacks,5.04,3,0.76,15.88,11/06/2025,12:49:49,Cash,15.12,0.15,2.27,6.1
INV-102981,B,Salford,Member,Male,Frozen Foods,6.15,10,3.08,64.58,07/12/2025,09:23:26,Mobile Wallet,61.5,0.11,6.76,8.4
INV-102982,D,Bradford,Member,Male,Beverages,15.54,7,5.44,114.22,09/11/2025,15:24:24,Debit Card,108.78,0.12,13.05,9.4
INV-102983,A,Manchester,Normal,Male,Beverages,7.38,5,1.84,38.74,19/06/2025,19:54:23,Mobile Wallet,36.9,0.12,4.43,6.0
INV-102984,A,Manchester,Member,Female,Household,4.51,8,1.8,37.88,22/08/2025,10:36:07,Mobile Wallet,36.08,0.18,6.49,8.2
INV-102985,D,Bradford,Normal,Female,Frozen Foods,7.96,7,2.79,58.51,14/01/2025,10:27:23,Debit Card,55.72,0.11,6.13,5.6
INV-102986,A,Manchester,Normal,Male,Dairy & Eggs,8.41,10,4.21,88.31,25/12/2025,20:21:34,Debit Card,84.1,0.08,6.73,8.2
INV-102987,B,Salford,Normal,Male,Health & Wellness,3.87,3,0.58,12.19,20/08/2025,13:14:46,Cash,11.61,0.22,2.55,7.2
INV-102988,D,Bradford,Normal,Male,Snacks,6.01,10,3.01,63.11,05/12/2025,20:02:14,Debit Card,60.1,0.15,9.02,7.5
INV-102989,B,Salford,Member,Female,Health & Wellness,28.16,2,2.82,59.14,23/11/2025,12:08:51,Cash,56.32,0.22,12.39,6.3
INV-102990,C,Leeds,Member,Female,Dairy & Eggs,6.74,2,0.67,14.15,21/11/2025,20:30:46,Credit Card,13.48,0.08,1.08,8.3
INV-102991,C,Leeds,Normal,Female,Beverages,4.19,5,1.05,22.0,16/06/2025,16:17:57,Debit Card,20.95,0.12,2.51,9.6
INV-102992,D,Bradford,Member,Female,Health & Wellness,34.79,1,1.74,36.53,07/11/2025,14:33:11,Mobile Wallet,34.79,0.22,7.65,7.1
INV-102993,D,Bradford,Normal,Male,Bakery,10.16,1,0.51,10.67,10/11/2025,13:38:32,Debit Card,10.16,0.1,1.02,4.8
INV-102994,A,Manchester,Member,Male,Dairy & Eggs,8.89,5,2.22,46.67,08/08/2025,12:28:29,Cash,44.45,0.08,3.56,6.7
INV-102995,D,Bradford,Member,Female,Snacks,5.03,4,1.01,21.13,17/07/2025,12:31:24,Cash,20.12,0.15,3.02,6.0
INV-102996,C,Leeds,Member,Female,Personal Care,5.95,4,1.19,24.99,31/12/2025,09:16:00,Debit Card,23.8,0.2,4.76,6.1
INV-102997,B,Salford,Member,Female,Baby Products,17.62,7,6.17,129.51,07/03/2025,10:04:53,Mobile Wallet,123.34,0.16,19.73,8.2
INV-102998,D,Bradford,Member,Female,Frozen Foods,7.05,2,0.71,14.81,04/06/2025,11:47:41,Debit Card,14.1,0.11,1.55,6.8
INV-102999,D,Bradford,Member,Female,Dairy & Eggs,7.11,3,1.07,22.4,17/08/2025,16:25:55,Credit Card,21.33,0.08,1.71,6.8
INV-103000,A,Manchester,Member,Male,Dairy & Eggs,6.56,2,0.66,13.78,06/12/2025,17:43:49,Cash,13.12,0.08,1.05,5.5
INV-103001,B,Salford,Member,Female,Dairy & Eggs,1.03,1,0.05,1.08,19/04/2025,11:35:25,Mobile Wallet,1.03,0.08,0.08,6.8
INV-103002,B,Salford,Member,Female,Beverages,3.43,8,1.37,28.81,24/02/2025,16:07:43,Debit Card,27.44,0.12,3.29,6.6
INV-103003,D,Bradford,Normal,Female,Frozen Foods,2.14,11,1.18,24.72,24/03/2025,09:03:03,Cash,23.54,0.11,2.59,4.9
INV-103004,C,Leeds,Member,Male,Snacks,4.88,6,1.46,30.74,24/05/2025,20:55:03,Credit Card,29.28,0.15,4.39,5.3
INV-103005,B,Salford,Member,Male,Baby Products,44.37,6,13.31,279.53,07/12/2025,16:28:44,Credit Card,266.22,0.16,42.6,6.5
INV-103006,D,Bradford,Member,Female,Household,19.92,2,1.99,41.83,07/12/2025,09:12:05,Debit Card,39.84,0.18,7.17,8.2
INV-103007,B,Salford,Member,Male,Dairy & Eggs,4.79,8,1.92,40.24,16/02/2025,19:16:12,Credit Card,38.32,0.08,3.07,7.1
INV-103008,C,Leeds,Normal,Female,Household,15.73,2,1.57,33.03,22/10/2025,15:14:29,Mobile Wallet,31.46,0.18,5.66,7.6
INV-103009,A,Manchester,Normal,Male,Dairy & Eggs,2.28,3,0.34,7.18,13/07/2025,17:41:58,Cash,6.84,0.08,0.55,7.2
INV-103010,D,Bradford,Member,Male,Bakery,1.0,1,0.05,1.05,30/04/2025,11:07:46,Credit Card,1.0,0.1,0.1,7.7
INV-103011,B,Salford,Normal,Male,Baby Products,32.15,1,1.61,33.76,01/03/2025,16:32:13,Debit Card,32.15,0.16,5.14,6.0
INV-103012,C,Leeds,Normal,Female,Bakery,2.62,6,0.79,16.51,27/02/2025,17:48:02,Cash,15.72,0.1,1.57,6.2
INV-103013,A,Manchester,Normal,Male,Personal Care,21.3,5,5.33,111.83,31/10/2025,12:40:49,Credit Card,106.5,0.2,21.3,6.0
INV-103014,B,Salford,Normal,Female,Fresh Produce,7.77,4,1.55,32.63,21/10/2025,16:00:50,Cash,31.08,0.09,2.8,6.5
INV-103015,C,Leeds,Normal,Female,Beverages,13.06,4,2.61,54.85,10/06/2025,17:00:13,Debit Card,52.24,0.12,6.27,5.4
INV-103016,D,Bradford,Normal,Female,Baby Products,33.15,3,4.97,104.42,09/06/2025,10:57:34,Cash,99.45,0.16,15.91,6.0
INV-103017,A,Manchester,Member,Female,Bakery,8.56,4,1.71,35.95,18/07/2025,16:59:15,Mobile Wallet,34.24,0.1,3.42,8.4
INV-103018,D,Bradford,Normal,Male,Snacks,4.81,6,1.44,30.3,06/07/2025,16:56:14,Credit Card,28.86,0.15,4.33,7.4
INV-103019,B,Salford,Member,Female,Frozen Foods,12.58,4,2.52,52.84,24/02/2025,19:22:23,Mobile Wallet,50.32,0.11,5.54,8.8
INV-103020,D,Bradford,Normal,Female,Baby Products,5.17,1,0.26,5.43,03/10/2025,16:14:01,Debit Card,5.17,0.16,0.83,6.0
INV-103021,D,Bradford,Normal,Male,Dairy & Eggs,6.67,10,3.34,70.04,16/03/2025,19:08:11,Credit Card,66.7,0.08,5.34,7.8
INV-103022,C,Leeds,Normal,Female,Household,2.59,1,0.13,2.72,13/09/2025,12:31:21,Cash,2.59,0.18,0.47,8.0
INV-103023,D,Bradford,Member,Female,Household,16.52,9,7.43,156.11,04/11/2025,11:17:12,Mobile Wallet,148.68,0.18,26.76,8.2
INV-103024,C,Leeds,Normal,Female,Personal Care,22.72,5,5.68,119.28,07/12/2025,21:01:55,Mobile Wallet,113.6,0.2,22.72,5.2
INV-103025,A,Manchester,Normal,Male,Beverages,10.91,1,0.55,11.46,08/06/2025,20:28:46,Debit Card,10.91,0.12,1.31,7.9
INV-103026,A,Manchester,Normal,Male,Health & Wellness,11.59,1,0.58,12.17,28/12/2025,21:50:06,Cash,11.59,0.22,2.55,6.5
INV-103027,D,Bradford,Normal,Female,Personal Care,7.36,4,1.47,30.91,11/09/2025,11:01:06,Debit Card,29.44,0.2,5.89,7.9
INV-103028,C,Leeds,Member,Male,Frozen Foods,11.21,8,4.48,94.16,31/01/2025,15:53:04,Debit Card,89.68,0.11,9.86,8.8
INV-103029,C,Leeds,Member,Female,Dairy & Eggs,5.41,3,0.81,17.04,18/04/2025,09:05:20,Debit Card,16.23,0.08,1.3,6.1
INV-103030,B,Salford,Normal,Female,Snacks,3.41,6,1.02,21.48,02/04/2025,13:17:55,Mobile Wallet,20.46,0.15,3.07,6.2
INV-103031,D,Bradford,Member,Male,Snacks,2.99,10,1.5,31.4,03/06/2025,16:25:39,Cash,29.9,0.15,4.48,7.4
INV-103032,B,Salford,Normal,Female,Snacks,4.25,10,2.12,44.62,08/10/2025,19:20:20,Credit Card,42.5,0.15,6.38,6.4
INV-103033,D,Bradford,Member,Male,Baby Products,17.31,3,2.6,54.53,05/08/2025,21:51:09,Debit Card,51.93,0.16,8.31,6.3
INV-103034,D,Bradford,Normal,Male,Household,18.7,9,8.42,176.72,20/07/2025,13:27:15,Credit Card,168.3,0.18,30.29,6.6
INV-103035,D,Bradford,Member,Female,Frozen Foods,2.45,2,0.25,5.15,28/09/2025,14:36:37,Credit Card,4.9,0.11,0.54,8.6
INV-103036,C,Leeds,Member,Male,Baby Products,22.4,4,4.48,94.08,23/12/2025,20:03:34,Debit Card,89.6,0.16,14.34,5.2
INV-103037,B,Salford,Member,Male,Dairy & Eggs,2.2,1,0.11,2.31,19/02/2025,14:06:17,Credit Card,2.2,0.08,0.18,6.8
INV-103038,B,Salford,Normal,Male,Health & Wellness,32.72,3,4.91,103.07,25/10/2025,16:59:34,Mobile Wallet,98.16,0.22,21.6,5.8
INV-103039,A,Manchester,Member,Male,Bakery,2.07,2,0.21,4.35,23/08/2025,12:29:57,Debit Card,4.14,0.1,0.41,8.0
INV-103040,B,Salford,Member,Female,Health & Wellness,4.9,1,0.25,5.15,15/08/2025,16:13:13,Credit Card,4.9,0.22,1.08,7.5
INV-103041,D,Bradford,Member,Male,Health & Wellness,6.29,2,0.63,13.21,16/03/2025,11:28:45,Cash,12.58,0.22,2.77,7.8
INV-103042,B,Salford,Member,Female,Baby Products,30.63,2,3.06,64.32,11/04/2025,17:01:29,Debit Card,61.26,0.16,9.8,6.8
INV-103043,A,Manchester,Normal,Male,Health & Wellness,8.57,6,2.57,53.99,22/10/2025,15:53:13,Debit Card,51.42,0.22,11.31,7.0
INV-103044,A,Manchester,Member,Female,Snacks,3.53,5,0.88,18.53,12/07/2025,13:12:41,Debit Card,17.65,0.15,2.65,8.9
INV-103045,D,Bradford,Normal,Female,Baby Products,21.35,2,2.14,44.84,29/01/2025,21:46:37,Credit Card,42.7,0.16,6.83,6.4
INV-103046,A,Manchester,Normal,Male,Health & Wellness,19.63,8,7.85,164.89,31/08/2025,19:02:00,Debit Card,157.04,0.22,34.55,4.6
INV-103047,B,Salford,Member,Female,Health & Wellness,7.65,5,1.91,40.16,02/03/2025,18:41:57,Debit Card,38.25,0.22,8.42,7.5
INV-103048,C,Leeds,Normal,Male,Bakery,9.41,9,4.23,88.92,18/03/2025,15:46:16,Debit Card,84.69,0.1,8.47,6.8
INV-103049,D,Bradford,Normal,Female,Fresh Produce,5.37,2,0.54,11.28,18/01/2025,13:16:31,Debit Card,10.74,0.09,0.97,7.8
INV-103050,A,Manchester,Member,Female,Snacks,0.63,9,0.28,5.95,23/07/2025,15:46:20,Cash,5.67,0.15,0.85,4.2
INV-103051,D,Bradford,Normal,Male,Dairy & Eggs,4.88,7,1.71,35.87,19/12/2025,15:22:40,Credit Card,34.16,0.08,2.73,6.0
INV-103052,B,Salford,Member,Male,Dairy & Eggs,5.15,7,1.8,37.85,21/12/2025,09:27:14,Mobile Wallet,36.05,0.08,2.88,5.4
INV-103053,A,Manchester,Normal,Male,Frozen Foods,6.5,2,0.65,13.65,29/11/2025,17:29:51,Debit Card,13.0,0.11,1.43,6.1
INV-103054,D,Bradford,Member,Male,Frozen Foods,6.87,3,1.03,21.64,20/11/2025,18:09:50,Mobile Wallet,20.61,0.11,2.27,6.7
INV-103055,D,Bradford,Member,Male,Health & Wellness,8.05,2,0.81,16.91,06/01/2025,16:04:12,Debit Card,16.1,0.22,3.54,6.6
INV-103056,A,Manchester,Member,Female,Snacks,5.88,2,0.59,12.35,12/02/2025,14:18:04,Debit Card,11.76,0.15,1.76,5.6
INV-103057,A,Manchester,Member,Male,Personal Care,25.43,2,2.54,53.4,25/11/2025,12:46:36,Mobile Wallet,50.86,0.2,10.17,7.0
INV-103058,B,Salford,Normal,Female,Fresh Produce,3.07,3,0.46,9.67,28/10/2025,15:00:02,Credit Card,9.21,0.09,0.83,7.2
INV-103059,D,Bradford,Member,Male,Baby Products,21.61,3,3.24,68.07,22/12/2025,20:38:47,Credit Card,64.83,0.16,10.37,6.4
INV-103060,A,Manchester,Normal,Female,Baby Products,38.88,1,1.94,40.82,16/07/2025,18:46:38,Debit Card,38.88,0.16,6.22,4.2
INV-103061,D,Bradford,Member,Male,Fresh Produce,1.54,5,0.39,8.09,02/06/2025,15:15:42,Credit Card,7.7,0.09,0.69,6.8
INV-103062,B,Salford,Normal,Female,Health & Wellness,32.46,5,8.12,170.42,16/06/2025,15:47:35,Credit Card,162.3,0.22,35.71,5.8
INV-103063,A,Manchester,Member,Female,Dairy & Eggs,6.98,1,0.35,7.33,27/07/2025,15:04:26,Credit Card,6.98,0.08,0.56,6.6
INV-103064,A,Manchester,Member,Male,Snacks,2.71,3,0.41,8.54,12/10/2025,17:47:07,Credit Card,8.13,0.15,1.22,5.3
INV-103065,D,Bradford,Member,Female,Baby Products,13.27,2,1.33,27.87,23/09/2025,17:08:13,Mobile Wallet,26.54,0.16,4.25,6.0
INV-103066,A,Manchester,Member,Female,Frozen Foods,8.97,8,3.59,75.35,04/12/2025,20:30:13,Debit Card,71.76,0.11,7.89,7.5
INV-103067,A,Manchester,Normal,Female,Personal Care,9.03,8,3.61,75.85,03/11/2025,15:01:01,Cash,72.24,0.2,14.45,7.4
INV-103068,B,Salford,Member,Female,Frozen Foods,14.96,2,1.5,31.42,12/10/2025,21:43:05,Credit Card,29.92,0.11,3.29,6.2
INV-103069,D,Bradford,Normal,Male,Personal Care,17.51,8,7.0,147.08,04/03/2025,13:11:25,Cash,140.08,0.2,28.02,6.1
INV-103070,A,Manchester,Member,Female,Bakery,7.4,2,0.74,15.54,22/10/2025,12:56:54,Cash,14.8,0.1,1.48,6.5
INV-103071,B,Salford,Member,Female,Household,6.84,1,0.34,7.18,14/02/2025,16:55:02,Mobile Wallet,6.84,0.18,1.23,6.9
INV-103072,C,Leeds,Normal,Female,Personal Care,14.91,1,0.75,15.66,13/02/2025,16:41:56,Credit Card,14.91,0.2,2.98,7.3
INV-103073,A,Manchester,Member,Male,Beverages,15.13,8,6.05,127.09,06/07/2025,12:05:29,Mobile Wallet,121.04,0.12,14.52,7.8
INV-103074,B,Salford,Member,Male,Household,15.72,10,7.86,165.06,03/12/2025,15:22:04,Debit Card,157.2,0.18,28.3,6.4
INV-103075,A,Manchester,Normal,Female,Snacks,3.67,12,2.2,46.24,03/06/2025,11:25:14,Credit Card,44.04,0.15,6.61,7.9
INV-103076,A,Manchester,Member,Male,Snacks,0.73,3,0.11,2.3,04/12/2025,10:24:33,Debit Card,2.19,0.15,0.33,6.8
INV-103077,D,Bradford,Normal,Female,Baby Products,28.59,8,11.44,240.16,23/10/2025,10:24:35,Cash,228.72,0.16,36.6,7.9
INV-103078,D,Bradford,Member,Male,Baby Products,22.68,1,1.13,23.81,25/09/2025,12:52:36,Mobile Wallet,22.68,0.16,3.63,6.3
INV-103079,C,Leeds,Member,Female,Beverages,13.69,5,3.42,71.87,19/12/2025,17:46:57,Cash,68.45,0.12,8.21,5.4
INV-103080,A,Manchester,Normal,Female,Health & Wellness,24.48,3,3.67,77.11,02/05/2025,14:44:43,Mobile Wallet,73.44,0.22,16.16,5.9
INV-103081,A,Manchester,Member,Female,Baby Products,10.79,1,0.54,11.33,14/03/2025,16:25:54,Mobile Wallet,10.79,0.16,1.73,6.2
INV-103082,C,Leeds,Member,Female,Beverages,1.6,6,0.48,10.08,10/03/2025,15:52:52,Debit Card,9.6,0.12,1.15,8.0
INV-103083,B,Salford,Member,Male,Fresh Produce,10.16,7,3.56,74.68,23/05/2025,19:41:25,Credit Card,71.12,0.09,6.4,5.4
INV-103084,B,Salford,Member,Male,Fresh Produce,10.83,2,1.08,22.74,08/02/2025,13:36:10,Cash,21.66,0.09,1.95,7.0
INV-103085,C,Leeds,Normal,Male,Baby Products,10.93,4,2.19,45.91,15/07/2025,18:22:24,Mobile Wallet,43.72,0.16,7.0,7.3
INV-103086,B,Salford,Normal,Male,Fresh Produce,4.91,1,0.25,5.16,22/08/2025,15:00:31,Mobile Wallet,4.91,0.09,0.44,7.8
INV-103087,A,Manchester,Member,Male,Frozen Foods,20.14,2,2.01,42.29,13/12/2025,14:10:55,Debit Card,40.28,0.11,4.43,7.2
INV-103088,D,Bradford,Normal,Female,Baby Products,18.12,3,2.72,57.08,02/10/2025,11:09:11,Mobile Wallet,54.36,0.16,8.7,8.0
INV-103089,B,Salford,Member,Female,Bakery,9.23,4,1.85,38.77,19/11/2025,15:38:53,Credit Card,36.92,0.1,3.69,6.2
INV-103090,C,Leeds,Normal,Female,Household,13.16,6,3.95,82.91,10/07/2025,18:38:21,Credit Card,78.96,0.18,14.21,6.5
INV-103091,B,Salford,Member,Male,Beverages,8.44,7,2.95,62.03,20/03/2025,13:20:46,Debit Card,59.08,0.12,7.09,5.7
INV-103092,C,Leeds,Member,Male,Personal Care,14.44,4,2.89,60.65,14/07/2025,19:27:23,Credit Card,57.76,0.2,11.55,6.3
INV-103093,A,Manchester,Normal,Female,Health & Wellness,15.87,9,7.14,149.97,09/02/2025,15:07:13,Mobile Wallet,142.83,0.22,31.42,8.6
INV-103094,C,Leeds,Member,Female,Frozen Foods,4.75,9,2.14,44.89,30/09/2025,21:54:22,Credit Card,42.75,0.11,4.7,8.4
INV-103095,A,Manchester,Normal,Male,Dairy & Eggs,3.49,2,0.35,7.33,03/02/2025,08:29:32,Mobile Wallet,6.98,0.08,0.56,5.2
INV-103096,C,Leeds,Normal,Female,Bakery,6.83,4,1.37,28.69,05/07/2025,19:12:41,Debit Card,27.32,0.1,2.73,6.2
INV-103097,C,Leeds,Member,Male,Beverages,11.43,2,1.14,24.0,16/03/2025,09:54:07,Credit Card,22.86,0.12,2.74,5.4
INV-103098,B,Salford,Normal,Male,Bakery,7.43,9,3.34,70.21,06/01/2025,15:18:47,Mobile Wallet,66.87,0.1,6.69,9.4
INV-103099,A,Manchester,Normal,Male,Frozen Foods,17.64,4,3.53,74.09,24/04/2025,12:26:51,Cash,70.56,0.11,7.76,4.8
INV-103100,D,Bradford,Member,Female,Personal Care,8.62,8,3.45,72.41,05/03/2025,19:44:34,Mobile Wallet,68.96,0.2,13.79,5.1
INV-103101,B,Salford,Member,Male,Beverages,2.82,7,0.99,20.73,29/10/2025,16:31:53,Cash,19.74,0.12,2.37,6.2
INV-103102,D,Bradford,Member,Female,Health & Wellness,31.77,3,4.77,100.08,28/09/2025,11:35:35,Mobile Wallet,95.31,0.22,20.97,8.2
INV-103103,C,Leeds,Member,Male,Health & Wellness,29.49,10,14.74,309.64,10/10/2025,14:56:41,Cash,294.9,0.22,64.88,7.3
INV-103104,C,Leeds,Member,Female,Personal Care,20.36,10,10.18,213.78,25/01/2025,20:51:14,Debit Card,203.6,0.2,40.72,7.2
INV-103105,B,Salford,Normal,Male,Household,8.25,1,0.41,8.66,19/07/2025,20:04:29,Mobile Wallet,8.25,0.18,1.48,6.6
INV-103106,B,Salford,Normal,Male,Snacks,2.12,11,1.17,24.49,14/12/2025,13:59:18,Cash,23.32,0.15,3.5,6.3
INV-103107,D,Bradford,Normal,Male,Baby Products,37.65,7,13.18,276.73,31/10/2025,17:17:22,Debit Card,263.55,0.16,42.17,5.8
INV-103108,B,Salford,Normal,Male,Beverages,7.45,5,1.86,39.11,05/01/2025,17:26:40,Debit Card,37.25,0.12,4.47,7.4
INV-103109,B,Salford,Normal,Female,Fresh Produce,3.38,2,0.34,7.1,15/03/2025,14:15:11,Debit Card,6.76,0.09,0.61,4.5
INV-103110,D,Bradford,Member,Male,Baby Products,30.14,4,6.03,126.59,28/01/2025,16:25:20,Debit Card,120.56,0.16,19.29,6.6
INV-103111,C,Leeds,Member,Female,Health & Wellness,35.6,2,3.56,74.76,14/12/2025,16:54:47,Debit Card,71.2,0.22,15.66,7.0
INV-103112,D,Bradford,Member,Male,Snacks,0.89,2,0.09,1.87,04/04/2025,18:38:49,Debit Card,1.78,0.15,0.27,7.5
INV-103113,D,Bradford,Normal,Male,Health & Wellness,26.94,2,2.69,56.57,28/08/2025,14:49:37,Credit Card,53.88,0.22,11.85,6.6
INV-103114,C,Leeds,Normal,Male,Health & Wellness,19.65,7,6.88,144.43,08/08/2025,11:44:34,Credit Card,137.55,0.22,30.26,6.6
INV-103115,B,Salford,Normal,Male,Baby Products,34.45,1,1.72,36.17,22/11/2025,18:59:41,Debit Card,34.45,0.16,5.51,7.2
INV-103116,A,Manchester,Member,Male,Snacks,5.66,7,1.98,41.6,28/07/2025,14:28:35,Cash,39.62,0.15,5.94,8.0
INV-103117,C,Leeds,Normal,Female,Frozen Foods,12.94,2,1.29,27.17,21/11/2025,20:45:39,Credit Card,25.88,0.11,2.85,4.5
INV-103118,A,Manchester,Member,Female,Personal Care,14.98,3,2.25,47.19,03/05/2025,16:21:58,Credit Card,44.94,0.2,8.99,7.0
INV-103119,A,Manchester,Member,Female,Fresh Produce,12.3,8,4.92,103.32,22/10/2025,13:17:20,Credit Card,98.4,0.09,8.86,6.2
INV-103120,A,Manchester,Normal,Female,Snacks,2.77,7,0.97,20.36,27/05/2025,15:20:05,Credit Card,19.39,0.15,2.91,6.2
INV-103121,D,Bradford,Member,Female,Frozen Foods,6.2,2,0.62,13.02,06/08/2025,15:25:03,Debit Card,12.4,0.11,1.36,4.7
INV-103122,B,Salford,Member,Male,Baby Products,12.66,7,4.43,93.05,12/09/2025,12:38:41,Debit Card,88.62,0.16,14.18,6.2
INV-103123,A,Manchester,Member,Male,Baby Products,10.44,4,2.09,43.85,08/01/2025,08:12:43,Mobile Wallet,41.76,0.16,6.68,7.7
INV-103124,B,Salford,Member,Female,Bakery,7.0,8,2.8,58.8,06/08/2025,17:40:05,Credit Card,56.0,0.1,5.6,7.2
INV-103125,C,Leeds,Normal,Female,Bakery,8.42,7,2.95,61.89,05/12/2025,20:53:55,Cash,58.94,0.1,5.89,5.8
INV-103126,A,Manchester,Normal,Male,Health & Wellness,10.76,3,1.61,33.89,28/03/2025,16:47:35,Debit Card,32.28,0.22,7.1,6.5
INV-103127,B,Salford,Member,Female,Bakery,5.72,5,1.43,30.03,08/02/2025,20:58:48,Mobile Wallet,28.6,0.1,2.86,6.4
INV-103128,C,Leeds,Normal,Female,Snacks,4.06,10,2.03,42.63,21/09/2025,18:42:46,Credit Card,40.6,0.15,6.09,5.9
INV-103129,C,Leeds,Member,Female,Personal Care,7.16,2,0.72,15.04,05/08/2025,17:45:11,Credit Card,14.32,0.2,2.86,7.5
INV-103130,D,Bradford,Normal,Male,Health & Wellness,5.34,3,0.8,16.82,29/03/2025,17:52:46,Cash,16.02,0.22,3.52,7.3
INV-103131,C,Leeds,Member,Female,Frozen Foods,8.16,9,3.67,77.11,23/06/2025,18:42:59,Debit Card,73.44,0.11,8.08,5.7
INV-103132,B,Salford,Member,Female,Dairy & Eggs,3.71,2,0.37,7.79,29/05/2025,13:19:15,Mobile Wallet,7.42,0.08,0.59,7.5
INV-103133,C,Leeds,Member,Male,Bakery,8.64,6,2.59,54.43,31/05/2025,09:36:04,Credit Card,51.84,0.1,5.18,7.7
INV-103134,C,Leeds,Member,Female,Beverages,6.3,5,1.58,33.08,02/01/2025,16:19:01,Credit Card,31.5,0.12,3.78,7.9
INV-103135,D,Bradford,Normal,Female,Personal Care,24.3,3,3.65,76.55,06/06/2025,17:21:28,Credit Card,72.9,0.2,14.58,5.3
INV-103136,A,Manchester,Normal,Male,Baby Products,38.85,5,9.71,203.96,13/11/2025,11:17:31,Mobile Wallet,194.25,0.16,31.08,4.8
INV-103137,D,Bradford,Member,Female,Household,3.17,3,0.48,9.99,02/07/2025,14:18:19,Debit Card,9.51,0.18,1.71,5.7
INV-103138,A,Manchester,Normal,Male,Beverages,15.69,6,4.71,98.85,18/06/2025,20:02:37,Mobile Wallet,94.14,0.12,11.3,8.1
INV-103139,C,Leeds,Member,Male,Baby Products,4.7,4,0.94,19.74,24/02/2025,19:42:58,Debit Card,18.8,0.16,3.01,5.1
INV-103140,A,Manchester,Normal,Male,Household,8.93,5,2.23,46.88,06/04/2025,14:32:13,Debit Card,44.65,0.18,8.04,6.9
INV-103141,D,Bradford,Member,Male,Bakery,9.08,4,1.82,38.14,05/01/2025,15:43:30,Debit Card,36.32,0.1,3.63,6.9
INV-103142,A,Manchester,Normal,Male,Snacks,1.71,1,0.09,1.8,09/09/2025,20:08:10,Debit Card,1.71,0.15,0.26,4.0
INV-103143,B,Salford,Normal,Female,Fresh Produce,10.28,1,0.51,10.79,28/09/2025,18:32:48,Debit Card,10.28,0.09,0.93,4.3
INV-103144,B,Salford,Member,Male,Dairy & Eggs,3.6,2,0.36,7.56,05/03/2025,13:19:40,Debit Card,7.2,0.08,0.58,7.2
INV-103145,D,Bradford,Member,Female,Personal Care,7.02,1,0.35,7.37,21/03/2025,17:49:24,Cash,7.02,0.2,1.4,5.3
INV-103146,C,Leeds,Normal,Female,Personal Care,18.36,8,7.34,154.22,29/08/2025,15:24:39,Cash,146.88,0.2,29.38,5.0
INV-103147,D,Bradford,Member,Male,Health & Wellness,6.97,4,1.39,29.27,03/06/2025,11:09:16,Credit Card,27.88,0.22,6.13,8.2
INV-103148,C,Leeds,Member,Male,Beverages,2.99,9,1.35,28.26,04/04/2025,18:26:03,Cash,26.91,0.12,3.23,6.3
INV-103149,C,Leeds,Normal,Female,Personal Care,16.59,6,4.98,104.52,13/08/2025,12:16:25,Credit Card,99.54,0.2,19.91,6.6
INV-103150,D,Bradford,Normal,Female,Household,6.78,3,1.02,21.36,13/03/2025,14:29:41,Credit Card,20.34,0.18,3.66,6.7
INV-103151,C,Leeds,Normal,Male,Health & Wellness,30.02,1,1.5,31.52,03/01/2025,12:49:37,Debit Card,30.02,0.22,6.6,6.2
INV-103152,C,Leeds,Member,Female,Beverages,8.58,7,3.0,63.06,26/02/2025,17:39:18,Debit Card,60.06,0.12,7.21,9.2
INV-103153,B,Salford,Normal,Male,Dairy & Eggs,1.02,2,0.1,2.14,21/01/2025,13:44:25,Debit Card,2.04,0.08,0.16,6.8
INV-103154,B,Salford,Member,Male,Dairy & Eggs,5.21,3,0.78,16.41,04/08/2025,20:09:47,Cash,15.63,0.08,1.25,7.1
INV-103155,C,Leeds,Member,Female,Household,15.29,5,3.82,80.27,24/03/2025,18:58:38,Credit Card,76.45,0.18,13.76,6.5
INV-103156,B,Salford,Member,Male,Snacks,6.32,9,2.84,59.72,07/12/2025,15:05:27,Debit Card,56.88,0.15,8.53,7.0
INV-103157,C,Leeds,Member,Female,Dairy & Eggs,3.41,1,0.17,3.58,04/08/2025,13:54:04,Cash,3.41,0.08,0.27,7.0
INV-103158,D,Bradford,Normal,Male,Snacks,3.13,12,1.88,39.44,16/12/2025,18:43:05,Credit Card,37.56,0.15,5.63,7.4
INV-103159,B,Salford,Member,Male,Snacks,6.39,8,2.56,53.68,24/07/2025,16:59:22,Debit Card,51.12,0.15,7.67,4.6
INV-103160,D,Bradford,Member,Female,Frozen Foods,5.63,1,0.28,5.91,26/02/2025,16:26:14,Cash,5.63,0.11,0.62,6.7
INV-103161,A,Manchester,Normal,Female,Dairy & Eggs,5.4,7,1.89,39.69,06/03/2025,13:42:20,Debit Card,37.8,0.08,3.02,5.8
INV-103162,B,Salford,Member,Male,Frozen Foods,6.47,5,1.62,33.97,14/09/2025,11:11:41,Cash,32.35,0.11,3.56,7.8
INV-103163,A,Manchester,Member,Female,Snacks,3.47,8,1.39,29.15,27/01/2025,09:15:32,Credit Card,27.76,0.15,4.16,7.5
INV-103164,C,Leeds,Normal,Male,Snacks,3.91,4,0.78,16.42,02/11/2025,16:51:50,Credit Card,15.64,0.15,2.35,5.4
INV-103165,A,Manchester,Member,Male,Frozen Foods,3.07,3,0.46,9.67,03/09/2025,17:18:30,Credit Card,9.21,0.11,1.01,5.4
INV-103166,C,Leeds,Normal,Male,Household,12.96,3,1.94,40.82,06/09/2025,17:38:34,Debit Card,38.88,0.18,7.0,9.8
INV-103167,A,Manchester,Member,Male,Baby Products,42.19,4,8.44,177.2,07/05/2025,11:53:05,Cash,168.76,0.16,27.0,7.7
INV-103168,B,Salford,Member,Female,Dairy & Eggs,3.11,11,1.71,35.92,08/05/2025,11:00:40,Debit Card,34.21,0.08,2.74,6.2
INV-103169,C,Leeds,Member,Female,Frozen Foods,12.57,5,3.14,65.99,15/05/2025,18:27:58,Debit Card,62.85,0.11,6.91,4.0
INV-103170,B,Salford,Member,Male,Frozen Foods,18.02,2,1.8,37.84,12/04/2025,18:30:46,Debit Card,36.04,0.11,3.96,5.6
INV-103171,D,Bradford,Member,Female,Bakery,10.3,4,2.06,43.26,25/12/2025,12:50:26,Credit Card,41.2,0.1,4.12,6.3
INV-103172,B,Salford,Member,Female,Bakery,1.16,6,0.35,7.31,30/10/2025,17:02:37,Debit Card,6.96,0.1,0.7,6.7
INV-103173,B,Salford,Normal,Female,Health & Wellness,14.36,1,0.72,15.08,03/03/2025,11:59:26,Cash,14.36,0.22,3.16,6.7
INV-103174,B,Salford,Normal,Male,Personal Care,19.78,7,6.92,145.38,20/01/2025,19:15:50,Credit Card,138.46,0.2,27.69,6.5
INV-103175,C,Leeds,Member,Female,Fresh Produce,2.15,8,0.86,18.06,16/03/2025,17:32:54,Debit Card,17.2,0.09,1.55,5.7
INV-103176,D,Bradford,Member,Female,Beverages,6.05,12,3.63,76.23,12/11/2025,13:53:25,Cash,72.6,0.12,8.71,7.4
INV-103177,B,Salford,Member,Female,Bakery,4.06,5,1.02,21.32,27/01/2025,10:02:43,Debit Card,20.3,0.1,2.03,7.5
INV-103178,D,Bradford,Normal,Male,Snacks,5.58,5,1.4,29.3,26/09/2025,12:33:42,Mobile Wallet,27.9,0.15,4.18,5.3
INV-103179,C,Leeds,Member,Female,Health & Wellness,13.18,5,3.3,69.2,24/04/2025,08:44:37,Mobile Wallet,65.9,0.22,14.5,8.7
INV-103180,C,Leeds,Normal,Male,Bakery,9.02,3,1.35,28.41,03/09/2025,12:20:23,Credit Card,27.06,0.1,2.71,7.1
INV-103181,A,Manchester,Normal,Male,Fresh Produce,1.33,6,0.4,8.38,26/11/2025,16:58:59,Debit Card,7.98,0.09,0.72,5.2
INV-103182,A,Manchester,Normal,Male,Fresh Produce,1.08,10,0.54,11.34,26/02/2025,19:53:54,Cash,10.8,0.09,0.97,7.7
INV-103183,C,Leeds,Member,Male,Fresh Produce,6.25,3,0.94,19.69,24/05/2025,14:06:53,Debit Card,18.75,0.09,1.69,6.5
INV-103184,C,Leeds,Normal,Male,Household,7.01,6,2.1,44.16,07/05/2025,14:08:29,Credit Card,42.06,0.18,7.57,5.8
INV-103185,C,Leeds,Member,Female,Beverages,2.76,7,0.97,20.29,04/04/2025,17:32:06,Mobile Wallet,19.32,0.12,2.32,6.1
INV-103186,A,Manchester,Member,Female,Household,19.64,3,2.95,61.87,27/01/2025,11:43:25,Debit Card,58.92,0.18,10.61,5.1
INV-103187,C,Leeds,Member,Female,Health & Wellness,3.31,5,0.83,17.38,27/05/2025,12:21:09,Debit Card,16.55,0.22,3.64,7.1
INV-103188,D,Bradford,Member,Male,Fresh Produce,3.28,2,0.33,6.89,07/11/2025,16:53:16,Debit Card,6.56,0.09,0.59,7.8
INV-103189,A,Manchester,Normal,Male,Baby Products,31.22,2,3.12,65.56,05/04/2025,16:35:37,Mobile Wallet,62.44,0.16,9.99,6.5
INV-103190,C,Leeds,Member,Male,Household,21.9,7,7.67,160.97,06/07/2025,19:04:38,Mobile Wallet,153.3,0.18,27.59,6.8
INV-103191,C,Leeds,Member,Male,Baby Products,31.89,7,11.16,234.39,27/02/2025,15:11:43,Cash,223.23,0.16,35.72,5.1
INV-103192,A,Manchester,Member,Female,Bakery,8.17,12,4.9,102.94,16/12/2025,14:25:38,Cash,98.04,0.1,9.8,5.2
INV-103193,B,Salford,Normal,Male,Bakery,10.28,2,1.03,21.59,04/07/2025,21:08:28,Debit Card,20.56,0.1,2.06,6.0
INV-103194,C,Leeds,Normal,Male,Baby Products,10.14,7,3.55,74.53,02/05/2025,20:14:18,Cash,70.98,0.16,11.36,7.0
INV-103195,C,Leeds,Member,Female,Beverages,10.92,5,2.73,57.33,27/10/2025,13:57:14,Debit Card,54.6,0.12,6.55,7.3
INV-103196,D,Bradford,Member,Female,Health & Wellness,11.18,4,2.24,46.96,24/02/2025,08:32:40,Debit Card,44.72,0.22,9.84,8.0
INV-103197,B,Salford,Member,Female,Frozen Foods,6.68,4,1.34,28.06,22/01/2025,08:04:35,Mobile Wallet,26.72,0.11,2.94,6.8
INV-103198,B,Salford,Member,Female,Household,9.28,8,3.71,77.95,27/12/2025,12:04:11,Debit Card,74.24,0.18,13.36,8.4
INV-103199,D,Bradford,Normal,Female,Frozen Foods,14.93,6,4.48,94.06,08/02/2025,21:51:21,Debit Card,89.58,0.11,9.85,5.6
INV-103200,C,Leeds,Member,Male,Fresh Produce,3.56,1,0.18,3.74,31/08/2025,10:02:17,Debit Card,3.56,0.09,0.32,8.5
INV-103201,B,Salford,Normal,Female,Baby Products,33.38,3,5.01,105.15,23/01/2025,21:12:55,Cash,100.14,0.16,16.02,4.2
INV-103202,B,Salford,Normal,Female,Dairy & Eggs,7.3,6,2.19,45.99,03/08/2025,21:54:27,Mobile Wallet,43.8,0.08,3.5,8.1
INV-103203,C,Leeds,Normal,Male,Bakery,5.4,1,0.27,5.67,07/07/2025,16:36:18,Credit Card,5.4,0.1,0.54,6.2
INV-103204,D,Bradford,Member,Female,Fresh Produce,3.75,3,0.56,11.81,12/08/2025,19:22:14,Debit Card,11.25,0.09,1.01,4.8
INV-103205,A,Manchester,Member,Male,Dairy & Eggs,4.36,10,2.18,45.78,03/08/2025,16:26:33,Cash,43.6,0.08,3.49,5.9
INV-103206,A,Manchester,Normal,Female,Frozen Foods,7.64,6,2.29,48.13,03/11/2025,15:51:00,Mobile Wallet,45.84,0.11,5.04,7.4
INV-103207,C,Leeds,Member,Female,Household,3.13,7,1.1,23.01,29/05/2025,21:53:08,Mobile Wallet,21.91,0.18,3.94,7.8
INV-103208,A,Manchester,Normal,Female,Frozen Foods,10.76,7,3.77,79.09,22/12/2025,11:58:26,Credit Card,75.32,0.11,8.29,6.7
INV-103209,B,Salford,Member,Male,Baby Products,31.49,6,9.45,198.39,11/09/2025,12:12:51,Cash,188.94,0.16,30.23,7.3
INV-103210,A,Manchester,Member,Female,Health & Wellness,31.47,1,1.57,33.04,13/08/2025,08:01:22,Debit Card,31.47,0.22,6.92,8.2
INV-103211,D,Bradford,Member,Male,Beverages,6.95,13,4.52,94.87,25/07/2025,19:23:04,Credit Card,90.35,0.12,10.84,6.4
INV-103212,C,Leeds,Normal,Female,Household,14.45,5,3.61,75.86,05/04/2025,10:32:15,Cash,72.25,0.18,13.0,6.2
INV-103213,A,Manchester,Member,Female,Baby Products,38.23,5,9.56,200.71,20/10/2025,16:12:18,Mobile Wallet,191.15,0.16,30.58,6.4
INV-103214,B,Salford,Member,Female,Baby Products,32.37,5,8.09,169.94,20/09/2025,11:29:39,Credit Card,161.85,0.16,25.9,7.4
INV-103215,D,Bradford,Member,Male,Fresh Produce,5.16,6,1.55,32.51,05/06/2025,16:31:07,Debit Card,30.96,0.09,2.79,7.0
INV-103216,B,Salford,Member,Male,Beverages,15.15,3,2.27,47.72,29/12/2025,18:41:09,Credit Card,45.45,0.12,5.45,6.2
INV-103217,C,Leeds,Member,Female,Household,5.11,1,0.26,5.37,29/03/2025,18:58:08,Cash,5.11,0.18,0.92,8.7
INV-103218,B,Salford,Member,Female,Personal Care,24.13,2,2.41,50.67,01/10/2025,19:37:01,Debit Card,48.26,0.2,9.65,7.2
INV-103219,B,Salford,Member,Male,Fresh Produce,1.12,6,0.34,7.06,21/01/2025,14:40:31,Mobile Wallet,6.72,0.09,0.6,7.0
INV-103220,B,Salford,Member,Male,Dairy & Eggs,3.95,3,0.59,12.44,10/03/2025,20:30:00,Cash,11.85,0.08,0.95,7.0
INV-103221,C,Leeds,Member,Female,Dairy & Eggs,5.13,11,2.82,59.25,25/11/2025,17:44:26,Debit Card,56.43,0.08,4.51,5.5
INV-103222,B,Salford,Normal,Female,Personal Care,7.36,3,1.1,23.18,01/10/2025,15:50:38,Mobile Wallet,22.08,0.2,4.42,8.9
INV-103223,A,Manchester,Normal,Female,Snacks,4.9,7,1.71,36.01,29/11/2025,20:18:04,Mobile Wallet,34.3,0.15,5.14,8.1
INV-103224,C,Leeds,Normal,Male,Household,3.29,6,0.99,20.73,16/06/2025,11:04:54,Mobile Wallet,19.74,0.18,3.55,6.0
INV-103225,A,Manchester,Member,Male,Frozen Foods,17.66,6,5.3,111.26,10/03/2025,18:19:18,Mobile Wallet,105.96,0.11,11.66,6.5
INV-103226,D,Bradford,Member,Male,Bakery,8.4,2,0.84,17.64,16/06/2025,15:29:06,Cash,16.8,0.1,1.68,8.7
INV-103227,A,Manchester,Member,Female,Bakery,7.09,6,2.13,44.67,02/07/2025,18:37:28,Debit Card,42.54,0.1,4.25,7.6
INV-103228,B,Salford,Member,Male,Household,4.57,3,0.69,14.4,01/04/2025,21:27:17,Debit Card,13.71,0.18,2.47,6.3
INV-103229,C,Leeds,Member,Female,Beverages,7.21,10,3.6,75.7,03/10/2025,12:35:34,Debit Card,72.1,0.12,8.65,6.2
INV-103230,A,Manchester,Member,Male,Personal Care,21.22,4,4.24,89.12,01/12/2025,13:36:20,Credit Card,84.88,0.2,16.98,6.2
INV-103231,C,Leeds,Member,Female,Bakery,4.96,12,2.98,62.5,15/08/2025,19:45:53,Debit Card,59.52,0.1,5.95,4.8
INV-103232,B,Salford,Normal,Male,Baby Products,11.02,4,2.2,46.28,18/05/2025,17:21:16,Debit Card,44.08,0.16,7.05,5.4
INV-103233,B,Salford,Member,Male,Baby Products,21.51,5,5.38,112.93,21/03/2025,19:56:35,Debit Card,107.55,0.16,17.21,7.8
INV-103234,D,Bradford,Member,Female,Beverages,9.61,7,3.36,70.63,11/08/2025,12:43:46,Mobile Wallet,67.27,0.12,8.07,8.7
INV-103235,C,Leeds,Member,Female,Baby Products,16.23,4,3.25,68.17,03/09/2025,11:31:51,Cash,64.92,0.16,10.39,7.0
INV-103236,A,Manchester,Normal,Male,Bakery,4.14,1,0.21,4.35,03/04/2025,13:50:55,Debit Card,4.14,0.1,0.41,6.4
INV-103237,D,Bradford,Normal,Female,Baby Products,17.23,5,4.31,90.46,01/04/2025,13:05:26,Debit Card,86.15,0.16,13.78,4.1
INV-103238,B,Salford,Normal,Male,Bakery,3.96,4,0.79,16.63,03/04/2025,16:34:25,Debit Card,15.84,0.1,1.58,6.0
INV-103239,C,Leeds,Normal,Female,Dairy & Eggs,2.64,7,0.92,19.4,08/06/2025,13:07:50,Mobile Wallet,18.48,0.08,1.48,6.6
INV-103240,B,Salford,Member,Female,Household,11.25,8,4.5,94.5,21/07/2025,08:07:33,Debit Card,90.0,0.18,16.2,7.1
INV-103241,B,Salford,Normal,Female,Dairy & Eggs,7.18,10,3.59,75.39,15/03/2025,17:39:01,Debit Card,71.8,0.08,5.74,6.1
INV-103242,A,Manchester,Member,Male,Frozen Foods,16.76,4,3.35,70.39,06/05/2025,16:05:24,Debit Card,67.04,0.11,7.37,7.3
INV-103243,D,Bradford,Member,Male,Beverages,2.57,8,1.03,21.59,21/02/2025,17:33:28,Debit Card,20.56,0.12,2.47,4.8
INV-103244,B,Salford,Member,Female,Bakery,8.48,11,4.66,97.94,05/11/2025,12:35:05,Debit Card,93.28,0.1,9.33,6.1
INV-103245,A,Manchester,Member,Male,Dairy & Eggs,3.74,5,0.94,19.64,16/07/2025,18:16:26,Credit Card,18.7,0.08,1.5,4.1
INV-103246,A,Manchester,Member,Female,Health & Wellness,26.24,4,5.25,110.21,07/01/2025,16:20:06,Debit Card,104.96,0.22,23.09,6.6
INV-103247,A,Manchester,Member,Female,Snacks,1.97,7,0.69,14.48,08/05/2025,20:58:09,Credit Card,13.79,0.15,2.07,9.2
INV-103248,A,Manchester,Member,Male,Beverages,4.84,7,1.69,35.57,15/03/2025,16:43:24,Cash,33.88,0.12,4.07,7.8
INV-103249,A,Manchester,Normal,Female,Household,11.41,7,3.99,83.86,24/02/2025,17:26:20,Credit Card,79.87,0.18,14.38,5.9
INV-103250,C,Leeds,Normal,Female,Bakery,4.7,3,0.71,14.81,14/04/2025,12:56:24,Debit Card,14.1,0.1,1.41,4.0
INV-103251,B,Salford,Member,Male,Baby Products,18.47,1,0.92,19.39,16/10/2025,11:23:59,Credit Card,18.47,0.16,2.96,7.6
INV-103252,D,Bradford,Normal,Female,Health & Wellness,33.06,9,14.88,312.42,07/06/2025,13:08:55,Credit Card,297.54,0.22,65.46,8.1
INV-103253,C,Leeds,Normal,Male,Personal Care,18.45,4,3.69,77.49,21/03/2025,17:09:34,Debit Card,73.8,0.2,14.76,7.5
INV-103254,B,Salford,Member,Female,Frozen Foods,10.74,11,5.91,124.05,06/10/2025,17:26:04,Cash,118.14,0.11,13.0,5.8
INV-103255,C,Leeds,Member,Female,Snacks,5.32,3,0.8,16.76,11/01/2025,19:06:37,Credit Card,15.96,0.15,2.39,8.4
INV-103256,A,Manchester,Member,Female,Baby Products,31.55,1,1.58,33.13,06/10/2025,11:42:08,Debit Card,31.55,0.16,5.05,7.7
INV-103257,C,Leeds,Member,Female,Bakery,7.8,2,0.78,16.38,19/09/2025,16:58:40,Debit Card,15.6,0.1,1.56,6.1
INV-103258,D,Bradford,Member,Female,Baby Products,4.52,1,0.23,4.75,01/01/2025,16:49:46,Debit Card,4.52,0.16,0.72,7.1
INV-103259,B,Salford,Normal,Female,Bakery,5.04,4,1.01,21.17,27/04/2025,16:56:30,Credit Card,20.16,0.1,2.02,4.3
INV-103260,D,Bradford,Normal,Male,Baby Products,28.69,3,4.3,90.37,17/03/2025,16:43:44,Mobile Wallet,86.07,0.16,13.77,4.0
INV-103261,C,Leeds,Member,Male,Baby Products,12.41,2,1.24,26.06,26/04/2025,13:39:20,Credit Card,24.82,0.16,3.97,7.2
INV-103262,D,Bradford,Member,Female,Snacks,2.64,12,1.58,33.26,09/09/2025,15:00:26,Cash,31.68,0.15,4.75,6.6
INV-103263,B,Salford,Member,Female,Personal Care,7.3,7,2.56,53.66,25/04/2025,17:31:39,Cash,51.1,0.2,10.22,6.2
INV-103264,A,Manchester,Normal,Male,Health & Wellness,36.58,5,9.15,192.05,02/07/2025,12:10:26,Credit Card,182.9,0.22,40.24,6.6
INV-103265,A,Manchester,Normal,Male,Household,21.95,1,1.1,23.05,02/03/2025,17:32:14,Debit Card,21.95,0.18,3.95,4.6
INV-103266,C,Leeds,Member,Female,Beverages,7.56,7,2.65,55.57,23/01/2025,15:33:39,Cash,52.92,0.12,6.35,7.5
INV-103267,B,Salford,Member,Female,Beverages,16.05,4,3.21,67.41,08/08/2025,19:29:11,Credit Card,64.2,0.12,7.7,6.7
INV-103268,C,Leeds,Member,Female,Beverages,11.25,1,0.56,11.81,14/12/2025,13:39:34,Credit Card,11.25,0.12,1.35,6.3
INV-103269,D,Bradford,Member,Female,Health & Wellness,23.45,2,2.35,49.25,08/12/2025,14:17:29,Mobile Wallet,46.9,0.22,10.32,5.9
INV-103270,C,Leeds,Normal,Male,Beverages,6.4,2,0.64,13.44,28/06/2025,19:31:11,Debit Card,12.8,0.12,1.54,5.4
INV-103271,A,Manchester,Normal,Male,Dairy & Eggs,4.97,6,1.49,31.31,13/09/2025,17:39:40,Cash,29.82,0.08,2.39,6.1
INV-103272,C,Leeds,Member,Male,Beverages,10.06,7,3.52,73.94,31/12/2025,17:01:59,Mobile Wallet,70.42,0.12,8.45,5.3
INV-103273,A,Manchester,Normal,Female,Household,17.86,5,4.46,93.76,18/03/2025,20:05:21,Mobile Wallet,89.3,0.18,16.07,8.5
INV-103274,B,Salford,Member,Male,Fresh Produce,3.92,5,0.98,20.58,17/03/2025,12:16:34,Cash,19.6,0.09,1.76,7.2
INV-103275,D,Bradford,Normal,Male,Household,3.18,4,0.64,13.36,02/09/2025,18:22:30,Debit Card,12.72,0.18,2.29,8.4
INV-103276,A,Manchester,Member,Female,Dairy & Eggs,3.21,3,0.48,10.11,23/10/2025,18:17:17,Debit Card,9.63,0.08,0.77,7.1
INV-103277,D,Bradford,Normal,Male,Beverages,7.01,11,3.86,80.97,16/03/2025,19:53:51,Debit Card,77.11,0.12,9.25,7.9
INV-103278,A,Manchester,Normal,Male,Personal Care,8.28,12,4.97,104.33,07/03/2025,15:10:33,Credit Card,99.36,0.2,19.87,7.0
INV-103279,B,Salford,Normal,Male,Health & Wellness,17.69,5,4.42,92.87,30/06/2025,15:39:18,Mobile Wallet,88.45,0.22,19.46,7.3
INV-103280,C,Leeds,Normal,Male,Personal Care,10.76,3,1.61,33.89,06/08/2025,11:23:38,Debit Card,32.28,0.2,6.46,6.7
INV-103281,D,Bradford,Member,Male,Personal Care,20.8,4,4.16,87.36,05/11/2025,11:27:02,Debit Card,83.2,0.2,16.64,6.1
INV-103282,C,Leeds,Member,Female,Dairy & Eggs,3.37,6,1.01,21.23,01/12/2025,20:53:27,Mobile Wallet,20.22,0.08,1.62,7.0
INV-103283,B,Salford,Normal,Male,Household,11.74,3,1.76,36.98,03/08/2025,12:15:50,Debit Card,35.22,0.18,6.34,6.6
INV-103284,D,Bradford,Member,Male,Snacks,2.63,3,0.39,8.28,30/09/2025,13:52:57,Debit Card,7.89,0.15,1.18,5.6
INV-103285,B,Salford,Member,Male,Beverages,1.74,2,0.17,3.65,12/02/2025,13:13:10,Credit Card,3.48,0.12,0.42,7.0
INV-103286,D,Bradford,Normal,Female,Personal Care,19.6,1,0.98,20.58,26/12/2025,16:19:13,Debit Card,19.6,0.2,3.92,7.2
INV-103287,A,Manchester,Member,Female,Baby Products,18.88,3,2.83,59.47,05/07/2025,11:55:52,Debit Card,56.64,0.16,9.06,6.4
INV-103288,A,Manchester,Member,Female,Dairy & Eggs,1.46,10,0.73,15.33,09/01/2025,12:58:07,Credit Card,14.6,0.08,1.17,7.5
INV-103289,C,Leeds,Normal,Male,Health & Wellness,18.59,5,4.65,97.6,10/03/2025,19:31:07,Mobile Wallet,92.95,0.22,20.45,7.4
INV-103290,A,Manchester,Member,Female,Fresh Produce,4.36,7,1.53,32.05,28/06/2025,15:25:56,Debit Card,30.52,0.09,2.75,7.3
INV-103291,C,Leeds,Member,Female,Personal Care,11.28,3,1.69,35.53,31/05/2025,16:39:06,Mobile Wallet,33.84,0.2,6.77,7.9
INV-103292,D,Bradford,Normal,Female,Beverages,9.59,5,2.4,50.35,10/10/2025,19:48:24,Debit Card,47.95,0.12,5.75,5.2
INV-103293,D,Bradford,Member,Female,Snacks,6.17,2,0.62,12.96,18/04/2025,12:15:40,Cash,12.34,0.15,1.85,6.7
INV-103294,B,Salford,Member,Female,Baby Products,32.48,3,4.87,102.31,12/03/2025,16:19:40,Cash,97.44,0.16,15.59,8.3
INV-103295,A,Manchester,Normal,Female,Beverages,16.74,1,0.84,17.58,13/07/2025,15:22:22,Debit Card,16.74,0.12,2.01,8.0
INV-103296,A,Manchester,Member,Male,Dairy & Eggs,1.53,2,0.15,3.21,10/07/2025,10:53:37,Cash,3.06,0.08,0.24,6.9
INV-103297,A,Manchester,Member,Female,Health & Wellness,12.15,1,0.61,12.76,06/12/2025,13:13:59,Credit Card,12.15,0.22,2.67,6.0
INV-103298,A,Manchester,Member,Male,Bakery,6.97,8,2.79,58.55,01/11/2025,17:07:22,Debit Card,55.76,0.1,5.58,5.1
INV-103299,B,Salford,Normal,Female,Health & Wellness,10.25,2,1.03,21.53,17/03/2025,17:09:21,Mobile Wallet,20.5,0.22,4.51,8.0
INV-103300,C,Leeds,Member,Female,Snacks,1.53,5,0.38,8.03,10/02/2025,16:45:49,Debit Card,7.65,0.15,1.15,7.4
INV-103301,B,Salford,Member,Female,Bakery,7.08,5,1.77,37.17,07/01/2025,15:34:11,Cash,35.4,0.1,3.54,6.3
INV-103302,D,Bradford,Member,Female,Health & Wellness,20.06,2,2.01,42.13,04/04/2025,17:28:30,Debit Card,40.12,0.22,8.83,6.8
INV-103303,D,Bradford,Member,Female,Health & Wellness,23.28,3,3.49,73.33,28/09/2025,18:38:27,Debit Card,69.84,0.22,15.36,7.3
INV-103304,C,Leeds,Normal,Male,Beverages,7.41,10,3.71,77.81,30/07/2025,14:50:52,Mobile Wallet,74.1,0.12,8.89,6.3
INV-103305,C,Leeds,Member,Male,Household,9.84,6,2.95,61.99,27/11/2025,17:04:28,Mobile Wallet,59.04,0.18,10.63,5.7
INV-103306,A,Manchester,Member,Male,Snacks,0.97,6,0.29,6.11,26/02/2025,19:02:52,Credit Card,5.82,0.15,0.87,6.5
INV-103307,B,Salford,Normal,Female,Frozen Foods,3.97,4,0.79,16.67,25/11/2025,11:49:57,Debit Card,15.88,0.11,1.75,7.9
INV-103308,A,Manchester,Normal,Female,Beverages,1.08,6,0.32,6.8,15/09/2025,13:19:04,Debit Card,6.48,0.12,0.78,4.9
INV-103309,B,Salford,Member,Female,Health & Wellness,29.98,7,10.49,220.35,22/07/2025,15:09:44,Mobile Wallet,209.86,0.22,46.17,7.1
INV-103310,D,Bradford,Normal,Male,Frozen Foods,8.94,1,0.45,9.39,11/10/2025,16:01:06,Debit Card,8.94,0.11,0.98,5.9
INV-103311,C,Leeds,Member,Male,Baby Products,15.47,4,3.09,64.97,30/12/2025,09:53:39,Mobile Wallet,61.88,0.16,9.9,7.4
INV-103312,B,Salford,Member,Male,Bakery,9.45,1,0.47,9.92,22/03/2025,14:37:44,Mobile Wallet,9.45,0.1,0.94,8.0
INV-103313,C,Leeds,Normal,Female,Snacks,1.44,4,0.29,6.05,25/09/2025,18:21:37,Debit Card,5.76,0.15,0.86,6.4
INV-103314,D,Bradford,Member,Female,Household,19.45,10,9.73,204.23,19/04/2025,19:07:19,Mobile Wallet,194.5,0.18,35.01,6.4
INV-103315,D,Bradford,Member,Female,Health & Wellness,23.64,3,3.55,74.47,23/04/2025,19:25:54,Debit Card,70.92,0.22,15.6,6.5
INV-103316,D,Bradford,Member,Female,Snacks,2.33,6,0.7,14.68,14/10/2025,16:13:24,Debit Card,13.98,0.15,2.1,7.6
INV-103317,A,Manchester,Member,Male,Dairy & Eggs,7.03,2,0.7,14.76,02/09/2025,17:16:24,Debit Card,14.06,0.08,1.12,7.7
INV-103318,C,Leeds,Member,Male,Fresh Produce,1.93,4,0.39,8.11,14/07/2025,12:03:54,Credit Card,7.72,0.09,0.69,6.5
INV-103319,B,Salford,Member,Female,Dairy & Eggs,2.3,9,1.03,21.73,10/07/2025,15:19:58,Mobile Wallet,20.7,0.08,1.66,5.8
INV-103320,D,Bradford,Member,Female,Health & Wellness,30.5,3,4.58,96.08,19/05/2025,09:00:22,Debit Card,91.5,0.22,20.13,5.6
INV-103321,A,Manchester,Normal,Female,Household,7.51,3,1.13,23.66,09/02/2025,16:01:45,Credit Card,22.53,0.18,4.06,5.9
INV-103322,C,Leeds,Member,Male,Bakery,8.52,7,2.98,62.62,15/01/2025,16:36:50,Mobile Wallet,59.64,0.1,5.96,8.7
INV-103323,B,Salford,Member,Male,Health & Wellness,29.2,7,10.22,214.62,25/03/2025,12:32:54,Mobile Wallet,204.4,0.22,44.97,7.2
INV-103324,A,Manchester,Member,Female,Beverages,3.89,2,0.39,8.17,19/04/2025,15:28:48,Credit Card,7.78,0.12,0.93,5.3
INV-103325,A,Manchester,Member,Male,Bakery,4.27,12,2.56,53.8,07/04/2025,18:59:00,Cash,51.24,0.1,5.12,6.0
INV-103326,B,Salford,Member,Female,Health & Wellness,8.42,2,0.84,17.68,04/05/2025,18:26:49,Cash,16.84,0.22,3.7,7.2
INV-103327,C,Leeds,Member,Female,Personal Care,4.37,1,0.22,4.59,19/10/2025,16:15:47,Debit Card,4.37,0.2,0.87,5.8
INV-103328,A,Manchester,Member,Male,Frozen Foods,14.54,9,6.54,137.4,24/01/2025,08:16:40,Cash,130.86,0.11,14.39,7.4
INV-103329,A,Manchester,Member,Male,Personal Care,9.84,2,0.98,20.66,17/02/2025,19:55:50,Mobile Wallet,19.68,0.2,3.94,6.4
INV-103330,C,Leeds,Member,Female,Beverages,3.82,7,1.34,28.08,02/07/2025,17:17:20,Debit Card,26.74,0.12,3.21,7.7
INV-103331,C,Leeds,Member,Male,Health & Wellness,4.47,5,1.12,23.47,14/09/2025,19:30:59,Cash,22.35,0.22,4.92,6.4
INV-103332,B,Salford,Member,Male,Snacks,0.63,1,0.03,0.66,20/07/2025,20:04:17,Debit Card,0.63,0.15,0.09,6.1
INV-103333,C,Leeds,Normal,Female,Frozen Foods,17.35,3,2.6,54.65,26/12/2025,19:47:04,Cash,52.05,0.11,5.73,5.2
INV-103334,A,Manchester,Normal,Male,Snacks,2.76,3,0.41,8.69,28/07/2025,10:29:45,Debit Card,8.28,0.15,1.24,6.8
INV-103335,A,Manchester,Normal,Female,Personal Care,11.14,6,3.34,70.18,13/01/2025,11:02:22,Mobile Wallet,66.84,0.2,13.37,6.4
INV-103336,D,Bradford,Member,Male,Frozen Foods,15.63,12,9.38,196.94,28/10/2025,14:53:07,Debit Card,187.56,0.11,20.63,7.2
INV-103337,A,Manchester,Normal,Male,Bakery,1.7,3,0.26,5.36,24/03/2025,11:07:24,Debit Card,5.1,0.1,0.51,7.2
INV-103338,B,Salford,Member,Male,Baby Products,6.93,1,0.35,7.28,10/02/2025,21:13:04,Credit Card,6.93,0.16,1.11,7.6
INV-103339,A,Manchester,Normal,Female,Frozen Foods,8.48,8,3.39,71.23,21/04/2025,16:50:11,Mobile Wallet,67.84,0.11,7.46,7.0
INV-103340,B,Salford,Member,Female,Household,17.27,1,0.86,18.13,14/09/2025,14:31:29,Credit Card,17.27,0.18,3.11,5.9
INV-103341,C,Leeds,Normal,Male,Dairy & Eggs,4.74,3,0.71,14.93,09/03/2025,16:02:30,Credit Card,14.22,0.08,1.14,4.0
INV-103342,C,Leeds,Normal,Male,Snacks,5.53,4,1.11,23.23,04/07/2025,17:50:44,Debit Card,22.12,0.15,3.32,8.1
INV-103343,D,Bradford,Member,Female,Beverages,1.1,10,0.55,11.55,31/12/2025,13:27:34,Cash,11.0,0.12,1.32,5.2
INV-103344,D,Bradford,Normal,Female,Household,6.83,7,2.39,50.2,17/04/2025,13:53:09,Cash,47.81,0.18,8.61,7.0
INV-103345,A,Manchester,Normal,Female,Bakery,6.91,6,2.07,43.53,18/10/2025,19:00:33,Mobile Wallet,41.46,0.1,4.15,7.2
INV-103346,D,Bradford,Member,Female,Household,19.94,5,4.99,104.69,08/01/2025,12:07:33,Mobile Wallet,99.7,0.18,17.95,8.4
INV-103347,B,Salford,Normal,Male,Personal Care,24.71,13,16.06,337.29,08/10/2025,20:43:31,Debit Card,321.23,0.2,64.25,6.6
INV-103348,A,Manchester,Normal,Male,Fresh Produce,12.22,4,2.44,51.32,18/02/2025,12:24:17,Debit Card,48.88,0.09,4.4,4.8
INV-103349,D,Bradford,Normal,Male,Snacks,2.09,2,0.21,4.39,28/03/2025,17:13:16,Credit Card,4.18,0.15,0.63,6.4
INV-103350,C,Leeds,Member,Female,Health & Wellness,31.03,6,9.31,195.49,04/02/2025,15:13:03,Debit Card,186.18,0.22,40.96,5.8
INV-103351,C,Leeds,Member,Male,Bakery,7.27,2,0.73,15.27,30/06/2025,15:45:22,Cash,14.54,0.1,1.45,7.1
INV-103352,A,Manchester,Member,Female,Beverages,1.8,2,0.18,3.78,02/04/2025,14:56:26,Debit Card,3.6,0.12,0.43,8.1
INV-103353,D,Bradford,Normal,Male,Baby Products,8.37,7,2.93,61.52,31/08/2025,17:53:10,Credit Card,58.59,0.16,9.37,6.5
INV-103354,C,Leeds,Normal,Male,Household,3.58,4,0.72,15.04,29/11/2025,21:31:11,Cash,14.32,0.18,2.58,5.1
INV-103355,B,Salford,Member,Female,Dairy & Eggs,5.82,10,2.91,61.11,19/10/2025,10:00:06,Credit Card,58.2,0.08,4.66,6.6
INV-103356,D,Bradford,Normal,Female,Frozen Foods,12.02,5,3.01,63.11,06/07/2025,18:57:24,Cash,60.1,0.11,6.61,6.6
INV-103357,C,Leeds,Member,Male,Baby Products,15.34,3,2.3,48.32,29/07/2025,12:23:14,Mobile Wallet,46.02,0.16,7.36,5.7
INV-103358,B,Salford,Member,Male,Bakery,2.78,7,0.97,20.43,07/07/2025,13:41:54,Credit Card,19.46,0.1,1.95,6.4
INV-103359,C,Leeds,Normal,Male,Frozen Foods,15.14,5,3.79,79.49,12/02/2025,18:37:44,Cash,75.7,0.11,8.33,6.4
INV-103360,D,Bradford,Member,Male,Snacks,4.98,2,0.5,10.46,15/05/2025,17:37:40,Mobile Wallet,9.96,0.15,1.49,7.5
INV-103361,A,Manchester,Member,Female,Baby Products,9.61,6,2.88,60.54,06/05/2025,19:51:42,Debit Card,57.66,0.16,9.23,6.8
INV-103362,A,Manchester,Member,Female,Household,18.69,13,12.15,255.12,23/02/2025,15:32:34,Cash,242.97,0.18,43.73,6.5
INV-103363,C,Leeds,Member,Male,Dairy & Eggs,7.04,2,0.7,14.78,23/03/2025,17:57:39,Mobile Wallet,14.08,0.08,1.13,6.0
INV-103364,D,Bradford,Member,Female,Health & Wellness,32.16,1,1.61,33.77,25/04/2025,21:56:32,Debit Card,32.16,0.22,7.08,8.5
INV-103365,D,Bradford,Member,Male,Beverages,12.97,2,1.3,27.24,09/12/2025,14:29:21,Mobile Wallet,25.94,0.12,3.11,6.7
INV-103366,A,Manchester,Member,Male,Health & Wellness,15.82,3,2.37,49.83,27/08/2025,18:08:22,Cash,47.46,0.22,10.44,5.6
INV-103367,D,Bradford,Normal,Male,Bakery,8.24,5,2.06,43.26,25/02/2025,17:16:12,Mobile Wallet,41.2,0.1,4.12,6.1
INV-103368,A,Manchester,Member,Female,Dairy & Eggs,3.23,1,0.16,3.39,25/02/2025,14:39:22,Credit Card,3.23,0.08,0.26,8.3
INV-103369,D,Bradford,Member,Male,Fresh Produce,10.83,1,0.54,11.37,13/04/2025,19:40:50,Debit Card,10.83,0.09,0.97,6.3
INV-103370,D,Bradford,Member,Male,Bakery,3.46,4,0.69,14.53,03/02/2025,15:43:19,Cash,13.84,0.1,1.38,7.8
INV-103371,C,Leeds,Normal,Male,Baby Products,8.67,5,2.17,45.52,06/11/2025,15:43:24,Mobile Wallet,43.35,0.16,6.94,6.1
INV-103372,D,Bradford,Normal,Female,Dairy & Eggs,7.17,6,2.15,45.17,26/12/2025,11:42:12,Cash,43.02,0.08,3.44,6.9
INV-103373,D,Bradford,Member,Female,Beverages,5.13,12,3.08,64.64,23/05/2025,18:21:19,Mobile Wallet,61.56,0.12,7.39,7.6
INV-103374,D,Bradford,Member,Female,Beverages,7.46,9,3.36,70.5,07/10/2025,21:44:13,Cash,67.14,0.12,8.06,7.9
INV-103375,B,Salford,Normal,Male,Beverages,10.04,1,0.5,10.54,16/03/2025,21:12:53,Mobile Wallet,10.04,0.12,1.2,6.8
INV-103376,B,Salford,Member,Male,Health & Wellness,14.86,2,1.49,31.21,18/10/2025,16:23:42,Credit Card,29.72,0.22,6.54,5.9
INV-103377,A,Manchester,Member,Male,Health & Wellness,15.89,10,7.95,166.85,01/02/2025,16:00:47,Credit Card,158.9,0.22,34.96,6.0
INV-103378,C,Leeds,Normal,Male,Health & Wellness,24.6,3,3.69,77.49,31/08/2025,09:45:39,Cash,73.8,0.22,16.24,7.4
INV-103379,B,Salford,Normal,Female,Frozen Foods,9.93,10,4.96,104.26,19/04/2025,18:35:26,Mobile Wallet,99.3,0.11,10.92,6.6
INV-103380,A,Manchester,Normal,Male,Health & Wellness,16.33,8,6.53,137.17,19/05/2025,19:53:39,Credit Card,130.64,0.22,28.74,4.6
INV-103381,C,Leeds,Normal,Female,Frozen Foods,16.42,1,0.82,17.24,12/02/2025,11:49:16,Debit Card,16.42,0.11,1.81,6.7
INV-103382,B,Salford,Member,Female,Fresh Produce,10.84,6,3.25,68.29,21/05/2025,20:39:59,Debit Card,65.04,0.09,5.85,6.7
INV-103383,D,Bradford,Normal,Female,Dairy & Eggs,1.96,1,0.1,2.06,02/06/2025,14:02:23,Credit Card,1.96,0.08,0.16,7.7
INV-103384,D,Bradford,Normal,Male,Beverages,8.44,1,0.42,8.86,26/09/2025,16:02:00,Debit Card,8.44,0.12,1.01,4.1
INV-103385,B,Salford,Normal,Male,Frozen Foods,15.49,6,4.65,97.59,05/04/2025,13:16:30,Cash,92.94,0.11,10.22,6.8
INV-103386,A,Manchester,Normal,Female,Baby Products,30.16,6,9.05,190.01,08/08/2025,13:33:17,Cash,180.96,0.16,28.95,6.8
INV-103387,C,Leeds,Member,Male,Frozen Foods,2.66,2,0.27,5.59,26/03/2025,13:09:09,Debit Card,5.32,0.11,0.59,5.8
INV-103388,B,Salford,Normal,Male,Personal Care,26.27,6,7.88,165.5,03/08/2025,14:38:49,Debit Card,157.62,0.2,31.52,6.4
INV-103389,D,Bradford,Member,Male,Frozen Foods,11.64,2,1.16,24.44,02/10/2025,15:42:14,Debit Card,23.28,0.11,2.56,6.8
INV-103390,B,Salford,Member,Male,Household,4.31,4,0.86,18.1,01/07/2025,18:11:12,Debit Card,17.24,0.18,3.1,6.3
INV-103391,D,Bradford,Normal,Female,Dairy & Eggs,5.45,3,0.82,17.17,15/10/2025,21:30:24,Mobile Wallet,16.35,0.08,1.31,7.2
INV-103392,B,Salford,Member,Female,Personal Care,5.7,11,3.14,65.84,08/12/2025,16:28:51,Cash,62.7,0.2,12.54,6.3
INV-103393,B,Salford,Member,Male,Personal Care,18.55,7,6.49,136.34,07/12/2025,16:54:18,Debit Card,129.85,0.2,25.97,7.6
INV-103394,C,Leeds,Member,Female,Household,5.03,4,1.01,21.13,19/03/2025,15:34:26,Debit Card,20.12,0.18,3.62,7.8
INV-103395,D,Bradford,Member,Female,Household,20.55,10,10.28,215.78,13/09/2025,11:54:47,Mobile Wallet,205.5,0.18,36.99,9.3
INV-103396,C,Leeds,Normal,Female,Health & Wellness,17.04,4,3.41,71.57,12/12/2025,16:15:14,Cash,68.16,0.22,15.0,4.9
INV-103397,D,Bradford,Member,Male,Household,6.84,5,1.71,35.91,24/09/2025,12:58:52,Debit Card,34.2,0.18,6.16,5.4
INV-103398,A,Manchester,Member,Male,Household,21.01,2,2.1,44.12,06/03/2025,11:13:12,Debit Card,42.02,0.18,7.56,8.9
INV-103399,D,Bradford,Member,Female,Household,2.8,2,0.28,5.88,19/01/2025,17:58:50,Cash,5.6,0.18,1.01,8.2
INV-103400,B,Salford,Member,Female,Snacks,4.67,7,1.63,34.32,04/08/2025,11:22:29,Debit Card,32.69,0.15,4.9,6.4
INV-103401,B,Salford,Member,Male,Fresh Produce,11.23,5,2.81,58.96,21/04/2025,13:05:24,Debit Card,56.15,0.09,5.05,7.4
INV-103402,C,Leeds,Normal,Female,Fresh Produce,9.24,1,0.46,9.7,08/04/2025,11:08:17,Debit Card,9.24,0.09,0.83,4.0
INV-103403,A,Manchester,Normal,Male,Household,17.51,3,2.63,55.16,06/07/2025,08:01:20,Credit Card,52.53,0.18,9.46,7.8
INV-103404,A,Manchester,Normal,Male,Health & Wellness,25.75,3,3.86,81.11,07/06/2025,16:20:59,Mobile Wallet,77.25,0.22,17.0,6.5
INV-103405,A,Manchester,Normal,Male,Fresh Produce,13.93,3,2.09,43.88,29/11/2025,08:08:29,Debit Card,41.79,0.09,3.76,5.0
INV-103406,D,Bradford,Normal,Male,Health & Wellness,33.09,2,3.31,69.49,30/07/2025,19:53:37,Debit Card,66.18,0.22,14.56,7.5
INV-103407,C,Leeds,Normal,Male,Beverages,3.07,3,0.46,9.67,05/10/2025,15:29:07,Mobile Wallet,9.21,0.12,1.11,5.2
INV-103408,D,Bradford,Member,Male,Bakery,6.73,9,3.03,63.6,28/02/2025,16:45:30,Cash,60.57,0.1,6.06,7.5
INV-103409,B,Salford,Normal,Male,Baby Products,38.87,7,13.6,285.69,08/08/2025,13:57:18,Debit Card,272.09,0.16,43.53,4.6
INV-103410,C,Leeds,Normal,Female,Dairy & Eggs,4.37,6,1.31,27.53,11/10/2025,18:42:59,Credit Card,26.22,0.08,2.1,5.6
INV-103411,B,Salford,Normal,Male,Beverages,4.98,3,0.75,15.69,15/07/2025,20:30:19,Cash,14.94,0.12,1.79,7.1
INV-103412,C,Leeds,Member,Male,Dairy & Eggs,4.47,3,0.67,14.08,21/11/2025,14:11:49,Mobile Wallet,13.41,0.08,1.07,6.3
INV-103413,C,Leeds,Member,Female,Beverages,2.26,4,0.45,9.49,14/02/2025,10:30:00,Credit Card,9.04,0.12,1.08,6.2
INV-103414,A,Manchester,Normal,Female,Health & Wellness,6.29,3,0.94,19.81,29/11/2025,10:57:06,Debit Card,18.87,0.22,4.15,5.3
INV-103415,A,Manchester,Normal,Male,Bakery,3.69,6,1.11,23.25,23/02/2025,11:14:20,Credit Card,22.14,0.1,2.21,6.0
INV-103416,D,Bradford,Normal,Female,Frozen Foods,3.08,4,0.62,12.94,21/11/2025,16:22:09,Credit Card,12.32,0.11,1.36,7.8
INV-103417,D,Bradford,Member,Female,Personal Care,3.56,2,0.36,7.48,08/12/2025,14:26:24,Credit Card,7.12,0.2,1.42,5.7
INV-103418,C,Leeds,Member,Male,Health & Wellness,13.78,7,4.82,101.28,19/04/2025,17:00:03,Credit Card,96.46,0.22,21.22,6.5
INV-103419,B,Salford,Member,Male,Health & Wellness,27.21,2,2.72,57.14,10/10/2025,09:46:00,Debit Card,54.42,0.22,11.97,6.9
INV-103420,D,Bradford,Member,Female,Health & Wellness,3.67,5,0.92,19.27,11/04/2025,21:24:17,Credit Card,18.35,0.22,4.04,7.5
INV-103421,D,Bradford,Member,Female,Bakery,9.17,7,3.21,67.4,29/06/2025,21:21:13,Cash,64.19,0.1,6.42,6.1
INV-103422,D,Bradford,Member,Male,Personal Care,10.67,5,2.67,56.02,27/11/2025,19:11:41,Cash,53.35,0.2,10.67,9.3
INV-103423,D,Bradford,Member,Female,Dairy & Eggs,6.71,1,0.34,7.05,11/07/2025,09:02:02,Credit Card,6.71,0.08,0.54,7.5
INV-103424,B,Salford,Member,Male,Bakery,3.82,2,0.38,8.02,18/05/2025,19:28:08,Credit Card,7.64,0.1,0.76,6.9
INV-103425,C,Leeds,Normal,Male,Bakery,1.42,5,0.35,7.45,01/08/2025,19:06:33,Credit Card,7.1,0.1,0.71,8.0
INV-103426,B,Salford,Member,Female,Household,13.01,2,1.3,27.32,01/08/2025,12:40:35,Credit Card,26.02,0.18,4.68,5.9
INV-103427,A,Manchester,Member,Female,Fresh Produce,6.48,6,1.94,40.82,14/01/2025,14:12:05,Credit Card,38.88,0.09,3.5,6.2
INV-103428,B,Salford,Normal,Male,Fresh Produce,6.42,7,2.25,47.19,23/09/2025,14:31:28,Mobile Wallet,44.94,0.09,4.04,7.0
INV-103429,C,Leeds,Member,Male,Fresh Produce,6.31,3,0.95,19.88,29/03/2025,19:17:30,Cash,18.93,0.09,1.7,6.8
INV-103430,D,Bradford,Member,Female,Snacks,4.36,7,1.53,32.05,12/10/2025,15:52:28,Debit Card,30.52,0.15,4.58,7.9
INV-103431,D,Bradford,Member,Female,Baby Products,38.69,1,1.93,40.62,12/11/2025,17:10:04,Cash,38.69,0.16,6.19,5.9
INV-103432,D,Bradford,Normal,Female,Personal Care,14.64,10,7.32,153.72,23/10/2025,11:04:15,Debit Card,146.4,0.2,29.28,6.5
INV-103433,D,Bradford,Member,Female,Dairy & Eggs,3.46,2,0.35,7.27,22/11/2025,08:17:38,Credit Card,6.92,0.08,0.55,6.6
INV-103434,D,Bradford,Normal,Female,Frozen Foods,15.99,2,1.6,33.58,26/07/2025,18:25:28,Mobile Wallet,31.98,0.11,3.52,6.1
INV-103435,C,Leeds,Member,Female,Frozen Foods,12.12,2,1.21,25.45,12/08/2025,17:07:46,Mobile Wallet,24.24,0.11,2.67,7.9
INV-103436,B,Salford,Normal,Female,Snacks,5.5,10,2.75,57.75,30/12/2025,16:05:51,Debit Card,55.0,0.15,8.25,5.6
INV-103437,B,Salford,Member,Female,Snacks,7.12,5,1.78,37.38,20/11/2025,11:55:05,Credit Card,35.6,0.15,5.34,7.3
INV-103438,D,Bradford,Member,Male,Snacks,5.99,3,0.9,18.87,11/10/2025,10:57:57,Debit Card,17.97,0.15,2.7,8.9
INV-103439,B,Salford,Normal,Male,Health & Wellness,28.04,11,15.42,323.86,15/04/2025,18:55:11,Mobile Wallet,308.44,0.22,67.86,7.7
INV-103440,A,Manchester,Member,Female,Personal Care,5.97,8,2.39,50.15,14/01/2025,16:37:20,Debit Card,47.76,0.2,9.55,6.4
INV-103441,D,Bradford,Normal,Female,Personal Care,18.12,1,0.91,19.03,18/11/2025,10:30:20,Debit Card,18.12,0.2,3.62,4.0
INV-103442,B,Salford,Member,Female,Dairy & Eggs,8.97,11,4.93,103.6,13/11/2025,20:18:04,Credit Card,98.67,0.08,7.89,6.2
INV-103443,A,Manchester,Member,Male,Frozen Foods,8.48,2,0.85,17.81,13/01/2025,17:09:24,Credit Card,16.96,0.11,1.87,7.7
INV-103444,B,Salford,Member,Male,Fresh Produce,10.78,3,1.62,33.96,21/11/2025,21:51:06,Debit Card,32.34,0.09,2.91,5.7
INV-103445,C,Leeds,Member,Female,Bakery,8.87,2,0.89,18.63,03/05/2025,11:51:38,Credit Card,17.74,0.1,1.77,8.6
INV-103446,B,Salford,Member,Male,Health & Wellness,28.67,3,4.3,90.31,10/04/2025,17:22:17,Debit Card,86.01,0.22,18.92,7.3
INV-103447,B,Salford,Normal,Male,Snacks,0.62,2,0.06,1.3,14/05/2025,18:17:57,Debit Card,1.24,0.15,0.19,8.2
INV-103448,A,Manchester,Normal,Male,Snacks,0.79,10,0.4,8.3,12/02/2025,16:26:07,Mobile Wallet,7.9,0.15,1.19,8.2
INV-103449,B,Salford,Member,Female,Personal Care,10.17,8,4.07,85.43,23/11/2025,10:13:40,Mobile Wallet,81.36,0.2,16.27,9.4
INV-103450,A,Manchester,Member,Female,Beverages,10.45,8,4.18,87.78,24/08/2025,09:30:12,Credit Card,83.6,0.12,10.03,5.9
INV-103451,A,Manchester,Member,Female,Household,5.22,1,0.26,5.48,14/03/2025,15:31:23,Cash,5.22,0.18,0.94,8.0
INV-103452,C,Leeds,Normal,Male,Health & Wellness,22.36,2,2.24,46.96,03/04/2025,16:23:34,Mobile Wallet,44.72,0.22,9.84,8.3
INV-103453,A,Manchester,Member,Female,Beverages,4.53,7,1.59,33.3,11/09/2025,19:14:47,Debit Card,31.71,0.12,3.81,6.8
INV-103454,C,Leeds,Normal,Female,Household,15.74,7,5.51,115.69,20/07/2025,20:16:54,Credit Card,110.18,0.18,19.83,5.7
INV-103455,A,Manchester,Normal,Male,Fresh Produce,10.33,4,2.07,43.39,12/01/2025,13:10:36,Debit Card,41.32,0.09,3.72,4.6
INV-103456,D,Bradford,Member,Female,Snacks,5.36,2,0.54,11.26,07/09/2025,13:38:50,Debit Card,10.72,0.15,1.61,7.1
INV-103457,A,Manchester,Member,Female,Dairy & Eggs,7.0,3,1.05,22.05,18/12/2025,14:23:50,Debit Card,21.0,0.08,1.68,6.4
INV-103458,D,Bradford,Member,Male,Snacks,2.71,6,0.81,17.07,10/06/2025,20:46:47,Debit Card,16.26,0.15,2.44,6.6
INV-103459,D,Bradford,Normal,Female,Beverages,5.25,5,1.31,27.56,03/04/2025,14:48:37,Mobile Wallet,26.25,0.12,3.15,6.4
INV-103460,C,Leeds,Normal,Female,Beverages,10.21,8,4.08,85.76,02/04/2025,11:23:29,Debit Card,81.68,0.12,9.8,5.7
INV-103461,A,Manchester,Normal,Female,Baby Products,19.35,1,0.97,20.32,25/06/2025,19:49:44,Mobile Wallet,19.35,0.16,3.1,7.5
INV-103462,C,Leeds,Normal,Male,Snacks,5.0,1,0.25,5.25,11/11/2025,12:15:54,Credit Card,5.0,0.15,0.75,5.4
INV-103463,A,Manchester,Member,Female,Personal Care,21.34,4,4.27,89.63,25/09/2025,12:03:42,Cash,85.36,0.2,17.07,7.6
INV-103464,C,Leeds,Normal,Female,Fresh Produce,8.58,3,1.29,27.03,09/04/2025,16:17:31,Cash,25.74,0.09,2.32,6.7
INV-103465,A,Manchester,Normal,Female,Personal Care,21.86,9,9.84,206.58,23/09/2025,13:18:52,Debit Card,196.74,0.2,39.35,5.4
INV-103466,B,Salford,Normal,Female,Snacks,6.05,3,0.91,19.06,06/07/2025,17:17:43,Debit Card,18.15,0.15,2.72,9.2
INV-103467,A,Manchester,Normal,Female,Beverages,12.27,2,1.23,25.77,16/01/2025,19:37:38,Mobile Wallet,24.54,0.12,2.94,8.1
INV-103468,C,Leeds,Member,Female,Dairy & Eggs,1.76,9,0.79,16.63,23/04/2025,17:09:53,Credit Card,15.84,0.08,1.27,6.4
INV-103469,A,Manchester,Normal,Female,Household,10.65,7,3.73,78.28,18/05/2025,16:26:44,Cash,74.55,0.18,13.42,6.7
INV-103470,C,Leeds,Member,Male,Snacks,0.67,9,0.3,6.33,13/04/2025,17:11:08,Credit Card,6.03,0.15,0.9,8.7
INV-103471,A,Manchester,Normal,Male,Baby Products,22.96,8,9.18,192.86,29/12/2025,13:40:37,Debit Card,183.68,0.16,29.39,7.0
INV-103472,C,Leeds,Member,Male,Household,17.88,1,0.89,18.77,11/09/2025,13:52:19,Debit Card,17.88,0.18,3.22,4.8
INV-103473,D,Bradford,Member,Male,Beverages,8.99,6,2.7,56.64,09/04/2025,09:42:39,Debit Card,53.94,0.12,6.47,7.9
INV-103474,C,Leeds,Normal,Female,Bakery,6.16,1,0.31,6.47,12/04/2025,13:25:20,Mobile Wallet,6.16,0.1,0.62,7.6
INV-103475,C,Leeds,Member,Male,Bakery,8.31,6,2.49,52.35,22/02/2025,16:00:45,Mobile Wallet,49.86,0.1,4.99,6.1
INV-103476,C,Leeds,Member,Female,Dairy & Eggs,2.89,3,0.43,9.1,16/04/2025,11:19:51,Mobile Wallet,8.67,0.08,0.69,6.9
INV-103477,D,Bradford,Member,Male,Frozen Foods,13.4,11,7.37,154.77,17/08/2025,12:27:12,Credit Card,147.4,0.11,16.21,6.3
INV-103478,D,Bradford,Normal,Male,Personal Care,2.27,4,0.45,9.53,13/06/2025,20:25:37,Mobile Wallet,9.08,0.2,1.82,8.2
INV-103479,A,Manchester,Normal,Male,Personal Care,17.54,1,0.88,18.42,08/08/2025,21:03:02,Debit Card,17.54,0.2,3.51,7.9
INV-103480,B,Salford,Member,Male,Baby Products,11.39,1,0.57,11.96,11/07/2025,14:51:24,Credit Card,11.39,0.16,1.82,10.0
INV-103481,A,Manchester,Normal,Male,Health & Wellness,11.98,7,4.19,88.05,27/03/2025,08:56:31,Credit Card,83.86,0.22,18.45,6.1
INV-103482,A,Manchester,Normal,Male,Beverages,10.48,10,5.24,110.04,28/10/2025,21:28:00,Debit Card,104.8,0.12,12.58,8.6
INV-103483,D,Bradford,Normal,Male,Dairy & Eggs,1.53,4,0.31,6.43,06/11/2025,12:13:54,Credit Card,6.12,0.08,0.49,5.0
INV-103484,C,Leeds,Normal,Male,Beverages,2.06,1,0.1,2.16,16/01/2025,12:32:47,Debit Card,2.06,0.12,0.25,6.2
INV-103485,A,Manchester,Normal,Female,Snacks,5.77,4,1.15,24.23,15/06/2025,10:05:48,Mobile Wallet,23.08,0.15,3.46,8.2
INV-103486,D,Bradford,Member,Female,Snacks,1.82,10,0.91,19.11,03/07/2025,19:26:59,Cash,18.2,0.15,2.73,5.6
INV-103487,B,Salford,Normal,Female,Frozen Foods,16.5,3,2.48,51.98,21/04/2025,11:22:07,Debit Card,49.5,0.11,5.45,6.3
INV-103488,C,Leeds,Member,Male,Beverages,7.47,10,3.74,78.44,16/03/2025,19:08:28,Debit Card,74.7,0.12,8.96,8.2
INV-103489,C,Leeds,Normal,Female,Baby Products,10.48,5,2.62,55.02,05/01/2025,16:41:46,Cash,52.4,0.16,8.38,7.0
INV-103490,C,Leeds,Member,Female,Health & Wellness,6.71,1,0.34,7.05,18/06/2025,15:35:01,Mobile Wallet,6.71,0.22,1.48,6.0
INV-103491,B,Salford,Member,Male,Frozen Foods,15.23,4,3.05,63.97,18/10/2025,13:43:51,Debit Card,60.92,0.11,6.7,6.4
INV-103492,C,Leeds,Normal,Female,Dairy & Eggs,4.68,6,1.4,29.48,15/10/2025,17:17:08,Debit Card,28.08,0.08,2.25,7.4
INV-103493,A,Manchester,Member,Male,Baby Products,32.7,1,1.64,34.34,26/05/2025,13:29:55,Mobile Wallet,32.7,0.16,5.23,7.5
INV-103494,B,Salford,Normal,Female,Personal Care,7.04,10,3.52,73.92,22/02/2025,08:37:07,Cash,70.4,0.2,14.08,8.2
INV-103495,C,Leeds,Normal,Female,Bakery,7.48,12,4.49,94.25,21/10/2025,10:20:22,Credit Card,89.76,0.1,8.98,7.4
INV-103496,D,Bradford,Member,Male,Baby Products,7.79,2,0.78,16.36,12/06/2025,19:15:04,Cash,15.58,0.16,2.49,5.2
INV-103497,C,Leeds,Member,Female,Health & Wellness,20.07,7,7.02,147.51,11/04/2025,14:40:12,Debit Card,140.49,0.22,30.91,7.0
INV-103498,A,Manchester,Normal,Male,Health & Wellness,17.53,9,7.89,165.66,13/09/2025,14:08:23,Debit Card,157.77,0.22,34.71,7.1
INV-103499,A,Manchester,Normal,Male,Personal Care,12.84,3,1.93,40.45,04/08/2025,12:02:18,Debit Card,38.52,0.2,7.7,6.2
INV-103500,A,Manchester,Member,Female,Baby Products,43.06,5,10.77,226.07,20/08/2025,20:28:29,Debit Card,215.3,0.16,34.45,4.0
INV-103501,B,Salford,Member,Male,Frozen Foods,6.78,5,1.7,35.6,30/10/2025,15:30:55,Cash,33.9,0.11,3.73,8.2
INV-103502,D,Bradford,Member,Female,Bakery,8.92,4,1.78,37.46,23/10/2025,21:14:27,Mobile Wallet,35.68,0.1,3.57,7.3
INV-103503,A,Manchester,Normal,Male,Snacks,0.71,1,0.04,0.75,10/01/2025,10:47:47,Credit Card,0.71,0.15,0.11,7.0
INV-103504,A,Manchester,Normal,Male,Snacks,5.53,12,3.32,69.68,26/05/2025,18:45:18,Mobile Wallet,66.36,0.15,9.95,7.9
INV-103505,B,Salford,Member,Male,Health & Wellness,10.29,7,3.6,75.63,19/01/2025,11:55:01,Mobile Wallet,72.03,0.22,15.85,8.1
INV-103506,A,Manchester,Normal,Male,Frozen Foods,7.6,2,0.76,15.96,27/11/2025,16:39:22,Credit Card,15.2,0.11,1.67,5.1
INV-103507,A,Manchester,Member,Female,Frozen Foods,5.34,1,0.27,5.61,29/08/2025,09:21:06,Cash,5.34,0.11,0.59,5.6
INV-103508,A,Manchester,Member,Male,Frozen Foods,6.45,5,1.61,33.86,04/06/2025,16:39:37,Mobile Wallet,32.25,0.11,3.55,7.0
INV-103509,C,Leeds,Member,Male,Household,9.26,13,6.02,126.4,27/06/2025,17:28:15,Credit Card,120.38,0.18,21.67,5.7
INV-103510,D,Bradford,Normal,Female,Beverages,5.37,7,1.88,39.47,12/10/2025,16:35:22,Debit Card,37.59,0.12,4.51,5.9
INV-103511,C,Leeds,Normal,Male,Health & Wellness,12.18,6,3.65,76.73,10/11/2025,18:35:44,Mobile Wallet,73.08,0.22,16.08,4.6
INV-103512,A,Manchester,Member,Male,Dairy & Eggs,1.15,9,0.52,10.87,02/06/2025,14:13:41,Credit Card,10.35,0.08,0.83,8.9
INV-103513,D,Bradford,Normal,Male,Fresh Produce,6.3,2,0.63,13.23,25/11/2025,17:53:03,Debit Card,12.6,0.09,1.13,6.5
INV-103514,A,Manchester,Member,Male,Baby Products,10.33,1,0.52,10.85,13/11/2025,20:57:19,Credit Card,10.33,0.16,1.65,5.6
INV-103515,A,Manchester,Normal,Female,Frozen Foods,9.51,10,4.75,99.85,25/04/2025,17:27:44,Credit Card,95.1,0.11,10.46,5.2
INV-103516,A,Manchester,Member,Female,Frozen Foods,5.52,6,1.66,34.78,13/03/2025,11:07:11,Cash,33.12,0.11,3.64,6.1
INV-103517,A,Manchester,Normal,Male,Frozen Foods,4.13,3,0.62,13.01,19/12/2025,10:45:06,Cash,12.39,0.11,1.36,7.0
INV-103518,D,Bradford,Member,Female,Baby Products,9.51,2,0.95,19.97,29/03/2025,15:40:46,Credit Card,19.02,0.16,3.04,9.2
INV-103519,A,Manchester,Normal,Female,Health & Wellness,36.56,8,14.62,307.1,08/07/2025,20:14:53,Mobile Wallet,292.48,0.22,64.35,7.0
INV-103520,A,Manchester,Member,Female,Beverages,5.7,8,2.28,47.88,13/05/2025,21:56:35,Credit Card,45.6,0.12,5.47,7.0
INV-103521,A,Manchester,Member,Female,Bakery,1.95,1,0.1,2.05,25/01/2025,15:31:06,Credit Card,1.95,0.1,0.2,6.2
INV-103522,C,Leeds,Normal,Female,Dairy & Eggs,1.61,6,0.48,10.14,16/05/2025,10:36:45,Credit Card,9.66,0.08,0.77,5.7
INV-103523,C,Leeds,Normal,Male,Bakery,2.29,4,0.46,9.62,19/05/2025,16:35:52,Credit Card,9.16,0.1,0.92,9.5
INV-103524,B,Salford,Normal,Female,Frozen Foods,7.63,10,3.81,80.11,26/10/2025,20:29:35,Debit Card,76.3,0.11,8.39,6.4
INV-103525,D,Bradford,Normal,Female,Baby Products,14.47,3,2.17,45.58,06/03/2025,15:34:27,Credit Card,43.41,0.16,6.95,4.9
INV-103526,C,Leeds,Member,Female,Household,9.57,1,0.48,10.05,27/10/2025,19:40:24,Credit Card,9.57,0.18,1.72,5.5
INV-103527,D,Bradford,Normal,Male,Snacks,3.11,9,1.4,29.39,09/12/2025,16:47:55,Mobile Wallet,27.99,0.15,4.2,9.4
INV-103528,A,Manchester,Normal,Female,Beverages,10.53,2,1.05,22.11,23/10/2025,18:03:34,Mobile Wallet,21.06,0.12,2.53,8.0
INV-103529,D,Bradford,Member,Male,Baby Products,33.04,11,18.17,381.61,24/05/2025,18:30:12,Credit Card,363.44,0.16,58.15,7.5
INV-103530,C,Leeds,Member,Male,Personal Care,2.57,1,0.13,2.7,26/04/2025,14:11:06,Debit Card,2.57,0.2,0.51,6.9
INV-103531,A,Manchester,Normal,Male,Snacks,3.42,8,1.37,28.73,01/06/2025,17:12:53,Cash,27.36,0.15,4.1,7.5
INV-103532,A,Manchester,Normal,Male,Personal Care,14.76,5,3.69,77.49,13/10/2025,20:52:54,Mobile Wallet,73.8,0.2,14.76,5.4
INV-103533,B,Salford,Normal,Female,Personal Care,23.76,6,7.13,149.69,22/12/2025,12:23:15,Credit Card,142.56,0.2,28.51,7.2
INV-103534,A,Manchester,Normal,Female,Dairy & Eggs,5.74,1,0.29,6.03,11/09/2025,13:11:20,Credit Card,5.74,0.08,0.46,6.4
INV-103535,A,Manchester,Member,Female,Household,18.32,2,1.83,38.47,07/01/2025,11:09:59,Mobile Wallet,36.64,0.18,6.6,7.0
INV-103536,B,Salford,Normal,Male,Household,20.42,7,7.15,150.09,17/07/2025,13:48:03,Debit Card,142.94,0.18,25.73,5.5
INV-103537,B,Salford,Member,Male,Dairy & Eggs,4.41,5,1.1,23.15,23/02/2025,20:13:27,Cash,22.05,0.08,1.76,7.1
INV-103538,C,Leeds,Member,Female,Dairy & Eggs,3.83,6,1.15,24.13,30/10/2025,11:39:19,Debit Card,22.98,0.08,1.84,6.6
INV-103539,C,Leeds,Member,Male,Beverages,8.33,6,2.5,52.48,29/12/2025,10:21:23,Debit Card,49.98,0.12,6.0,8.5
INV-103540,D,Bradford,Member,Female,Bakery,2.73,9,1.23,25.8,16/09/2025,09:57:43,Mobile Wallet,24.57,0.1,2.46,7.9
INV-103541,A,Manchester,Normal,Female,Personal Care,6.47,8,2.59,54.35,23/04/2025,18:19:24,Debit Card,51.76,0.2,10.35,6.5
INV-103542,C,Leeds,Member,Male,Health & Wellness,25.83,1,1.29,27.12,20/08/2025,12:08:18,Debit Card,25.83,0.22,5.68,7.1
INV-103543,B,Salford,Normal,Male,Baby Products,19.7,2,1.97,41.37,07/04/2025,15:48:14,Debit Card,39.4,0.16,6.3,6.7
INV-103544,A,Manchester,Normal,Male,Dairy & Eggs,3.18,1,0.16,3.34,05/08/2025,16:35:58,Mobile Wallet,3.18,0.08,0.25,6.3
INV-103545,B,Salford,Normal,Male,Dairy & Eggs,6.86,2,0.69,14.41,23/10/2025,14:20:35,Debit Card,13.72,0.08,1.1,6.8
INV-103546,A,Manchester,Normal,Female,Baby Products,44.41,3,6.66,139.89,25/08/2025,10:06:39,Debit Card,133.23,0.16,21.32,4.6
INV-103547,A,Manchester,Normal,Female,Fresh Produce,9.92,3,1.49,31.25,04/05/2025,14:15:29,Cash,29.76,0.09,2.68,7.2
INV-103548,A,Manchester,Member,Male,Health & Wellness,10.53,9,4.74,99.51,06/04/2025,13:14:38,Debit Card,94.77,0.22,20.85,5.7
INV-103549,C,Leeds,Member,Female,Fresh Produce,3.74,12,2.24,47.12,01/09/2025,15:59:48,Cash,44.88,0.09,4.04,5.6
INV-103550,D,Bradford,Normal,Male,Fresh Produce,7.31,2,0.73,15.35,16/05/2025,18:10:20,Mobile Wallet,14.62,0.09,1.32,6.9
INV-103551,A,Manchester,Member,Female,Household,16.66,3,2.5,52.48,01/07/2025,17:51:55,Credit Card,49.98,0.18,9.0,7.9
INV-103552,D,Bradford,Normal,Female,Fresh Produce,8.16,6,2.45,51.41,19/03/2025,17:23:11,Debit Card,48.96,0.09,4.41,7.1
INV-103553,D,Bradford,Member,Male,Snacks,1.39,3,0.21,4.38,18/09/2025,12:16:01,Debit Card,4.17,0.15,0.63,5.0
INV-103554,C,Leeds,Member,Female,Household,22.23,6,6.67,140.05,14/08/2025,09:12:58,Cash,133.38,0.18,24.01,6.7
INV-103555,C,Leeds,Member,Male,Snacks,2.28,4,0.46,9.58,20/02/2025,20:20:11,Credit Card,9.12,0.15,1.37,7.8
INV-103556,A,Manchester,Member,Male,Beverages,11.66,3,1.75,36.73,05/08/2025,11:28:31,Cash,34.98,0.12,4.2,7.3
INV-103557,B,Salford,Normal,Male,Personal Care,22.23,8,8.89,186.73,07/04/2025,14:05:47,Debit Card,177.84,0.2,35.57,5.0
INV-103558,D,Bradford,Normal,Female,Baby Products,15.06,5,3.77,79.07,01/11/2025,19:47:31,Credit Card,75.3,0.16,12.05,7.3
INV-103559,C,Leeds,Member,Male,Frozen Foods,2.75,11,1.51,31.76,23/09/2025,16:00:31,Debit Card,30.25,0.11,3.33,6.9
INV-103560,D,Bradford,Normal,Female,Baby Products,38.47,2,3.85,80.79,15/12/2025,17:40:29,Cash,76.94,0.16,12.31,6.3
INV-103561,A,Manchester,Member,Female,Personal Care,15.01,7,5.25,110.32,26/02/2025,20:05:01,Credit Card,105.07,0.2,21.01,6.2
INV-103562,B,Salford,Normal,Female,Household,10.76,6,3.23,67.79,28/01/2025,15:57:30,Credit Card,64.56,0.18,11.62,5.9
INV-103563,A,Manchester,Normal,Male,Beverages,8.68,5,2.17,45.57,03/05/2025,19:52:22,Debit Card,43.4,0.12,5.21,7.0
INV-103564,A,Manchester,Normal,Female,Household,8.33,9,3.75,78.72,22/05/2025,15:58:58,Credit Card,74.97,0.18,13.49,7.2
INV-103565,B,Salford,Member,Male,Household,15.28,6,4.58,96.26,20/07/2025,18:33:59,Mobile Wallet,91.68,0.18,16.5,4.8
INV-103566,D,Bradford,Normal,Female,Health & Wellness,29.23,5,7.31,153.46,23/04/2025,12:46:42,Cash,146.15,0.22,32.15,6.6
INV-103567,C,Leeds,Normal,Male,Household,11.25,1,0.56,11.81,16/04/2025,19:09:15,Mobile Wallet,11.25,0.18,2.02,7.0
INV-103568,B,Salford,Member,Female,Dairy & Eggs,5.67,4,1.13,23.81,27/06/2025,16:27:08,Debit Card,22.68,0.08,1.81,5.0
INV-103569,C,Leeds,Member,Male,Dairy & Eggs,3.7,7,1.29,27.19,02/01/2025,19:14:17,Credit Card,25.9,0.08,2.07,8.7
INV-103570,A,Manchester,Normal,Female,Fresh Produce,2.59,1,0.13,2.72,15/09/2025,11:37:24,Mobile Wallet,2.59,0.09,0.23,5.3
INV-103571,D,Bradford,Member,Male,Household,12.62,5,3.16,66.26,19/12/2025,13:46:40,Debit Card,63.1,0.18,11.36,8.1
INV-103572,B,Salford,Normal,Female,Fresh Produce,8.9,2,0.89,18.69,11/06/2025,17:55:04,Credit Card,17.8,0.09,1.6,7.8
INV-103573,A,Manchester,Member,Female,Fresh Produce,1.14,1,0.06,1.2,06/04/2025,17:29:14,Debit Card,1.14,0.09,0.1,6.1
INV-103574,C,Leeds,Member,Male,Snacks,6.25,3,0.94,19.69,14/03/2025,11:52:29,Mobile Wallet,18.75,0.15,2.81,8.3
INV-103575,A,Manchester,Member,Male,Snacks,1.03,2,0.1,2.16,08/08/2025,11:04:24,Mobile Wallet,2.06,0.15,0.31,7.6
INV-103576,C,Leeds,Member,Female,Frozen Foods,1.6,8,0.64,13.44,01/04/2025,21:08:54,Debit Card,12.8,0.11,1.41,7.5
INV-103577,C,Leeds,Member,Female,Snacks,4.06,1,0.2,4.26,29/03/2025,14:53:56,Mobile Wallet,4.06,0.15,0.61,7.2
INV-103578,A,Manchester,Member,Male,Personal Care,4.35,3,0.65,13.7,31/08/2025,16:35:16,Credit Card,13.05,0.2,2.61,9.3
INV-103579,A,Manchester,Member,Male,Bakery,6.41,5,1.6,33.65,07/05/2025,18:30:23,Mobile Wallet,32.05,0.1,3.21,6.8
INV-103580,D,Bradford,Normal,Female,Fresh Produce,6.7,5,1.68,35.18,24/01/2025,11:12:03,Credit Card,33.5,0.09,3.01,5.4
INV-103581,A,Manchester,Normal,Male,Snacks,2.29,9,1.03,21.64,27/04/2025,14:27:24,Debit Card,20.61,0.15,3.09,5.7
INV-103582,B,Salford,Normal,Female,Personal Care,14.16,8,5.66,118.94,18/02/2025,15:16:27,Credit Card,113.28,0.2,22.66,6.3
INV-103583,A,Manchester,Member,Male,Health & Wellness,26.88,3,4.03,84.67,21/06/2025,11:01:59,Mobile Wallet,80.64,0.22,17.74,8.3
INV-103584,D,Bradford,Member,Male,Frozen Foods,11.9,1,0.6,12.5,29/06/2025,13:52:49,Cash,11.9,0.11,1.31,7.0
INV-103585,C,Leeds,Member,Male,Bakery,1.24,3,0.19,3.91,10/05/2025,15:59:27,Debit Card,3.72,0.1,0.37,7.3
INV-103586,C,Leeds,Member,Male,Frozen Foods,6.52,2,0.65,13.69,07/01/2025,17:12:22,Credit Card,13.04,0.11,1.43,9.1
INV-103587,C,Leeds,Member,Male,Baby Products,24.02,1,1.2,25.22,30/12/2025,14:10:01,Debit Card,24.02,0.16,3.84,6.4
INV-103588,C,Leeds,Member,Male,Dairy & Eggs,7.35,4,1.47,30.87,27/02/2025,19:51:08,Debit Card,29.4,0.08,2.35,6.3
INV-103589,C,Leeds,Normal,Female,Household,8.74,4,1.75,36.71,17/03/2025,20:25:40,Mobile Wallet,34.96,0.18,6.29,6.0
INV-103590,D,Bradford,Normal,Female,Fresh Produce,11.3,2,1.13,23.73,04/12/2025,16:42:02,Credit Card,22.6,0.09,2.03,7.1
INV-103591,B,Salford,Normal,Male,Health & Wellness,14.25,8,5.7,119.7,12/09/2025,09:09:10,Mobile Wallet,114.0,0.22,25.08,7.2
INV-103592,A,Manchester,Member,Female,Bakery,7.01,2,0.7,14.72,23/10/2025,13:36:59,Cash,14.02,0.1,1.4,5.8
INV-103593,D,Bradford,Member,Male,Health & Wellness,26.82,6,8.05,168.97,16/04/2025,15:23:01,Credit Card,160.92,0.22,35.4,7.9
INV-103594,A,Manchester,Normal,Female,Frozen Foods,12.75,6,3.83,80.33,13/07/2025,10:40:34,Cash,76.5,0.11,8.42,5.5
INV-103595,A,Manchester,Normal,Male,Fresh Produce,11.94,2,1.19,25.07,17/11/2025,17:23:18,Credit Card,23.88,0.09,2.15,6.3
INV-103596,D,Bradford,Normal,Female,Beverages,14.11,3,2.12,44.45,16/05/2025,13:40:53,Mobile Wallet,42.33,0.12,5.08,5.1
INV-103597,C,Leeds,Normal,Male,Beverages,6.81,5,1.7,35.75,20/07/2025,08:19:16,Debit Card,34.05,0.12,4.09,5.7
INV-103598,D,Bradford,Member,Male,Health & Wellness,5.85,3,0.88,18.43,08/06/2025,20:11:19,Mobile Wallet,17.55,0.22,3.86,5.3
INV-103599,B,Salford,Member,Female,Baby Products,31.71,5,7.93,166.48,24/10/2025,13:06:29,Credit Card,158.55,0.16,25.37,7.5
INV-103600,C,Leeds,Normal,Female,Health & Wellness,10.14,3,1.52,31.94,10/08/2025,10:14:35,Cash,30.42,0.22,6.69,6.7
INV-103601,D,Bradford,Member,Male,Personal Care,11.55,1,0.58,12.13,28/05/2025,18:38:12,Debit Card,11.55,0.2,2.31,7.8
INV-103602,A,Manchester,Member,Female,Health & Wellness,16.91,3,2.54,53.27,13/09/2025,13:18:48,Debit Card,50.73,0.22,11.16,6.1
INV-103603,B,Salford,Member,Male,Personal Care,7.05,3,1.06,22.21,15/12/2025,16:09:02,Cash,21.15,0.2,4.23,5.8
INV-103604,B,Salford,Normal,Male,Fresh Produce,4.56,4,0.91,19.15,16/11/2025,14:25:57,Debit Card,18.24,0.09,1.64,8.0
INV-103605,B,Salford,Member,Male,Baby Products,28.61,1,1.43,30.04,07/09/2025,10:23:09,Credit Card,28.61,0.16,4.58,6.1
INV-103606,C,Leeds,Member,Female,Health & Wellness,29.75,5,7.44,156.19,31/05/2025,14:08:16,Debit Card,148.75,0.22,32.73,8.5
INV-103607,A,Manchester,Member,Male,Baby Products,25.36,1,1.27,26.63,21/01/2025,14:54:12,Debit Card,25.36,0.16,4.06,5.3
INV-103608,B,Salford,Member,Male,Health & Wellness,26.95,2,2.7,56.6,31/10/2025,19:49:04,Mobile Wallet,53.9,0.22,11.86,6.1
INV-103609,A,Manchester,Normal,Female,Fresh Produce,9.01,4,1.8,37.84,08/09/2025,15:50:40,Mobile Wallet,36.04,0.09,3.24,7.1
INV-103610,C,Leeds,Member,Female,Health & Wellness,24.63,11,13.55,284.48,09/08/2025,16:40:24,Mobile Wallet,270.93,0.22,59.6,7.0
INV-103611,C,Leeds,Normal,Female,Health & Wellness,11.93,4,2.39,50.11,26/01/2025,15:10:51,Debit Card,47.72,0.22,10.5,6.8
INV-103612,C,Leeds,Member,Female,Beverages,9.61,8,3.84,80.72,29/06/2025,17:08:32,Debit Card,76.88,0.12,9.23,5.8
INV-103613,C,Leeds,Member,Female,Snacks,5.14,4,1.03,21.59,14/02/2025,16:22:20,Debit Card,20.56,0.15,3.08,7.1
INV-103614,C,Leeds,Normal,Female,Beverages,12.73,8,5.09,106.93,11/04/2025,13:15:26,Credit Card,101.84,0.12,12.22,6.5
INV-103615,D,Bradford,Member,Female,Dairy & Eggs,4.57,3,0.69,14.4,29/05/2025,12:30:20,Mobile Wallet,13.71,0.08,1.1,8.2
INV-103616,B,Salford,Member,Female,Snacks,0.63,1,0.03,0.66,31/08/2025,20:29:39,Debit Card,0.63,0.15,0.09,6.6
INV-103617,C,Leeds,Member,Female,Household,13.61,6,4.08,85.74,14/12/2025,11:23:56,Debit Card,81.66,0.18,14.7,7.0
INV-103618,D,Bradford,Normal,Male,Baby Products,28.25,12,16.95,355.95,24/07/2025,09:20:31,Cash,339.0,0.16,54.24,4.4
INV-103619,A,Manchester,Member,Male,Snacks,5.32,4,1.06,22.34,04/06/2025,14:52:35,Credit Card,21.28,0.15,3.19,5.1
INV-103620,C,Leeds,Normal,Female,Beverages,13.39,2,1.34,28.12,16/10/2025,11:07:04,Cash,26.78,0.12,3.21,6.9
INV-103621,D,Bradford,Normal,Male,Baby Products,13.05,7,4.57,95.92,24/10/2025,15:57:40,Debit Card,91.35,0.16,14.62,5.9
INV-103622,B,Salford,Member,Female,Frozen Foods,5.39,1,0.27,5.66,09/05/2025,18:11:58,Debit Card,5.39,0.11,0.59,5.0
INV-103623,B,Salford,Member,Male,Frozen Foods,8.64,2,0.86,18.14,11/10/2025,20:52:47,Debit Card,17.28,0.11,1.9,4.6
INV-103624,B,Salford,Normal,Male,Dairy & Eggs,1.94,9,0.87,18.33,06/06/2025,21:08:13,Debit Card,17.46,0.08,1.4,7.0
INV-103625,A,Manchester,Member,Male,Health & Wellness,27.45,4,5.49,115.29,18/10/2025,12:25:54,Mobile Wallet,109.8,0.22,24.16,8.7
INV-103626,D,Bradford,Member,Female,Bakery,5.14,3,0.77,16.19,12/07/2025,14:21:41,Cash,15.42,0.1,1.54,7.0
INV-103627,D,Bradford,Normal,Female,Beverages,7.89,6,2.37,49.71,12/03/2025,21:24:37,Credit Card,47.34,0.12,5.68,5.8
INV-103628,D,Bradford,Member,Male,Bakery,3.94,1,0.2,4.14,15/09/2025,16:52:22,Debit Card,3.94,0.1,0.39,7.9
INV-103629,C,Leeds,Member,Male,Bakery,4.08,7,1.43,29.99,01/07/2025,17:36:16,Cash,28.56,0.1,2.86,6.1
INV-103630,D,Bradford,Member,Male,Beverages,1.43,5,0.36,7.51,04/08/2025,09:19:48,Credit Card,7.15,0.12,0.86,7.2
INV-103631,D,Bradford,Member,Male,Dairy & Eggs,3.85,1,0.19,4.04,15/01/2025,12:07:15,Mobile Wallet,3.85,0.08,0.31,7.5
INV-103632,A,Manchester,Member,Male,Personal Care,20.56,4,4.11,86.35,15/02/2025,18:38:43,Cash,82.24,0.2,16.45,8.0
INV-103633,B,Salford,Member,Male,Frozen Foods,1.75,9,0.79,16.54,05/05/2025,12:38:08,Debit Card,15.75,0.11,1.73,7.3
INV-103634,C,Leeds,Normal,Female,Baby Products,10.81,4,2.16,45.4,14/11/2025,13:27:03,Debit Card,43.24,0.16,6.92,5.4
INV-103635,C,Leeds,Member,Female,Beverages,5.44,7,1.9,39.98,21/07/2025,16:10:52,Credit Card,38.08,0.12,4.57,7.4
INV-103636,B,Salford,Normal,Male,Snacks,2.24,7,0.78,16.46,10/12/2025,12:22:14,Credit Card,15.68,0.15,2.35,6.0
INV-103637,A,Manchester,Member,Male,Fresh Produce,3.78,4,0.76,15.88,23/09/2025,13:36:03,Cash,15.12,0.09,1.36,6.9
INV-103638,D,Bradford,Member,Female,Household,8.25,1,0.41,8.66,13/02/2025,19:38:09,Debit Card,8.25,0.18,1.48,5.8
INV-103639,A,Manchester,Normal,Male,Personal Care,6.48,4,1.3,27.22,29/11/2025,11:39:24,Cash,25.92,0.2,5.18,8.1
INV-103640,A,Manchester,Member,Male,Household,19.16,4,3.83,80.47,01/11/2025,12:29:34,Mobile Wallet,76.64,0.18,13.8,6.8
INV-103641,A,Manchester,Normal,Male,Bakery,5.55,1,0.28,5.83,17/10/2025,10:48:36,Mobile Wallet,5.55,0.1,0.56,7.5
INV-103642,D,Bradford,Normal,Male,Health & Wellness,19.12,10,9.56,200.76,01/02/2025,17:54:23,Debit Card,191.2,0.22,42.06,7.5
INV-103643,A,Manchester,Member,Female,Health & Wellness,15.42,6,4.63,97.15,26/12/2025,13:45:46,Debit Card,92.52,0.22,20.35,5.2
INV-103644,B,Salford,Normal,Female,Frozen Foods,15.06,5,3.77,79.07,15/10/2025,19:46:34,Mobile Wallet,75.3,0.11,8.28,8.2
INV-103645,D,Bradford,Member,Female,Dairy & Eggs,1.78,11,0.98,20.56,25/04/2025,19:20:33,Credit Card,19.58,0.08,1.57,6.8
INV-103646,B,Salford,Normal,Male,Beverages,2.42,7,0.85,17.79,18/11/2025,18:09:10,Credit Card,16.94,0.12,2.03,4.8
INV-103647,C,Leeds,Member,Female,Household,9.81,13,6.38,133.91,06/09/2025,16:36:51,Debit Card,127.53,0.18,22.96,5.4
INV-103648,B,Salford,Normal,Female,Fresh Produce,7.24,1,0.36,7.6,04/02/2025,21:18:37,Debit Card,7.24,0.09,0.65,5.6
INV-103649,A,Manchester,Member,Female,Beverages,5.93,4,1.19,24.91,06/11/2025,21:14:17,Credit Card,23.72,0.12,2.85,7.2
INV-103650,A,Manchester,Normal,Female,Health & Wellness,8.6,3,1.29,27.09,07/05/2025,17:46:32,Cash,25.8,0.22,5.68,6.7
INV-103651,B,Salford,Member,Female,Baby Products,15.59,6,4.68,98.22,31/08/2025,15:57:59,Debit Card,93.54,0.16,14.97,4.8
INV-103652,A,Manchester,Member,Male,Snacks,4.89,7,1.71,35.94,20/07/2025,15:21:56,Debit Card,34.23,0.15,5.13,5.9
INV-103653,A,Manchester,Member,Female,Beverages,7.17,7,2.51,52.7,03/06/2025,12:12:06,Credit Card,50.19,0.12,6.02,8.2
INV-103654,D,Bradford,Normal,Male,Frozen Foods,10.39,6,3.12,65.46,05/04/2025,14:50:03,Credit Card,62.34,0.11,6.86,7.3
INV-103655,B,Salford,Normal,Male,Health & Wellness,31.37,5,7.84,164.69,10/11/2025,21:58:46,Debit Card,156.85,0.22,34.51,6.2
INV-103656,D,Bradford,Normal,Female,Beverages,11.18,4,2.24,46.96,10/08/2025,12:52:28,Cash,44.72,0.12,5.37,5.9
INV-103657,B,Salford,Normal,Female,Fresh Produce,9.72,4,1.94,40.82,05/04/2025,08:59:45,Debit Card,38.88,0.09,3.5,6.9
INV-103658,B,Salford,Normal,Female,Fresh Produce,11.04,1,0.55,11.59,29/03/2025,12:28:05,Cash,11.04,0.09,0.99,5.1
INV-103659,B,Salford,Normal,Male,Baby Products,14.38,2,1.44,30.2,03/09/2025,21:31:39,Debit Card,28.76,0.16,4.6,6.5
INV-103660,C,Leeds,Member,Male,Personal Care,16.01,1,0.8,16.81,08/12/2025,17:42:04,Credit Card,16.01,0.2,3.2,5.1
INV-103661,A,Manchester,Member,Male,Personal Care,8.75,5,2.19,45.94,08/07/2025,16:53:29,Debit Card,43.75,0.2,8.75,7.2
INV-103662,C,Leeds,Member,Male,Health & Wellness,27.01,9,12.15,255.24,17/07/2025,17:48:42,Debit Card,243.09,0.22,53.48,8.0
INV-103663,A,Manchester,Member,Male,Fresh Produce,1.96,7,0.69,14.41,02/08/2025,12:53:08,Cash,13.72,0.09,1.23,7.1
INV-103664,D,Bradford,Member,Female,Personal Care,20.94,4,4.19,87.95,15/01/2025,21:45:36,Debit Card,83.76,0.2,16.75,6.2
INV-103665,C,Leeds,Normal,Male,Personal Care,17.23,7,6.03,126.64,03/03/2025,18:27:13,Debit Card,120.61,0.2,24.12,6.9
INV-103666,D,Bradford,Member,Female,Health & Wellness,7.97,1,0.4,8.37,25/10/2025,09:45:00,Debit Card,7.97,0.22,1.75,7.6
INV-103667,C,Leeds,Member,Female,Household,6.7,5,1.68,35.18,27/11/2025,18:40:57,Debit Card,33.5,0.18,6.03,7.4
INV-103668,D,Bradford,Normal,Female,Baby Products,38.37,4,7.67,161.15,01/07/2025,17:31:32,Credit Card,153.48,0.16,24.56,5.8
INV-103669,B,Salford,Member,Male,Dairy & Eggs,7.47,9,3.36,70.59,23/08/2025,11:49:43,Credit Card,67.23,0.08,5.38,7.5
INV-103670,C,Leeds,Member,Female,Frozen Foods,1.84,11,1.01,21.25,23/03/2025,18:43:46,Debit Card,20.24,0.11,2.23,6.7
INV-103671,C,Leeds,Normal,Female,Snacks,4.1,11,2.26,47.36,28/06/2025,12:29:03,Credit Card,45.1,0.15,6.76,7.2
INV-103672,D,Bradford,Member,Female,Beverages,2.15,2,0.21,4.51,31/03/2025,15:05:03,Credit Card,4.3,0.12,0.52,6.8
INV-103673,B,Salford,Normal,Male,Personal Care,18.92,7,6.62,139.06,02/12/2025,15:17:04,Credit Card,132.44,0.2,26.49,6.9
INV-103674,C,Leeds,Member,Male,Snacks,2.71,1,0.14,2.85,13/03/2025,11:19:12,Credit Card,2.71,0.15,0.41,5.2
INV-103675,C,Leeds,Normal,Male,Bakery,8.49,9,3.82,80.23,21/07/2025,17:24:19,Credit Card,76.41,0.1,7.64,7.0
INV-103676,A,Manchester,Normal,Male,Household,10.97,4,2.19,46.07,12/07/2025,20:34:48,Mobile Wallet,43.88,0.18,7.9,7.1
INV-103677,D,Bradford,Member,Female,Bakery,4.49,2,0.45,9.43,22/10/2025,18:42:54,Mobile Wallet,8.98,0.1,0.9,7.5
INV-103678,C,Leeds,Normal,Female,Fresh Produce,5.58,3,0.84,17.58,24/12/2025,19:17:07,Credit Card,16.74,0.09,1.51,5.4
INV-103679,C,Leeds,Member,Male,Beverages,4.58,8,1.83,38.47,27/10/2025,13:37:08,Credit Card,36.64,0.12,4.4,5.9
INV-103680,D,Bradford,Member,Female,Personal Care,21.51,1,1.08,22.59,24/01/2025,20:52:40,Mobile Wallet,21.51,0.2,4.3,6.5
INV-103681,A,Manchester,Member,Female,Beverages,4.79,2,0.48,10.06,29/04/2025,15:16:38,Credit Card,9.58,0.12,1.15,5.9
INV-103682,A,Manchester,Member,Female,Beverages,3.23,8,1.29,27.13,13/09/2025,21:17:50,Debit Card,25.84,0.12,3.1,6.2
INV-103683,D,Bradford,Normal,Male,Health & Wellness,24.24,3,3.64,76.36,29/04/2025,11:21:45,Credit Card,72.72,0.22,16.0,8.4
INV-103684,B,Salford,Member,Female,Snacks,2.54,8,1.02,21.34,31/03/2025,18:21:16,Cash,20.32,0.15,3.05,6.0
INV-103685,D,Bradford,Member,Male,Frozen Foods,6.84,4,1.37,28.73,02/02/2025,21:39:51,Credit Card,27.36,0.11,3.01,7.4
INV-103686,A,Manchester,Normal,Male,Household,22.62,3,3.39,71.25,28/02/2025,11:13:25,Mobile Wallet,67.86,0.18,12.21,6.6
INV-103687,A,Manchester,Normal,Female,Household,22.66,4,4.53,95.17,15/08/2025,18:33:48,Debit Card,90.64,0.18,16.32,5.0
INV-103688,C,Leeds,Normal,Female,Bakery,5.18,1,0.26,5.44,31/03/2025,13:51:41,Debit Card,5.18,0.1,0.52,6.0
INV-103689,C,Leeds,Normal,Female,Household,6.1,5,1.53,32.03,24/12/2025,16:53:03,Credit Card,30.5,0.18,5.49,5.3
INV-103690,D,Bradford,Normal,Male,Health & Wellness,22.56,3,3.38,71.06,10/03/2025,11:32:15,Debit Card,67.68,0.22,14.89,6.0
INV-103691,B,Salford,Member,Female,Frozen Foods,4.44,3,0.67,13.99,10/05/2025,15:23:49,Mobile Wallet,13.32,0.11,1.47,6.9
INV-103692,D,Bradford,Member,Male,Frozen Foods,17.85,7,6.25,131.2,14/12/2025,14:12:27,Cash,124.95,0.11,13.74,5.7
INV-103693,C,Leeds,Member,Female,Personal Care,20.59,9,9.27,194.58,14/04/2025,11:41:04,Cash,185.31,0.2,37.06,7.8
INV-103694,B,Salford,Normal,Male,Personal Care,3.51,3,0.53,11.06,28/09/2025,18:37:05,Credit Card,10.53,0.2,2.11,6.4
INV-103695,B,Salford,Normal,Female,Household,12.38,8,4.95,103.99,26/10/2025,17:32:41,Mobile Wallet,99.04,0.18,17.83,6.6
INV-103696,A,Manchester,Normal,Female,Frozen Foods,16.48,2,1.65,34.61,15/04/2025,14:21:29,Credit Card,32.96,0.11,3.63,5.2
INV-103697,A,Manchester,Member,Female,Health & Wellness,30.83,6,9.25,194.23,03/01/2025,13:48:42,Mobile Wallet,184.98,0.22,40.7,5.2
INV-103698,C,Leeds,Normal,Male,Frozen Foods,9.75,13,6.34,133.09,18/10/2025,16:30:00,Debit Card,126.75,0.11,13.94,7.3
INV-103699,A,Manchester,Member,Male,Fresh Produce,4.05,10,2.02,42.52,05/04/2025,08:12:11,Debit Card,40.5,0.09,3.65,6.9
INV-103700,D,Bradford,Member,Female,Snacks,3.9,6,1.17,24.57,17/04/2025,16:44:08,Cash,23.4,0.15,3.51,7.6
INV-103701,D,Bradford,Normal,Male,Fresh Produce,11.52,7,4.03,84.67,02/07/2025,19:30:37,Credit Card,80.64,0.09,7.26,7.9
INV-103702,B,Salford,Member,Female,Personal Care,8.42,1,0.42,8.84,13/08/2025,17:16:34,Debit Card,8.42,0.2,1.68,6.9
INV-103703,D,Bradford,Member,Male,Fresh Produce,1.45,3,0.22,4.57,06/02/2025,12:06:53,Debit Card,4.35,0.09,0.39,4.9
INV-103704,A,Manchester,Member,Female,Dairy & Eggs,3.57,11,1.96,41.23,22/09/2025,09:57:09,Cash,39.27,0.08,3.14,6.0
INV-103705,C,Leeds,Member,Female,Baby Products,15.76,5,3.94,82.74,02/03/2025,18:36:31,Cash,78.8,0.16,12.61,6.7
INV-103706,D,Bradford,Normal,Female,Personal Care,15.21,4,3.04,63.88,27/01/2025,21:12:31,Debit Card,60.84,0.2,12.17,6.7
INV-103707,C,Leeds,Normal,Female,Bakery,8.05,4,1.61,33.81,25/04/2025,17:31:05,Cash,32.2,0.1,3.22,6.0
INV-103708,C,Leeds,Normal,Male,Beverages,2.77,4,0.55,11.63,19/07/2025,21:50:14,Debit Card,11.08,0.12,1.33,6.2
INV-103709,C,Leeds,Normal,Female,Baby Products,15.27,4,3.05,64.13,22/03/2025,14:37:24,Credit Card,61.08,0.16,9.77,5.5
INV-103710,C,Leeds,Normal,Female,Dairy & Eggs,7.04,11,3.87,81.31,01/10/2025,09:00:07,Mobile Wallet,77.44,0.08,6.2,7.6
INV-103711,B,Salford,Normal,Male,Baby Products,37.5,4,7.5,157.5,24/07/2025,21:33:20,Debit Card,150.0,0.16,24.0,6.6
INV-103712,A,Manchester,Member,Female,Personal Care,16.03,2,1.6,33.66,26/10/2025,11:34:04,Cash,32.06,0.2,6.41,9.5
INV-103713,D,Bradford,Member,Male,Snacks,3.07,5,0.77,16.12,01/12/2025,09:12:36,Cash,15.35,0.15,2.3,6.5
INV-103714,A,Manchester,Normal,Female,Fresh Produce,7.23,2,0.72,15.18,23/06/2025,13:07:43,Credit Card,14.46,0.09,1.3,8.9
INV-103715,D,Bradford,Normal,Male,Beverages,6.95,2,0.7,14.6,13/04/2025,15:34:43,Debit Card,13.9,0.12,1.67,7.2
INV-103716,C,Leeds,Normal,Female,Fresh Produce,2.79,2,0.28,5.86,13/03/2025,20:24:09,Cash,5.58,0.09,0.5,6.4
INV-103717,B,Salford,Normal,Male,Personal Care,6.67,3,1.0,21.01,06/12/2025,15:04:57,Credit Card,20.01,0.2,4.0,7.0
INV-103718,A,Manchester,Member,Female,Dairy & Eggs,3.29,7,1.15,24.18,10/09/2025,16:11:05,Cash,23.03,0.08,1.84,8.9
INV-103719,A,Manchester,Normal,Female,Frozen Foods,16.67,8,6.67,140.03,27/06/2025,12:48:17,Debit Card,133.36,0.11,14.67,8.2
INV-103720,A,Manchester,Member,Male,Baby Products,45.71,1,2.29,48.0,03/11/2025,12:46:05,Credit Card,45.71,0.16,7.31,5.2
INV-103721,A,Manchester,Member,Male,Dairy & Eggs,7.67,10,3.84,80.54,08/03/2025,14:35:35,Debit Card,76.7,0.08,6.14,4.4
INV-103722,C,Leeds,Member,Female,Bakery,6.72,4,1.34,28.22,23/02/2025,12:02:36,Mobile Wallet,26.88,0.1,2.69,6.3
INV-103723,A,Manchester,Member,Male,Household,10.89,1,0.54,11.43,17/09/2025,18:03:33,Credit Card,10.89,0.18,1.96,5.6
INV-103724,B,Salford,Member,Male,Baby Products,28.63,8,11.45,240.49,09/08/2025,18:59:57,Debit Card,229.04,0.16,36.65,7.4
INV-103725,D,Bradford,Normal,Male,Baby Products,12.51,1,0.63,13.14,27/04/2025,15:29:24,Debit Card,12.51,0.16,2.0,6.9
INV-103726,A,Manchester,Member,Female,Household,15.2,4,3.04,63.84,14/01/2025,14:55:00,Cash,60.8,0.18,10.94,6.6
INV-103727,B,Salford,Member,Male,Baby Products,27.85,6,8.36,175.46,16/12/2025,15:04:52,Cash,167.1,0.16,26.74,6.4
INV-103728,A,Manchester,Normal,Male,Frozen Foods,10.76,13,6.99,146.87,27/01/2025,10:55:39,Mobile Wallet,139.88,0.11,15.39,4.9
INV-103729,D,Bradford,Member,Male,Beverages,10.92,4,2.18,45.86,23/12/2025,10:49:26,Cash,43.68,0.12,5.24,6.9
INV-103730,B,Salford,Member,Male,Household,16.19,11,8.9,186.99,26/12/2025,16:12:44,Mobile Wallet,178.09,0.18,32.06,7.2
INV-103731,D,Bradford,Normal,Female,Health & Wellness,9.86,1,0.49,10.35,01/03/2025,17:40:22,Credit Card,9.86,0.22,2.17,5.5
INV-103732,D,Bradford,Member,Female,Snacks,0.97,10,0.48,10.18,12/11/2025,09:49:39,Mobile Wallet,9.7,0.15,1.45,9.1
INV-103733,C,Leeds,Member,Male,Household,12.1,2,1.21,25.41,10/04/2025,11:50:31,Credit Card,24.2,0.18,4.36,6.0
INV-103734,C,Leeds,Member,Male,Health & Wellness,13.42,8,5.37,112.73,30/01/2025,10:52:15,Credit Card,107.36,0.22,23.62,5.2
INV-103735,B,Salford,Member,Female,Health & Wellness,7.71,4,1.54,32.38,17/02/2025,11:03:48,Cash,30.84,0.22,6.78,7.9
INV-103736,A,Manchester,Member,Female,Health & Wellness,9.38,9,4.22,88.64,31/07/2025,21:47:47,Mobile Wallet,84.42,0.22,18.57,6.7
INV-103737,A,Manchester,Member,Female,Snacks,5.93,1,0.3,6.23,08/05/2025,14:11:06,Cash,5.93,0.15,0.89,8.3
INV-103738,A,Manchester,Member,Female,Health & Wellness,35.95,3,5.39,113.24,30/01/2025,17:43:01,Credit Card,107.85,0.22,23.73,6.9
INV-103739,B,Salford,Member,Male,Snacks,2.45,8,0.98,20.58,03/04/2025,09:35:32,Mobile Wallet,19.6,0.15,2.94,6.4
INV-103740,C,Leeds,Member,Female,Frozen Foods,12.87,1,0.64,13.51,10/06/2025,20:42:33,Credit Card,12.87,0.11,1.42,5.9
INV-103741,C,Leeds,Member,Female,Health & Wellness,16.85,5,4.21,88.46,30/05/2025,10:34:33,Credit Card,84.25,0.22,18.54,5.4
INV-103742,B,Salford,Member,Male,Bakery,8.24,4,1.65,34.61,03/09/2025,10:53:18,Credit Card,32.96,0.1,3.3,5.8
INV-103743,A,Manchester,Member,Female,Snacks,3.78,7,1.32,27.78,09/02/2025,17:45:44,Credit Card,26.46,0.15,3.97,5.1
INV-103744,C,Leeds,Normal,Female,Baby Products,38.91,3,5.84,122.57,11/09/2025,19:37:46,Cash,116.73,0.16,18.68,6.5
INV-103745,C,Leeds,Member,Female,Beverages,9.03,8,3.61,75.85,16/08/2025,15:21:33,Debit Card,72.24,0.12,8.67,6.2
INV-103746,C,Leeds,Normal,Male,Health & Wellness,16.61,8,6.64,139.52,10/10/2025,14:32:01,Debit Card,132.88,0.22,29.23,5.5
INV-103747,C,Leeds,Normal,Female,Dairy & Eggs,7.64,6,2.29,48.13,27/09/2025,20:36:39,Debit Card,45.84,0.08,3.67,5.8
INV-103748,C,Leeds,Normal,Male,Health & Wellness,32.49,8,13.0,272.92,24/12/2025,17:57:54,Debit Card,259.92,0.22,57.18,6.6
INV-103749,A,Manchester,Member,Female,Dairy & Eggs,1.3,3,0.2,4.1,27/06/2025,14:32:43,Credit Card,3.9,0.08,0.31,7.5
INV-103750,D,Bradford,Member,Male,Fresh Produce,3.84,2,0.38,8.06,24/05/2025,20:03:06,Debit Card,7.68,0.09,0.69,7.3
INV-103751,A,Manchester,Normal,Female,Household,13.86,6,4.16,87.32,12/03/2025,18:46:46,Debit Card,83.16,0.18,14.97,5.4
INV-103752,B,Salford,Normal,Male,Dairy & Eggs,5.96,8,2.38,50.06,11/10/2025,13:20:10,Debit Card,47.68,0.08,3.81,7.5
INV-103753,B,Salford,Normal,Female,Fresh Produce,12.76,3,1.91,40.19,10/07/2025,13:04:56,Mobile Wallet,38.28,0.09,3.45,6.5
INV-103754,B,Salford,Normal,Female,Bakery,3.98,2,0.4,8.36,01/05/2025,17:31:07,Mobile Wallet,7.96,0.1,0.8,6.7
INV-103755,D,Bradford,Normal,Male,Dairy & Eggs,4.48,2,0.45,9.41,28/02/2025,14:01:46,Cash,8.96,0.08,0.72,5.8
INV-103756,A,Manchester,Member,Male,Household,17.31,5,4.33,90.88,18/01/2025,11:14:20,Cash,86.55,0.18,15.58,8.0
INV-103757,C,Leeds,Member,Male,Household,6.05,4,1.21,25.41,29/10/2025,16:28:14,Debit Card,24.2,0.18,4.36,7.9
INV-103758,D,Bradford,Member,Male,Health & Wellness,16.72,7,5.85,122.89,13/02/2025,15:05:27,Mobile Wallet,117.04,0.22,25.75,4.7
INV-103759,A,Manchester,Normal,Male,Health & Wellness,9.97,3,1.5,31.41,09/11/2025,14:39:05,Debit Card,29.91,0.22,6.58,4.3
INV-103760,D,Bradford,Normal,Male,Dairy & Eggs,7.0,2,0.7,14.7,10/01/2025,15:19:47,Credit Card,14.0,0.08,1.12,7.3
INV-103761,D,Bradford,Normal,Male,Beverages,1.0,11,0.55,11.55,16/08/2025,11:51:36,Debit Card,11.0,0.12,1.32,7.1
INV-103762,A,Manchester,Member,Female,Dairy & Eggs,5.63,3,0.84,17.73,16/04/2025,12:00:48,Credit Card,16.89,0.08,1.35,4.4
INV-103763,D,Bradford,Member,Female,Health & Wellness,8.07,1,0.4,8.47,04/12/2025,15:06:06,Cash,8.07,0.22,1.78,7.2
INV-103764,D,Bradford,Normal,Female,Dairy & Eggs,1.37,5,0.34,7.19,05/12/2025,19:07:18,Mobile Wallet,6.85,0.08,0.55,6.5
INV-103765,C,Leeds,Member,Female,Personal Care,2.42,2,0.24,5.08,05/10/2025,17:51:14,Credit Card,4.84,0.2,0.97,7.7
INV-103766,C,Leeds,Normal,Female,Baby Products,27.47,5,6.87,144.22,08/11/2025,17:40:31,Credit Card,137.35,0.16,21.98,4.9
INV-103767,C,Leeds,Member,Male,Personal Care,12.29,13,7.99,167.76,30/10/2025,18:49:33,Debit Card,159.77,0.2,31.95,8.1
INV-103768,B,Salford,Member,Female,Household,12.41,1,0.62,13.03,24/06/2025,10:15:57,Debit Card,12.41,0.18,2.23,6.7
INV-103769,D,Bradford,Member,Male,Dairy & Eggs,3.71,11,2.04,42.85,30/01/2025,16:03:58,Cash,40.81,0.08,3.26,8.2
INV-103770,A,Manchester,Member,Male,Health & Wellness,31.16,1,1.56,32.72,14/12/2025,18:56:16,Debit Card,31.16,0.22,6.86,6.0
INV-103771,C,Leeds,Normal,Male,Fresh Produce,7.27,5,1.82,38.17,06/08/2025,19:08:43,Debit Card,36.35,0.09,3.27,8.2
INV-103772,C,Leeds,Normal,Female,Baby Products,9.89,2,0.99,20.77,15/07/2025,19:33:35,Credit Card,19.78,0.16,3.16,9.4
INV-103773,D,Bradford,Normal,Female,Household,3.3,4,0.66,13.86,09/03/2025,18:38:53,Mobile Wallet,13.2,0.18,2.38,6.4
INV-103774,A,Manchester,Member,Male,Snacks,7.23,6,2.17,45.55,16/12/2025,18:39:55,Mobile Wallet,43.38,0.15,6.51,6.9
INV-103775,C,Leeds,Member,Female,Bakery,9.63,5,2.41,50.56,08/05/2025,13:21:58,Debit Card,48.15,0.1,4.82,8.5
INV-103776,C,Leeds,Member,Male,Dairy & Eggs,2.02,9,0.91,19.09,20/10/2025,16:10:16,Credit Card,18.18,0.08,1.45,5.2
INV-103777,D,Bradford,Normal,Female,Personal Care,19.39,5,4.85,101.8,12/11/2025,13:07:13,Mobile Wallet,96.95,0.2,19.39,7.6
INV-103778,C,Leeds,Member,Male,Personal Care,21.81,2,2.18,45.8,18/05/2025,13:16:59,Cash,43.62,0.2,8.72,7.3
INV-103779,C,Leeds,Normal,Female,Snacks,1.77,3,0.27,5.58,05/03/2025,10:41:21,Credit Card,5.31,0.15,0.8,4.9
INV-103780,C,Leeds,Member,Male,Baby Products,23.82,3,3.57,75.03,16/05/2025,16:11:13,Credit Card,71.46,0.16,11.43,7.7
INV-103781,B,Salford,Member,Male,Fresh Produce,1.93,10,0.97,20.27,25/08/2025,17:47:42,Mobile Wallet,19.3,0.09,1.74,5.8
INV-103782,A,Manchester,Member,Male,Fresh Produce,5.48,1,0.27,5.75,05/01/2025,17:43:50,Mobile Wallet,5.48,0.09,0.49,6.8
INV-103783,D,Bradford,Member,Female,Frozen Foods,17.88,5,4.47,93.87,03/07/2025,14:16:38,Credit Card,89.4,0.11,9.83,7.1
INV-103784,D,Bradford,Member,Female,Frozen Foods,8.45,4,1.69,35.49,29/07/2025,20:47:59,Mobile Wallet,33.8,0.11,3.72,5.9
INV-103785,A,Manchester,Member,Female,Beverages,13.46,13,8.75,183.73,22/05/2025,14:11:32,Cash,174.98,0.12,21.0,5.2
INV-103786,C,Leeds,Member,Female,Household,21.9,7,7.67,160.97,14/08/2025,21:08:21,Credit Card,153.3,0.18,27.59,7.2
INV-103787,B,Salford,Member,Male,Health & Wellness,4.96,5,1.24,26.04,22/05/2025,16:07:33,Credit Card,24.8,0.22,5.46,5.6
INV-103788,C,Leeds,Member,Male,Fresh Produce,11.22,7,3.93,82.47,07/03/2025,12:33:58,Debit Card,78.54,0.09,7.07,7.4
INV-103789,B,Salford,Member,Female,Health & Wellness,10.83,6,3.25,68.23,17/03/2025,14:17:43,Cash,64.98,0.22,14.3,7.5
INV-103790,A,Manchester,Member,Female,Bakery,5.64,7,1.97,41.45,28/02/2025,18:22:18,Debit Card,39.48,0.1,3.95,7.5
INV-103791,A,Manchester,Member,Female,Household,15.56,1,0.78,16.34,17/12/2025,18:00:59,Mobile Wallet,15.56,0.18,2.8,5.3
INV-103792,D,Bradford,Normal,Male,Beverages,11.76,2,1.18,24.7,22/01/2025,14:45:43,Cash,23.52,0.12,2.82,6.9
INV-103793,B,Salford,Normal,Female,Bakery,1.2,3,0.18,3.78,13/05/2025,17:30:33,Credit Card,3.6,0.1,0.36,9.5
INV-103794,C,Leeds,Member,Female,Fresh Produce,1.26,7,0.44,9.26,14/12/2025,14:15:00,Mobile Wallet,8.82,0.09,0.79,7.0
INV-103795,C,Leeds,Member,Female,Baby Products,36.98,4,7.4,155.32,04/11/2025,08:20:56,Mobile Wallet,147.92,0.16,23.67,5.4
INV-103796,B,Salford,Member,Male,Health & Wellness,30.62,2,3.06,64.3,25/02/2025,18:42:32,Credit Card,61.24,0.22,13.47,6.9
INV-103797,A,Manchester,Member,Male,Fresh Produce,9.27,8,3.71,77.87,27/02/2025,18:45:59,Mobile Wallet,74.16,0.09,6.67,6.4
INV-103798,A,Manchester,Normal,Female,Beverages,11.86,10,5.93,124.53,15/04/2025,18:50:40,Cash,118.6,0.12,14.23,7.3
INV-103799,C,Leeds,Member,Male,Snacks,3.65,10,1.83,38.33,15/12/2025,17:24:58,Credit Card,36.5,0.15,5.47,7.8
INV-103800,D,Bradford,Normal,Female,Frozen Foods,10.62,2,1.06,22.3,25/11/2025,12:38:54,Mobile Wallet,21.24,0.11,2.34,6.8
INV-103801,D,Bradford,Member,Male,Health & Wellness,7.49,1,0.37,7.86,15/03/2025,16:57:12,Credit Card,7.49,0.22,1.65,8.3
INV-103802,A,Manchester,Normal,Male,Dairy & Eggs,9.06,5,2.27,47.57,07/11/2025,20:03:40,Debit Card,45.3,0.08,3.62,5.6
INV-103803,C,Leeds,Normal,Male,Frozen Foods,4.77,7,1.67,35.06,28/07/2025,15:49:59,Credit Card,33.39,0.11,3.67,7.5
INV-103804,C,Leeds,Normal,Male,Baby Products,8.88,6,2.66,55.94,31/05/2025,16:38:27,Cash,53.28,0.16,8.52,5.3
INV-103805,A,Manchester,Member,Female,Household,19.76,4,3.95,82.99,08/07/2025,12:14:07,Debit Card,79.04,0.18,14.23,8.4
INV-103806,A,Manchester,Member,Male,Household,9.91,3,1.49,31.22,18/03/2025,15:43:32,Cash,29.73,0.18,5.35,7.2
INV-103807,A,Manchester,Member,Female,Snacks,4.76,3,0.71,14.99,08/11/2025,12:39:07,Debit Card,14.28,0.15,2.14,5.2
INV-103808,B,Salford,Normal,Male,Personal Care,24.45,5,6.11,128.36,19/09/2025,10:41:30,Credit Card,122.25,0.2,24.45,4.9
INV-103809,C,Leeds,Normal,Female,Snacks,3.08,5,0.77,16.17,13/07/2025,19:57:46,Debit Card,15.4,0.15,2.31,8.1
INV-103810,A,Manchester,Member,Female,Household,11.77,8,4.71,98.87,15/07/2025,10:23:42,Debit Card,94.16,0.18,16.95,5.9
INV-103811,A,Manchester,Member,Female,Beverages,11.81,2,1.18,24.8,25/04/2025,11:51:05,Mobile Wallet,23.62,0.12,2.83,7.0
INV-103812,D,Bradford,Normal,Female,Baby Products,22.66,1,1.13,23.79,28/09/2025,14:37:33,Debit Card,22.66,0.16,3.63,6.6
INV-103813,A,Manchester,Normal,Male,Personal Care,10.2,2,1.02,21.42,04/12/2025,16:32:39,Mobile Wallet,20.4,0.2,4.08,6.8
INV-103814,D,Bradford,Member,Male,Dairy & Eggs,6.26,4,1.25,26.29,18/05/2025,21:02:32,Credit Card,25.04,0.08,2.0,6.8
INV-103815,B,Salford,Member,Male,Household,8.16,2,0.82,17.14,05/05/2025,13:13:42,Mobile Wallet,16.32,0.18,2.94,4.6
INV-103816,C,Leeds,Member,Female,Baby Products,33.4,1,1.67,35.07,05/07/2025,13:13:06,Cash,33.4,0.16,5.34,4.0
INV-103817,B,Salford,Member,Male,Beverages,13.19,7,4.62,96.95,11/06/2025,17:24:02,Mobile Wallet,92.33,0.12,11.08,6.9
INV-103818,A,Manchester,Normal,Female,Baby Products,40.85,2,4.08,85.78,16/08/2025,09:39:22,Credit Card,81.7,0.16,13.07,8.7
INV-103819,D,Bradford,Normal,Male,Beverages,3.1,12,1.86,39.06,10/02/2025,18:15:54,Cash,37.2,0.12,4.46,6.8
INV-103820,C,Leeds,Member,Female,Beverages,4.29,8,1.72,36.04,05/07/2025,21:05:32,Debit Card,34.32,0.12,4.12,6.7
INV-103821,D,Bradford,Member,Female,Fresh Produce,6.9,6,2.07,43.47,18/08/2025,13:39:43,Credit Card,41.4,0.09,3.73,6.3
INV-103822,D,Bradford,Normal,Female,Snacks,1.89,6,0.57,11.91,19/10/2025,19:30:20,Cash,11.34,0.15,1.7,5.7
INV-103823,B,Salford,Member,Female,Beverages,10.55,1,0.53,11.08,28/07/2025,14:06:04,Credit Card,10.55,0.12,1.27,8.4
INV-103824,B,Salford,Normal,Male,Health & Wellness,30.28,1,1.51,31.79,27/05/2025,12:56:23,Cash,30.28,0.22,6.66,5.4
INV-103825,C,Leeds,Member,Male,Beverages,8.92,6,2.68,56.2,02/03/2025,21:10:10,Debit Card,53.52,0.12,6.42,7.3
INV-103826,A,Manchester,Normal,Male,Bakery,1.76,8,0.7,14.78,04/08/2025,20:18:16,Debit Card,14.08,0.1,1.41,6.4
INV-103827,B,Salford,Normal,Male,Baby Products,21.94,4,4.39,92.15,20/11/2025,18:40:38,Credit Card,87.76,0.16,14.04,7.3
INV-103828,B,Salford,Member,Female,Fresh Produce,4.99,10,2.5,52.4,21/08/2025,14:20:16,Mobile Wallet,49.9,0.09,4.49,6.3
INV-103829,A,Manchester,Member,Female,Household,9.85,10,4.93,103.43,03/03/2025,11:07:26,Credit Card,98.5,0.18,17.73,7.8
INV-103830,D,Bradford,Member,Male,Frozen Foods,8.84,5,2.21,46.41,11/10/2025,16:54:42,Credit Card,44.2,0.11,4.86,7.4
INV-103831,D,Bradford,Normal,Female,Beverages,2.05,9,0.92,19.37,06/03/2025,16:47:55,Credit Card,18.45,0.12,2.21,5.9
INV-103832,A,Manchester,Member,Male,Household,13.71,6,4.11,86.37,13/01/2025,17:53:36,Cash,82.26,0.18,14.81,7.2
INV-103833,B,Salford,Member,Female,Baby Products,33.71,4,6.74,141.58,09/03/2025,14:39:58,Mobile Wallet,134.84,0.16,21.57,8.5
INV-103834,D,Bradford,Normal,Male,Household,10.79,2,1.08,22.66,01/07/2025,16:17:54,Debit Card,21.58,0.18,3.88,6.2
INV-103835,B,Salford,Normal,Male,Frozen Foods,15.48,1,0.77,16.25,23/12/2025,17:57:09,Credit Card,15.48,0.11,1.7,6.9
INV-103836,B,Salford,Normal,Male,Bakery,8.68,3,1.3,27.34,02/03/2025,16:33:51,Credit Card,26.04,0.1,2.6,7.3
INV-103837,C,Leeds,Normal,Male,Household,16.31,1,0.82,17.13,30/10/2025,13:07:44,Debit Card,16.31,0.18,2.94,7.5
INV-103838,A,Manchester,Member,Female,Dairy & Eggs,7.89,7,2.76,57.99,07/02/2025,14:10:01,Mobile Wallet,55.23,0.08,4.42,8.8
INV-103839,C,Leeds,Member,Male,Bakery,5.0,11,2.75,57.75,29/07/2025,21:08:11,Credit Card,55.0,0.1,5.5,8.0
INV-103840,D,Bradford,Normal,Male,Personal Care,20.79,3,3.12,65.49,29/05/2025,13:42:01,Credit Card,62.37,0.2,12.47,9.9
INV-103841,D,Bradford,Normal,Female,Fresh Produce,2.48,5,0.62,13.02,04/04/2025,19:51:49,Cash,12.4,0.09,1.12,6.0
INV-103842,A,Manchester,Normal,Female,Household,12.24,2,1.22,25.7,04/01/2025,08:48:24,Debit Card,24.48,0.18,4.41,6.6
INV-103843,C,Leeds,Member,Male,Bakery,8.79,4,1.76,36.92,14/07/2025,13:40:33,Cash,35.16,0.1,3.52,6.6
INV-103844,C,Leeds,Member,Male,Household,9.62,4,1.92,40.4,01/04/2025,13:59:29,Debit Card,38.48,0.18,6.93,7.9
INV-103845,C,Leeds,Member,Female,Dairy & Eggs,4.32,4,0.86,18.14,29/04/2025,18:43:57,Debit Card,17.28,0.08,1.38,7.8
INV-103846,C,Leeds,Normal,Male,Health & Wellness,11.19,3,1.68,35.25,24/06/2025,17:37:13,Credit Card,33.57,0.22,7.39,5.2
INV-103847,A,Manchester,Member,Male,Beverages,2.33,7,0.82,17.13,27/05/2025,17:03:24,Cash,16.31,0.12,1.96,7.1
INV-103848,C,Leeds,Member,Male,Health & Wellness,32.08,5,8.02,168.42,13/06/2025,21:02:56,Credit Card,160.4,0.22,35.29,8.2
INV-103849,B,Salford,Member,Female,Fresh Produce,5.71,7,2.0,41.97,22/01/2025,09:51:16,Cash,39.97,0.09,3.6,7.2
INV-103850,B,Salford,Normal,Male,Fresh Produce,1.51,3,0.23,4.76,23/09/2025,13:56:13,Credit Card,4.53,0.09,0.41,5.3
INV-103851,C,Leeds,Member,Male,Beverages,3.72,7,1.3,27.34,20/02/2025,14:54:29,Cash,26.04,0.12,3.12,6.4
INV-103852,C,Leeds,Normal,Male,Dairy & Eggs,2.04,3,0.31,6.43,26/03/2025,13:30:28,Credit Card,6.12,0.08,0.49,7.8
INV-103853,A,Manchester,Normal,Male,Baby Products,7.78,5,1.95,40.85,21/05/2025,17:51:41,Credit Card,38.9,0.16,6.22,6.6
INV-103854,D,Bradford,Normal,Male,Baby Products,5.02,9,2.26,47.44,25/04/2025,17:38:40,Debit Card,45.18,0.16,7.23,8.7
INV-103855,B,Salford,Normal,Male,Beverages,14.48,4,2.9,60.82,13/05/2025,13:17:01,Cash,57.92,0.12,6.95,6.8
INV-103856,A,Manchester,Normal,Female,Baby Products,33.2,6,9.96,209.16,08/12/2025,16:37:27,Debit Card,199.2,0.16,31.87,4.0
INV-103857,C,Leeds,Member,Female,Fresh Produce,6.6,3,0.99,20.79,19/02/2025,12:43:44,Debit Card,19.8,0.09,1.78,7.2
INV-103858,B,Salford,Normal,Female,Baby Products,26.05,5,6.51,136.76,15/01/2025,19:14:29,Debit Card,130.25,0.16,20.84,6.7
INV-103859,A,Manchester,Normal,Female,Snacks,5.09,2,0.51,10.69,04/01/2025,14:45:32,Mobile Wallet,10.18,0.15,1.53,5.6
INV-103860,D,Bradford,Member,Female,Baby Products,18.11,1,0.91,19.02,09/07/2025,08:58:48,Mobile Wallet,18.11,0.16,2.9,6.8
INV-103861,B,Salford,Member,Male,Household,19.9,5,4.98,104.48,20/10/2025,14:11:02,Debit Card,99.5,0.18,17.91,6.0
INV-103862,D,Bradford,Member,Male,Health & Wellness,26.28,3,3.94,82.78,24/09/2025,19:34:43,Debit Card,78.84,0.22,17.34,5.6
INV-103863,B,Salford,Member,Male,Health & Wellness,7.37,6,2.21,46.43,01/06/2025,09:09:54,Credit Card,44.22,0.22,9.73,7.7
INV-103864,A,Manchester,Member,Female,Beverages,5.64,6,1.69,35.53,16/08/2025,09:57:43,Debit Card,33.84,0.12,4.06,7.3
INV-103865,D,Bradford,Normal,Male,Snacks,5.36,1,0.27,5.63,15/05/2025,20:22:10,Debit Card,5.36,0.15,0.8,6.0
INV-103866,A,Manchester,Member,Female,Household,6.76,10,3.38,70.98,23/05/2025,21:45:59,Debit Card,67.6,0.18,12.17,8.1
INV-103867,A,Manchester,Member,Male,Fresh Produce,2.73,1,0.14,2.87,10/02/2025,12:32:57,Debit Card,2.73,0.09,0.25,7.4
INV-103868,B,Salford,Member,Female,Household,4.49,4,0.9,18.86,17/06/2025,19:45:54,Mobile Wallet,17.96,0.18,3.23,6.1
INV-103869,B,Salford,Normal,Male,Beverages,6.16,7,2.16,45.28,22/05/2025,19:59:25,Debit Card,43.12,0.12,5.17,7.6
INV-103870,D,Bradford,Member,Female,Dairy & Eggs,1.84,1,0.09,1.93,28/12/2025,19:56:35,Debit Card,1.84,0.08,0.15,7.5
INV-103871,C,Leeds,Normal,Female,Bakery,4.88,12,2.93,61.49,10/08/2025,18:56:47,Credit Card,58.56,0.1,5.86,5.3
INV-103872,A,Manchester,Member,Male,Personal Care,19.41,10,9.71,203.81,08/04/2025,11:01:29,Credit Card,194.1,0.2,38.82,6.6
INV-103873,A,Manchester,Member,Female,Personal Care,26.08,4,5.22,109.54,06/05/2025,20:15:35,Cash,104.32,0.2,20.86,8.4
INV-103874,B,Salford,Normal,Male,Dairy & Eggs,1.73,6,0.52,10.9,23/04/2025,09:02:00,Mobile Wallet,10.38,0.08,0.83,6.1
INV-103875,B,Salford,Member,Male,Bakery,5.93,3,0.89,18.68,29/08/2025,09:01:42,Debit Card,17.79,0.1,1.78,5.4
INV-103876,B,Salford,Member,Male,Fresh Produce,8.94,4,1.79,37.55,06/04/2025,10:32:17,Debit Card,35.76,0.09,3.22,6.9
INV-103877,D,Bradford,Member,Male,Fresh Produce,5.76,3,0.86,18.14,09/03/2025,19:50:41,Debit Card,17.28,0.09,1.56,5.3
INV-103878,B,Salford,Normal,Female,Frozen Foods,3.77,6,1.13,23.75,22/09/2025,17:00:50,Debit Card,22.62,0.11,2.49,6.4
INV-103879,B,Salford,Normal,Female,Fresh Produce,11.01,9,4.95,104.04,11/08/2025,18:59:00,Mobile Wallet,99.09,0.09,8.92,5.3
INV-103880,A,Manchester,Member,Male,Frozen Foods,17.25,2,1.73,36.23,13/10/2025,17:04:39,Debit Card,34.5,0.11,3.79,6.8
INV-103881,B,Salford,Normal,Female,Personal Care,2.77,4,0.55,11.63,20/01/2025,19:08:50,Cash,11.08,0.2,2.22,7.4
INV-103882,D,Bradford,Normal,Male,Personal Care,14.32,8,5.73,120.29,11/11/2025,13:32:25,Credit Card,114.56,0.2,22.91,6.0
INV-103883,D,Bradford,Normal,Female,Fresh Produce,1.61,7,0.56,11.83,23/11/2025,14:12:19,Debit Card,11.27,0.09,1.01,4.9
INV-103884,C,Leeds,Member,Male,Dairy & Eggs,2.71,13,1.76,36.99,29/09/2025,12:46:27,Credit Card,35.23,0.08,2.82,6.3
INV-103885,B,Salford,Member,Male,Fresh Produce,6.28,2,0.63,13.19,29/04/2025,12:19:22,Debit Card,12.56,0.09,1.13,6.8
INV-103886,C,Leeds,Normal,Male,Baby Products,5.56,11,3.06,64.22,08/09/2025,12:58:24,Debit Card,61.16,0.16,9.79,6.0
INV-103887,D,Bradford,Member,Male,Fresh Produce,5.03,6,1.51,31.69,06/10/2025,09:20:37,Debit Card,30.18,0.09,2.72,8.0
INV-103888,D,Bradford,Member,Male,Snacks,3.91,7,1.37,28.74,19/02/2025,18:25:06,Debit Card,27.37,0.15,4.11,6.5
INV-103889,B,Salford,Member,Female,Frozen Foods,6.73,2,0.67,14.13,28/05/2025,16:16:59,Credit Card,13.46,0.11,1.48,8.1
INV-103890,D,Bradford,Normal,Male,Fresh Produce,11.76,8,4.7,98.78,16/06/2025,15:43:14,Debit Card,94.08,0.09,8.47,4.0
INV-103891,B,Salford,Normal,Male,Frozen Foods,4.49,10,2.25,47.15,01/03/2025,10:18:59,Cash,44.9,0.11,4.94,4.1
INV-103892,B,Salford,Member,Male,Health & Wellness,24.17,6,7.25,152.27,13/06/2025,09:58:05,Cash,145.02,0.22,31.9,7.7
INV-103893,A,Manchester,Normal,Male,Health & Wellness,38.19,1,1.91,40.1,23/12/2025,17:18:29,Credit Card,38.19,0.22,8.4,6.3
INV-103894,D,Bradford,Member,Female,Bakery,5.28,11,2.9,60.98,05/09/2025,21:45:59,Cash,58.08,0.1,5.81,6.9
INV-103895,D,Bradford,Member,Male,Frozen Foods,7.98,6,2.39,50.27,18/12/2025,14:20:09,Mobile Wallet,47.88,0.11,5.27,7.8
INV-103896,B,Salford,Member,Female,Dairy & Eggs,5.17,9,2.33,48.86,29/05/2025,18:57:20,Debit Card,46.53,0.08,3.72,7.7
INV-103897,C,Leeds,Normal,Female,Bakery,8.66,1,0.43,9.09,29/07/2025,16:54:45,Credit Card,8.66,0.1,0.87,7.7
INV-103898,A,Manchester,Member,Male,Snacks,2.51,8,1.0,21.08,14/05/2025,20:02:58,Mobile Wallet,20.08,0.15,3.01,5.7
INV-103899,C,Leeds,Member,Male,Fresh Produce,1.54,2,0.15,3.23,20/07/2025,15:48:08,Mobile Wallet,3.08,0.09,0.28,5.2
INV-103900,D,Bradford,Normal,Male,Household,6.56,4,1.31,27.55,24/07/2025,16:46:57,Credit Card,26.24,0.18,4.72,4.8
INV-103901,C,Leeds,Member,Female,Health & Wellness,15.57,5,3.89,81.74,18/05/2025,19:11:54,Cash,77.85,0.22,17.13,8.0
INV-103902,D,Bradford,Normal,Female,Beverages,5.33,6,1.6,33.58,23/06/2025,14:00:47,Debit Card,31.98,0.12,3.84,7.7
INV-103903,A,Manchester,Member,Male,Fresh Produce,6.81,2,0.68,14.3,18/08/2025,12:41:04,Cash,13.62,0.09,1.23,7.4
INV-103904,D,Bradford,Normal,Female,Frozen Foods,9.61,8,3.84,80.72,21/10/2025,15:06:09,Debit Card,76.88,0.11,8.46,5.7
INV-103905,B,Salford,Member,Female,Beverages,7.09,6,2.13,44.67,17/11/2025,16:18:14,Mobile Wallet,42.54,0.12,5.1,6.7
INV-103906,A,Manchester,Member,Male,Beverages,8.28,1,0.41,8.69,08/03/2025,21:35:49,Mobile Wallet,8.28,0.12,0.99,6.0
INV-103907,A,Manchester,Member,Female,Dairy & Eggs,4.09,1,0.2,4.29,14/07/2025,12:04:45,Credit Card,4.09,0.08,0.33,7.4
INV-103908,A,Manchester,Member,Male,Frozen Foods,19.98,3,3.0,62.94,30/06/2025,13:27:10,Mobile Wallet,59.94,0.11,6.59,7.7
INV-103909,A,Manchester,Member,Female,Household,4.17,8,1.67,35.03,23/09/2025,10:00:23,Cash,33.36,0.18,6.0,9.1
INV-103910,B,Salford,Member,Male,Bakery,9.99,1,0.5,10.49,02/10/2025,14:40:17,Debit Card,9.99,0.1,1.0,7.7
INV-103911,B,Salford,Member,Female,Health & Wellness,32.25,5,8.06,169.31,02/10/2025,17:48:34,Debit Card,161.25,0.22,35.48,6.4
INV-103912,D,Bradford,Normal,Female,Bakery,8.5,3,1.28,26.78,29/05/2025,21:44:31,Cash,25.5,0.1,2.55,8.6
INV-103913,B,Salford,Member,Male,Frozen Foods,3.55,5,0.89,18.64,19/06/2025,15:52:38,Cash,17.75,0.11,1.95,8.9
INV-103914,D,Bradford,Normal,Female,Beverages,3.49,9,1.57,32.98,11/10/2025,20:39:28,Debit Card,31.41,0.12,3.77,6.1
INV-103915,B,Salford,Member,Female,Household,6.6,6,1.98,41.58,19/01/2025,16:33:30,Credit Card,39.6,0.18,7.13,7.3
INV-103916,A,Manchester,Member,Female,Beverages,11.44,5,2.86,60.06,14/09/2025,19:03:17,Credit Card,57.2,0.12,6.86,7.0
INV-103917,D,Bradford,Member,Male,Beverages,9.42,7,3.3,69.24,22/01/2025,12:27:18,Debit Card,65.94,0.12,7.91,7.2
INV-103918,B,Salford,Normal,Male,Frozen Foods,4.77,11,2.62,55.09,04/06/2025,10:16:25,Debit Card,52.47,0.11,5.77,6.3
INV-103919,A,Manchester,Normal,Female,Fresh Produce,9.45,1,0.47,9.92,20/11/2025,12:08:19,Debit Card,9.45,0.09,0.85,8.7
INV-103920,B,Salford,Normal,Female,Bakery,10.0,2,1.0,21.0,20/05/2025,16:14:20,Debit Card,20.0,0.1,2.0,6.1
INV-103921,A,Manchester,Normal,Male,Personal Care,13.13,1,0.66,13.79,02/12/2025,14:26:46,Credit Card,13.13,0.2,2.63,6.1
INV-103922,D,Bradford,Member,Female,Baby Products,16.28,4,3.26,68.38,19/05/2025,15:45:44,Debit Card,65.12,0.16,10.42,7.8
INV-103923,A,Manchester,Member,Female,Beverages,9.28,11,5.1,107.18,07/02/2025,20:56:13,Debit Card,102.08,0.12,12.25,5.0
INV-103924,D,Bradford,Normal,Female,Health & Wellness,18.18,2,1.82,38.18,08/01/2025,19:07:22,Credit Card,36.36,0.22,8.0,7.4
INV-103925,B,Salford,Member,Female,Dairy & Eggs,8.0,3,1.2,25.2,29/10/2025,13:22:22,Cash,24.0,0.08,1.92,7.6
INV-103926,D,Bradford,Normal,Female,Snacks,4.72,5,1.18,24.78,07/11/2025,15:12:51,Debit Card,23.6,0.15,3.54,5.6
INV-103927,C,Leeds,Member,Male,Bakery,9.4,2,0.94,19.74,06/08/2025,11:00:56,Debit Card,18.8,0.1,1.88,8.2
INV-103928,A,Manchester,Normal,Male,Beverages,2.71,13,1.76,36.99,21/05/2025,10:07:24,Cash,35.23,0.12,4.23,6.9
INV-103929,D,Bradford,Member,Female,Snacks,0.52,3,0.08,1.64,21/02/2025,08:02:58,Debit Card,1.56,0.15,0.23,6.8
INV-103930,C,Leeds,Member,Male,Health & Wellness,11.81,4,2.36,49.6,12/07/2025,11:43:36,Credit Card,47.24,0.22,10.39,6.2
INV-103931,C,Leeds,Member,Male,Frozen Foods,6.4,1,0.32,6.72,17/02/2025,18:39:24,Mobile Wallet,6.4,0.11,0.7,6.7
INV-103932,B,Salford,Member,Male,Frozen Foods,1.98,5,0.5,10.4,15/10/2025,21:03:59,Cash,9.9,0.11,1.09,6.4
INV-103933,C,Leeds,Member,Male,Bakery,2.47,4,0.49,10.37,26/05/2025,20:08:54,Credit Card,9.88,0.1,0.99,7.2
INV-103934,B,Salford,Member,Male,Household,19.93,8,7.97,167.41,09/01/2025,11:47:07,Debit Card,159.44,0.18,28.7,8.1
INV-103935,D,Bradford,Member,Male,Beverages,9.61,5,2.4,50.45,10/07/2025,10:49:06,Debit Card,48.05,0.12,5.77,7.8
INV-103936,A,Manchester,Normal,Male,Bakery,4.9,1,0.25,5.15,25/04/2025,12:03:57,Credit Card,4.9,0.1,0.49,5.5
INV-103937,A,Manchester,Normal,Male,Fresh Produce,5.61,2,0.56,11.78,29/04/2025,10:51:52,Debit Card,11.22,0.09,1.01,6.4
INV-103938,D,Bradford,Normal,Male,Beverages,7.79,5,1.95,40.9,02/09/2025,10:35:48,Debit Card,38.95,0.12,4.67,7.8
INV-103939,A,Manchester,Member,Male,Snacks,6.27,9,2.82,59.25,20/06/2025,18:24:58,Debit Card,56.43,0.15,8.46,6.8
INV-103940,B,Salford,Normal,Female,Household,8.36,2,0.84,17.56,18/02/2025,18:54:42,Debit Card,16.72,0.18,3.01,5.9
INV-103941,B,Salford,Member,Female,Frozen Foods,15.05,4,3.01,63.21,08/09/2025,15:28:58,Credit Card,60.2,0.11,6.62,7.4
INV-103942,B,Salford,Normal,Female,Fresh Produce,10.59,8,4.24,88.96,14/03/2025,15:07:17,Debit Card,84.72,0.09,7.62,8.5
INV-103943,D,Bradford,Normal,Male,Personal Care,11.83,8,4.73,99.37,25/09/2025,10:58:33,Cash,94.64,0.2,18.93,6.4
INV-103944,B,Salford,Normal,Female,Health & Wellness,3.35,7,1.17,24.62,10/09/2025,21:09:48,Mobile Wallet,23.45,0.22,5.16,8.8
INV-103945,C,Leeds,Member,Male,Household,19.11,6,5.73,120.39,09/06/2025,19:22:31,Mobile Wallet,114.66,0.18,20.64,6.3
INV-103946,C,Leeds,Member,Female,Household,8.17,2,0.82,17.16,19/01/2025,20:07:10,Credit Card,16.34,0.18,2.94,5.9
INV-103947,C,Leeds,Normal,Male,Frozen Foods,9.87,3,1.48,31.09,03/01/2025,17:07:48,Credit Card,29.61,0.11,3.26,4.9
INV-103948,C,Leeds,Member,Female,Dairy & Eggs,4.84,6,1.45,30.49,15/10/2025,20:55:05,Mobile Wallet,29.04,0.08,2.32,8.7
INV-103949,D,Bradford,Member,Male,Bakery,5.11,13,3.32,69.75,10/06/2025,11:42:42,Cash,66.43,0.1,6.64,7.9
INV-103950,B,Salford,Member,Male,Baby Products,25.19,3,3.78,79.35,25/08/2025,11:46:04,Debit Card,75.57,0.16,12.09,7.0
INV-103951,D,Bradford,Normal,Female,Beverages,8.91,5,2.23,46.78,23/02/2025,13:30:43,Debit Card,44.55,0.12,5.35,7.9
INV-103952,D,Bradford,Normal,Female,Personal Care,14.43,7,5.05,106.06,12/07/2025,16:08:57,Debit Card,101.01,0.2,20.2,6.4
INV-103953,B,Salford,Normal,Female,Fresh Produce,9.05,7,3.17,66.52,24/03/2025,12:02:10,Mobile Wallet,63.35,0.09,5.7,7.5
INV-103954,A,Manchester,Member,Female,Household,11.64,2,1.16,24.44,12/04/2025,16:21:42,Cash,23.28,0.18,4.19,6.8
INV-103955,D,Bradford,Member,Female,Fresh Produce,1.32,4,0.26,5.54,20/01/2025,09:43:10,Debit Card,5.28,0.09,0.48,7.9
INV-103956,D,Bradford,Normal,Male,Personal Care,2.19,3,0.33,6.9,29/03/2025,16:04:00,Cash,6.57,0.2,1.31,7.2
INV-103957,D,Bradford,Member,Female,Personal Care,20.39,12,12.23,256.91,08/10/2025,14:25:21,Debit Card,244.68,0.2,48.94,7.6
INV-103958,D,Bradford,Member,Male,Health & Wellness,27.74,5,6.93,145.63,05/01/2025,17:16:31,Debit Card,138.7,0.22,30.51,8.0
INV-103959,C,Leeds,Member,Female,Frozen Foods,10.67,3,1.6,33.61,11/08/2025,15:02:35,Cash,32.01,0.11,3.52,7.6
INV-103960,C,Leeds,Member,Male,Beverages,6.63,4,1.33,27.85,25/09/2025,15:47:26,Debit Card,26.52,0.12,3.18,6.7
INV-103961,C,Leeds,Member,Male,Frozen Foods,11.74,7,4.11,86.29,16/10/2025,20:05:37,Cash,82.18,0.11,9.04,8.1
INV-103962,B,Salford,Member,Female,Dairy & Eggs,4.25,3,0.64,13.39,29/05/2025,11:46:08,Debit Card,12.75,0.08,1.02,5.8
INV-103963,B,Salford,Normal,Male,Baby Products,27.43,4,5.49,115.21,23/09/2025,13:04:43,Credit Card,109.72,0.16,17.56,4.0
INV-103964,C,Leeds,Member,Male,Personal Care,10.71,2,1.07,22.49,25/08/2025,16:26:38,Cash,21.42,0.2,4.28,6.9
INV-103965,B,Salford,Normal,Male,Personal Care,16.16,5,4.04,84.84,11/03/2025,20:56:18,Credit Card,80.8,0.2,16.16,6.9
INV-103966,B,Salford,Normal,Male,Beverages,6.74,8,2.7,56.62,06/01/2025,14:08:52,Cash,53.92,0.12,6.47,7.1
INV-103967,C,Leeds,Member,Male,Personal Care,13.02,4,2.6,54.68,02/04/2025,13:34:40,Debit Card,52.08,0.2,10.42,6.7
INV-103968,B,Salford,Member,Male,Snacks,3.43,3,0.51,10.8,04/02/2025,14:11:15,Debit Card,10.29,0.15,1.54,6.8
INV-103969,A,Manchester,Member,Male,Beverages,9.8,8,3.92,82.32,26/12/2025,16:32:01,Debit Card,78.4,0.12,9.41,6.5
INV-103970,B,Salford,Member,Female,Baby Products,30.73,1,1.54,32.27,22/12/2025,14:51:15,Debit Card,30.73,0.16,4.92,6.7
INV-103971,A,Manchester,Normal,Male,Frozen Foods,9.62,9,4.33,90.91,19/06/2025,16:18:09,Cash,86.58,0.11,9.52,7.3
INV-103972,A,Manchester,Normal,Female,Health & Wellness,14.79,7,5.18,108.71,16/11/2025,14:52:18,Mobile Wallet,103.53,0.22,22.78,6.1
INV-103973,D,Bradford,Normal,Female,Frozen Foods,14.17,12,8.5,178.54,04/02/2025,15:21:46,Mobile Wallet,170.04,0.11,18.7,6.0
INV-103974,C,Leeds,Member,Female,Dairy & Eggs,5.29,9,2.38,49.99,26/06/2025,17:54:43,Cash,47.61,0.08,3.81,7.3
INV-103975,A,Manchester,Normal,Female,Beverages,1.34,6,0.4,8.44,21/05/2025,11:06:16,Credit Card,8.04,0.12,0.96,6.1
INV-103976,C,Leeds,Normal,Male,Health & Wellness,11.29,3,1.69,35.56,27/10/2025,17:03:19,Credit Card,33.87,0.22,7.45,4.4
INV-103977,C,Leeds,Normal,Male,Snacks,4.9,5,1.23,25.73,16/11/2025,20:29:16,Cash,24.5,0.15,3.67,4.9
INV-103978,D,Bradford,Normal,Male,Personal Care,8.95,4,1.79,37.59,15/10/2025,18:23:06,Credit Card,35.8,0.2,7.16,5.0
INV-103979,B,Salford,Normal,Female,Baby Products,27.26,4,5.45,114.49,31/10/2025,10:24:40,Cash,109.04,0.16,17.45,8.0
INV-103980,B,Salford,Member,Female,Household,16.32,1,0.82,17.14,21/04/2025,08:18:10,Mobile Wallet,16.32,0.18,2.94,7.3
INV-103981,C,Leeds,Member,Female,Dairy & Eggs,2.45,1,0.12,2.57,15/05/2025,16:58:08,Debit Card,2.45,0.08,0.2,6.2
INV-103982,A,Manchester,Member,Female,Snacks,3.69,1,0.18,3.87,25/09/2025,10:29:38,Debit Card,3.69,0.15,0.55,8.0
INV-103983,D,Bradford,Member,Male,Frozen Foods,9.54,9,4.29,90.15,22/10/2025,12:07:08,Debit Card,85.86,0.11,9.44,7.7
INV-103984,C,Leeds,Member,Male,Fresh Produce,5.05,7,1.77,37.12,18/04/2025,16:11:58,Debit Card,35.35,0.09,3.18,8.1
INV-103985,B,Salford,Member,Female,Bakery,4.95,3,0.74,15.59,29/04/2025,17:14:57,Cash,14.85,0.1,1.49,5.3
INV-103986,B,Salford,Normal,Female,Beverages,5.62,2,0.56,11.8,11/11/2025,15:44:05,Credit Card,11.24,0.12,1.35,5.5
INV-103987,B,Salford,Normal,Female,Fresh Produce,9.29,9,4.18,87.79,26/03/2025,19:53:24,Credit Card,83.61,0.09,7.52,7.4
INV-103988,D,Bradford,Member,Female,Beverages,13.23,10,6.62,138.92,15/06/2025,20:47:20,Debit Card,132.3,0.12,15.88,6.8
INV-103989,A,Manchester,Member,Female,Dairy & Eggs,6.42,3,0.96,20.22,12/03/2025,17:38:43,Credit Card,19.26,0.08,1.54,8.2
INV-103990,D,Bradford,Member,Male,Baby Products,39.05,1,1.95,41.0,07/12/2025,20:37:50,Debit Card,39.05,0.16,6.25,4.0
INV-103991,D,Bradford,Normal,Male,Dairy & Eggs,6.23,2,0.62,13.08,04/06/2025,19:04:58,Credit Card,12.46,0.08,1.0,7.4
INV-103992,A,Manchester,Normal,Female,Household,7.98,2,0.8,16.76,14/10/2025,15:35:47,Credit Card,15.96,0.18,2.87,8.1
INV-103993,D,Bradford,Normal,Male,Snacks,6.12,3,0.92,19.28,17/07/2025,15:39:19,Credit Card,18.36,0.15,2.75,8.5
INV-103994,D,Bradford,Member,Male,Frozen Foods,12.99,5,3.25,68.2,09/06/2025,15:43:49,Debit Card,64.95,0.11,7.14,7.2
INV-103995,C,Leeds,Member,Female,Household,7.07,9,3.18,66.81,06/11/2025,16:59:37,Debit Card,63.63,0.18,11.45,6.5
INV-103996,B,Salford,Normal,Female,Frozen Foods,5.76,5,1.44,30.24,21/11/2025,12:14:14,Debit Card,28.8,0.11,3.17,8.2
INV-103997,C,Leeds,Member,Female,Bakery,10.16,4,2.03,42.67,12/08/2025,19:00:12,Credit Card,40.64,0.1,4.06,7.7
INV-103998,D,Bradford,Member,Male,Dairy & Eggs,6.5,2,0.65,13.65,22/12/2025,20:49:50,Credit Card,13.0,0.08,1.04,7.9
INV-103999,C,Leeds,Member,Female,Frozen Foods,14.53,7,5.09,106.8,13/10/2025,13:07:30,Mobile Wallet,101.71,0.11,11.19,8.0
INV-104000,D,Bradford,Normal,Male,Snacks,4.36,2,0.44,9.16,02/04/2025,13:06:06,Mobile Wallet,8.72,0.15,1.31,5.9
INV-104001,A,Manchester,Normal,Male,Personal Care,8.68,3,1.3,27.34,27/08/2025,19:45:27,Credit Card,26.04,0.2,5.21,6.7
INV-104002,C,Leeds,Member,Male,Bakery,9.34,3,1.4,29.42,20/04/2025,11:37:13,Credit Card,28.02,0.1,2.8,4.9
INV-104003,B,Salford,Normal,Male,Beverages,11.15,3,1.67,35.12,11/07/2025,13:05:22,Credit Card,33.45,0.12,4.01,7.7
INV-104004,B,Salford,Member,Female,Baby Products,6.28,8,2.51,52.75,11/04/2025,14:02:14,Mobile Wallet,50.24,0.16,8.04,7.1
INV-104005,D,Bradford,Member,Male,Health & Wellness,20.48,9,9.22,193.54,27/09/2025,17:24:10,Cash,184.32,0.22,40.55,7.2
INV-104006,B,Salford,Normal,Female,Fresh Produce,3.51,7,1.23,25.8,28/10/2025,16:46:13,Mobile Wallet,24.57,0.09,2.21,6.9
INV-104007,C,Leeds,Member,Male,Baby Products,32.38,2,3.24,68.0,18/02/2025,16:49:27,Cash,64.76,0.16,10.36,6.5
INV-104008,C,Leeds,Member,Male,Beverages,2.02,7,0.71,14.85,15/09/2025,11:52:26,Credit Card,14.14,0.12,1.7,8.7
INV-104009,A,Manchester,Member,Male,Beverages,8.0,4,1.6,33.6,18/01/2025,12:05:58,Cash,32.0,0.12,3.84,6.5
INV-104010,C,Leeds,Member,Male,Snacks,1.26,8,0.5,10.58,23/07/2025,12:17:15,Debit Card,10.08,0.15,1.51,6.1
INV-104011,A,Manchester,Member,Male,Personal Care,11.35,9,5.11,107.26,21/05/2025,10:20:26,Mobile Wallet,102.15,0.2,20.43,9.9
INV-104012,A,Manchester,Member,Female,Beverages,13.09,10,6.55,137.45,30/08/2025,18:12:18,Debit Card,130.9,0.12,15.71,5.8
INV-104013,D,Bradford,Member,Male,Bakery,2.73,6,0.82,17.2,30/03/2025,08:54:21,Debit Card,16.38,0.1,1.64,9.0
INV-104014,D,Bradford,Member,Female,Baby Products,15.46,2,1.55,32.47,20/01/2025,21:43:19,Cash,30.92,0.16,4.95,6.0
INV-104015,C,Leeds,Normal,Female,Dairy & Eggs,3.55,1,0.18,3.73,10/11/2025,17:06:57,Mobile Wallet,3.55,0.08,0.28,6.4
INV-104016,B,Salford,Member,Female,Snacks,0.94,12,0.56,11.84,09/03/2025,19:55:18,Cash,11.28,0.15,1.69,6.6
INV-104017,A,Manchester,Member,Male,Baby Products,22.73,9,10.23,214.8,03/03/2025,17:39:16,Mobile Wallet,204.57,0.16,32.73,6.9
INV-104018,A,Manchester,Normal,Male,Baby Products,18.97,2,1.9,39.84,23/11/2025,20:11:28,Debit Card,37.94,0.16,6.07,6.6
INV-104019,A,Manchester,Member,Male,Frozen Foods,16.25,9,7.31,153.56,19/02/2025,15:04:58,Mobile Wallet,146.25,0.11,16.09,5.9
INV-104020,C,Leeds,Member,Female,Dairy & Eggs,2.5,4,0.5,10.5,02/12/2025,11:09:26,Mobile Wallet,10.0,0.08,0.8,7.8
INV-104021,A,Manchester,Member,Male,Beverages,17.42,4,3.48,73.16,11/12/2025,11:23:15,Debit Card,69.68,0.12,8.36,6.8
INV-104022,C,Leeds,Normal,Female,Dairy & Eggs,1.88,3,0.28,5.92,28/10/2025,11:50:17,Mobile Wallet,5.64,0.08,0.45,6.1
INV-104023,C,Leeds,Normal,Female,Frozen Foods,2.43,8,0.97,20.41,07/12/2025,12:54:08,Cash,19.44,0.11,2.14,7.3
INV-104024,D,Bradford,Member,Male,Fresh Produce,1.61,1,0.08,1.69,08/12/2025,12:57:09,Mobile Wallet,1.61,0.09,0.14,5.7
INV-104025,A,Manchester,Normal,Female,Bakery,5.44,1,0.27,5.71,09/04/2025,17:28:47,Debit Card,5.44,0.1,0.54,6.8
INV-104026,B,Salford,Normal,Male,Frozen Foods,5.19,4,1.04,21.8,12/02/2025,15:21:43,Mobile Wallet,20.76,0.11,2.28,6.7
INV-104027,B,Salford,Member,Male,Bakery,9.71,6,2.91,61.17,23/01/2025,12:11:13,Credit Card,58.26,0.1,5.83,7.6
INV-104028,C,Leeds,Normal,Female,Personal Care,7.99,3,1.2,25.17,19/12/2025,17:28:54,Debit Card,23.97,0.2,4.79,6.0
INV-104029,D,Bradford,Normal,Female,Personal Care,6.3,1,0.32,6.62,22/11/2025,21:14:24,Mobile Wallet,6.3,0.2,1.26,7.3
INV-104030,A,Manchester,Member,Male,Beverages,8.38,8,3.35,70.39,21/05/2025,12:34:53,Mobile Wallet,67.04,0.12,8.04,7.8
INV-104031,C,Leeds,Member,Female,Frozen Foods,11.81,4,2.36,49.6,24/06/2025,21:17:21,Credit Card,47.24,0.11,5.2,7.8
INV-104032,D,Bradford,Member,Female,Frozen Foods,7.57,1,0.38,7.95,17/10/2025,14:29:11,Debit Card,7.57,0.11,0.83,6.5
INV-104033,D,Bradford,Normal,Female,Baby Products,8.96,3,1.34,28.22,01/03/2025,18:57:28,Mobile Wallet,26.88,0.16,4.3,8.7
INV-104034,A,Manchester,Member,Female,Household,4.11,5,1.03,21.58,14/02/2025,18:12:26,Debit Card,20.55,0.18,3.7,7.0
INV-104035,B,Salford,Member,Male,Frozen Foods,8.11,10,4.05,85.15,30/10/2025,17:41:42,Cash,81.1,0.11,8.92,6.0
INV-104036,A,Manchester,Member,Female,Beverages,9.63,1,0.48,10.11,06/01/2025,12:59:31,Cash,9.63,0.12,1.16,8.4
INV-104037,B,Salford,Normal,Male,Snacks,2.29,5,0.57,12.02,24/08/2025,13:32:17,Cash,11.45,0.15,1.72,6.9
INV-104038,A,Manchester,Member,Female,Baby Products,41.46,3,6.22,130.6,07/06/2025,17:02:06,Credit Card,124.38,0.16,19.9,6.6
INV-104039,B,Salford,Normal,Female,Baby Products,7.65,4,1.53,32.13,08/06/2025,15:51:32,Cash,30.6,0.16,4.9,7.2
INV-104040,A,Manchester,Member,Male,Household,23.09,6,6.93,145.47,28/12/2025,16:32:56,Credit Card,138.54,0.18,24.94,6.1
INV-104041,C,Leeds,Member,Female,Health & Wellness,5.31,1,0.27,5.58,23/05/2025,13:36:43,Cash,5.31,0.22,1.17,8.6
INV-104042,B,Salford,Member,Male,Snacks,6.32,9,2.84,59.72,31/07/2025,20:27:45,Debit Card,56.88,0.15,8.53,7.5
INV-104043,B,Salford,Member,Female,Snacks,2.87,7,1.0,21.09,20/05/2025,11:37:15,Credit Card,20.09,0.15,3.01,6.9
INV-104044,B,Salford,Normal,Female,Frozen Foods,12.98,10,6.49,136.29,01/06/2025,11:53:30,Cash,129.8,0.11,14.28,6.8
INV-104045,C,Leeds,Normal,Male,Frozen Foods,7.6,4,1.52,31.92,16/05/2025,15:55:59,Credit Card,30.4,0.11,3.34,7.2
INV-104046,A,Manchester,Member,Male,Baby Products,19.51,1,0.98,20.49,01/07/2025,13:39:00,Credit Card,19.51,0.16,3.12,6.2
INV-104047,C,Leeds,Member,Male,Personal Care,12.84,4,2.57,53.93,25/11/2025,13:41:58,Credit Card,51.36,0.2,10.27,5.6
INV-104048,D,Bradford,Member,Female,Baby Products,9.89,3,1.48,31.15,19/01/2025,08:00:59,Mobile Wallet,29.67,0.16,4.75,7.1
INV-104049,D,Bradford,Normal,Female,Beverages,10.41,5,2.6,54.65,03/10/2025,19:28:05,Debit Card,52.05,0.12,6.25,5.9
INV-104050,B,Salford,Member,Male,Household,20.99,6,6.3,132.24,27/06/2025,21:15:03,Cash,125.94,0.18,22.67,6.1
INV-104051,C,Leeds,Normal,Female,Frozen Foods,10.47,6,3.14,65.96,25/06/2025,13:23:05,Debit Card,62.82,0.11,6.91,6.7
INV-104052,C,Leeds,Member,Female,Fresh Produce,4.47,10,2.24,46.94,20/09/2025,20:04:52,Debit Card,44.7,0.09,4.02,5.3
INV-104053,B,Salford,Member,Male,Beverages,4.21,2,0.42,8.84,22/04/2025,20:10:35,Credit Card,8.42,0.12,1.01,6.6
INV-104054,D,Bradford,Normal,Male,Fresh Produce,1.35,11,0.74,15.59,17/01/2025,20:27:44,Cash,14.85,0.09,1.34,5.6
INV-104055,A,Manchester,Normal,Female,Personal Care,13.38,4,2.68,56.2,01/09/2025,13:08:09,Credit Card,53.52,0.2,10.7,7.0
INV-104056,B,Salford,Member,Male,Household,8.54,3,1.28,26.9,28/10/2025,11:15:14,Debit Card,25.62,0.18,4.61,7.5
INV-104057,C,Leeds,Normal,Male,Health & Wellness,32.09,6,9.63,202.17,16/10/2025,15:29:31,Cash,192.54,0.22,42.36,7.7
INV-104058,D,Bradford,Normal,Female,Health & Wellness,24.54,1,1.23,25.77,15/06/2025,08:48:31,Credit Card,24.54,0.22,5.4,6.8
INV-104059,A,Manchester,Member,Male,Snacks,1.76,1,0.09,1.85,05/01/2025,10:41:36,Debit Card,1.76,0.15,0.26,7.9
INV-104060,B,Salford,Normal,Male,Dairy & Eggs,2.3,3,0.35,7.25,01/09/2025,17:42:23,Cash,6.9,0.08,0.55,5.9
INV-104061,C,Leeds,Member,Male,Personal Care,24.54,2,2.45,51.53,28/11/2025,21:45:54,Debit Card,49.08,0.2,9.82,9.0
INV-104062,A,Manchester,Member,Female,Household,20.96,8,8.38,176.06,03/07/2025,14:20:30,Mobile Wallet,167.68,0.18,30.18,7.0
INV-104063,C,Leeds,Member,Female,Snacks,4.32,8,1.73,36.29,28/08/2025,09:00:09,Mobile Wallet,34.56,0.15,5.18,8.4
INV-104064,B,Salford,Normal,Female,Household,23.31,9,10.49,220.28,13/08/2025,19:33:29,Debit Card,209.79,0.18,37.76,7.1
INV-104065,D,Bradford,Normal,Male,Health & Wellness,27.27,5,6.82,143.17,24/07/2025,17:49:40,Cash,136.35,0.22,30.0,6.3
INV-104066,D,Bradford,Normal,Female,Bakery,4.63,13,3.01,63.2,10/05/2025,16:50:27,Debit Card,60.19,0.1,6.02,7.8
INV-104067,C,Leeds,Member,Male,Baby Products,22.0,4,4.4,92.4,05/09/2025,20:45:26,Credit Card,88.0,0.16,14.08,9.8
INV-104068,D,Bradford,Member,Male,Frozen Foods,2.27,10,1.14,23.84,21/01/2025,17:08:19,Credit Card,22.7,0.11,2.5,7.6
INV-104069,B,Salford,Member,Female,Baby Products,5.33,11,2.93,61.56,04/08/2025,11:29:04,Debit Card,58.63,0.16,9.38,9.7
INV-104070,D,Bradford,Normal,Male,Baby Products,18.28,1,0.91,19.19,23/10/2025,12:52:11,Debit Card,18.28,0.16,2.92,7.9
INV-104071,D,Bradford,Normal,Female,Household,8.28,5,2.07,43.47,25/03/2025,11:57:38,Credit Card,41.4,0.18,7.45,5.2
INV-104072,B,Salford,Normal,Male,Fresh Produce,8.84,5,2.21,46.41,02/11/2025,16:17:36,Credit Card,44.2,0.09,3.98,5.5
INV-104073,B,Salford,Normal,Female,Bakery,6.78,2,0.68,14.24,08/03/2025,17:19:53,Credit Card,13.56,0.1,1.36,4.1
INV-104074,C,Leeds,Member,Female,Snacks,5.67,2,0.57,11.91,16/02/2025,17:40:29,Debit Card,11.34,0.15,1.7,6.9
INV-104075,C,Leeds,Member,Female,Snacks,1.88,3,0.28,5.92,27/06/2025,14:24:24,Cash,5.64,0.15,0.85,7.2
INV-104076,D,Bradford,Normal,Male,Fresh Produce,8.28,2,0.83,17.39,26/03/2025,21:56:34,Cash,16.56,0.09,1.49,6.4
INV-104077,D,Bradford,Normal,Female,Frozen Foods,15.22,8,6.09,127.85,04/12/2025,11:46:22,Credit Card,121.76,0.11,13.39,6.5
INV-104078,B,Salford,Member,Female,Household,11.53,10,5.77,121.07,30/03/2025,17:43:11,Mobile Wallet,115.3,0.18,20.75,7.8
INV-104079,C,Leeds,Member,Male,Health & Wellness,13.97,1,0.7,14.67,11/02/2025,14:24:01,Debit Card,13.97,0.22,3.07,7.3
INV-104080,B,Salford,Member,Female,Personal Care,25.02,7,8.76,183.9,15/04/2025,14:34:45,Debit Card,175.14,0.2,35.03,8.0
INV-104081,D,Bradford,Normal,Female,Baby Products,22.0,5,5.5,115.5,06/05/2025,18:02:15,Credit Card,110.0,0.16,17.6,6.7
INV-104082,B,Salford,Normal,Male,Fresh Produce,4.75,11,2.61,54.86,03/01/2025,20:54:52,Cash,52.25,0.09,4.7,8.3
INV-104083,D,Bradford,Member,Female,Baby Products,26.05,9,11.72,246.17,26/06/2025,16:05:43,Debit Card,234.45,0.16,37.51,6.8
INV-104084,A,Manchester,Member,Male,Beverages,14.48,6,4.34,91.22,09/10/2025,15:00:04,Cash,86.88,0.12,10.43,5.8
INV-104085,D,Bradford,Member,Female,Beverages,5.71,2,0.57,11.99,30/08/2025,16:12:11,Mobile Wallet,11.42,0.12,1.37,6.1
INV-104086,D,Bradford,Member,Male,Baby Products,7.98,4,1.6,33.52,28/12/2025,16:46:43,Debit Card,31.92,0.16,5.11,6.2
INV-104087,B,Salford,Normal,Female,Health & Wellness,29.77,1,1.49,31.26,18/07/2025,19:29:56,Cash,29.77,0.22,6.55,7.3
INV-104088,B,Salford,Member,Male,Beverages,7.97,6,2.39,50.21,10/03/2025,19:33:27,Credit Card,47.82,0.12,5.74,5.0
INV-104089,D,Bradford,Normal,Male,Fresh Produce,2.75,2,0.28,5.78,25/05/2025,16:37:54,Credit Card,5.5,0.09,0.49,6.1
INV-104090,D,Bradford,Member,Male,Dairy & Eggs,4.69,8,1.88,39.4,01/10/2025,15:23:29,Cash,37.52,0.08,3.0,7.2
INV-104091,A,Manchester,Normal,Male,Fresh Produce,3.69,2,0.37,7.75,08/09/2025,18:05:44,Mobile Wallet,7.38,0.09,0.66,6.8
INV-104092,A,Manchester,Normal,Female,Baby Products,7.3,2,0.73,15.33,08/11/2025,16:07:04,Debit Card,14.6,0.16,2.34,5.5
INV-104093,B,Salford,Member,Female,Bakery,3.34,2,0.33,7.01,08/07/2025,15:33:57,Cash,6.68,0.1,0.67,6.8
INV-104094,C,Leeds,Normal,Male,Household,16.91,5,4.23,88.78,14/09/2025,20:32:35,Mobile Wallet,84.55,0.18,15.22,8.0
INV-104095,A,Manchester,Member,Male,Fresh Produce,2.79,1,0.14,2.93,09/02/2025,20:49:14,Debit Card,2.79,0.09,0.25,6.1
INV-104096,B,Salford,Member,Female,Frozen Foods,17.57,3,2.64,55.35,13/09/2025,21:56:30,Debit Card,52.71,0.11,5.8,6.2
INV-104097,B,Salford,Member,Female,Snacks,6.32,3,0.95,19.91,19/04/2025,12:02:21,Mobile Wallet,18.96,0.15,2.84,6.6
INV-104098,C,Leeds,Member,Male,Personal Care,6.57,8,2.63,55.19,17/02/2025,08:42:02,Credit Card,52.56,0.2,10.51,6.0
INV-104099,C,Leeds,Normal,Male,Beverages,13.31,10,6.66,139.76,01/12/2025,15:13:27,Debit Card,133.1,0.12,15.97,8.0
INV-104100,B,Salford,Member,Male,Health & Wellness,14.31,1,0.72,15.03,19/03/2025,16:32:52,Debit Card,14.31,0.22,3.15,6.6
INV-104101,C,Leeds,Member,Male,Bakery,10.05,5,2.51,52.76,18/07/2025,13:56:45,Debit Card,50.25,0.1,5.03,6.5
INV-104102,D,Bradford,Member,Female,Snacks,4.99,5,1.25,26.2,14/05/2025,16:03:39,Debit Card,24.95,0.15,3.74,6.2
INV-104103,D,Bradford,Normal,Female,Beverages,12.16,5,3.04,63.84,25/03/2025,10:45:08,Mobile Wallet,60.8,0.12,7.3,5.7
INV-104104,D,Bradford,Normal,Female,Bakery,3.53,6,1.06,22.24,27/08/2025,11:00:01,Credit Card,21.18,0.1,2.12,8.9
INV-104105,A,Manchester,Member,Male,Snacks,5.45,9,2.45,51.5,18/12/2025,19:36:43,Cash,49.05,0.15,7.36,7.8
INV-104106,A,Manchester,Member,Male,Dairy & Eggs,5.52,7,1.93,40.57,07/01/2025,09:33:17,Debit Card,38.64,0.08,3.09,8.5
INV-104107,B,Salford,Normal,Male,Personal Care,20.53,5,5.13,107.78,07/03/2025,14:47:04,Mobile Wallet,102.65,0.2,20.53,5.8
INV-104108,D,Bradford,Member,Male,Dairy & Eggs,4.37,6,1.31,27.53,06/01/2025,15:13:38,Mobile Wallet,26.22,0.08,2.1,7.3
INV-104109,D,Bradford,Normal,Male,Frozen Foods,2.14,1,0.11,2.25,05/08/2025,10:34:43,Credit Card,2.14,0.11,0.24,6.2
INV-104110,A,Manchester,Member,Male,Snacks,4.24,1,0.21,4.45,06/08/2025,15:11:04,Cash,4.24,0.15,0.64,6.6
INV-104111,C,Leeds,Member,Female,Baby Products,31.47,5,7.87,165.22,06/11/2025,09:37:03,Debit Card,157.35,0.16,25.18,7.9
INV-104112,D,Bradford,Member,Male,Baby Products,15.87,1,0.79,16.66,31/08/2025,13:17:34,Credit Card,15.87,0.16,2.54,7.4
INV-104113,C,Leeds,Member,Male,Health & Wellness,27.65,1,1.38,29.03,27/02/2025,14:10:50,Debit Card,27.65,0.22,6.08,6.1
INV-104114,B,Salford,Member,Male,Frozen Foods,6.88,3,1.03,21.67,30/09/2025,17:30:01,Cash,20.64,0.11,2.27,8.6
INV-104115,D,Bradford,Normal,Female,Baby Products,37.5,9,16.88,354.38,18/03/2025,19:49:23,Mobile Wallet,337.5,0.16,54.0,6.8
INV-104116,A,Manchester,Normal,Male,Beverages,2.99,7,1.05,21.98,29/12/2025,18:01:22,Debit Card,20.93,0.12,2.51,6.0
INV-104117,C,Leeds,Normal,Female,Dairy & Eggs,2.33,2,0.23,4.89,21/09/2025,19:12:26,Cash,4.66,0.08,0.37,7.2
INV-104118,D,Bradford,Member,Male,Fresh Produce,1.78,6,0.53,11.21,25/01/2025,17:48:50,Debit Card,10.68,0.09,0.96,6.2
INV-104119,D,Bradford,Normal,Male,Personal Care,7.76,1,0.39,8.15,21/01/2025,14:55:33,Mobile Wallet,7.76,0.2,1.55,5.7
INV-104120,A,Manchester,Member,Male,Personal Care,16.79,5,4.2,88.15,24/08/2025,19:17:19,Credit Card,83.95,0.2,16.79,6.2
INV-104121,C,Leeds,Normal,Female,Snacks,6.7,2,0.67,14.07,03/11/2025,13:57:10,Debit Card,13.4,0.15,2.01,6.0
INV-104122,C,Leeds,Member,Male,Baby Products,14.25,2,1.43,29.93,06/08/2025,18:26:56,Mobile Wallet,28.5,0.16,4.56,7.0
INV-104123,C,Leeds,Normal,Male,Bakery,5.91,6,1.77,37.23,13/01/2025,19:25:16,Cash,35.46,0.1,3.55,5.7
INV-104124,C,Leeds,Member,Female,Beverages,12.74,5,3.19,66.89,31/05/2025,17:50:09,Mobile Wallet,63.7,0.12,7.64,7.2
INV-104125,C,Leeds,Member,Male,Beverages,8.34,9,3.75,78.81,09/01/2025,16:08:45,Cash,75.06,0.12,9.01,6.4
INV-104126,D,Bradford,Normal,Male,Personal Care,4.0,2,0.4,8.4,02/06/2025,14:28:18,Debit Card,8.0,0.2,1.6,5.5
INV-104127,A,Manchester,Normal,Female,Bakery,1.35,5,0.34,7.09,02/07/2025,17:46:27,Debit Card,6.75,0.1,0.68,6.9
INV-104128,A,Manchester,Normal,Male,Household,8.15,1,0.41,8.56,08/05/2025,16:25:39,Credit Card,8.15,0.18,1.47,5.9
INV-104129,B,Salford,Member,Female,Baby Products,37.37,5,9.34,196.19,01/10/2025,08:26:06,Cash,186.85,0.16,29.9,7.6
INV-104130,A,Manchester,Member,Female,Bakery,2.71,3,0.41,8.54,16/03/2025,10:00:57,Mobile Wallet,8.13,0.1,0.81,7.0
INV-104131,D,Bradford,Normal,Male,Beverages,2.42,6,0.73,15.25,21/05/2025,10:52:54,Mobile Wallet,14.52,0.12,1.74,6.4
INV-104132,C,Leeds,Member,Male,Baby Products,29.73,6,8.92,187.3,19/12/2025,20:02:14,Debit Card,178.38,0.16,28.54,7.9
INV-104133,B,Salford,Member,Male,Snacks,6.19,8,2.48,52.0,21/01/2025,12:33:30,Debit Card,49.52,0.15,7.43,7.8
INV-104134,A,Manchester,Normal,Male,Personal Care,10.97,2,1.1,23.04,10/07/2025,17:35:49,Mobile Wallet,21.94,0.2,4.39,8.4
INV-104135,A,Manchester,Member,Female,Baby Products,5.61,4,1.12,23.56,08/11/2025,11:08:45,Credit Card,22.44,0.16,3.59,6.0
INV-104136,A,Manchester,Member,Male,Bakery,8.61,2,0.86,18.08,20/09/2025,20:58:42,Credit Card,17.22,0.1,1.72,6.8
INV-104137,A,Manchester,Member,Male,Bakery,9.04,5,2.26,47.46,23/11/2025,13:56:06,Debit Card,45.2,0.1,4.52,5.1
INV-104138,C,Leeds,Member,Male,Health & Wellness,9.61,4,1.92,40.36,25/07/2025,10:32:30,Credit Card,38.44,0.22,8.46,6.5
INV-104139,A,Manchester,Member,Female,Beverages,6.0,13,3.9,81.9,12/05/2025,17:24:12,Credit Card,78.0,0.12,9.36,6.3
INV-104140,A,Manchester,Normal,Male,Baby Products,10.08,1,0.5,10.58,01/03/2025,17:50:45,Debit Card,10.08,0.16,1.61,7.2
INV-104141,B,Salford,Member,Male,Frozen Foods,3.73,8,1.49,31.33,05/06/2025,17:43:28,Credit Card,29.84,0.11,3.28,5.8
INV-104142,B,Salford,Member,Female,Personal Care,8.16,7,2.86,59.98,11/07/2025,18:40:44,Mobile Wallet,57.12,0.2,11.42,7.3
INV-104143,D,Bradford,Member,Female,Baby Products,10.64,1,0.53,11.17,12/08/2025,14:44:48,Debit Card,10.64,0.16,1.7,5.0
INV-104144,C,Leeds,Member,Female,Health & Wellness,16.34,7,5.72,120.1,22/05/2025,19:57:04,Mobile Wallet,114.38,0.22,25.16,6.6
INV-104145,A,Manchester,Member,Male,Dairy & Eggs,6.8,3,1.02,21.42,03/04/2025,12:28:53,Mobile Wallet,20.4,0.08,1.63,6.4
INV-104146,C,Leeds,Member,Male,Household,10.64,4,2.13,44.69,03/01/2025,21:04:05,Credit Card,42.56,0.18,7.66,5.3
INV-104147,D,Bradford,Member,Female,Snacks,3.74,11,2.06,43.2,10/01/2025,18:35:40,Cash,41.14,0.15,6.17,6.9
INV-104148,D,Bradford,Normal,Female,Snacks,0.71,1,0.04,0.75,21/05/2025,11:11:54,Mobile Wallet,0.71,0.15,0.11,7.2
INV-104149,C,Leeds,Normal,Male,Health & Wellness,22.93,10,11.47,240.77,03/11/2025,18:41:44,Credit Card,229.3,0.22,50.45,5.9
INV-104150,C,Leeds,Member,Female,Beverages,6.17,3,0.93,19.44,24/04/2025,17:37:41,Debit Card,18.51,0.12,2.22,7.8
INV-104151,B,Salford,Normal,Female,Bakery,9.32,5,2.33,48.93,30/12/2025,11:52:11,Credit Card,46.6,0.1,4.66,8.1
INV-104152,C,Leeds,Normal,Female,Baby Products,9.79,1,0.49,10.28,02/02/2025,16:27:12,Debit Card,9.79,0.16,1.57,7.0
INV-104153,C,Leeds,Member,Male,Beverages,6.71,4,1.34,28.18,29/10/2025,20:09:59,Debit Card,26.84,0.12,3.22,7.2
INV-104154,D,Bradford,Member,Male,Bakery,4.88,6,1.46,30.74,05/10/2025,16:18:14,Credit Card,29.28,0.1,2.93,5.2
INV-104155,D,Bradford,Member,Male,Personal Care,4.61,2,0.46,9.68,13/10/2025,18:07:38,Debit Card,9.22,0.2,1.84,6.5
INV-104156,A,Manchester,Member,Male,Personal Care,23.77,7,8.32,174.71,24/06/2025,21:08:52,Debit Card,166.39,0.2,33.28,4.8
INV-104157,C,Leeds,Member,Male,Frozen Foods,7.31,8,2.92,61.4,16/08/2025,18:16:45,Cash,58.48,0.11,6.43,7.0
INV-104158,B,Salford,Member,Male,Frozen Foods,17.26,2,1.73,36.25,13/09/2025,18:46:35,Debit Card,34.52,0.11,3.8,8.6
INV-104159,B,Salford,Normal,Female,Baby Products,16.84,4,3.37,70.73,11/12/2025,18:43:45,Debit Card,67.36,0.16,10.78,9.0
INV-104160,D,Bradford,Member,Male,Bakery,6.51,4,1.3,27.34,26/07/2025,12:58:24,Credit Card,26.04,0.1,2.6,6.9
INV-104161,A,Manchester,Member,Female,Beverages,12.37,1,0.62,12.99,20/11/2025,10:22:53,Cash,12.37,0.12,1.48,7.2
INV-104162,D,Bradford,Normal,Male,Beverages,3.22,6,0.97,20.29,12/02/2025,18:23:35,Debit Card,19.32,0.12,2.32,8.5
INV-104163,B,Salford,Normal,Male,Frozen Foods,13.52,11,7.44,156.16,05/06/2025,18:12:41,Credit Card,148.72,0.11,16.36,5.9
INV-104164,C,Leeds,Normal,Male,Dairy & Eggs,1.33,9,0.6,12.57,20/08/2025,11:07:57,Credit Card,11.97,0.08,0.96,5.6
INV-104165,D,Bradford,Member,Female,Dairy & Eggs,6.45,3,0.97,20.32,21/03/2025,14:23:45,Credit Card,19.35,0.08,1.55,6.5
INV-104166,B,Salford,Member,Male,Fresh Produce,8.0,1,0.4,8.4,17/10/2025,17:50:52,Credit Card,8.0,0.09,0.72,5.1
INV-104167,D,Bradford,Member,Male,Frozen Foods,2.24,6,0.67,14.11,12/01/2025,11:44:10,Debit Card,13.44,0.11,1.48,7.0
INV-104168,C,Leeds,Normal,Male,Health & Wellness,18.32,6,5.5,115.42,01/05/2025,18:06:12,Cash,109.92,0.22,24.18,5.3
INV-104169,D,Bradford,Member,Female,Fresh Produce,3.35,7,1.17,24.62,13/07/2025,13:50:03,Cash,23.45,0.09,2.11,6.4
INV-104170,A,Manchester,Member,Female,Personal Care,11.58,2,1.16,24.32,22/07/2025,12:28:26,Debit Card,23.16,0.2,4.63,7.8
INV-104171,B,Salford,Member,Female,Health & Wellness,5.69,7,1.99,41.82,26/02/2025,11:26:33,Mobile Wallet,39.83,0.22,8.76,5.7
INV-104172,C,Leeds,Member,Female,Fresh Produce,9.88,5,2.47,51.87,23/03/2025,16:56:44,Cash,49.4,0.09,4.45,9.3
INV-104173,D,Bradford,Normal,Male,Dairy & Eggs,5.8,2,0.58,12.18,30/06/2025,17:28:32,Credit Card,11.6,0.08,0.93,7.0
INV-104174,B,Salford,Normal,Male,Household,7.05,5,1.76,37.01,03/11/2025,13:06:44,Debit Card,35.25,0.18,6.34,7.8
INV-104175,C,Leeds,Normal,Male,Health & Wellness,31.83,2,3.18,66.84,05/07/2025,17:02:49,Cash,63.66,0.22,14.01,7.5
INV-104176,A,Manchester,Member,Male,Household,9.48,1,0.47,9.95,15/09/2025,16:40:50,Debit Card,9.48,0.18,1.71,10.0
INV-104177,D,Bradford,Member,Female,Beverages,10.55,4,2.11,44.31,26/07/2025,13:37:22,Cash,42.2,0.12,5.06,5.2
INV-104178,D,Bradford,Member,Male,Frozen Foods,10.4,3,1.56,32.76,27/05/2025,13:06:32,Debit Card,31.2,0.11,3.43,5.4
INV-104179,D,Bradford,Member,Female,Snacks,3.06,3,0.46,9.64,01/04/2025,14:35:11,Mobile Wallet,9.18,0.15,1.38,7.6
INV-104180,D,Bradford,Normal,Male,Personal Care,14.27,1,0.71,14.98,02/01/2025,10:35:43,Credit Card,14.27,0.2,2.85,5.5
INV-104181,C,Leeds,Member,Male,Health & Wellness,15.76,1,0.79,16.55,02/12/2025,17:11:06,Debit Card,15.76,0.22,3.47,7.2
INV-104182,B,Salford,Normal,Female,Snacks,5.82,7,2.04,42.78,16/07/2025,10:33:28,Debit Card,40.74,0.15,6.11,8.3
INV-104183,D,Bradford,Normal,Male,Beverages,8.55,4,1.71,35.91,30/07/2025,17:07:50,Debit Card,34.2,0.12,4.1,5.1
INV-104184,B,Salford,Normal,Female,Frozen Foods,4.69,7,1.64,34.47,13/11/2025,13:00:45,Mobile Wallet,32.83,0.11,3.61,7.7
INV-104185,B,Salford,Member,Female,Baby Products,27.72,6,8.32,174.64,09/11/2025,17:28:38,Credit Card,166.32,0.16,26.61,6.1
INV-104186,A,Manchester,Member,Male,Household,11.57,4,2.31,48.59,12/01/2025,21:21:54,Credit Card,46.28,0.18,8.33,6.3
INV-104187,C,Leeds,Normal,Female,Frozen Foods,7.42,10,3.71,77.91,27/03/2025,19:17:41,Credit Card,74.2,0.11,8.16,6.7
INV-104188,D,Bradford,Member,Female,Baby Products,7.46,2,0.75,15.67,09/07/2025,13:50:45,Mobile Wallet,14.92,0.16,2.39,5.3
INV-104189,A,Manchester,Member,Male,Bakery,10.48,3,1.57,33.01,10/10/2025,11:00:49,Debit Card,31.44,0.1,3.14,6.2
INV-104190,B,Salford,Normal,Female,Frozen Foods,6.51,8,2.6,54.68,23/08/2025,08:31:07,Credit Card,52.08,0.11,5.73,5.8
INV-104191,C,Leeds,Member,Female,Bakery,4.5,4,0.9,18.9,31/03/2025,11:21:26,Debit Card,18.0,0.1,1.8,6.8
INV-104192,D,Bradford,Member,Female,Fresh Produce,2.17,10,1.08,22.78,15/06/2025,10:59:50,Debit Card,21.7,0.09,1.95,5.9
INV-104193,B,Salford,Member,Male,Beverages,0.72,2,0.07,1.51,03/02/2025,09:15:19,Debit Card,1.44,0.12,0.17,5.4
INV-104194,A,Manchester,Member,Female,Beverages,11.49,11,6.32,132.71,23/10/2025,18:24:49,Debit Card,126.39,0.12,15.17,8.0
INV-104195,D,Bradford,Normal,Male,Dairy & Eggs,1.96,8,0.78,16.46,06/05/2025,09:47:40,Cash,15.68,0.08,1.25,5.7
INV-104196,D,Bradford,Normal,Female,Fresh Produce,8.39,2,0.84,17.62,01/04/2025,16:57:32,Cash,16.78,0.09,1.51,7.9
INV-104197,D,Bradford,Normal,Female,Household,18.61,8,7.44,156.32,06/11/2025,13:02:59,Cash,148.88,0.18,26.8,6.4
INV-104198,C,Leeds,Normal,Female,Snacks,2.87,1,0.14,3.01,06/05/2025,11:57:04,Debit Card,2.87,0.15,0.43,6.3
INV-104199,D,Bradford,Normal,Female,Bakery,3.28,3,0.49,10.33,04/01/2025,16:28:11,Cash,9.84,0.1,0.98,5.4
INV-104200,A,Manchester,Member,Male,Fresh Produce,9.51,8,3.8,79.88,24/09/2025,21:02:37,Debit Card,76.08,0.09,6.85,4.7
INV-104201,D,Bradford,Member,Male,Frozen Foods,11.58,11,6.37,133.75,06/02/2025,18:27:10,Cash,127.38,0.11,14.01,8.8
INV-104202,D,Bradford,Normal,Male,Personal Care,9.06,2,0.91,19.03,03/10/2025,18:00:32,Debit Card,18.12,0.2,3.62,6.9
INV-104203,A,Manchester,Member,Female,Frozen Foods,18.95,5,4.74,99.49,13/08/2025,09:44:35,Debit Card,94.75,0.11,10.42,8.6
INV-104204,D,Bradford,Normal,Female,Household,9.07,2,0.91,19.05,30/05/2025,16:46:41,Debit Card,18.14,0.18,3.27,5.7
INV-104205,D,Bradford,Normal,Female,Baby Products,38.26,3,5.74,120.52,06/07/2025,19:17:15,Debit Card,114.78,0.16,18.36,8.4
INV-104206,D,Bradford,Normal,Male,Health & Wellness,13.67,1,0.68,14.35,08/08/2025,14:11:09,Debit Card,13.67,0.22,3.01,6.6
INV-104207,A,Manchester,Normal,Female,Baby Products,40.09,7,14.03,294.66,16/03/2025,14:53:58,Debit Card,280.63,0.16,44.9,7.1
INV-104208,C,Leeds,Member,Female,Dairy & Eggs,6.8,1,0.34,7.14,28/03/2025,20:21:16,Mobile Wallet,6.8,0.08,0.54,7.6
INV-104209,C,Leeds,Member,Male,Frozen Foods,7.94,5,1.99,41.69,03/12/2025,21:54:55,Debit Card,39.7,0.11,4.37,6.4
INV-104210,C,Leeds,Normal,Female,Bakery,2.8,9,1.26,26.46,05/05/2025,17:09:38,Cash,25.2,0.1,2.52,5.9
INV-104211,D,Bradford,Normal,Female,Health & Wellness,6.86,3,1.03,21.61,16/05/2025,17:42:41,Credit Card,20.58,0.22,4.53,5.8
INV-104212,A,Manchester,Member,Male,Baby Products,38.72,1,1.94,40.66,25/11/2025,16:10:24,Cash,38.72,0.16,6.2,7.8
INV-104213,A,Manchester,Member,Male,Fresh Produce,11.41,5,2.85,59.9,30/12/2025,10:46:33,Debit Card,57.05,0.09,5.13,6.1
INV-104214,D,Bradford,Member,Female,Beverages,11.76,3,1.76,37.04,14/05/2025,15:39:35,Credit Card,35.28,0.12,4.23,5.9
INV-104215,C,Leeds,Member,Male,Fresh Produce,10.39,2,1.04,21.82,19/12/2025,13:25:02,Credit Card,20.78,0.09,1.87,6.9
INV-104216,D,Bradford,Member,Male,Beverages,7.34,2,0.73,15.41,19/08/2025,11:16:41,Credit Card,14.68,0.12,1.76,6.9
INV-104217,C,Leeds,Normal,Male,Bakery,1.85,4,0.37,7.77,01/11/2025,16:54:47,Cash,7.4,0.1,0.74,5.2
INV-104218,A,Manchester,Member,Female,Frozen Foods,17.83,5,4.46,93.61,17/03/2025,11:35:11,Mobile Wallet,89.15,0.11,9.81,8.0
INV-104219,C,Leeds,Member,Female,Baby Products,6.81,3,1.02,21.45,24/04/2025,20:57:57,Credit Card,20.43,0.16,3.27,7.3
INV-104220,C,Leeds,Normal,Male,Household,13.86,8,5.54,116.42,30/05/2025,20:08:01,Credit Card,110.88,0.18,19.96,7.8
INV-104221,C,Leeds,Member,Female,Frozen Foods,5.2,3,0.78,16.38,18/10/2025,14:13:18,Credit Card,15.6,0.11,1.72,7.9
INV-104222,C,Leeds,Member,Male,Beverages,1.83,9,0.82,17.29,14/08/2025,17:16:46,Debit Card,16.47,0.12,1.98,5.6
INV-104223,C,Leeds,Normal,Female,Bakery,9.27,3,1.39,29.2,22/12/2025,11:57:01,Credit Card,27.81,0.1,2.78,6.3
INV-104224,B,Salford,Member,Female,Fresh Produce,1.44,10,0.72,15.12,08/11/2025,19:34:02,Mobile Wallet,14.4,0.09,1.3,5.3
INV-104225,C,Leeds,Member,Male,Household,9.97,3,1.5,31.41,12/05/2025,21:30:48,Credit Card,29.91,0.18,5.38,6.9
INV-104226,B,Salford,Normal,Female,Beverages,7.13,5,1.78,37.43,19/04/2025,17:12:29,Cash,35.65,0.12,4.28,7.9
INV-104227,C,Leeds,Member,Female,Frozen Foods,7.9,4,1.58,33.18,27/10/2025,17:56:10,Credit Card,31.6,0.11,3.48,6.7
INV-104228,A,Manchester,Member,Male,Fresh Produce,1.56,3,0.23,4.91,06/07/2025,11:13:34,Debit Card,4.68,0.09,0.42,6.0
INV-104229,D,Bradford,Normal,Male,Dairy & Eggs,4.4,12,2.64,55.44,13/11/2025,14:06:16,Debit Card,52.8,0.08,4.22,7.0
INV-104230,B,Salford,Member,Male,Snacks,5.43,6,1.63,34.21,26/11/2025,14:42:33,Credit Card,32.58,0.15,4.89,8.3
INV-104231,B,Salford,Normal,Male,Household,15.38,1,0.77,16.15,25/09/2025,17:58:22,Credit Card,15.38,0.18,2.77,4.6
INV-104232,C,Leeds,Member,Male,Health & Wellness,14.41,3,2.16,45.39,06/09/2025,18:50:35,Debit Card,43.23,0.22,9.51,7.8
INV-104233,B,Salford,Member,Male,Snacks,2.29,1,0.11,2.4,31/03/2025,19:13:57,Mobile Wallet,2.29,0.15,0.34,8.4
INV-104234,D,Bradford,Member,Male,Snacks,4.65,5,1.16,24.41,08/01/2025,17:57:54,Debit Card,23.25,0.15,3.49,5.5
INV-104235,A,Manchester,Member,Male,Household,5.16,1,0.26,5.42,26/04/2025,16:50:35,Cash,5.16,0.18,0.93,6.8
INV-104236,C,Leeds,Member,Female,Household,7.2,3,1.08,22.68,25/04/2025,19:11:25,Mobile Wallet,21.6,0.18,3.89,8.8
INV-104237,B,Salford,Normal,Male,Bakery,10.18,1,0.51,10.69,08/11/2025,14:06:07,Debit Card,10.18,0.1,1.02,7.7
INV-104238,A,Manchester,Normal,Female,Frozen Foods,1.73,6,0.52,10.9,02/07/2025,15:48:56,Credit Card,10.38,0.11,1.14,8.6
INV-104239,D,Bradford,Member,Male,Health & Wellness,9.95,4,1.99,41.79,19/10/2025,17:41:27,Credit Card,39.8,0.22,8.76,7.7
INV-104240,A,Manchester,Normal,Female,Personal Care,8.48,8,3.39,71.23,14/04/2025,15:35:02,Debit Card,67.84,0.2,13.57,8.0
INV-104241,C,Leeds,Member,Female,Health & Wellness,29.94,3,4.49,94.31,24/07/2025,11:17:12,Credit Card,89.82,0.22,19.76,7.4
INV-104242,A,Manchester,Normal,Male,Baby Products,6.54,1,0.33,6.87,17/09/2025,14:18:46,Credit Card,6.54,0.16,1.05,5.5
INV-104243,A,Manchester,Member,Male,Health & Wellness,13.82,5,3.46,72.56,11/10/2025,19:12:16,Credit Card,69.1,0.22,15.2,7.7
INV-104244,A,Manchester,Member,Female,Baby Products,38.84,6,11.65,244.69,17/08/2025,14:35:34,Debit Card,233.04,0.16,37.29,7.5
INV-104245,B,Salford,Normal,Female,Health & Wellness,10.44,6,3.13,65.77,12/05/2025,18:43:31,Mobile Wallet,62.64,0.22,13.78,7.4
INV-104246,B,Salford,Normal,Female,Beverages,1.29,2,0.13,2.71,27/04/2025,13:09:05,Credit Card,2.58,0.12,0.31,7.9
INV-104247,D,Bradford,Member,Female,Personal Care,3.25,9,1.46,30.71,21/01/2025,17:49:14,Debit Card,29.25,0.2,5.85,6.2
INV-104248,C,Leeds,Normal,Male,Fresh Produce,5.24,3,0.79,16.51,16/02/2025,14:39:40,Debit Card,15.72,0.09,1.41,6.3
INV-104249,B,Salford,Normal,Female,Snacks,1.83,8,0.73,15.37,09/03/2025,12:24:19,Debit Card,14.64,0.15,2.2,7.1
INV-104250,C,Leeds,Normal,Female,Frozen Foods,16.38,10,8.19,171.99,17/04/2025,15:18:40,Debit Card,163.8,0.11,18.02,7.0
INV-104251,B,Salford,Member,Female,Snacks,2.06,6,0.62,12.98,27/10/2025,14:57:38,Cash,12.36,0.15,1.85,6.0
INV-104252,D,Bradford,Member,Male,Beverages,6.02,2,0.6,12.64,20/02/2025,19:39:23,Debit Card,12.04,0.12,1.44,5.7
INV-104253,A,Manchester,Member,Male,Beverages,2.09,8,0.84,17.56,21/11/2025,16:15:49,Cash,16.72,0.12,2.01,7.1
INV-104254,A,Manchester,Member,Female,Beverages,8.37,4,1.67,35.15,02/09/2025,19:06:42,Debit Card,33.48,0.12,4.02,6.0
INV-104255,A,Manchester,Member,Male,Frozen Foods,17.35,6,5.21,109.31,12/02/2025,21:00:57,Debit Card,104.1,0.11,11.45,7.9
INV-104256,D,Bradford,Member,Female,Baby Products,5.08,2,0.51,10.67,21/02/2025,11:49:29,Debit Card,10.16,0.16,1.63,7.3
INV-104257,B,Salford,Member,Male,Snacks,6.58,4,1.32,27.64,03/06/2025,15:57:51,Debit Card,26.32,0.15,3.95,7.8
INV-104258,A,Manchester,Normal,Male,Household,14.56,1,0.73,15.29,27/02/2025,10:28:12,Debit Card,14.56,0.18,2.62,5.7
INV-104259,D,Bradford,Member,Female,Health & Wellness,16.6,1,0.83,17.43,29/10/2025,17:12:25,Debit Card,16.6,0.22,3.65,7.1
INV-104260,D,Bradford,Normal,Female,Dairy & Eggs,4.21,5,1.05,22.1,09/05/2025,10:22:01,Debit Card,21.05,0.08,1.68,5.2
INV-104261,D,Bradford,Normal,Male,Beverages,12.12,1,0.61,12.73,10/09/2025,19:44:46,Cash,12.12,0.12,1.45,6.5
INV-104262,B,Salford,Member,Male,Personal Care,22.28,8,8.91,187.15,17/09/2025,14:34:00,Mobile Wallet,178.24,0.2,35.65,7.0
INV-104263,D,Bradford,Member,Male,Beverages,8.27,9,3.72,78.15,27/11/2025,18:21:24,Debit Card,74.43,0.12,8.93,7.3
INV-104264,C,Leeds,Member,Male,Bakery,9.66,1,0.48,10.14,30/09/2025,21:35:27,Debit Card,9.66,0.1,0.97,5.6
INV-104265,B,Salford,Member,Male,Snacks,1.4,7,0.49,10.29,21/05/2025,15:26:51,Debit Card,9.8,0.15,1.47,5.9
INV-104266,C,Leeds,Member,Male,Health & Wellness,25.32,4,5.06,106.34,27/02/2025,13:25:22,Credit Card,101.28,0.22,22.28,6.9
INV-104267,B,Salford,Normal,Male,Snacks,5.16,9,2.32,48.76,04/01/2025,20:39:02,Debit Card,46.44,0.15,6.97,7.2
INV-104268,C,Leeds,Member,Male,Personal Care,11.58,8,4.63,97.27,11/09/2025,13:19:56,Debit Card,92.64,0.2,18.53,7.1
INV-104269,B,Salford,Normal,Female,Baby Products,13.58,1,0.68,14.26,03/02/2025,11:35:54,Credit Card,13.58,0.16,2.17,5.4
INV-104270,D,Bradford,Normal,Male,Frozen Foods,9.48,11,5.21,109.49,18/02/2025,20:46:55,Mobile Wallet,104.28,0.11,11.47,7.7
INV-104271,D,Bradford,Normal,Male,Snacks,4.89,2,0.49,10.27,23/11/2025,15:36:45,Credit Card,9.78,0.15,1.47,6.4
INV-104272,B,Salford,Normal,Female,Frozen Foods,17.28,8,6.91,145.15,25/02/2025,15:19:12,Debit Card,138.24,0.11,15.21,4.6
INV-104273,B,Salford,Normal,Female,Beverages,15.29,5,3.82,80.27,07/06/2025,16:42:54,Debit Card,76.45,0.12,9.17,5.7
INV-104274,C,Leeds,Member,Male,Frozen Foods,3.23,4,0.65,13.57,29/09/2025,14:16:25,Debit Card,12.92,0.11,1.42,6.9
INV-104275,D,Bradford,Member,Female,Beverages,11.14,9,5.01,105.27,17/12/2025,16:07:50,Credit Card,100.26,0.12,12.03,6.7
INV-104276,C,Leeds,Normal,Female,Baby Products,31.93,8,12.77,268.21,20/10/2025,12:52:16,Mobile Wallet,255.44,0.16,40.87,4.3
INV-104277,B,Salford,Normal,Male,Baby Products,7.62,1,0.38,8.0,22/03/2025,12:48:11,Debit Card,7.62,0.16,1.22,6.7
INV-104278,B,Salford,Member,Male,Household,19.51,8,7.8,163.88,29/03/2025,12:25:19,Credit Card,156.08,0.18,28.09,6.8
INV-104279,B,Salford,Member,Female,Frozen Foods,7.88,8,3.15,66.19,16/06/2025,20:46:14,Debit Card,63.04,0.11,6.93,5.5
INV-104280,D,Bradford,Member,Male,Frozen Foods,10.96,3,1.64,34.52,18/05/2025,16:34:30,Mobile Wallet,32.88,0.11,3.62,5.8
INV-104281,B,Salford,Normal,Male,Frozen Foods,3.08,5,0.77,16.17,30/08/2025,18:17:47,Cash,15.4,0.11,1.69,7.9
INV-104282,C,Leeds,Member,Male,Fresh Produce,10.2,2,1.02,21.42,16/03/2025,21:06:57,Mobile Wallet,20.4,0.09,1.84,8.3
INV-104283,C,Leeds,Member,Male,Beverages,0.83,5,0.21,4.36,01/07/2025,19:00:10,Debit Card,4.15,0.12,0.5,7.2
INV-104284,C,Leeds,Normal,Male,Personal Care,3.86,4,0.77,16.21,07/06/2025,18:03:03,Cash,15.44,0.2,3.09,6.0
INV-104285,D,Bradford,Member,Male,Beverages,8.32,5,2.08,43.68,02/08/2025,14:57:32,Cash,41.6,0.12,4.99,8.1
INV-104286,A,Manchester,Normal,Male,Frozen Foods,12.11,5,3.03,63.58,29/01/2025,17:31:28,Debit Card,60.55,0.11,6.66,8.5
INV-104287,D,Bradford,Member,Male,Health & Wellness,10.75,4,2.15,45.15,27/11/2025,16:54:24,Mobile Wallet,43.0,0.22,9.46,7.0
INV-104288,B,Salford,Member,Male,Personal Care,9.76,10,4.88,102.48,21/05/2025,13:21:17,Mobile Wallet,97.6,0.2,19.52,6.4
INV-104289,A,Manchester,Normal,Female,Personal Care,13.76,3,2.06,43.34,17/04/2025,15:09:07,Mobile Wallet,41.28,0.2,8.26,7.1
INV-104290,C,Leeds,Normal,Male,Beverages,5.19,4,1.04,21.8,11/07/2025,12:23:15,Debit Card,20.76,0.12,2.49,5.4
INV-104291,A,Manchester,Normal,Male,Beverages,11.4,2,1.14,23.94,07/08/2025,10:57:17,Cash,22.8,0.12,2.74,5.7
INV-104292,D,Bradford,Member,Male,Personal Care,8.82,7,3.09,64.83,13/10/2025,12:02:20,Cash,61.74,0.2,12.35,5.7
INV-104293,B,Salford,Normal,Female,Household,18.73,2,1.87,39.33,13/11/2025,14:27:18,Mobile Wallet,37.46,0.18,6.74,6.4
INV-104294,D,Bradford,Member,Male,Baby Products,20.84,4,4.17,87.53,24/02/2025,12:31:35,Cash,83.36,0.16,13.34,6.7
INV-104295,A,Manchester,Member,Female,Bakery,1.35,1,0.07,1.42,24/03/2025,15:30:45,Credit Card,1.35,0.1,0.14,6.3
INV-104296,C,Leeds,Member,Male,Beverages,2.46,3,0.37,7.75,31/10/2025,14:07:44,Debit Card,7.38,0.12,0.89,7.0
INV-104297,D,Bradford,Normal,Female,Baby Products,21.58,3,3.24,67.98,04/12/2025,21:33:04,Credit Card,64.74,0.16,10.36,4.2
INV-104298,D,Bradford,Member,Male,Personal Care,18.54,4,3.71,77.87,08/05/2025,17:23:29,Debit Card,74.16,0.2,14.83,6.7
INV-104299,C,Leeds,Member,Male,Frozen Foods,8.13,1,0.41,8.54,31/01/2025,20:09:29,Debit Card,8.13,0.11,0.89,10.0
INV-104300,A,Manchester,Normal,Female,Snacks,6.88,5,1.72,36.12,24/11/2025,14:48:51,Cash,34.4,0.15,5.16,6.8
INV-104301,C,Leeds,Normal,Male,Personal Care,20.86,2,2.09,43.81,03/10/2025,19:05:41,Cash,41.72,0.2,8.34,7.0
INV-104302,C,Leeds,Normal,Male,Bakery,8.26,2,0.83,17.35,26/05/2025,12:51:02,Debit Card,16.52,0.1,1.65,5.4
INV-104303,A,Manchester,Member,Male,Fresh Produce,8.77,5,2.19,46.04,10/03/2025,15:18:14,Debit Card,43.85,0.09,3.95,5.7
INV-104304,A,Manchester,Normal,Male,Personal Care,28.08,10,14.04,294.84,31/07/2025,12:34:15,Cash,280.8,0.2,56.16,6.9
INV-104305,B,Salford,Member,Female,Bakery,2.57,9,1.16,24.29,29/10/2025,19:24:44,Mobile Wallet,23.13,0.1,2.31,6.2
INV-104306,C,Leeds,Member,Female,Beverages,3.77,10,1.89,39.59,15/10/2025,19:51:04,Mobile Wallet,37.7,0.12,4.52,8.5
INV-104307,A,Manchester,Normal,Male,Dairy & Eggs,3.58,3,0.54,11.28,06/05/2025,20:01:26,Cash,10.74,0.08,0.86,7.1
INV-104308,C,Leeds,Normal,Male,Health & Wellness,24.15,1,1.21,25.36,13/10/2025,15:20:56,Debit Card,24.15,0.22,5.31,6.9
INV-104309,C,Leeds,Normal,Female,Bakery,3.98,6,1.19,25.07,13/03/2025,15:23:35,Debit Card,23.88,0.1,2.39,6.5
INV-104310,A,Manchester,Normal,Male,Baby Products,8.55,5,2.14,44.89,04/07/2025,17:50:05,Debit Card,42.75,0.16,6.84,4.8
INV-104311,D,Bradford,Normal,Female,Bakery,3.08,4,0.62,12.94,05/04/2025,11:00:03,Credit Card,12.32,0.1,1.23,7.6
INV-104312,C,Leeds,Normal,Male,Snacks,2.57,8,1.03,21.59,27/04/2025,15:37:56,Credit Card,20.56,0.15,3.08,7.9
INV-104313,D,Bradford,Normal,Male,Fresh Produce,7.97,7,2.79,58.58,20/06/2025,14:40:30,Debit Card,55.79,0.09,5.02,7.6
INV-104314,B,Salford,Normal,Male,Household,16.66,3,2.5,52.48,11/05/2025,17:10:04,Mobile Wallet,49.98,0.18,9.0,6.0
INV-104315,A,Manchester,Member,Female,Personal Care,14.43,9,6.49,136.36,03/03/2025,08:34:09,Credit Card,129.87,0.2,25.97,5.4
INV-104316,D,Bradford,Member,Male,Dairy & Eggs,4.46,2,0.45,9.37,22/07/2025,12:27:10,Credit Card,8.92,0.08,0.71,6.6
INV-104317,D,Bradford,Normal,Female,Household,10.8,3,1.62,34.02,28/09/2025,18:33:29,Cash,32.4,0.18,5.83,4.9
INV-104318,A,Manchester,Member,Male,Snacks,2.78,1,0.14,2.92,09/01/2025,21:43:54,Debit Card,2.78,0.15,0.42,5.9
INV-104319,D,Bradford,Normal,Female,Personal Care,6.97,2,0.7,14.64,16/09/2025,12:17:15,Debit Card,13.94,0.2,2.79,5.4
INV-104320,C,Leeds,Member,Male,Bakery,6.09,3,0.91,19.18,25/05/2025,12:38:33,Debit Card,18.27,0.1,1.83,5.5
INV-104321,C,Leeds,Member,Female,Fresh Produce,5.7,5,1.43,29.93,08/02/2025,20:08:21,Mobile Wallet,28.5,0.09,2.56,5.7
INV-104322,A,Manchester,Member,Female,Personal Care,23.99,6,7.2,151.14,30/09/2025,15:01:42,Debit Card,143.94,0.2,28.79,6.6
INV-104323,B,Salford,Member,Female,Bakery,2.8,10,1.4,29.4,21/10/2025,11:29:41,Credit Card,28.0,0.1,2.8,7.9
INV-104324,D,Bradford,Member,Female,Personal Care,4.54,4,0.91,19.07,07/02/2025,17:12:35,Cash,18.16,0.2,3.63,4.9
INV-104325,D,Bradford,Member,Male,Personal Care,6.88,7,2.41,50.57,27/08/2025,16:54:05,Credit Card,48.16,0.2,9.63,7.2
INV-104326,D,Bradford,Member,Female,Household,10.46,9,4.71,98.85,30/11/2025,14:09:23,Cash,94.14,0.18,16.95,8.8
INV-104327,C,Leeds,Member,Female,Snacks,5.59,8,2.24,46.96,04/04/2025,13:33:08,Credit Card,44.72,0.15,6.71,8.1
INV-104328,C,Leeds,Member,Male,Dairy & Eggs,2.61,13,1.7,35.63,28/09/2025,19:43:54,Debit Card,33.93,0.08,2.71,5.6
INV-104329,D,Bradford,Normal,Female,Health & Wellness,21.76,2,2.18,45.7,25/07/2025,18:15:26,Debit Card,43.52,0.22,9.57,7.0
INV-104330,C,Leeds,Member,Female,Household,5.29,2,0.53,11.11,16/11/2025,14:46:39,Debit Card,10.58,0.18,1.9,6.9
INV-104331,D,Bradford,Member,Female,Health & Wellness,4.69,2,0.47,9.85,05/01/2025,13:27:13,Credit Card,9.38,0.22,2.06,6.4
INV-104332,B,Salford,Member,Male,Beverages,15.72,1,0.79,16.51,07/08/2025,13:55:09,Credit Card,15.72,0.12,1.89,4.1
INV-104333,B,Salford,Member,Male,Fresh Produce,8.97,8,3.59,75.35,25/04/2025,13:20:32,Debit Card,71.76,0.09,6.46,4.9
INV-104334,C,Leeds,Member,Male,Snacks,4.35,3,0.65,13.7,01/12/2025,16:17:22,Credit Card,13.05,0.15,1.96,5.7
INV-104335,B,Salford,Member,Male,Household,9.67,6,2.9,60.92,23/10/2025,18:44:23,Debit Card,58.02,0.18,10.44,6.1
INV-104336,B,Salford,Member,Female,Fresh Produce,7.76,2,0.78,16.3,17/03/2025,10:36:06,Debit Card,15.52,0.09,1.4,9.3
INV-104337,B,Salford,Member,Male,Household,9.75,1,0.49,10.24,03/04/2025,14:44:08,Cash,9.75,0.18,1.75,7.6
INV-104338,A,Manchester,Member,Female,Baby Products,33.62,4,6.72,141.2,01/10/2025,11:18:33,Mobile Wallet,134.48,0.16,21.52,7.3
INV-104339,A,Manchester,Member,Female,Bakery,6.33,4,1.27,26.59,04/10/2025,13:53:54,Debit Card,25.32,0.1,2.53,6.2
INV-104340,C,Leeds,Normal,Female,Baby Products,30.93,5,7.73,162.38,17/06/2025,19:16:32,Credit Card,154.65,0.16,24.74,8.6
INV-104341,C,Leeds,Member,Female,Baby Products,33.72,8,13.49,283.25,03/12/2025,17:27:46,Debit Card,269.76,0.16,43.16,10.0
INV-104342,B,Salford,Member,Female,Household,21.24,1,1.06,22.3,05/06/2025,14:59:22,Credit Card,21.24,0.18,3.82,8.1
INV-104343,B,Salford,Normal,Male,Household,15.07,2,1.51,31.65,19/05/2025,17:20:10,Mobile Wallet,30.14,0.18,5.43,6.5
INV-104344,B,Salford,Member,Female,Personal Care,15.94,3,2.39,50.21,01/07/2025,13:39:33,Debit Card,47.82,0.2,9.56,4.7
INV-104345,A,Manchester,Member,Female,Bakery,3.27,1,0.16,3.43,14/08/2025,11:14:48,Credit Card,3.27,0.1,0.33,6.4
INV-104346,A,Manchester,Normal,Male,Snacks,1.3,8,0.52,10.92,14/01/2025,14:18:07,Mobile Wallet,10.4,0.15,1.56,8.2
INV-104347,D,Bradford,Member,Female,Dairy & Eggs,4.38,7,1.53,32.19,14/07/2025,13:37:28,Credit Card,30.66,0.08,2.45,8.3
INV-104348,A,Manchester,Member,Male,Frozen Foods,6.82,13,4.43,93.09,13/08/2025,15:38:39,Credit Card,88.66,0.11,9.75,8.1
INV-104349,D,Bradford,Member,Female,Baby Products,18.43,7,6.45,135.46,16/04/2025,19:33:33,Debit Card,129.01,0.16,20.64,7.2
INV-104350,D,Bradford,Normal,Female,Fresh Produce,6.53,2,0.65,13.71,17/02/2025,16:49:14,Credit Card,13.06,0.09,1.18,8.3
INV-104351,B,Salford,Member,Female,Personal Care,21.44,5,5.36,112.56,25/03/2025,18:00:14,Cash,107.2,0.2,21.44,6.3
INV-104352,B,Salford,Member,Female,Frozen Foods,4.11,9,1.85,38.84,08/09/2025,16:24:50,Debit Card,36.99,0.11,4.07,5.5
INV-104353,C,Leeds,Normal,Male,Personal Care,17.8,6,5.34,112.14,01/08/2025,11:50:03,Credit Card,106.8,0.2,21.36,4.7
INV-104354,B,Salford,Normal,Female,Dairy & Eggs,2.28,3,0.34,7.18,16/02/2025,11:03:24,Credit Card,6.84,0.08,0.55,4.9
INV-104355,C,Leeds,Normal,Male,Household,6.5,4,1.3,27.3,11/05/2025,19:00:40,Debit Card,26.0,0.18,4.68,7.9
INV-104356,A,Manchester,Member,Male,Dairy & Eggs,7.61,1,0.38,7.99,09/01/2025,16:43:49,Cash,7.61,0.08,0.61,5.8
INV-104357,A,Manchester,Member,Male,Snacks,3.23,4,0.65,13.57,04/08/2025,14:59:22,Credit Card,12.92,0.15,1.94,7.6
INV-104358,D,Bradford,Member,Female,Personal Care,14.1,9,6.35,133.25,01/07/2025,12:29:27,Mobile Wallet,126.9,0.2,25.38,7.3
INV-104359,C,Leeds,Member,Male,Frozen Foods,9.56,1,0.48,10.04,03/02/2025,15:43:36,Debit Card,9.56,0.11,1.05,6.4
INV-104360,D,Bradford,Member,Male,Fresh Produce,2.67,1,0.13,2.8,28/04/2025,13:52:49,Credit Card,2.67,0.09,0.24,6.0
INV-104361,A,Manchester,Normal,Male,Dairy & Eggs,2.85,4,0.57,11.97,30/08/2025,21:29:20,Debit Card,11.4,0.08,0.91,5.8
INV-104362,A,Manchester,Member,Male,Health & Wellness,37.21,2,3.72,78.14,28/11/2025,13:03:15,Mobile Wallet,74.42,0.22,16.37,6.2
INV-104363,C,Leeds,Member,Female,Household,4.7,7,1.65,34.55,14/03/2025,18:09:58,Credit Card,32.9,0.18,5.92,8.3
INV-104364,B,Salford,Normal,Female,Dairy & Eggs,1.71,8,0.68,14.36,17/10/2025,13:47:13,Debit Card,13.68,0.08,1.09,7.8
INV-104365,A,Manchester,Member,Female,Baby Products,34.21,8,13.68,287.36,23/09/2025,15:12:07,Cash,273.68,0.16,43.79,7.8
INV-104366,B,Salford,Normal,Female,Health & Wellness,21.58,9,9.71,203.93,22/12/2025,19:50:43,Credit Card,194.22,0.22,42.73,6.7
INV-104367,D,Bradford,Normal,Female,Personal Care,10.04,2,1.0,21.08,01/02/2025,15:01:14,Mobile Wallet,20.08,0.2,4.02,7.6
INV-104368,B,Salford,Normal,Male,Snacks,1.77,5,0.44,9.29,10/07/2025,09:51:54,Cash,8.85,0.15,1.33,9.3
INV-104369,D,Bradford,Normal,Female,Baby Products,32.16,10,16.08,337.68,03/08/2025,20:14:05,Mobile Wallet,321.6,0.16,51.46,5.6
INV-104370,B,Salford,Normal,Female,Health & Wellness,23.02,4,4.6,96.68,23/09/2025,11:43:40,Mobile Wallet,92.08,0.22,20.26,4.2
INV-104371,B,Salford,Normal,Female,Household,12.64,3,1.9,39.82,06/07/2025,20:42:09,Debit Card,37.92,0.18,6.83,6.1
INV-104372,A,Manchester,Member,Female,Beverages,6.9,5,1.73,36.23,16/01/2025,13:56:43,Debit Card,34.5,0.12,4.14,6.9
INV-104373,D,Bradford,Normal,Female,Household,18.74,5,4.69,98.39,06/06/2025,15:02:44,Debit Card,93.7,0.18,16.87,5.6
INV-104374,D,Bradford,Member,Male,Beverages,3.91,2,0.39,8.21,16/05/2025,21:07:43,Cash,7.82,0.12,0.94,7.5
INV-104375,C,Leeds,Member,Female,Fresh Produce,10.55,10,5.28,110.78,14/01/2025,19:24:57,Mobile Wallet,105.5,0.09,9.49,6.8
INV-104376,C,Leeds,Member,Female,Fresh Produce,12.21,5,3.05,64.1,29/08/2025,16:15:36,Credit Card,61.05,0.09,5.49,7.7
INV-104377,A,Manchester,Normal,Female,Health & Wellness,23.03,6,6.91,145.09,28/07/2025,15:34:51,Debit Card,138.18,0.22,30.4,5.6
INV-104378,A,Manchester,Normal,Male,Frozen Foods,8.58,5,2.15,45.05,03/11/2025,18:07:58,Mobile Wallet,42.9,0.11,4.72,10.0
INV-104379,B,Salford,Member,Female,Household,20.26,3,3.04,63.82,21/02/2025,20:21:07,Debit Card,60.78,0.18,10.94,7.7
INV-104380,A,Manchester,Normal,Male,Household,8.11,10,4.05,85.15,25/04/2025,11:07:03,Debit Card,81.1,0.18,14.6,6.8
INV-104381,A,Manchester,Normal,Male,Dairy & Eggs,2.0,9,0.9,18.9,03/02/2025,10:47:53,Debit Card,18.0,0.08,1.44,5.3
INV-104382,A,Manchester,Member,Male,Bakery,5.38,3,0.81,16.95,26/08/2025,17:16:01,Cash,16.14,0.1,1.61,6.0
INV-104383,D,Bradford,Normal,Male,Baby Products,5.99,1,0.3,6.29,10/03/2025,09:02:37,Cash,5.99,0.16,0.96,6.1
INV-104384,A,Manchester,Normal,Male,Household,18.75,1,0.94,19.69,01/09/2025,12:23:55,Debit Card,18.75,0.18,3.38,5.3
INV-104385,D,Bradford,Member,Male,Frozen Foods,12.81,8,5.12,107.6,07/03/2025,15:42:00,Debit Card,102.48,0.11,11.27,5.1
INV-104386,C,Leeds,Member,Male,Bakery,9.13,5,2.28,47.93,11/11/2025,18:47:16,Debit Card,45.65,0.1,4.57,6.2
INV-104387,A,Manchester,Member,Male,Health & Wellness,29.26,3,4.39,92.17,10/09/2025,21:51:45,Credit Card,87.78,0.22,19.31,6.1
INV-104388,B,Salford,Normal,Female,Baby Products,24.81,3,3.72,78.15,23/04/2025,12:21:47,Debit Card,74.43,0.16,11.91,5.8
INV-104389,B,Salford,Member,Female,Frozen Foods,11.37,8,4.55,95.51,26/04/2025,09:33:53,Credit Card,90.96,0.11,10.01,7.2
INV-104390,A,Manchester,Normal,Female,Dairy & Eggs,1.59,3,0.24,5.01,26/07/2025,20:44:44,Credit Card,4.77,0.08,0.38,5.4
INV-104391,C,Leeds,Member,Female,Household,16.85,4,3.37,70.77,08/05/2025,15:28:14,Debit Card,67.4,0.18,12.13,7.0
INV-104392,B,Salford,Member,Male,Bakery,8.82,7,3.09,64.83,05/04/2025,18:21:40,Debit Card,61.74,0.1,6.17,6.0
INV-104393,C,Leeds,Member,Male,Household,16.76,3,2.51,52.79,30/12/2025,17:57:02,Debit Card,50.28,0.18,9.05,8.4
INV-104394,D,Bradford,Normal,Male,Baby Products,35.25,1,1.76,37.01,09/03/2025,17:41:52,Debit Card,35.25,0.16,5.64,4.8
INV-104395,C,Leeds,Member,Male,Personal Care,14.07,8,5.63,118.19,11/07/2025,11:50:16,Credit Card,112.56,0.2,22.51,5.9
INV-104396,B,Salford,Member,Female,Fresh Produce,4.75,1,0.24,4.99,17/07/2025,15:07:45,Credit Card,4.75,0.09,0.43,5.9
INV-104397,A,Manchester,Normal,Female,Household,2.71,2,0.27,5.69,04/04/2025,08:42:16,Mobile Wallet,5.42,0.18,0.98,5.6
INV-104398,A,Manchester,Normal,Female,Baby Products,25.16,2,2.52,52.84,21/11/2025,13:07:29,Debit Card,50.32,0.16,8.05,5.9
INV-104399,A,Manchester,Member,Female,Personal Care,13.66,7,4.78,100.4,24/03/2025,12:30:27,Credit Card,95.62,0.2,19.12,7.2
INV-104400,D,Bradford,Member,Male,Beverages,4.22,5,1.06,22.16,06/01/2025,10:39:13,Debit Card,21.1,0.12,2.53,7.9
INV-104401,D,Bradford,Member,Male,Frozen Foods,3.01,8,1.2,25.28,26/06/2025,18:36:36,Credit Card,24.08,0.11,2.65,4.1
INV-104402,B,Salford,Member,Male,Baby Products,37.68,2,3.77,79.13,20/08/2025,16:00:44,Credit Card,75.36,0.16,12.06,4.9
INV-104403,B,Salford,Member,Male,Household,22.7,5,5.68,119.18,15/11/2025,14:06:10,Credit Card,113.5,0.18,20.43,7.3
INV-104404,C,Leeds,Member,Male,Personal Care,8.46,6,2.54,53.3,02/03/2025,18:09:47,Cash,50.76,0.2,10.15,7.6
INV-104405,C,Leeds,Member,Male,Baby Products,31.82,2,3.18,66.82,22/06/2025,10:52:42,Debit Card,63.64,0.16,10.18,5.6
INV-104406,B,Salford,Member,Male,Personal Care,12.55,6,3.77,79.07,24/06/2025,14:00:59,Debit Card,75.3,0.2,15.06,7.9
INV-104407,D,Bradford,Normal,Male,Snacks,6.47,9,2.91,61.14,06/12/2025,21:28:34,Mobile Wallet,58.23,0.15,8.73,7.1
INV-104408,A,Manchester,Member,Male,Baby Products,30.54,3,4.58,96.2,23/09/2025,17:41:07,Mobile Wallet,91.62,0.16,14.66,7.3
INV-104409,C,Leeds,Member,Female,Snacks,6.68,3,1.0,21.04,07/07/2025,16:14:34,Cash,20.04,0.15,3.01,6.9
INV-104410,D,Bradford,Normal,Female,Health & Wellness,12.8,7,4.48,94.08,06/10/2025,14:07:05,Cash,89.6,0.22,19.71,6.1
INV-104411,B,Salford,Member,Female,Beverages,10.89,9,4.9,102.91,27/04/2025,18:33:12,Credit Card,98.01,0.12,11.76,7.9
INV-104412,D,Bradford,Member,Female,Personal Care,6.88,1,0.34,7.22,03/03/2025,20:34:24,Credit Card,6.88,0.2,1.38,6.6
INV-104413,C,Leeds,Normal,Female,Fresh Produce,5.83,6,1.75,36.73,27/06/2025,14:08:51,Mobile Wallet,34.98,0.09,3.15,6.2
INV-104414,C,Leeds,Normal,Male,Beverages,8.75,5,2.19,45.94,12/08/2025,15:23:30,Credit Card,43.75,0.12,5.25,5.8
INV-104415,A,Manchester,Normal,Female,Fresh Produce,3.66,4,0.73,15.37,23/07/2025,17:10:37,Cash,14.64,0.09,1.32,6.8
INV-104416,B,Salford,Member,Female,Dairy & Eggs,1.79,10,0.9,18.8,15/12/2025,17:27:53,Credit Card,17.9,0.08,1.43,6.2
INV-104417,B,Salford,Normal,Female,Frozen Foods,17.44,1,0.87,18.31,12/04/2025,10:48:51,Credit Card,17.44,0.11,1.92,7.0
INV-104418,C,Leeds,Normal,Female,Snacks,1.26,5,0.32,6.62,16/10/2025,13:33:09,Credit Card,6.3,0.15,0.94,6.6
INV-104419,A,Manchester,Normal,Male,Fresh Produce,2.08,6,0.62,13.1,04/10/2025,21:36:26,Debit Card,12.48,0.09,1.12,6.0
INV-104420,B,Salford,Normal,Female,Health & Wellness,26.57,5,6.64,139.49,11/07/2025,18:26:25,Cash,132.85,0.22,29.23,7.8
INV-104421,B,Salford,Normal,Female,Household,21.85,6,6.55,137.65,15/12/2025,13:58:20,Debit Card,131.1,0.18,23.6,5.8
INV-104422,B,Salford,Member,Female,Frozen Foods,9.37,3,1.41,29.52,19/03/2025,16:05:45,Credit Card,28.11,0.11,3.09,6.8
INV-104423,D,Bradford,Member,Female,Bakery,5.07,5,1.27,26.62,23/05/2025,17:06:20,Credit Card,25.35,0.1,2.54,7.1
INV-104424,A,Manchester,Normal,Male,Fresh Produce,5.06,9,2.28,47.82,01/06/2025,18:40:27,Cash,45.54,0.09,4.1,5.7
INV-104425,D,Bradford,Normal,Male,Baby Products,4.99,3,0.75,15.72,01/09/2025,10:08:44,Credit Card,14.97,0.16,2.4,6.4
INV-104426,D,Bradford,Member,Male,Household,8.69,7,3.04,63.87,11/03/2025,21:16:59,Mobile Wallet,60.83,0.18,10.95,7.7
INV-104427,C,Leeds,Normal,Female,Fresh Produce,7.2,2,0.72,15.12,08/02/2025,16:56:32,Debit Card,14.4,0.09,1.3,6.4
INV-104428,C,Leeds,Member,Male,Personal Care,5.15,8,2.06,43.26,17/04/2025,21:22:30,Debit Card,41.2,0.2,8.24,7.3
INV-104429,A,Manchester,Normal,Female,Household,16.54,13,10.75,225.77,30/07/2025,20:14:29,Debit Card,215.02,0.18,38.7,4.6
INV-104430,B,Salford,Member,Female,Household,8.88,11,4.88,102.56,04/09/2025,15:31:32,Debit Card,97.68,0.18,17.58,6.6
INV-104431,B,Salford,Member,Female,Baby Products,42.1,1,2.1,44.2,20/07/2025,10:53:23,Debit Card,42.1,0.16,6.74,6.9
INV-104432,B,Salford,Normal,Male,Health & Wellness,10.7,1,0.54,11.24,20/07/2025,17:18:48,Credit Card,10.7,0.22,2.35,5.6
INV-104433,B,Salford,Normal,Female,Bakery,4.66,4,0.93,19.57,29/06/2025,11:15:36,Debit Card,18.64,0.1,1.86,5.9
INV-104434,A,Manchester,Normal,Female,Health & Wellness,10.03,2,1.0,21.06,22/05/2025,09:22:22,Credit Card,20.06,0.22,4.41,5.0
INV-104435,B,Salford,Normal,Male,Health & Wellness,20.88,2,2.09,43.85,05/03/2025,18:42:30,Mobile Wallet,41.76,0.22,9.19,5.5
INV-104436,B,Salford,Normal,Female,Bakery,7.9,4,1.58,33.18,16/08/2025,08:14:25,Cash,31.6,0.1,3.16,6.4
INV-104437,B,Salford,Member,Male,Baby Products,24.15,11,13.28,278.93,17/06/2025,12:32:18,Cash,265.65,0.16,42.5,6.0
INV-104438,A,Manchester,Normal,Female,Personal Care,15.75,11,8.66,181.91,24/09/2025,14:35:57,Debit Card,173.25,0.2,34.65,6.2
INV-104439,C,Leeds,Normal,Female,Household,20.98,10,10.49,220.29,18/11/2025,20:35:40,Mobile Wallet,209.8,0.18,37.76,5.6
INV-104440,D,Bradford,Normal,Female,Bakery,6.78,6,2.03,42.71,05/12/2025,17:24:57,Credit Card,40.68,0.1,4.07,5.9
INV-104441,D,Bradford,Normal,Male,Fresh Produce,3.05,7,1.07,22.42,05/03/2025,12:32:07,Debit Card,21.35,0.09,1.92,6.0
INV-104442,D,Bradford,Member,Female,Fresh Produce,3.85,8,1.54,32.34,06/02/2025,14:32:13,Credit Card,30.8,0.09,2.77,7.3
INV-104443,C,Leeds,Member,Male,Personal Care,17.79,2,1.78,37.36,21/01/2025,20:43:52,Debit Card,35.58,0.2,7.12,6.6
INV-104444,D,Bradford,Member,Male,Frozen Foods,6.2,6,1.86,39.06,27/02/2025,16:21:57,Debit Card,37.2,0.11,4.09,5.1
INV-104445,D,Bradford,Member,Male,Frozen Foods,6.36,4,1.27,26.71,27/10/2025,11:37:39,Mobile Wallet,25.44,0.11,2.8,8.2
INV-104446,B,Salford,Normal,Male,Baby Products,7.82,2,0.78,16.42,30/05/2025,13:53:03,Credit Card,15.64,0.16,2.5,6.1
INV-104447,B,Salford,Normal,Female,Snacks,2.97,5,0.74,15.59,15/02/2025,14:41:43,Mobile Wallet,14.85,0.15,2.23,7.9
INV-104448,C,Leeds,Member,Female,Snacks,3.91,2,0.39,8.21,07/12/2025,15:54:28,Cash,7.82,0.15,1.17,8.1
INV-104449,D,Bradford,Member,Male,Baby Products,7.74,1,0.39,8.13,04/08/2025,13:10:28,Debit Card,7.74,0.16,1.24,7.1
INV-104450,A,Manchester,Member,Female,Dairy & Eggs,7.68,5,1.92,40.32,24/05/2025,14:03:50,Debit Card,38.4,0.08,3.07,8.0
INV-104451,C,Leeds,Member,Male,Baby Products,40.9,5,10.23,214.73,24/11/2025,18:36:50,Debit Card,204.5,0.16,32.72,7.8
INV-104452,C,Leeds,Member,Male,Baby Products,36.53,1,1.83,38.36,08/12/2025,12:36:25,Credit Card,36.53,0.16,5.84,7.0
INV-104453,C,Leeds,Normal,Male,Health & Wellness,23.75,5,5.94,124.69,12/02/2025,13:34:25,Credit Card,118.75,0.22,26.12,5.1
INV-104454,A,Manchester,Normal,Female,Dairy & Eggs,2.27,6,0.68,14.3,06/09/2025,14:40:33,Credit Card,13.62,0.08,1.09,6.8
INV-104455,B,Salford,Member,Male,Frozen Foods,13.01,9,5.85,122.94,24/04/2025,10:15:01,Cash,117.09,0.11,12.88,8.3
INV-104456,D,Bradford,Normal,Male,Fresh Produce,1.55,3,0.23,4.88,23/02/2025,13:41:43,Credit Card,4.65,0.09,0.42,7.9
INV-104457,D,Bradford,Normal,Male,Health & Wellness,29.74,2,2.97,62.45,07/11/2025,13:59:13,Cash,59.48,0.22,13.09,4.9
INV-104458,D,Bradford,Normal,Female,Snacks,5.7,3,0.86,17.96,05/11/2025,14:32:34,Mobile Wallet,17.1,0.15,2.56,9.3
INV-104459,A,Manchester,Normal,Female,Dairy & Eggs,2.15,1,0.11,2.26,22/10/2025,20:38:12,Cash,2.15,0.08,0.17,5.0
INV-104460,A,Manchester,Normal,Female,Dairy & Eggs,6.12,2,0.61,12.85,03/05/2025,19:21:58,Mobile Wallet,12.24,0.08,0.98,7.3
INV-104461,C,Leeds,Normal,Male,Baby Products,10.99,2,1.1,23.08,21/07/2025,16:58:55,Debit Card,21.98,0.16,3.52,6.7
INV-104462,A,Manchester,Member,Male,Dairy & Eggs,1.37,2,0.14,2.88,28/11/2025,10:37:32,Debit Card,2.74,0.08,0.22,7.7
INV-104463,D,Bradford,Member,Male,Beverages,13.96,3,2.09,43.97,21/10/2025,12:03:26,Mobile Wallet,41.88,0.12,5.03,8.0
INV-104464,A,Manchester,Normal,Male,Frozen Foods,2.17,3,0.33,6.84,18/11/2025,11:15:51,Debit Card,6.51,0.11,0.72,6.6
INV-104465,D,Bradford,Normal,Female,Beverages,3.55,5,0.89,18.64,21/04/2025,17:26:36,Mobile Wallet,17.75,0.12,2.13,5.9
INV-104466,B,Salford,Normal,Female,Snacks,1.71,6,0.51,10.77,19/11/2025,19:34:26,Mobile Wallet,10.26,0.15,1.54,4.6
INV-104467,C,Leeds,Normal,Female,Snacks,4.37,12,2.62,55.06,30/05/2025,18:52:51,Debit Card,52.44,0.15,7.87,4.5
INV-104468,D,Bradford,Member,Female,Health & Wellness,15.65,3,2.35,49.3,22/08/2025,20:40:48,Cash,46.95,0.22,10.33,7.9
INV-104469,C,Leeds,Member,Male,Snacks,2.54,4,0.51,10.67,16/12/2025,14:04:43,Credit Card,10.16,0.15,1.52,5.8
INV-104470,C,Leeds,Member,Male,Snacks,1.93,5,0.48,10.13,08/05/2025,14:16:21,Cash,9.65,0.15,1.45,7.1
INV-104471,C,Leeds,Member,Male,Fresh Produce,6.85,7,2.4,50.35,25/01/2025,13:21:03,Debit Card,47.95,0.09,4.32,6.6
INV-104472,C,Leeds,Member,Male,Frozen Foods,2.2,11,1.21,25.41,24/12/2025,14:04:15,Debit Card,24.2,0.11,2.66,8.1
INV-104473,C,Leeds,Normal,Female,Personal Care,22.65,1,1.13,23.78,18/04/2025,16:15:44,Cash,22.65,0.2,4.53,6.3
INV-104474,C,Leeds,Member,Male,Personal Care,14.28,3,2.14,44.98,28/06/2025,17:21:10,Credit Card,42.84,0.2,8.57,8.8
INV-104475,B,Salford,Normal,Male,Health & Wellness,26.79,2,2.68,56.26,15/02/2025,16:31:39,Cash,53.58,0.22,11.79,7.2
INV-104476,C,Leeds,Normal,Male,Frozen Foods,18.17,10,9.08,190.78,12/11/2025,12:57:13,Mobile Wallet,181.7,0.11,19.99,8.2
INV-104477,B,Salford,Member,Male,Dairy & Eggs,8.28,2,0.83,17.39,06/06/2025,16:44:49,Mobile Wallet,16.56,0.08,1.32,7.9
INV-104478,A,Manchester,Member,Female,Beverages,10.18,6,3.05,64.13,24/11/2025,19:58:14,Debit Card,61.08,0.12,7.33,8.1
INV-104479,D,Bradford,Normal,Male,Beverages,2.33,3,0.35,7.34,15/11/2025,15:49:34,Mobile Wallet,6.99,0.12,0.84,7.0
INV-104480,D,Bradford,Member,Female,Bakery,7.07,4,1.41,29.69,15/07/2025,11:20:33,Debit Card,28.28,0.1,2.83,6.4
INV-104481,B,Salford,Normal,Male,Bakery,5.96,7,2.09,43.81,29/12/2025,15:28:07,Credit Card,41.72,0.1,4.17,7.1
INV-104482,D,Bradford,Normal,Male,Fresh Produce,4.51,6,1.35,28.41,22/06/2025,11:23:43,Mobile Wallet,27.06,0.09,2.44,8.0
INV-104483,D,Bradford,Normal,Male,Health & Wellness,17.39,5,4.35,91.3,23/03/2025,12:26:23,Cash,86.95,0.22,19.13,7.2
INV-104484,B,Salford,Normal,Male,Fresh Produce,4.29,3,0.64,13.51,09/01/2025,11:06:57,Credit Card,12.87,0.09,1.16,6.8
INV-104485,A,Manchester,Normal,Female,Fresh Produce,9.35,2,0.94,19.64,25/10/2025,09:43:00,Credit Card,18.7,0.09,1.68,6.4
INV-104486,C,Leeds,Member,Male,Health & Wellness,33.65,3,5.05,106.0,14/10/2025,11:29:29,Credit Card,100.95,0.22,22.21,8.8
INV-104487,B,Salford,Member,Male,Beverages,5.9,7,2.06,43.36,13/11/2025,13:07:10,Debit Card,41.3,0.12,4.96,6.9
INV-104488,A,Manchester,Normal,Female,Household,20.35,1,1.02,21.37,17/02/2025,12:33:37,Cash,20.35,0.18,3.66,5.7
INV-104489,A,Manchester,Member,Male,Beverages,12.68,3,1.9,39.94,15/05/2025,17:30:21,Cash,38.04,0.12,4.56,4.7
INV-104490,B,Salford,Normal,Male,Fresh Produce,10.11,1,0.51,10.62,30/09/2025,17:24:36,Cash,10.11,0.09,0.91,5.0
INV-104491,C,Leeds,Member,Male,Beverages,9.01,8,3.6,75.68,10/03/2025,13:03:23,Cash,72.08,0.12,8.65,6.4
INV-104492,D,Bradford,Member,Female,Health & Wellness,15.54,7,5.44,114.22,31/05/2025,11:20:57,Cash,108.78,0.22,23.93,5.2
INV-104493,A,Manchester,Member,Male,Beverages,8.42,4,1.68,35.36,26/04/2025,15:14:01,Mobile Wallet,33.68,0.12,4.04,7.5
INV-104494,D,Bradford,Normal,Female,Snacks,4.67,3,0.7,14.71,06/05/2025,11:44:57,Mobile Wallet,14.01,0.15,2.1,6.3
INV-104495,B,Salford,Normal,Male,Frozen Foods,10.67,1,0.53,11.2,14/01/2025,15:02:54,Credit Card,10.67,0.11,1.17,5.3
INV-104496,D,Bradford,Member,Female,Baby Products,9.31,9,4.19,87.98,22/12/2025,15:55:14,Cash,83.79,0.16,13.41,5.6
INV-104497,B,Salford,Member,Female,Baby Products,11.72,6,3.52,73.84,26/04/2025,18:46:27,Debit Card,70.32,0.16,11.25,8.2
INV-104498,D,Bradford,Normal,Female,Fresh Produce,7.57,4,1.51,31.79,16/03/2025,16:33:01,Mobile Wallet,30.28,0.09,2.73,6.2
INV-104499,A,Manchester,Member,Male,Household,2.97,3,0.45,9.36,05/05/2025,19:19:40,Cash,8.91,0.18,1.6,6.9
INV-104500,A,Manchester,Member,Male,Baby Products,41.56,5,10.39,218.19,13/08/2025,16:31:39,Debit Card,207.8,0.16,33.25,7.8
INV-104501,D,Bradford,Member,Female,Bakery,2.95,4,0.59,12.39,31/07/2025,15:17:58,Debit Card,11.8,0.1,1.18,6.6
INV-104502,B,Salford,Normal,Male,Household,19.89,1,0.99,20.88,18/11/2025,13:11:17,Cash,19.89,0.18,3.58,6.7
INV-104503,D,Bradford,Member,Male,Fresh Produce,9.36,3,1.4,29.48,28/12/2025,21:47:20,Debit Card,28.08,0.09,2.53,8.1
INV-104504,C,Leeds,Normal,Male,Beverages,8.5,11,4.67,98.17,09/08/2025,11:44:12,Cash,93.5,0.12,11.22,6.1
INV-104505,C,Leeds,Normal,Male,Snacks,3.12,3,0.47,9.83,01/05/2025,18:15:04,Cash,9.36,0.15,1.4,4.7
INV-104506,C,Leeds,Normal,Male,Fresh Produce,1.38,4,0.28,5.8,09/02/2025,13:25:43,Mobile Wallet,5.52,0.09,0.5,5.3
INV-104507,B,Salford,Normal,Male,Baby Products,24.86,10,12.43,261.03,26/12/2025,14:35:52,Credit Card,248.6,0.16,39.78,7.2
INV-104508,B,Salford,Member,Female,Frozen Foods,3.86,11,2.12,44.58,19/02/2025,15:02:30,Debit Card,42.46,0.11,4.67,7.8
INV-104509,D,Bradford,Member,Male,Personal Care,2.44,7,0.85,17.93,23/02/2025,18:37:23,Mobile Wallet,17.08,0.2,3.42,4.5
INV-104510,B,Salford,Normal,Male,Beverages,9.6,11,5.28,110.88,26/12/2025,08:22:04,Cash,105.6,0.12,12.67,6.5
INV-104511,B,Salford,Normal,Male,Household,17.73,7,6.21,130.32,18/05/2025,09:03:31,Cash,124.11,0.18,22.34,5.9
INV-104512,A,Manchester,Normal,Male,Bakery,7.42,6,2.23,46.75,13/11/2025,16:12:41,Credit Card,44.52,0.1,4.45,6.5
INV-104513,D,Bradford,Member,Male,Fresh Produce,3.48,2,0.35,7.31,30/10/2025,16:52:21,Credit Card,6.96,0.09,0.63,7.9
INV-104514,D,Bradford,Member,Female,Dairy & Eggs,7.53,12,4.52,94.88,29/03/2025,17:37:21,Debit Card,90.36,0.08,7.23,5.7
INV-104515,A,Manchester,Member,Male,Personal Care,13.48,3,2.02,42.46,14/10/2025,14:16:07,Credit Card,40.44,0.2,8.09,6.3
INV-104516,A,Manchester,Member,Male,Household,18.43,6,5.53,116.11,02/09/2025,18:10:39,Credit Card,110.58,0.18,19.9,4.2
INV-104517,B,Salford,Normal,Female,Dairy & Eggs,8.37,9,3.77,79.1,16/12/2025,14:29:01,Cash,75.33,0.08,6.03,4.0
INV-104518,C,Leeds,Normal,Female,Beverages,2.61,9,1.17,24.66,22/05/2025,21:33:11,Debit Card,23.49,0.12,2.82,6.0
INV-104519,C,Leeds,Normal,Female,Household,18.97,5,4.74,99.59,03/11/2025,15:49:22,Debit Card,94.85,0.18,17.07,5.4
INV-104520,D,Bradford,Member,Male,Snacks,5.11,3,0.77,16.1,27/12/2025,16:28:52,Debit Card,15.33,0.15,2.3,7.3
INV-104521,B,Salford,Member,Male,Snacks,3.34,4,0.67,14.03,21/04/2025,16:39:03,Mobile Wallet,13.36,0.15,2.0,7.9
INV-104522,D,Bradford,Member,Male,Dairy & Eggs,5.78,3,0.87,18.21,03/10/2025,16:55:47,Debit Card,17.34,0.08,1.39,5.9
INV-104523,C,Leeds,Normal,Male,Dairy & Eggs,7.07,4,1.41,29.69,30/04/2025,18:27:44,Mobile Wallet,28.28,0.08,2.26,7.8
INV-104524,D,Bradford,Normal,Female,Fresh Produce,9.5,1,0.48,9.98,04/10/2025,11:03:19,Cash,9.5,0.09,0.85,6.1
INV-104525,C,Leeds,Member,Female,Frozen Foods,8.66,7,3.03,63.65,09/11/2025,09:28:30,Credit Card,60.62,0.11,6.67,7.0
INV-104526,A,Manchester,Member,Male,Beverages,3.33,3,0.5,10.49,28/10/2025,12:37:02,Debit Card,9.99,0.12,1.2,7.6
INV-104527,A,Manchester,Normal,Female,Household,25.03,9,11.26,236.53,11/11/2025,11:43:07,Cash,225.27,0.18,40.55,7.3
INV-104528,A,Manchester,Member,Male,Health & Wellness,27.91,1,1.4,29.31,24/03/2025,16:08:51,Mobile Wallet,27.91,0.22,6.14,7.0
INV-104529,B,Salford,Member,Female,Frozen Foods,19.84,4,3.97,83.33,04/11/2025,16:03:31,Credit Card,79.36,0.11,8.73,6.9
INV-104530,B,Salford,Normal,Female,Bakery,2.55,2,0.26,5.36,16/01/2025,16:51:30,Credit Card,5.1,0.1,0.51,8.4
INV-104531,D,Bradford,Normal,Female,Snacks,3.2,8,1.28,26.88,19/06/2025,16:21:17,Credit Card,25.6,0.15,3.84,7.4
INV-104532,A,Manchester,Member,Female,Fresh Produce,2.1,2,0.21,4.41,26/07/2025,14:07:28,Mobile Wallet,4.2,0.09,0.38,7.4
INV-104533,D,Bradford,Member,Male,Personal Care,24.44,6,7.33,153.97,15/07/2025,17:15:12,Credit Card,146.64,0.2,29.33,6.2
INV-104534,D,Bradford,Normal,Female,Beverages,6.69,10,3.35,70.25,25/06/2025,19:53:01,Debit Card,66.9,0.12,8.03,5.0
INV-104535,B,Salford,Member,Female,Baby Products,35.29,2,3.53,74.11,09/06/2025,13:38:13,Cash,70.58,0.16,11.29,7.1
INV-104536,C,Leeds,Normal,Female,Fresh Produce,2.07,7,0.72,15.21,29/12/2025,14:07:54,Credit Card,14.49,0.09,1.3,5.9
INV-104537,D,Bradford,Member,Male,Bakery,6.89,5,1.72,36.17,13/09/2025,19:39:21,Credit Card,34.45,0.1,3.45,7.4
INV-104538,A,Manchester,Member,Female,Personal Care,7.92,1,0.4,8.32,14/05/2025,14:33:03,Credit Card,7.92,0.2,1.58,6.7
INV-104539,D,Bradford,Member,Female,Dairy & Eggs,5.5,6,1.65,34.65,27/04/2025,14:14:44,Debit Card,33.0,0.08,2.64,7.9
INV-104540,C,Leeds,Member,Female,Frozen Foods,10.31,6,3.09,64.95,23/06/2025,10:00:43,Cash,61.86,0.11,6.8,8.0
INV-104541,D,Bradford,Member,Female,Baby Products,15.86,10,7.93,166.53,26/09/2025,13:37:43,Mobile Wallet,158.6,0.16,25.38,6.7
INV-104542,C,Leeds,Normal,Female,Fresh Produce,12.45,1,0.62,13.07,07/11/2025,14:50:13,Credit Card,12.45,0.09,1.12,5.2
INV-104543,A,Manchester,Normal,Female,Household,17.79,7,6.23,130.76,16/12/2025,17:53:59,Credit Card,124.53,0.18,22.42,7.4
INV-104544,C,Leeds,Normal,Female,Snacks,3.05,5,0.76,16.01,28/03/2025,12:42:26,Cash,15.25,0.15,2.29,4.7
INV-104545,A,Manchester,Member,Female,Beverages,10.51,2,1.05,22.07,03/01/2025,20:14:44,Debit Card,21.02,0.12,2.52,7.6
INV-104546,C,Leeds,Member,Male,Dairy & Eggs,5.89,2,0.59,12.37,06/06/2025,18:48:56,Cash,11.78,0.08,0.94,7.5
INV-104547,A,Manchester,Normal,Male,Frozen Foods,4.28,9,1.93,40.45,05/02/2025,09:20:23,Credit Card,38.52,0.11,4.24,6.8
INV-104548,B,Salford,Member,Female,Personal Care,14.65,4,2.93,61.53,22/11/2025,21:09:04,Cash,58.6,0.2,11.72,6.1
INV-104549,D,Bradford,Member,Female,Health & Wellness,31.45,2,3.15,66.05,02/10/2025,11:19:50,Debit Card,62.9,0.22,13.84,6.3
INV-104550,B,Salford,Normal,Male,Household,7.6,9,3.42,71.82,19/02/2025,14:32:15,Debit Card,68.4,0.18,12.31,9.0
INV-104551,B,Salford,Member,Male,Snacks,3.53,3,0.53,11.12,21/10/2025,20:43:27,Debit Card,10.59,0.15,1.59,7.5
INV-104552,B,Salford,Member,Male,Snacks,4.39,10,2.19,46.09,28/12/2025,17:01:01,Mobile Wallet,43.9,0.15,6.58,6.2
INV-104553,B,Salford,Normal,Female,Dairy & Eggs,2.73,5,0.68,14.33,16/08/2025,19:53:32,Debit Card,13.65,0.08,1.09,7.1
INV-104554,A,Manchester,Member,Female,Beverages,4.15,4,0.83,17.43,03/10/2025,11:35:48,Mobile Wallet,16.6,0.12,1.99,6.5
INV-104555,A,Manchester,Member,Male,Baby Products,27.39,2,2.74,57.52,30/05/2025,16:27:43,Debit Card,54.78,0.16,8.76,6.7
INV-104556,A,Manchester,Normal,Male,Frozen Foods,16.48,3,2.47,51.91,16/12/2025,16:59:50,Mobile Wallet,49.44,0.11,5.44,4.6
INV-104557,B,Salford,Member,Female,Health & Wellness,26.35,4,5.27,110.67,21/02/2025,21:53:33,Credit Card,105.4,0.22,23.19,7.2
INV-104558,D,Bradford,Normal,Female,Frozen Foods,3.08,10,1.54,32.34,05/11/2025,19:38:09,Mobile Wallet,30.8,0.11,3.39,7.2
INV-104559,B,Salford,Member,Male,Household,15.62,3,2.34,49.2,21/08/2025,21:06:04,Credit Card,46.86,0.18,8.43,8.7
INV-104560,D,Bradford,Member,Male,Household,7.95,1,0.4,8.35,01/03/2025,16:20:31,Cash,7.95,0.18,1.43,5.3
INV-104561,A,Manchester,Member,Male,Fresh Produce,10.08,6,3.02,63.5,07/05/2025,12:07:44,Cash,60.48,0.09,5.44,6.7
INV-104562,C,Leeds,Member,Female,Personal Care,8.02,7,2.81,58.95,03/05/2025,12:08:51,Cash,56.14,0.2,11.23,4.3
INV-104563,D,Bradford,Member,Female,Personal Care,17.73,4,3.55,74.47,26/07/2025,15:15:01,Debit Card,70.92,0.2,14.18,7.2
INV-104564,A,Manchester,Member,Male,Frozen Foods,2.12,4,0.42,8.9,31/01/2025,13:07:51,Mobile Wallet,8.48,0.11,0.93,7.0
INV-104565,D,Bradford,Member,Female,Personal Care,20.92,8,8.37,175.73,24/09/2025,11:56:54,Cash,167.36,0.2,33.47,6.1
INV-104566,A,Manchester,Member,Male,Health & Wellness,33.02,1,1.65,34.67,27/09/2025,11:34:54,Credit Card,33.02,0.22,7.26,6.9
INV-104567,D,Bradford,Member,Female,Fresh Produce,10.83,4,2.17,45.49,25/05/2025,16:57:39,Mobile Wallet,43.32,0.09,3.9,7.0
INV-104568,C,Leeds,Member,Female,Frozen Foods,7.45,3,1.12,23.47,18/08/2025,15:23:04,Credit Card,22.35,0.11,2.46,8.0
INV-104569,B,Salford,Normal,Male,Fresh Produce,5.96,3,0.89,18.77,17/11/2025,11:32:01,Credit Card,17.88,0.09,1.61,6.9
INV-104570,D,Bradford,Member,Male,Household,19.73,9,8.88,186.45,11/08/2025,11:15:01,Mobile Wallet,177.57,0.18,31.96,7.3
INV-104571,D,Bradford,Member,Female,Health & Wellness,22.27,8,8.91,187.07,09/09/2025,20:57:16,Cash,178.16,0.22,39.2,6.0
INV-104572,A,Manchester,Normal,Male,Frozen Foods,10.85,3,1.63,34.18,23/02/2025,12:33:25,Cash,32.55,0.11,3.58,7.3
INV-104573,C,Leeds,Normal,Male,Snacks,6.4,5,1.6,33.6,09/11/2025,11:43:28,Mobile Wallet,32.0,0.15,4.8,5.5
INV-104574,D,Bradford,Normal,Male,Personal Care,17.76,8,7.1,149.18,12/09/2025,12:14:31,Mobile Wallet,142.08,0.2,28.42,7.5
INV-104575,C,Leeds,Member,Female,Beverages,8.94,2,0.89,18.77,28/09/2025,20:23:09,Debit Card,17.88,0.12,2.15,5.9
INV-104576,A,Manchester,Normal,Female,Frozen Foods,7.12,3,1.07,22.43,15/02/2025,18:45:04,Debit Card,21.36,0.11,2.35,5.7
INV-104577,C,Leeds,Member,Female,Personal Care,13.68,4,2.74,57.46,25/11/2025,14:25:41,Cash,54.72,0.2,10.94,6.4
INV-104578,C,Leeds,Normal,Female,Personal Care,16.82,6,5.05,105.97,01/10/2025,18:13:20,Credit Card,100.92,0.2,20.18,5.8
INV-104579,A,Manchester,Normal,Female,Bakery,10.86,1,0.54,11.4,05/06/2025,15:03:44,Mobile Wallet,10.86,0.1,1.09,7.8
INV-104580,D,Bradford,Normal,Female,Bakery,8.77,1,0.44,9.21,30/06/2025,13:29:50,Cash,8.77,0.1,0.88,7.1
INV-104581,A,Manchester,Member,Male,Baby Products,23.09,2,2.31,48.49,18/09/2025,13:26:28,Cash,46.18,0.16,7.39,7.1
INV-104582,B,Salford,Member,Male,Personal Care,18.7,2,1.87,39.27,15/12/2025,19:22:12,Cash,37.4,0.2,7.48,8.5
INV-104583,A,Manchester,Normal,Female,Frozen Foods,11.96,5,2.99,62.79,20/02/2025,15:59:22,Mobile Wallet,59.8,0.11,6.58,9.0
INV-104584,D,Bradford,Member,Female,Baby Products,27.98,3,4.2,88.14,24/04/2025,16:02:35,Credit Card,83.94,0.16,13.43,8.3
INV-104585,C,Leeds,Member,Female,Household,16.46,1,0.82,17.28,15/04/2025,10:31:03,Cash,16.46,0.18,2.96,6.2
INV-104586,D,Bradford,Member,Female,Baby Products,23.99,7,8.4,176.33,20/10/2025,17:45:42,Cash,167.93,0.16,26.87,6.8
INV-104587,A,Manchester,Member,Female,Snacks,5.44,5,1.36,28.56,15/07/2025,19:52:52,Debit Card,27.2,0.15,4.08,6.0
INV-104588,B,Salford,Normal,Female,Fresh Produce,10.55,4,2.11,44.31,29/05/2025,16:45:24,Cash,42.2,0.09,3.8,7.8
INV-104589,A,Manchester,Member,Female,Fresh Produce,13.18,2,1.32,27.68,04/12/2025,20:20:36,Credit Card,26.36,0.09,2.37,6.1
INV-104590,C,Leeds,Member,Female,Fresh Produce,2.09,3,0.31,6.58,19/07/2025,14:10:36,Debit Card,6.27,0.09,0.56,6.6
INV-104591,B,Salford,Member,Male,Bakery,1.55,3,0.23,4.88,25/07/2025,11:21:24,Mobile Wallet,4.65,0.1,0.47,8.0
INV-104592,A,Manchester,Member,Female,Dairy & Eggs,2.81,8,1.12,23.6,14/03/2025,17:19:47,Credit Card,22.48,0.08,1.8,5.6
INV-104593,B,Salford,Member,Male,Personal Care,10.43,4,2.09,43.81,05/08/2025,17:36:35,Mobile Wallet,41.72,0.2,8.34,7.0
INV-104594,C,Leeds,Member,Female,Personal Care,23.5,4,4.7,98.7,01/12/2025,17:07:04,Mobile Wallet,94.0,0.2,18.8,6.4
INV-104595,C,Leeds,Member,Male,Snacks,7.07,3,1.06,22.27,20/12/2025,11:26:46,Mobile Wallet,21.21,0.15,3.18,8.5
INV-104596,A,Manchester,Normal,Male,Dairy & Eggs,4.47,1,0.22,4.69,31/07/2025,20:12:25,Credit Card,4.47,0.08,0.36,6.1
INV-104597,D,Bradford,Normal,Male,Fresh Produce,2.45,2,0.25,5.15,08/04/2025,09:34:25,Debit Card,4.9,0.09,0.44,9.6
INV-104598,D,Bradford,Member,Male,Frozen Foods,7.39,1,0.37,7.76,04/11/2025,20:39:46,Debit Card,7.39,0.11,0.81,7.5
INV-104599,A,Manchester,Member,Male,Frozen Foods,16.19,9,7.29,153.0,22/01/2025,14:21:05,Credit Card,145.71,0.11,16.03,7.3
INV-104600,D,Bradford,Normal,Female,Dairy & Eggs,5.51,7,1.93,40.5,06/12/2025,14:22:04,Mobile Wallet,38.57,0.08,3.09,6.9
INV-104601,B,Salford,Normal,Female,Snacks,6.38,1,0.32,6.7,23/11/2025,08:21:34,Credit Card,6.38,0.15,0.96,6.7
INV-104602,A,Manchester,Normal,Female,Baby Products,9.64,4,1.93,40.49,23/03/2025,21:36:27,Debit Card,38.56,0.16,6.17,6.9
INV-104603,D,Bradford,Normal,Female,Personal Care,13.59,3,2.04,42.81,04/04/2025,16:50:39,Mobile Wallet,40.77,0.2,8.15,6.4
INV-104604,C,Leeds,Member,Female,Bakery,7.49,4,1.5,31.46,12/05/2025,18:50:43,Cash,29.96,0.1,3.0,6.2
INV-104605,D,Bradford,Normal,Male,Dairy & Eggs,6.21,3,0.93,19.56,02/10/2025,17:22:48,Mobile Wallet,18.63,0.08,1.49,7.7
INV-104606,C,Leeds,Normal,Male,Frozen Foods,15.21,7,5.32,111.79,19/10/2025,16:15:38,Cash,106.47,0.11,11.71,7.2
INV-104607,C,Leeds,Member,Female,Beverages,13.48,8,5.39,113.23,03/03/2025,12:54:48,Debit Card,107.84,0.12,12.94,9.3
INV-104608,D,Bradford,Member,Female,Personal Care,15.73,10,7.87,165.17,14/02/2025,18:10:27,Debit Card,157.3,0.2,31.46,6.9
INV-104609,D,Bradford,Member,Female,Beverages,3.48,7,1.22,25.58,07/03/2025,19:45:37,Mobile Wallet,24.36,0.12,2.92,8.1
INV-104610,A,Manchester,Normal,Male,Snacks,0.55,8,0.22,4.62,03/09/2025,13:59:23,Credit Card,4.4,0.15,0.66,5.4
INV-104611,A,Manchester,Normal,Female,Personal Care,3.94,2,0.39,8.27,28/04/2025,12:09:21,Cash,7.88,0.2,1.58,6.3
INV-104612,A,Manchester,Member,Male,Beverages,7.2,4,1.44,30.24,05/04/2025,08:00:16,Credit Card,28.8,0.12,3.46,9.2
INV-104613,A,Manchester,Normal,Female,Dairy & Eggs,3.23,10,1.61,33.91,04/05/2025,12:15:22,Credit Card,32.3,0.08,2.58,5.5
INV-104614,D,Bradford,Member,Male,Baby Products,33.72,1,1.69,35.41,13/08/2025,11:03:46,Credit Card,33.72,0.16,5.4,8.1
INV-104615,B,Salford,Member,Male,Health & Wellness,11.13,5,2.78,58.43,02/11/2025,16:57:45,Cash,55.65,0.22,12.24,6.1
INV-104616,A,Manchester,Normal,Female,Fresh Produce,10.25,3,1.54,32.29,18/04/2025,18:41:48,Debit Card,30.75,0.09,2.77,7.6
INV-104617,C,Leeds,Member,Female,Frozen Foods,14.3,5,3.58,75.08,19/10/2025,15:02:42,Credit Card,71.5,0.11,7.87,5.9
INV-104618,A,Manchester,Member,Female,Health & Wellness,10.31,3,1.55,32.48,24/06/2025,12:11:54,Credit Card,30.93,0.22,6.8,8.0
INV-104619,C,Leeds,Member,Female,Household,5.43,2,0.54,11.4,29/06/2025,08:06:54,Credit Card,10.86,0.18,1.95,6.0
INV-104620,D,Bradford,Member,Female,Household,13.58,1,0.68,14.26,26/11/2025,11:51:06,Credit Card,13.58,0.18,2.44,8.4
INV-104621,A,Manchester,Member,Male,Frozen Foods,12.47,3,1.87,39.28,14/07/2025,15:31:51,Mobile Wallet,37.41,0.11,4.12,6.7
INV-104622,B,Salford,Member,Male,Frozen Foods,7.71,11,4.24,89.05,16/09/2025,16:35:30,Debit Card,84.81,0.11,9.33,6.7
INV-104623,A,Manchester,Normal,Female,Beverages,3.07,7,1.07,22.56,05/04/2025,14:01:24,Cash,21.49,0.12,2.58,7.1
INV-104624,B,Salford,Member,Male,Baby Products,9.4,2,0.94,19.74,03/12/2025,11:48:11,Credit Card,18.8,0.16,3.01,7.5
INV-104625,D,Bradford,Member,Female,Baby Products,27.87,6,8.36,175.58,14/08/2025,18:16:11,Debit Card,167.22,0.16,26.76,6.1
INV-104626,A,Manchester,Member,Female,Bakery,4.8,5,1.2,25.2,05/11/2025,14:10:42,Debit Card,24.0,0.1,2.4,8.6
INV-104627,C,Leeds,Normal,Female,Bakery,5.91,2,0.59,12.41,15/03/2025,15:06:26,Credit Card,11.82,0.1,1.18,6.6
INV-104628,C,Leeds,Member,Female,Personal Care,8.5,5,2.12,44.62,27/02/2025,13:21:29,Credit Card,42.5,0.2,8.5,6.3
INV-104629,A,Manchester,Member,Male,Frozen Foods,15.83,12,9.5,199.46,23/09/2025,15:28:38,Debit Card,189.96,0.11,20.9,6.8
INV-104630,A,Manchester,Member,Female,Health & Wellness,7.97,11,4.38,92.05,14/06/2025,15:57:29,Debit Card,87.67,0.22,19.29,6.4
INV-104631,C,Leeds,Member,Female,Dairy & Eggs,1.42,2,0.14,2.98,15/03/2025,14:44:06,Cash,2.84,0.08,0.23,7.3
INV-104632,A,Manchester,Normal,Female,Beverages,1.99,7,0.7,14.63,04/01/2025,13:13:48,Debit Card,13.93,0.12,1.67,7.5
INV-104633,D,Bradford,Normal,Female,Personal Care,2.42,12,1.45,30.49,16/10/2025,13:08:30,Credit Card,29.04,0.2,5.81,5.9
INV-104634,A,Manchester,Normal,Male,Beverages,11.34,8,4.54,95.26,18/10/2025,10:56:48,Debit Card,90.72,0.12,10.89,6.2
INV-104635,A,Manchester,Member,Female,Dairy & Eggs,3.4,1,0.17,3.57,18/11/2025,16:22:10,Debit Card,3.4,0.08,0.27,6.7
INV-104636,A,Manchester,Normal,Female,Personal Care,24.89,5,6.22,130.67,11/01/2025,19:45:12,Debit Card,124.45,0.2,24.89,6.4
INV-104637,D,Bradford,Member,Male,Household,10.88,9,4.9,102.82,25/05/2025,14:25:14,Credit Card,97.92,0.18,17.63,9.0
INV-104638,D,Bradford,Member,Male,Frozen Foods,5.89,7,2.06,43.29,02/05/2025,14:47:38,Cash,41.23,0.11,4.54,7.4
INV-104639,D,Bradford,Member,Male,Fresh Produce,8.11,3,1.22,25.55,26/06/2025,19:03:31,Mobile Wallet,24.33,0.09,2.19,7.2
INV-104640,D,Bradford,Member,Male,Baby Products,25.69,1,1.28,26.97,20/03/2025,18:43:33,Debit Card,25.69,0.16,4.11,9.0
INV-104641,D,Bradford,Normal,Male,Health & Wellness,26.93,1,1.35,28.28,25/04/2025,19:42:55,Credit Card,26.93,0.22,5.92,6.0
INV-104642,B,Salford,Member,Male,Snacks,6.33,13,4.11,86.4,23/11/2025,12:43:32,Mobile Wallet,82.29,0.15,12.34,6.0
INV-104643,B,Salford,Member,Male,Dairy & Eggs,7.18,5,1.79,37.69,12/05/2025,21:44:29,Mobile Wallet,35.9,0.08,2.87,6.4
INV-104644,B,Salford,Normal,Male,Household,11.64,3,1.75,36.67,11/01/2025,15:15:19,Credit Card,34.92,0.18,6.29,6.9
INV-104645,D,Bradford,Normal,Male,Snacks,2.95,3,0.44,9.29,15/03/2025,12:03:06,Credit Card,8.85,0.15,1.33,6.7
INV-104646,A,Manchester,Member,Male,Bakery,7.03,2,0.7,14.76,30/07/2025,18:23:58,Credit Card,14.06,0.1,1.41,6.1
INV-104647,B,Salford,Member,Male,Frozen Foods,10.28,4,2.06,43.18,06/03/2025,11:11:37,Mobile Wallet,41.12,0.11,4.52,6.2
INV-104648,C,Leeds,Member,Female,Fresh Produce,12.11,8,4.84,101.72,27/07/2025,17:37:15,Debit Card,96.88,0.09,8.72,5.8
INV-104649,D,Bradford,Member,Male,Snacks,1.36,4,0.27,5.71,24/08/2025,09:11:28,Debit Card,5.44,0.15,0.82,7.2
INV-104650,D,Bradford,Member,Male,Snacks,0.71,11,0.39,8.2,18/07/2025,16:15:22,Debit Card,7.81,0.15,1.17,7.1
INV-104651,D,Bradford,Member,Male,Household,12.34,8,4.94,103.66,22/06/2025,08:07:12,Debit Card,98.72,0.18,17.77,7.2
INV-104652,C,Leeds,Member,Male,Health & Wellness,31.83,7,11.14,233.95,10/03/2025,18:41:42,Credit Card,222.81,0.22,49.02,6.8
INV-104653,B,Salford,Normal,Female,Beverages,11.32,6,3.4,71.32,22/04/2025,17:48:45,Debit Card,67.92,0.12,8.15,5.9
INV-104654,B,Salford,Normal,Female,Snacks,2.69,5,0.67,14.12,04/12/2025,17:44:47,Cash,13.45,0.15,2.02,4.8
INV-104655,C,Leeds,Member,Male,Health & Wellness,20.87,3,3.13,65.74,08/10/2025,14:17:48,Debit Card,62.61,0.22,13.77,6.8
INV-104656,D,Bradford,Normal,Male,Health & Wellness,33.24,3,4.99,104.71,26/11/2025,13:31:17,Debit Card,99.72,0.22,21.94,4.4
INV-104657,C,Leeds,Normal,Female,Dairy & Eggs,1.67,2,0.17,3.51,21/07/2025,13:07:01,Credit Card,3.34,0.08,0.27,4.0
INV-104658,B,Salford,Member,Male,Personal Care,18.24,3,2.74,57.46,25/02/2025,15:06:32,Mobile Wallet,54.72,0.2,10.94,8.0
INV-104659,D,Bradford,Member,Male,Baby Products,39.54,3,5.93,124.55,16/11/2025,08:43:22,Cash,118.62,0.16,18.98,5.8
INV-104660,D,Bradford,Normal,Female,Household,10.54,4,2.11,44.27,13/04/2025,12:06:46,Cash,42.16,0.18,7.59,6.9
INV-104661,B,Salford,Member,Male,Dairy & Eggs,1.48,8,0.59,12.43,10/10/2025,08:40:14,Debit Card,11.84,0.08,0.95,5.9
INV-104662,B,Salford,Member,Male,Fresh Produce,7.31,11,4.02,84.43,22/09/2025,17:37:02,Debit Card,80.41,0.09,7.24,7.0
INV-104663,D,Bradford,Member,Female,Household,11.05,4,2.21,46.41,15/08/2025,09:32:40,Cash,44.2,0.18,7.96,6.4
INV-104664,A,Manchester,Normal,Female,Beverages,12.55,7,4.39,92.24,17/07/2025,19:49:04,Debit Card,87.85,0.12,10.54,5.9
INV-104665,B,Salford,Member,Male,Baby Products,9.89,2,0.99,20.77,15/12/2025,14:02:31,Mobile Wallet,19.78,0.16,3.16,6.4
INV-104666,B,Salford,Member,Male,Personal Care,11.63,1,0.58,12.21,22/10/2025,18:50:18,Mobile Wallet,11.63,0.2,2.33,5.6
INV-104667,B,Salford,Member,Female,Snacks,5.01,1,0.25,5.26,30/07/2025,14:05:47,Cash,5.01,0.15,0.75,6.9
INV-104668,C,Leeds,Member,Male,Baby Products,25.85,1,1.29,27.14,06/05/2025,16:50:19,Credit Card,25.85,0.16,4.14,7.0
INV-104669,B,Salford,Normal,Male,Personal Care,22.31,2,2.23,46.85,11/06/2025,14:28:44,Credit Card,44.62,0.2,8.92,6.1
INV-104670,A,Manchester,Member,Female,Fresh Produce,4.63,5,1.16,24.31,03/02/2025,21:12:21,Cash,23.15,0.09,2.08,6.3
INV-104671,A,Manchester,Member,Female,Baby Products,27.17,4,5.43,114.11,05/01/2025,13:32:13,Mobile Wallet,108.68,0.16,17.39,7.1
INV-104672,A,Manchester,Normal,Male,Dairy & Eggs,7.01,2,0.7,14.72,16/02/2025,20:44:51,Debit Card,14.02,0.08,1.12,5.8
INV-104673,C,Leeds,Normal,Male,Personal Care,3.57,2,0.36,7.5,14/04/2025,13:36:00,Mobile Wallet,7.14,0.2,1.43,6.3
INV-104674,B,Salford,Member,Female,Frozen Foods,8.65,7,3.03,63.58,07/06/2025,14:29:10,Debit Card,60.55,0.11,6.66,6.9
INV-104675,A,Manchester,Member,Male,Bakery,1.52,1,0.08,1.6,16/11/2025,10:14:59,Debit Card,1.52,0.1,0.15,6.6
INV-104676,C,Leeds,Normal,Male,Dairy & Eggs,3.17,1,0.16,3.33,01/09/2025,18:02:02,Credit Card,3.17,0.08,0.25,5.8
INV-104677,C,Leeds,Member,Female,Household,12.77,1,0.64,13.41,29/05/2025,20:43:33,Credit Card,12.77,0.18,2.3,7.1
INV-104678,C,Leeds,Member,Female,Snacks,1.28,4,0.26,5.38,15/10/2025,09:44:47,Mobile Wallet,5.12,0.15,0.77,6.6
INV-104679,B,Salford,Member,Female,Snacks,4.6,1,0.23,4.83,25/03/2025,13:29:54,Credit Card,4.6,0.15,0.69,5.3
INV-104680,D,Bradford,Normal,Female,Beverages,8.01,2,0.8,16.82,30/09/2025,18:55:03,Credit Card,16.02,0.12,1.92,6.8
INV-104681,D,Bradford,Member,Female,Frozen Foods,12.06,8,4.82,101.3,15/10/2025,11:16:27,Credit Card,96.48,0.11,10.61,7.2
INV-104682,D,Bradford,Member,Male,Health & Wellness,8.62,6,2.59,54.31,20/12/2025,16:58:10,Cash,51.72,0.22,11.38,8.2
INV-104683,B,Salford,Member,Female,Health & Wellness,34.07,3,5.11,107.32,06/12/2025,12:02:23,Debit Card,102.21,0.22,22.49,7.7
INV-104684,B,Salford,Member,Male,Dairy & Eggs,4.01,7,1.4,29.47,19/02/2025,19:43:44,Debit Card,28.07,0.08,2.25,7.0
INV-104685,A,Manchester,Member,Female,Personal Care,5.66,4,1.13,23.77,15/07/2025,20:54:26,Debit Card,22.64,0.2,4.53,6.7
INV-104686,D,Bradford,Member,Male,Frozen Foods,13.67,8,5.47,114.83,02/09/2025,19:05:06,Debit Card,109.36,0.11,12.03,6.9
INV-104687,B,Salford,Normal,Female,Bakery,6.65,3,1.0,20.95,28/10/2025,11:31:31,Cash,19.95,0.1,2.0,7.5
INV-104688,C,Leeds,Member,Male,Beverages,6.93,4,1.39,29.11,27/10/2025,11:41:08,Credit Card,27.72,0.12,3.33,7.6
INV-104689,B,Salford,Member,Male,Baby Products,13.37,3,2.01,42.12,11/01/2025,09:51:04,Mobile Wallet,40.11,0.16,6.42,7.9
INV-104690,D,Bradford,Member,Male,Household,6.82,3,1.02,21.48,23/06/2025,15:02:40,Debit Card,20.46,0.18,3.68,4.8
INV-104691,A,Manchester,Normal,Male,Dairy & Eggs,6.0,7,2.1,44.1,05/02/2025,12:08:52,Credit Card,42.0,0.08,3.36,5.2
INV-104692,B,Salford,Normal,Female,Bakery,5.85,3,0.88,18.43,16/11/2025,15:05:11,Cash,17.55,0.1,1.76,5.1
INV-104693,C,Leeds,Member,Male,Beverages,10.53,8,4.21,88.45,18/03/2025,12:03:48,Cash,84.24,0.12,10.11,7.5
INV-104694,A,Manchester,Normal,Female,Snacks,4.31,1,0.22,4.53,21/11/2025,11:54:43,Debit Card,4.31,0.15,0.65,5.0
INV-104695,C,Leeds,Normal,Male,Personal Care,15.03,5,3.76,78.91,31/12/2025,16:20:37,Credit Card,75.15,0.2,15.03,6.1
INV-104696,A,Manchester,Normal,Male,Baby Products,35.52,2,3.55,74.59,05/11/2025,09:07:45,Cash,71.04,0.16,11.37,7.3
INV-104697,D,Bradford,Normal,Female,Dairy & Eggs,7.61,13,4.95,103.88,15/11/2025,21:25:30,Credit Card,98.93,0.08,7.91,7.7
INV-104698,D,Bradford,Member,Female,Dairy & Eggs,4.66,1,0.23,4.89,06/07/2025,16:42:43,Credit Card,4.66,0.08,0.37,6.5
INV-104699,C,Leeds,Member,Female,Snacks,2.22,2,0.22,4.66,20/09/2025,18:11:18,Debit Card,4.44,0.15,0.67,6.9
INV-104700,C,Leeds,Member,Female,Health & Wellness,21.97,6,6.59,138.41,08/09/2025,16:35:26,Mobile Wallet,131.82,0.22,29.0,9.6
INV-104701,C,Leeds,Member,Female,Household,12.33,3,1.85,38.84,27/01/2025,19:41:38,Debit Card,36.99,0.18,6.66,7.8
INV-104702,B,Salford,Normal,Male,Household,5.87,2,0.59,12.33,15/05/2025,17:56:09,Cash,11.74,0.18,2.11,5.9
INV-104703,D,Bradford,Member,Male,Beverages,7.5,8,3.0,63.0,22/06/2025,19:32:24,Debit Card,60.0,0.12,7.2,6.5
INV-104704,A,Manchester,Member,Male,Baby Products,31.5,2,3.15,66.15,03/12/2025,16:31:03,Debit Card,63.0,0.16,10.08,7.0
INV-104705,D,Bradford,Member,Female,Snacks,1.38,2,0.14,2.9,20/06/2025,19:08:01,Debit Card,2.76,0.15,0.41,6.7
INV-104706,A,Manchester,Member,Female,Snacks,4.28,5,1.07,22.47,16/11/2025,11:57:32,Credit Card,21.4,0.15,3.21,8.4
INV-104707,A,Manchester,Member,Female,Beverages,3.23,8,1.29,27.13,04/06/2025,18:16:44,Cash,25.84,0.12,3.1,7.1
INV-104708,D,Bradford,Normal,Female,Frozen Foods,11.54,3,1.73,36.35,29/08/2025,19:23:45,Credit Card,34.62,0.11,3.81,5.0
INV-104709,D,Bradford,Member,Male,Beverages,7.1,4,1.42,29.82,19/01/2025,19:13:17,Credit Card,28.4,0.12,3.41,7.2
INV-104710,C,Leeds,Member,Male,Beverages,9.32,6,2.8,58.72,21/06/2025,12:55:15,Debit Card,55.92,0.12,6.71,6.1
INV-104711,C,Leeds,Member,Male,Beverages,11.48,7,4.02,84.38,28/07/2025,15:26:55,Debit Card,80.36,0.12,9.64,6.6
INV-104712,C,Leeds,Normal,Female,Bakery,10.25,1,0.51,10.76,27/06/2025,09:54:52,Debit Card,10.25,0.1,1.03,8.2
INV-104713,C,Leeds,Member,Female,Snacks,5.6,4,1.12,23.52,08/09/2025,15:47:19,Cash,22.4,0.15,3.36,5.3
INV-104714,C,Leeds,Member,Male,Bakery,9.16,1,0.46,9.62,12/02/2025,14:55:17,Credit Card,9.16,0.1,0.92,5.5
INV-104715,D,Bradford,Member,Female,Frozen Foods,11.13,5,2.78,58.43,08/12/2025,08:48:55,Mobile Wallet,55.65,0.11,6.12,8.2
INV-104716,C,Leeds,Member,Female,Snacks,2.53,9,1.14,23.91,12/01/2025,17:40:16,Debit Card,22.77,0.15,3.42,6.0
INV-104717,B,Salford,Normal,Female,Fresh Produce,5.77,4,1.15,24.23,05/05/2025,17:16:29,Debit Card,23.08,0.09,2.08,6.2
INV-104718,A,Manchester,Normal,Female,Fresh Produce,11.25,2,1.12,23.62,11/07/2025,14:22:45,Mobile Wallet,22.5,0.09,2.02,4.8
INV-104719,A,Manchester,Normal,Female,Health & Wellness,15.85,2,1.58,33.28,20/10/2025,17:09:36,Credit Card,31.7,0.22,6.97,7.2
INV-104720,B,Salford,Member,Female,Snacks,1.01,3,0.15,3.18,08/02/2025,18:50:53,Credit Card,3.03,0.15,0.45,6.7
INV-104721,A,Manchester,Member,Female,Health & Wellness,32.89,5,8.22,172.67,24/06/2025,14:55:18,Credit Card,164.45,0.22,36.18,8.1
INV-104722,A,Manchester,Member,Female,Household,17.55,1,0.88,18.43,26/10/2025,11:45:50,Credit Card,17.55,0.18,3.16,9.2
INV-104723,D,Bradford,Member,Male,Personal Care,5.32,4,1.06,22.34,07/12/2025,11:08:34,Credit Card,21.28,0.2,4.26,5.6
INV-104724,A,Manchester,Member,Female,Health & Wellness,7.46,10,3.73,78.33,29/01/2025,10:40:30,Cash,74.6,0.22,16.41,5.4
INV-104725,B,Salford,Member,Female,Frozen Foods,17.45,1,0.87,18.32,11/02/2025,13:53:31,Debit Card,17.45,0.11,1.92,8.2
INV-104726,B,Salford,Member,Female,Bakery,5.74,4,1.15,24.11,16/02/2025,15:10:22,Mobile Wallet,22.96,0.1,2.3,5.9
INV-104727,A,Manchester,Member,Male,Snacks,5.67,10,2.84,59.54,18/12/2025,16:01:13,Credit Card,56.7,0.15,8.51,6.4
INV-104728,B,Salford,Normal,Female,Personal Care,4.88,8,1.95,40.99,26/01/2025,11:32:26,Cash,39.04,0.2,7.81,7.8
INV-104729,A,Manchester,Member,Male,Personal Care,12.42,7,4.35,91.29,14/06/2025,17:31:24,Mobile Wallet,86.94,0.2,17.39,4.2
INV-104730,B,Salford,Member,Male,Baby Products,16.46,2,1.65,34.57,12/04/2025,21:20:02,Mobile Wallet,32.92,0.16,5.27,5.9
INV-104731,D,Bradford,Normal,Female,Household,15.14,4,3.03,63.59,29/08/2025,16:41:52,Debit Card,60.56,0.18,10.9,7.7
INV-104732,C,Leeds,Member,Female,Snacks,3.91,3,0.59,12.32,15/08/2025,11:43:19,Debit Card,11.73,0.15,1.76,6.5
INV-104733,B,Salford,Normal,Female,Dairy & Eggs,1.48,10,0.74,15.54,10/02/2025,10:21:44,Credit Card,14.8,0.08,1.18,8.0
INV-104734,B,Salford,Member,Female,Health & Wellness,28.42,3,4.26,89.52,15/05/2025,14:56:43,Cash,85.26,0.22,18.76,6.5
INV-104735,B,Salford,Normal,Female,Personal Care,8.35,9,3.76,78.91,25/12/2025,16:31:01,Cash,75.15,0.2,15.03,6.8
INV-104736,A,Manchester,Member,Female,Beverages,8.84,2,0.88,18.56,07/04/2025,19:13:18,Credit Card,17.68,0.12,2.12,4.2
INV-104737,B,Salford,Member,Male,Health & Wellness,34.17,3,5.13,107.64,27/04/2025,08:23:40,Cash,102.51,0.22,22.55,5.7
INV-104738,B,Salford,Member,Male,Household,4.7,6,1.41,29.61,22/11/2025,19:01:51,Credit Card,28.2,0.18,5.08,5.9
INV-104739,C,Leeds,Member,Male,Frozen Foods,7.81,4,1.56,32.8,17/09/2025,12:23:49,Debit Card,31.24,0.11,3.44,8.5
INV-104740,C,Leeds,Member,Female,Fresh Produce,6.38,6,1.91,40.19,07/08/2025,16:45:04,Cash,38.28,0.09,3.45,6.7
INV-104741,C,Leeds,Normal,Male,Baby Products,13.71,12,8.23,172.75,04/05/2025,10:12:17,Credit Card,164.52,0.16,26.32,5.3
INV-104742,A,Manchester,Member,Male,Household,22.46,8,8.98,188.66,25/05/2025,11:11:01,Credit Card,179.68,0.18,32.34,5.9
INV-104743,B,Salford,Normal,Female,Baby Products,12.06,3,1.81,37.99,01/02/2025,16:53:14,Credit Card,36.18,0.16,5.79,8.7
INV-104744,A,Manchester,Member,Male,Bakery,3.86,1,0.19,4.05,26/06/2025,21:45:15,Credit Card,3.86,0.1,0.39,7.2
INV-104745,A,Manchester,Member,Male,Baby Products,15.94,4,3.19,66.95,10/02/2025,09:31:59,Credit Card,63.76,0.16,10.2,5.4
INV-104746,D,Bradford,Member,Female,Frozen Foods,8.57,3,1.29,27.0,12/12/2025,20:56:02,Debit Card,25.71,0.11,2.83,7.2
INV-104747,A,Manchester,Member,Male,Snacks,2.7,8,1.08,22.68,29/10/2025,15:18:17,Mobile Wallet,21.6,0.15,3.24,8.6
INV-104748,C,Leeds,Member,Female,Fresh Produce,10.02,2,1.0,21.04,19/10/2025,15:40:42,Credit Card,20.04,0.09,1.8,6.3
INV-104749,C,Leeds,Normal,Male,Frozen Foods,8.25,4,1.65,34.65,19/08/2025,08:10:46,Cash,33.0,0.11,3.63,5.9
INV-104750,C,Leeds,Member,Male,Dairy & Eggs,1.54,3,0.23,4.85,09/07/2025,18:15:42,Debit Card,4.62,0.08,0.37,8.3
INV-104751,D,Bradford,Normal,Male,Frozen Foods,13.23,7,4.63,97.24,08/09/2025,17:51:12,Cash,92.61,0.11,10.19,8.2
INV-104752,C,Leeds,Normal,Female,Fresh Produce,7.5,4,1.5,31.5,27/04/2025,15:01:56,Debit Card,30.0,0.09,2.7,6.1
INV-104753,B,Salford,Member,Female,Fresh Produce,11.58,8,4.63,97.27,20/12/2025,15:29:45,Mobile Wallet,92.64,0.09,8.34,7.3
INV-104754,C,Leeds,Normal,Male,Health & Wellness,22.31,1,1.12,23.43,27/08/2025,16:19:01,Credit Card,22.31,0.22,4.91,7.6
INV-104755,D,Bradford,Member,Male,Snacks,5.06,3,0.76,15.94,26/07/2025,17:15:28,Mobile Wallet,15.18,0.15,2.28,6.9
INV-104756,D,Bradford,Member,Male,Fresh Produce,7.05,2,0.71,14.81,20/08/2025,12:35:30,Debit Card,14.1,0.09,1.27,6.2
INV-104757,B,Salford,Member,Female,Health & Wellness,12.43,6,3.73,78.31,17/07/2025,19:00:23,Debit Card,74.58,0.22,16.41,7.8
INV-104758,D,Bradford,Member,Female,Health & Wellness,25.39,3,3.81,79.98,13/03/2025,10:44:27,Credit Card,76.17,0.22,16.76,7.1
INV-104759,C,Leeds,Normal,Male,Frozen Foods,19.59,7,6.86,143.99,20/11/2025,16:54:22,Debit Card,137.13,0.11,15.08,6.4
INV-104760,B,Salford,Member,Male,Dairy & Eggs,6.92,2,0.69,14.53,07/07/2025,20:30:15,Cash,13.84,0.08,1.11,4.0
INV-104761,A,Manchester,Normal,Male,Bakery,9.51,2,0.95,19.97,05/12/2025,20:48:32,Credit Card,19.02,0.1,1.9,6.4
INV-104762,B,Salford,Member,Female,Baby Products,16.32,10,8.16,171.36,31/10/2025,09:13:57,Debit Card,163.2,0.16,26.11,9.0
INV-104763,B,Salford,Member,Female,Snacks,5.36,6,1.61,33.77,18/02/2025,13:26:46,Debit Card,32.16,0.15,4.82,6.0
INV-104764,A,Manchester,Member,Male,Health & Wellness,27.13,10,13.57,284.87,30/08/2025,19:29:45,Debit Card,271.3,0.22,59.69,4.6
INV-104765,B,Salford,Normal,Male,Health & Wellness,24.63,9,11.08,232.75,22/06/2025,13:28:27,Debit Card,221.67,0.22,48.77,6.8
INV-104766,B,Salford,Normal,Female,Personal Care,9.79,2,0.98,20.56,12/09/2025,11:34:12,Credit Card,19.58,0.2,3.92,8.0
INV-104767,D,Bradford,Member,Female,Personal Care,20.68,4,4.14,86.86,05/06/2025,20:13:51,Cash,82.72,0.2,16.54,6.9
INV-104768,C,Leeds,Normal,Female,Baby Products,37.63,1,1.88,39.51,08/04/2025,16:36:35,Mobile Wallet,37.63,0.16,6.02,8.8
INV-104769,D,Bradford,Normal,Male,Household,13.06,6,3.92,82.28,10/08/2025,17:54:51,Debit Card,78.36,0.18,14.1,7.4
INV-104770,D,Bradford,Member,Female,Fresh Produce,8.6,6,2.58,54.18,07/09/2025,17:05:51,Credit Card,51.6,0.09,4.64,7.2
INV-104771,A,Manchester,Normal,Male,Baby Products,14.98,9,6.74,141.56,24/02/2025,18:55:15,Debit Card,134.82,0.16,21.57,4.9
INV-104772,A,Manchester,Member,Male,Beverages,12.04,6,3.61,75.85,28/12/2025,13:26:03,Mobile Wallet,72.24,0.12,8.67,6.4
INV-104773,D,Bradford,Member,Male,Dairy & Eggs,2.47,3,0.37,7.78,14/03/2025,08:23:44,Debit Card,7.41,0.08,0.59,5.2
INV-104774,B,Salford,Member,Male,Personal Care,9.11,2,0.91,19.13,21/04/2025,21:11:03,Mobile Wallet,18.22,0.2,3.64,7.2
INV-104775,D,Bradford,Normal,Male,Baby Products,12.37,3,1.86,38.97,07/01/2025,20:03:28,Debit Card,37.11,0.16,5.94,8.6
INV-104776,C,Leeds,Member,Female,Bakery,4.19,4,0.84,17.6,23/06/2025,09:45:53,Debit Card,16.76,0.1,1.68,6.1
INV-104777,C,Leeds,Normal,Male,Fresh Produce,7.18,4,1.44,30.16,10/11/2025,20:36:15,Debit Card,28.72,0.09,2.58,6.7
INV-104778,A,Manchester,Member,Female,Baby Products,21.95,1,1.1,23.05,29/09/2025,16:36:34,Debit Card,21.95,0.16,3.51,8.9
INV-104779,C,Leeds,Member,Male,Fresh Produce,4.37,7,1.53,32.12,11/07/2025,09:22:28,Mobile Wallet,30.59,0.09,2.75,7.4
INV-104780,B,Salford,Normal,Male,Health & Wellness,8.05,4,1.61,33.81,17/10/2025,17:08:52,Mobile Wallet,32.2,0.22,7.08,6.1
INV-104781,D,Bradford,Member,Female,Beverages,13.78,5,3.45,72.35,10/01/2025,08:51:44,Credit Card,68.9,0.12,8.27,5.4
INV-104782,D,Bradford,Normal,Male,Household,12.94,11,7.12,149.46,02/08/2025,15:27:29,Debit Card,142.34,0.18,25.62,7.1
INV-104783,B,Salford,Normal,Female,Snacks,4.74,4,0.95,19.91,17/06/2025,21:46:08,Mobile Wallet,18.96,0.15,2.84,6.2
INV-104784,B,Salford,Normal,Male,Frozen Foods,17.4,7,6.09,127.89,21/11/2025,19:17:55,Credit Card,121.8,0.11,13.4,8.5
INV-104785,D,Bradford,Member,Male,Dairy & Eggs,5.1,5,1.28,26.78,12/10/2025,13:04:32,Debit Card,25.5,0.08,2.04,6.8
INV-104786,C,Leeds,Member,Male,Personal Care,9.55,3,1.43,30.08,24/12/2025,10:40:24,Debit Card,28.65,0.2,5.73,9.6
INV-104787,B,Salford,Member,Female,Bakery,5.73,5,1.43,30.08,14/06/2025,13:40:39,Cash,28.65,0.1,2.87,6.7
INV-104788,B,Salford,Member,Female,Personal Care,22.17,3,3.33,69.84,08/05/2025,13:02:37,Debit Card,66.51,0.2,13.3,6.4
INV-104789,D,Bradford,Member,Male,Personal Care,9.39,9,4.23,88.74,10/01/2025,15:27:56,Cash,84.51,0.2,16.9,7.9
INV-104790,C,Leeds,Member,Female,Frozen Foods,10.23,3,1.53,32.22,16/07/2025,17:08:28,Mobile Wallet,30.69,0.11,3.38,7.8
INV-104791,B,Salford,Normal,Male,Beverages,8.08,2,0.81,16.97,11/02/2025,12:21:43,Cash,16.16,0.12,1.94,4.9
INV-104792,D,Bradford,Member,Male,Bakery,2.67,5,0.67,14.02,05/11/2025,15:05:24,Credit Card,13.35,0.1,1.33,9.5
INV-104793,C,Leeds,Normal,Female,Health & Wellness,5.51,7,1.93,40.5,19/08/2025,19:57:16,Credit Card,38.57,0.22,8.49,5.9
INV-104794,D,Bradford,Normal,Female,Baby Products,13.86,2,1.39,29.11,22/05/2025,14:51:49,Cash,27.72,0.16,4.44,5.3
INV-104795,B,Salford,Member,Male,Personal Care,15.67,1,0.78,16.45,31/01/2025,11:29:34,Debit Card,15.67,0.2,3.13,7.3
INV-104796,D,Bradford,Member,Female,Beverages,2.33,2,0.23,4.89,25/04/2025,13:45:18,Cash,4.66,0.12,0.56,6.5
INV-104797,A,Manchester,Member,Male,Fresh Produce,7.09,1,0.35,7.44,02/07/2025,16:33:28,Debit Card,7.09,0.09,0.64,7.4
INV-104798,D,Bradford,Normal,Female,Household,3.78,1,0.19,3.97,20/05/2025,10:51:19,Mobile Wallet,3.78,0.18,0.68,5.3
INV-104799,C,Leeds,Member,Male,Baby Products,5.66,1,0.28,5.94,10/06/2025,21:20:48,Debit Card,5.66,0.16,0.91,5.6
INV-104800,B,Salford,Member,Female,Household,11.38,7,3.98,83.64,02/11/2025,11:16:30,Credit Card,79.66,0.18,14.34,6.1
INV-104801,A,Manchester,Normal,Male,Fresh Produce,8.58,4,1.72,36.04,01/02/2025,19:18:02,Debit Card,34.32,0.09,3.09,6.3
INV-104802,B,Salford,Normal,Male,Health & Wellness,33.95,9,15.28,320.83,08/05/2025,17:33:13,Credit Card,305.55,0.22,67.22,5.0
INV-104803,D,Bradford,Member,Male,Household,12.81,3,1.92,40.35,25/12/2025,11:58:41,Credit Card,38.43,0.18,6.92,6.1
INV-104804,A,Manchester,Member,Male,Frozen Foods,3.01,3,0.45,9.48,14/05/2025,11:31:48,Debit Card,9.03,0.11,0.99,7.0
INV-104805,B,Salford,Normal,Female,Health & Wellness,33.58,1,1.68,35.26,01/06/2025,21:47:53,Debit Card,33.58,0.22,7.39,4.8
INV-104806,A,Manchester,Member,Female,Baby Products,36.22,7,12.68,266.22,30/11/2025,11:24:00,Debit Card,253.54,0.16,40.57,7.1
INV-104807,D,Bradford,Member,Female,Frozen Foods,11.14,5,2.79,58.49,08/07/2025,17:19:31,Cash,55.7,0.11,6.13,7.5
INV-104808,D,Bradford,Member,Female,Beverages,10.54,4,2.11,44.27,17/08/2025,16:27:09,Mobile Wallet,42.16,0.12,5.06,7.2
INV-104809,D,Bradford,Member,Female,Bakery,3.7,7,1.29,27.19,01/11/2025,13:43:29,Credit Card,25.9,0.1,2.59,4.0
INV-104810,D,Bradford,Member,Male,Snacks,2.48,3,0.37,7.81,25/02/2025,20:01:03,Debit Card,7.44,0.15,1.12,6.5
INV-104811,C,Leeds,Normal,Male,Frozen Foods,12.62,4,2.52,53.0,22/05/2025,15:33:27,Cash,50.48,0.11,5.55,5.3
INV-104812,B,Salford,Member,Male,Snacks,2.37,10,1.19,24.89,26/05/2025,12:50:38,Credit Card,23.7,0.15,3.55,6.5
INV-104813,B,Salford,Normal,Female,Personal Care,18.53,10,9.27,194.57,15/06/2025,20:11:49,Debit Card,185.3,0.2,37.06,8.4
INV-104814,A,Manchester,Member,Female,Baby Products,7.62,1,0.38,8.0,27/01/2025,11:45:32,Credit Card,7.62,0.16,1.22,6.9
INV-104815,C,Leeds,Member,Male,Fresh Produce,3.46,3,0.52,10.9,08/07/2025,15:09:04,Cash,10.38,0.09,0.93,7.8
INV-104816,B,Salford,Member,Male,Health & Wellness,27.98,2,2.8,58.76,12/07/2025,20:48:52,Mobile Wallet,55.96,0.22,12.31,7.2
INV-104817,A,Manchester,Normal,Male,Household,12.6,4,2.52,52.92,27/11/2025,16:04:25,Cash,50.4,0.18,9.07,6.1
INV-104818,C,Leeds,Normal,Male,Health & Wellness,14.49,1,0.72,15.21,02/04/2025,19:15:08,Mobile Wallet,14.49,0.22,3.19,4.6
INV-104819,C,Leeds,Member,Female,Fresh Produce,10.91,1,0.55,11.46,26/11/2025,20:26:33,Debit Card,10.91,0.09,0.98,7.4
INV-104820,C,Leeds,Member,Male,Personal Care,15.7,4,3.14,65.94,17/10/2025,20:24:54,Debit Card,62.8,0.2,12.56,7.6
INV-104821,A,Manchester,Normal,Female,Beverages,6.04,3,0.91,19.03,09/03/2025,16:59:35,Debit Card,18.12,0.12,2.17,6.0
INV-104822,D,Bradford,Member,Female,Dairy & Eggs,5.73,2,0.57,12.03,04/02/2025,20:36:24,Credit Card,11.46,0.08,0.92,8.4
INV-104823,B,Salford,Member,Female,Snacks,3.26,4,0.65,13.69,22/02/2025,14:22:59,Debit Card,13.04,0.15,1.96,4.2
INV-104824,B,Salford,Normal,Female,Frozen Foods,16.77,10,8.38,176.08,17/02/2025,21:58:45,Credit Card,167.7,0.11,18.45,6.8
INV-104825,C,Leeds,Normal,Male,Beverages,12.14,3,1.82,38.24,23/06/2025,19:13:28,Credit Card,36.42,0.12,4.37,6.9
INV-104826,A,Manchester,Member,Male,Health & Wellness,7.44,11,4.09,85.93,25/06/2025,15:50:57,Mobile Wallet,81.84,0.22,18.0,5.3
INV-104827,A,Manchester,Member,Male,Household,11.05,1,0.55,11.6,25/07/2025,18:30:09,Credit Card,11.05,0.18,1.99,8.3
INV-104828,A,Manchester,Member,Male,Fresh Produce,4.0,10,2.0,42.0,25/11/2025,12:31:55,Cash,40.0,0.09,3.6,4.7
INV-104829,D,Bradford,Member,Female,Health & Wellness,26.36,2,2.64,55.36,08/10/2025,16:09:54,Cash,52.72,0.22,11.6,5.7
INV-104830,A,Manchester,Normal,Female,Health & Wellness,36.87,2,3.69,77.43,18/08/2025,15:06:12,Debit Card,73.74,0.22,16.22,5.3
INV-104831,B,Salford,Member,Female,Fresh Produce,5.15,5,1.29,27.04,14/05/2025,17:01:59,Credit Card,25.75,0.09,2.32,7.5
INV-104832,B,Salford,Member,Female,Personal Care,18.33,9,8.25,173.22,29/01/2025,12:27:31,Cash,164.97,0.2,32.99,5.2
INV-104833,A,Manchester,Member,Female,Snacks,3.52,9,1.58,33.26,26/11/2025,17:31:40,Credit Card,31.68,0.15,4.75,5.8
INV-104834,B,Salford,Member,Male,Beverages,7.48,6,2.24,47.12,22/01/2025,13:25:42,Debit Card,44.88,0.12,5.39,6.7
INV-104835,A,Manchester,Member,Female,Frozen Foods,14.39,3,2.16,45.33,30/04/2025,11:04:42,Credit Card,43.17,0.11,4.75,7.5
INV-104836,B,Salford,Normal,Female,Snacks,5.57,4,1.11,23.39,14/09/2025,13:42:42,Debit Card,22.28,0.15,3.34,6.1
INV-104837,C,Leeds,Member,Male,Fresh Produce,3.57,8,1.43,29.99,18/07/2025,14:40:48,Mobile Wallet,28.56,0.09,2.57,6.9
INV-104838,D,Bradford,Normal,Female,Dairy & Eggs,5.71,5,1.43,29.98,19/09/2025,11:50:28,Debit Card,28.55,0.08,2.28,6.8
INV-104839,C,Leeds,Normal,Male,Snacks,1.99,3,0.3,6.27,13/01/2025,12:52:13,Debit Card,5.97,0.15,0.9,5.7
INV-104840,D,Bradford,Member,Female,Bakery,2.87,5,0.72,15.07,21/01/2025,17:10:46,Debit Card,14.35,0.1,1.44,6.4
INV-104841,B,Salford,Member,Female,Snacks,1.07,8,0.43,8.99,17/04/2025,16:28:00,Credit Card,8.56,0.15,1.28,6.4
INV-104842,B,Salford,Normal,Male,Beverages,9.24,2,0.92,19.4,04/01/2025,15:58:14,Debit Card,18.48,0.12,2.22,5.9
INV-104843,C,Leeds,Member,Female,Bakery,6.41,2,0.64,13.46,25/10/2025,18:42:27,Debit Card,12.82,0.1,1.28,5.9
INV-104844,C,Leeds,Normal,Female,Household,11.95,1,0.6,12.55,23/07/2025,09:00:21,Credit Card,11.95,0.18,2.15,6.8
INV-104845,B,Salford,Member,Female,Household,7.78,5,1.95,40.85,02/10/2025,11:50:32,Credit Card,38.9,0.18,7.0,7.2
INV-104846,A,Manchester,Member,Male,Household,9.56,5,2.39,50.19,17/05/2025,09:12:39,Debit Card,47.8,0.18,8.6,8.1
INV-104847,C,Leeds,Normal,Male,Beverages,1.69,8,0.68,14.2,23/03/2025,15:35:41,Credit Card,13.52,0.12,1.62,7.0
INV-104848,B,Salford,Normal,Male,Beverages,12.92,7,4.52,94.96,21/06/2025,17:43:23,Credit Card,90.44,0.12,10.85,6.4
INV-104849,B,Salford,Member,Male,Personal Care,5.5,6,1.65,34.65,14/05/2025,12:50:53,Credit Card,33.0,0.2,6.6,6.1
INV-104850,D,Bradford,Normal,Female,Bakery,6.06,9,2.73,57.27,30/11/2025,12:13:42,Debit Card,54.54,0.1,5.45,4.8
INV-104851,C,Leeds,Member,Male,Dairy & Eggs,3.2,3,0.48,10.08,15/01/2025,17:24:34,Debit Card,9.6,0.08,0.77,5.4
INV-104852,D,Bradford,Normal,Male,Household,9.45,4,1.89,39.69,15/04/2025,16:37:12,Debit Card,37.8,0.18,6.8,6.2
INV-104853,B,Salford,Normal,Female,Fresh Produce,8.59,4,1.72,36.08,22/01/2025,18:00:20,Credit Card,34.36,0.09,3.09,6.6
INV-104854,D,Bradford,Normal,Female,Baby Products,21.92,10,10.96,230.16,16/04/2025,18:58:04,Credit Card,219.2,0.16,35.07,7.0
INV-104855,B,Salford,Normal,Male,Baby Products,37.88,1,1.89,39.77,20/12/2025,17:48:31,Credit Card,37.88,0.16,6.06,6.2
INV-104856,B,Salford,Normal,Male,Fresh Produce,5.06,9,2.28,47.82,04/07/2025,14:51:08,Debit Card,45.54,0.09,4.1,6.2
INV-104857,D,Bradford,Member,Female,Health & Wellness,36.47,3,5.47,114.88,28/11/2025,10:22:56,Credit Card,109.41,0.22,24.07,4.4
INV-104858,B,Salford,Member,Male,Household,19.11,8,7.64,160.52,22/04/2025,12:34:24,Mobile Wallet,152.88,0.18,27.52,5.2
INV-104859,A,Manchester,Normal,Male,Dairy & Eggs,7.21,3,1.08,22.71,07/01/2025,18:12:57,Debit Card,21.63,0.08,1.73,4.8
INV-104860,B,Salford,Normal,Female,Frozen Foods,15.78,10,7.89,165.69,20/06/2025,08:03:05,Debit Card,157.8,0.11,17.36,6.2
INV-104861,B,Salford,Member,Male,Personal Care,25.29,5,6.32,132.77,18/07/2025,12:26:24,Credit Card,126.45,0.2,25.29,8.0
INV-104862,C,Leeds,Normal,Male,Beverages,7.09,10,3.55,74.45,20/07/2025,15:04:22,Debit Card,70.9,0.12,8.51,8.9
INV-104863,B,Salford,Normal,Male,Beverages,5.96,7,2.09,43.81,03/09/2025,19:34:27,Cash,41.72,0.12,5.01,8.1
INV-104864,C,Leeds,Member,Female,Fresh Produce,4.87,6,1.46,30.68,09/02/2025,17:55:14,Debit Card,29.22,0.09,2.63,6.1
INV-104865,A,Manchester,Normal,Female,Bakery,3.57,4,0.71,14.99,16/01/2025,09:10:56,Cash,14.28,0.1,1.43,5.9
INV-104866,A,Manchester,Member,Female,Fresh Produce,3.36,4,0.67,14.11,21/05/2025,13:40:22,Mobile Wallet,13.44,0.09,1.21,7.7
INV-104867,A,Manchester,Normal,Male,Snacks,4.42,6,1.33,27.85,16/08/2025,16:11:51,Debit Card,26.52,0.15,3.98,5.5
INV-104868,D,Bradford,Member,Female,Beverages,11.29,10,5.65,118.55,19/02/2025,11:51:58,Debit Card,112.9,0.12,13.55,6.9
INV-104869,A,Manchester,Normal,Male,Personal Care,3.9,6,1.17,24.57,21/04/2025,14:09:39,Credit Card,23.4,0.2,4.68,8.3
INV-104870,B,Salford,Member,Male,Baby Products,24.85,2,2.49,52.19,10/07/2025,16:13:44,Cash,49.7,0.16,7.95,6.2
INV-104871,A,Manchester,Normal,Male,Snacks,4.42,2,0.44,9.28,02/08/2025,09:48:11,Credit Card,8.84,0.15,1.33,7.2
INV-104872,A,Manchester,Normal,Male,Frozen Foods,14.73,5,3.68,77.33,18/01/2025,09:19:52,Cash,73.65,0.11,8.1,6.5
INV-104873,A,Manchester,Normal,Male,Personal Care,16.88,10,8.44,177.24,14/03/2025,15:56:44,Credit Card,168.8,0.2,33.76,7.0
INV-104874,C,Leeds,Member,Male,Snacks,4.71,8,1.88,39.56,15/04/2025,13:37:18,Credit Card,37.68,0.15,5.65,4.8
INV-104875,A,Manchester,Member,Female,Dairy & Eggs,4.58,8,1.83,38.47,01/09/2025,18:18:55,Debit Card,36.64,0.08,2.93,6.9
INV-104876,B,Salford,Member,Female,Personal Care,16.65,9,7.49,157.34,27/02/2025,17:23:05,Debit Card,149.85,0.2,29.97,7.4
INV-104877,A,Manchester,Member,Female,Beverages,15.6,9,7.02,147.42,22/08/2025,20:14:11,Debit Card,140.4,0.12,16.85,6.2
INV-104878,C,Leeds,Normal,Male,Bakery,6.14,7,2.15,45.13,12/01/2025,12:02:04,Cash,42.98,0.1,4.3,6.4
INV-104879,D,Bradford,Normal,Female,Personal Care,14.76,6,4.43,92.99,21/12/2025,08:08:17,Debit Card,88.56,0.2,17.71,7.7
INV-104880,B,Salford,Member,Female,Dairy & Eggs,3.85,2,0.39,8.09,03/02/2025,16:44:36,Debit Card,7.7,0.08,0.62,7.5
INV-104881,D,Bradford,Member,Male,Beverages,4.09,6,1.23,25.77,16/01/2025,16:44:10,Mobile Wallet,24.54,0.12,2.94,5.2
INV-104882,A,Manchester,Normal,Male,Household,18.56,6,5.57,116.93,10/08/2025,16:08:49,Credit Card,111.36,0.18,20.04,7.0
INV-104883,D,Bradford,Member,Male,Dairy & Eggs,3.97,7,1.39,29.18,31/03/2025,14:38:20,Mobile Wallet,27.79,0.08,2.22,6.8
INV-104884,A,Manchester,Normal,Female,Snacks,5.62,3,0.84,17.7,03/12/2025,20:10:16,Debit Card,16.86,0.15,2.53,5.9
INV-104885,A,Manchester,Member,Male,Dairy & Eggs,2.3,3,0.35,7.25,30/12/2025,10:53:57,Credit Card,6.9,0.08,0.55,7.8
INV-104886,C,Leeds,Normal,Male,Dairy & Eggs,1.1,6,0.33,6.93,14/04/2025,12:33:42,Credit Card,6.6,0.08,0.53,5.6
INV-104887,C,Leeds,Normal,Female,Frozen Foods,12.19,10,6.1,128.0,10/12/2025,14:21:17,Credit Card,121.9,0.11,13.41,5.0
INV-104888,C,Leeds,Member,Female,Baby Products,33.99,5,8.5,178.45,01/05/2025,08:40:50,Credit Card,169.95,0.16,27.19,5.6
INV-104889,D,Bradford,Normal,Female,Baby Products,11.54,6,3.46,72.7,29/11/2025,12:29:39,Debit Card,69.24,0.16,11.08,6.0
INV-104890,A,Manchester,Normal,Male,Snacks,4.68,3,0.7,14.74,14/10/2025,19:08:50,Credit Card,14.04,0.15,2.11,6.6
INV-104891,D,Bradford,Member,Female,Dairy & Eggs,3.32,6,1.0,20.92,25/01/2025,14:36:16,Cash,19.92,0.08,1.59,6.8
INV-104892,C,Leeds,Member,Male,Baby Products,28.93,2,2.89,60.75,15/02/2025,15:32:57,Debit Card,57.86,0.16,9.26,5.9
INV-104893,C,Leeds,Member,Male,Beverages,10.43,6,3.13,65.71,30/08/2025,13:45:43,Cash,62.58,0.12,7.51,5.3
INV-104894,B,Salford,Member,Male,Frozen Foods,14.72,1,0.74,15.46,04/12/2025,09:37:05,Mobile Wallet,14.72,0.11,1.62,7.4
INV-104895,C,Leeds,Normal,Female,Health & Wellness,35.88,3,5.38,113.02,14/06/2025,19:31:16,Credit Card,107.64,0.22,23.68,6.6
INV-104896,C,Leeds,Member,Male,Snacks,6.2,2,0.62,13.02,31/03/2025,12:51:34,Mobile Wallet,12.4,0.15,1.86,6.0
INV-104897,D,Bradford,Normal,Male,Baby Products,10.89,6,3.27,68.61,28/08/2025,18:07:30,Cash,65.34,0.16,10.45,8.7
INV-104898,C,Leeds,Normal,Male,Bakery,5.3,2,0.53,11.13,17/03/2025,15:57:27,Cash,10.6,0.1,1.06,7.6
INV-104899,D,Bradford,Normal,Male,Health & Wellness,23.92,2,2.39,50.23,04/07/2025,15:56:13,Credit Card,47.84,0.22,10.52,4.6
INV-104900,D,Bradford,Normal,Female,Frozen Foods,15.08,2,1.51,31.67,05/11/2025,11:59:57,Mobile Wallet,30.16,0.11,3.32,5.9
INV-104901,C,Leeds,Member,Female,Personal Care,22.18,7,7.76,163.02,20/06/2025,11:40:50,Credit Card,155.26,0.2,31.05,6.6
INV-104902,C,Leeds,Member,Male,Baby Products,21.47,7,7.51,157.8,19/08/2025,20:07:30,Debit Card,150.29,0.16,24.05,6.4
INV-104903,B,Salford,Member,Female,Bakery,10.39,9,4.68,98.19,25/06/2025,11:39:15,Credit Card,93.51,0.1,9.35,5.2
INV-104904,B,Salford,Normal,Male,Frozen Foods,16.44,6,4.93,103.57,04/10/2025,11:13:38,Credit Card,98.64,0.11,10.85,7.6
INV-104905,B,Salford,Normal,Female,Health & Wellness,14.06,6,4.22,88.58,16/04/2025,19:46:20,Credit Card,84.36,0.22,18.56,9.0
INV-104906,D,Bradford,Member,Female,Snacks,3.35,4,0.67,14.07,03/08/2025,16:17:31,Credit Card,13.4,0.15,2.01,7.9
INV-104907,A,Manchester,Member,Female,Snacks,5.88,6,1.76,37.04,24/09/2025,12:15:15,Credit Card,35.28,0.15,5.29,8.8
INV-104908,A,Manchester,Normal,Female,Dairy & Eggs,4.64,8,1.86,38.98,11/05/2025,19:21:53,Credit Card,37.12,0.08,2.97,7.1
INV-104909,B,Salford,Member,Female,Baby Products,10.34,3,1.55,32.57,17/12/2025,09:52:00,Debit Card,31.02,0.16,4.96,5.3
INV-104910,C,Leeds,Member,Male,Baby Products,34.21,1,1.71,35.92,01/03/2025,15:57:57,Credit Card,34.21,0.16,5.47,5.4
INV-104911,C,Leeds,Normal,Male,Dairy & Eggs,7.16,4,1.43,30.07,08/10/2025,18:21:59,Cash,28.64,0.08,2.29,7.2
INV-104912,D,Bradford,Normal,Male,Baby Products,10.64,4,2.13,44.69,23/04/2025,19:34:22,Debit Card,42.56,0.16,6.81,7.3
INV-104913,C,Leeds,Normal,Male,Household,6.14,3,0.92,19.34,19/12/2025,14:08:42,Debit Card,18.42,0.18,3.32,5.8
INV-104914,A,Manchester,Normal,Female,Health & Wellness,40.18,6,12.05,253.13,24/11/2025,19:01:50,Credit Card,241.08,0.22,53.04,6.7
INV-104915,D,Bradford,Member,Female,Household,21.64,1,1.08,22.72,22/12/2025,15:34:06,Credit Card,21.64,0.18,3.9,7.7
INV-104916,B,Salford,Normal,Female,Fresh Produce,12.05,3,1.81,37.96,16/09/2025,15:33:10,Mobile Wallet,36.15,0.09,3.25,8.1
INV-104917,A,Manchester,Normal,Male,Personal Care,23.89,4,4.78,100.34,15/03/2025,17:37:50,Debit Card,95.56,0.2,19.11,7.7
INV-104918,A,Manchester,Member,Male,Personal Care,6.65,1,0.33,6.98,04/05/2025,17:49:46,Debit Card,6.65,0.2,1.33,7.1
INV-104919,D,Bradford,Normal,Male,Bakery,2.69,8,1.08,22.6,18/04/2025,14:42:06,Credit Card,21.52,0.1,2.15,8.3
INV-104920,A,Manchester,Normal,Female,Frozen Foods,5.78,8,2.31,48.55,13/01/2025,20:22:19,Credit Card,46.24,0.11,5.09,5.2
INV-104921,A,Manchester,Member,Female,Snacks,3.29,9,1.48,31.09,01/06/2025,12:12:53,Credit Card,29.61,0.15,4.44,6.4
INV-104922,A,Manchester,Normal,Female,Beverages,10.72,9,4.82,101.3,06/04/2025,11:26:17,Mobile Wallet,96.48,0.12,11.58,6.4
INV-104923,A,Manchester,Normal,Female,Beverages,6.27,1,0.31,6.58,10/05/2025,10:08:34,Credit Card,6.27,0.12,0.75,5.7
INV-104924,D,Bradford,Member,Female,Dairy & Eggs,5.89,7,2.06,43.29,05/08/2025,18:32:07,Debit Card,41.23,0.08,3.3,4.3
INV-104925,C,Leeds,Normal,Male,Dairy & Eggs,1.75,2,0.18,3.68,06/01/2025,20:06:14,Cash,3.5,0.08,0.28,5.7
INV-104926,C,Leeds,Member,Male,Health & Wellness,25.73,1,1.29,27.02,18/07/2025,12:32:16,Debit Card,25.73,0.22,5.66,4.9
INV-104927,C,Leeds,Normal,Female,Household,12.91,2,1.29,27.11,05/06/2025,12:07:29,Credit Card,25.82,0.18,4.65,7.8
INV-104928,D,Bradford,Member,Male,Bakery,9.05,8,3.62,76.02,22/11/2025,13:16:06,Debit Card,72.4,0.1,7.24,8.5
INV-104929,A,Manchester,Member,Male,Snacks,6.01,10,3.01,63.11,17/01/2025,19:22:10,Debit Card,60.1,0.15,9.02,6.7
INV-104930,D,Bradford,Member,Male,Bakery,1.2,3,0.18,3.78,29/06/2025,18:53:48,Mobile Wallet,3.6,0.1,0.36,4.5
INV-104931,A,Manchester,Member,Male,Snacks,1.95,4,0.39,8.19,25/12/2025,12:58:24,Debit Card,7.8,0.15,1.17,7.5
INV-104932,D,Bradford,Member,Male,Bakery,5.34,1,0.27,5.61,03/10/2025,18:58:05,Debit Card,5.34,0.1,0.53,6.3
INV-104933,A,Manchester,Member,Male,Bakery,10.5,1,0.53,11.03,19/12/2025,20:20:41,Mobile Wallet,10.5,0.1,1.05,8.1
INV-104934,C,Leeds,Member,Male,Personal Care,19.85,11,10.92,229.27,14/01/2025,16:59:41,Cash,218.35,0.2,43.67,6.7
INV-104935,D,Bradford,Normal,Female,Baby Products,25.08,3,3.76,79.0,07/09/2025,14:54:19,Debit Card,75.24,0.16,12.04,6.1
INV-104936,A,Manchester,Member,Male,Household,18.45,2,1.84,38.74,10/05/2025,15:55:20,Credit Card,36.9,0.18,6.64,6.4
INV-104937,A,Manchester,Member,Female,Snacks,3.43,5,0.86,18.01,06/05/2025,20:14:10,Credit Card,17.15,0.15,2.57,6.4
INV-104938,A,Manchester,Normal,Male,Snacks,1.66,4,0.33,6.97,14/07/2025,14:55:39,Credit Card,6.64,0.15,1.0,5.3
INV-104939,C,Leeds,Member,Female,Bakery,10.65,2,1.07,22.37,06/11/2025,19:01:02,Debit Card,21.3,0.1,2.13,7.0
INV-104940,D,Bradford,Member,Female,Beverages,9.03,5,2.26,47.41,15/06/2025,20:08:02,Mobile Wallet,45.15,0.12,5.42,7.3
INV-104941,C,Leeds,Normal,Male,Fresh Produce,5.01,5,1.25,26.3,21/04/2025,16:52:13,Debit Card,25.05,0.09,2.25,4.0
INV-104942,D,Bradford,Member,Female,Dairy & Eggs,2.86,6,0.86,18.02,06/01/2025,21:33:26,Cash,17.16,0.08,1.37,8.5
INV-104943,B,Salford,Normal,Female,Household,20.63,3,3.09,64.98,17/09/2025,17:06:08,Debit Card,61.89,0.18,11.14,4.0
INV-104944,D,Bradford,Member,Female,Beverages,5.48,6,1.64,34.52,15/09/2025,17:46:19,Cash,32.88,0.12,3.95,5.5
INV-104945,B,Salford,Normal,Male,Household,15.98,8,6.39,134.23,21/05/2025,10:20:12,Mobile Wallet,127.84,0.18,23.01,6.3
INV-104946,D,Bradford,Member,Female,Personal Care,19.2,6,5.76,120.96,10/05/2025,14:40:31,Mobile Wallet,115.2,0.2,23.04,7.1
INV-104947,A,Manchester,Normal,Male,Household,6.82,3,1.02,21.48,31/03/2025,16:30:46,Cash,20.46,0.18,3.68,6.1
INV-104948,D,Bradford,Member,Male,Dairy & Eggs,1.23,8,0.49,10.33,25/03/2025,16:23:00,Debit Card,9.84,0.08,0.79,8.3
INV-104949,A,Manchester,Normal,Male,Snacks,6.86,10,3.43,72.03,04/11/2025,09:08:13,Mobile Wallet,68.6,0.15,10.29,7.7
INV-104950,C,Leeds,Member,Male,Dairy & Eggs,2.43,6,0.73,15.31,26/02/2025,18:56:06,Cash,14.58,0.08,1.17,6.6
INV-104951,B,Salford,Normal,Female,Household,7.16,10,3.58,75.18,12/04/2025,13:04:32,Mobile Wallet,71.6,0.18,12.89,5.7
INV-104952,D,Bradford,Member,Male,Dairy & Eggs,5.23,1,0.26,5.49,08/05/2025,20:14:40,Credit Card,5.23,0.08,0.42,6.9
INV-104953,A,Manchester,Normal,Male,Personal Care,28.59,1,1.43,30.02,01/12/2025,15:21:18,Cash,28.59,0.2,5.72,6.0
INV-104954,B,Salford,Normal,Male,Household,19.42,10,9.71,203.91,23/01/2025,11:53:01,Debit Card,194.2,0.18,34.96,4.8
INV-104955,C,Leeds,Member,Female,Beverages,10.26,8,4.1,86.18,25/04/2025,13:28:36,Cash,82.08,0.12,9.85,6.0
INV-104956,C,Leeds,Normal,Male,Frozen Foods,15.09,13,9.81,205.98,28/04/2025,12:40:34,Debit Card,196.17,0.11,21.58,8.5
INV-104957,D,Bradford,Normal,Female,Fresh Produce,9.15,6,2.75,57.65,21/02/2025,20:17:04,Credit Card,54.9,0.09,4.94,6.4
INV-104958,B,Salford,Member,Female,Frozen Foods,4.63,12,2.78,58.34,09/03/2025,19:58:09,Debit Card,55.56,0.11,6.11,6.4
INV-104959,A,Manchester,Member,Male,Snacks,5.38,13,3.5,73.44,12/09/2025,11:26:28,Debit Card,69.94,0.15,10.49,8.4
INV-104960,C,Leeds,Member,Male,Bakery,8.03,6,2.41,50.59,11/01/2025,14:58:06,Cash,48.18,0.1,4.82,6.7
INV-104961,C,Leeds,Normal,Female,Fresh Produce,11.99,2,1.2,25.18,03/08/2025,14:55:43,Debit Card,23.98,0.09,2.16,7.2
INV-104962,D,Bradford,Member,Female,Bakery,6.29,1,0.31,6.6,23/05/2025,17:14:41,Debit Card,6.29,0.1,0.63,6.0
INV-104963,D,Bradford,Member,Male,Bakery,4.46,3,0.67,14.05,04/02/2025,20:10:50,Cash,13.38,0.1,1.34,6.8
INV-104964,A,Manchester,Normal,Female,Frozen Foods,11.31,3,1.7,35.63,15/05/2025,20:54:15,Mobile Wallet,33.93,0.11,3.73,5.9
INV-104965,C,Leeds,Member,Male,Beverages,12.41,6,3.72,78.18,25/07/2025,15:50:17,Mobile Wallet,74.46,0.12,8.94,7.2
INV-104966,B,Salford,Normal,Female,Frozen Foods,11.77,3,1.77,37.08,03/03/2025,17:54:45,Credit Card,35.31,0.11,3.88,6.3
INV-104967,A,Manchester,Normal,Female,Bakery,6.24,5,1.56,32.76,14/02/2025,18:49:35,Debit Card,31.2,0.1,3.12,6.2
INV-104968,B,Salford,Member,Female,Frozen Foods,17.22,5,4.3,90.4,17/08/2025,13:49:47,Cash,86.1,0.11,9.47,7.4
INV-104969,C,Leeds,Normal,Male,Frozen Foods,11.4,10,5.7,119.7,02/09/2025,20:49:05,Credit Card,114.0,0.11,12.54,6.9
INV-104970,A,Manchester,Member,Female,Fresh Produce,1.68,4,0.34,7.06,26/10/2025,16:57:18,Credit Card,6.72,0.09,0.6,6.7
INV-104971,D,Bradford,Member,Female,Bakery,5.03,5,1.26,26.41,14/10/2025,10:29:16,Credit Card,25.15,0.1,2.52,7.0
INV-104972,A,Manchester,Normal,Female,Snacks,1.36,2,0.14,2.86,14/04/2025,16:46:48,Debit Card,2.72,0.15,0.41,7.3
INV-104973,B,Salford,Member,Male,Bakery,9.63,12,5.78,121.34,10/03/2025,20:51:55,Debit Card,115.56,0.1,11.56,6.6
INV-104974,D,Bradford,Member,Female,Snacks,1.93,1,0.1,2.03,10/07/2025,13:30:33,Debit Card,1.93,0.15,0.29,8.6
INV-104975,A,Manchester,Member,Female,Health & Wellness,30.21,5,7.55,158.6,27/02/2025,18:07:54,Mobile Wallet,151.05,0.22,33.23,7.9
INV-104976,C,Leeds,Member,Female,Beverages,2.19,12,1.31,27.59,05/06/2025,18:16:31,Mobile Wallet,26.28,0.12,3.15,4.0
INV-104977,B,Salford,Member,Male,Health & Wellness,13.07,7,4.57,96.06,05/05/2025,17:13:53,Mobile Wallet,91.49,0.22,20.13,6.7
INV-104978,D,Bradford,Member,Female,Fresh Produce,6.56,1,0.33,6.89,07/04/2025,11:38:11,Mobile Wallet,6.56,0.09,0.59,8.4
INV-104979,D,Bradford,Member,Male,Personal Care,11.44,5,2.86,60.06,03/09/2025,16:22:12,Credit Card,57.2,0.2,11.44,6.4
INV-104980,B,Salford,Member,Female,Bakery,3.78,12,2.27,47.63,30/03/2025,18:26:00,Mobile Wallet,45.36,0.1,4.54,7.2
INV-104981,D,Bradford,Member,Female,Bakery,6.07,2,0.61,12.75,16/03/2025,13:49:35,Credit Card,12.14,0.1,1.21,8.4
INV-104982,B,Salford,Member,Female,Snacks,1.38,9,0.62,13.04,04/02/2025,16:15:24,Mobile Wallet,12.42,0.15,1.86,8.2
INV-104983,D,Bradford,Member,Female,Baby Products,24.76,2,2.48,52.0,17/10/2025,10:52:52,Cash,49.52,0.16,7.92,6.6
INV-104984,B,Salford,Normal,Female,Snacks,5.27,2,0.53,11.07,17/11/2025,13:54:25,Debit Card,10.54,0.15,1.58,7.0
INV-104985,D,Bradford,Normal,Male,Beverages,10.06,8,4.02,84.5,26/04/2025,18:29:50,Mobile Wallet,80.48,0.12,9.66,5.6
INV-104986,C,Leeds,Normal,Male,Beverages,10.72,9,4.82,101.3,31/01/2025,13:47:00,Mobile Wallet,96.48,0.12,11.58,7.1
INV-104987,D,Bradford,Member,Female,Snacks,5.17,4,1.03,21.71,14/06/2025,14:39:55,Debit Card,20.68,0.15,3.1,7.2
INV-104988,D,Bradford,Member,Female,Bakery,1.23,4,0.25,5.17,09/04/2025,11:26:16,Debit Card,4.92,0.1,0.49,5.8
INV-104989,C,Leeds,Member,Male,Household,8.62,6,2.59,54.31,19/08/2025,19:09:52,Cash,51.72,0.18,9.31,7.1
INV-104990,B,Salford,Member,Female,Bakery,8.7,8,3.48,73.08,03/09/2025,15:34:09,Credit Card,69.6,0.1,6.96,4.8
INV-104991,D,Bradford,Normal,Female,Bakery,1.29,5,0.32,6.77,04/05/2025,18:24:26,Credit Card,6.45,0.1,0.65,5.3
INV-104992,C,Leeds,Member,Male,Household,7.97,4,1.59,33.47,08/02/2025,14:54:54,Cash,31.88,0.18,5.74,7.2
INV-104993,D,Bradford,Normal,Female,Frozen Foods,16.27,11,8.95,187.92,02/08/2025,11:47:00,Debit Card,178.97,0.11,19.69,5.1
INV-104994,A,Manchester,Normal,Female,Personal Care,16.0,4,3.2,67.2,27/12/2025,11:49:52,Credit Card,64.0,0.2,12.8,6.8
INV-104995,B,Salford,Normal,Female,Health & Wellness,30.54,1,1.53,32.07,09/07/2025,17:43:17,Credit Card,30.54,0.22,6.72,5.5
INV-104996,C,Leeds,Member,Male,Health & Wellness,23.05,6,6.92,145.22,24/05/2025,11:23:27,Cash,138.3,0.22,30.43,7.7
INV-104997,D,Bradford,Normal,Male,Bakery,9.59,3,1.44,30.21,05/06/2025,15:26:04,Credit Card,28.77,0.1,2.88,6.3
INV-104998,C,Leeds,Normal,Male,Fresh Produce,2.52,3,0.38,7.94,29/08/2025,18:29:56,Credit Card,7.56,0.09,0.68,4.0
INV-104999,D,Bradford,Normal,Male,Snacks,1.42,3,0.21,4.47,19/12/2025,16:38:36,Debit Card,4.26,0.15,0.64,5.1
