Invoice ID,Branch,City,Customer type,Gender,Product line,Unit price,Quantity,Tax 5%,Total,Date,Time,Payment,cogs,gross margin percentage,gross income,Rating
THIRD-300000,M,Nottingham,Normal,Male,Bakery,3.18,5,0.77,16.87,14/02/2025,14:22:33,Debit Card,16.07,0.11,1.78,6.3
THIRD-300001,N,Leicester,Member,Male,Fresh Produce,7.64,4,1.47,32.41,25/02/2025,14:04:49,Cash,30.87,0.08,2.49,8.9
THIRD-300002,M,Nottingham,Member,Male,Bakery,2.11,7,0.71,15.67,02/10/2025,13:07:41,Credit Card,14.92,0.11,1.65,5.9
THIRD-300003,P,Coventry,Member,Male,Snacks,2.98,2,0.29,6.33,24/06/2025,16:42:05,Credit Card,6.03,0.17,1.04,8.2
THIRD-300004,M,Nottingham,Member,Female,Bakery,2.89,2,0.28,6.13,11/03/2025,19:27:44,Cash,5.84,0.11,0.65,6.7
THIRD-300005,N,Leicester,Normal,Male,Fresh Produce,4.66,4,0.9,19.76,26/12/2025,20:01:43,Debit Card,18.82,0.08,1.52,7.2
THIRD-300006,M,Nottingham,Member,Female,Personal Care,14.78,6,4.26,94.0,01/01/2025,18:01:51,Cash,89.52,0.21,18.97,4.6
THIRD-300007,N,Leicester,Member,Female,Dairy & Eggs,6.5,9,2.81,62.01,02/11/2025,14:34:03,Credit Card,59.06,0.07,4.18,7.5
THIRD-300008,N,Leicester,Normal,Female,Beverages,9.33,9,4.04,89.01,04/01/2025,18:57:06,Cash,84.77,0.13,11.12,6.6
THIRD-300009,N,Leicester,Member,Male,Beverages,12.4,13,7.75,170.85,22/02/2025,13:45:22,Debit Card,162.71,0.13,21.35,5.3
THIRD-300010,M,Nottingham,Member,Female,Health & Wellness,8.84,5,2.12,46.85,08/12/2025,12:04:30,Mobile Wallet,44.62,0.24,10.81,7.3
THIRD-300011,M,Nottingham,Member,Female,Beverages,6.17,7,2.08,45.77,11/01/2025,14:44:20,Mobile Wallet,43.59,0.13,5.72,7.9
THIRD-300012,N,Leicester,Member,Male,Fresh Produce,2.63,4,0.51,11.16,21/10/2025,13:45:13,Credit Card,10.63,0.08,0.86,5.9
THIRD-300013,N,Leicester,Member,Male,Health & Wellness,20.33,2,1.96,43.11,29/08/2025,18:07:13,Credit Card,41.06,0.24,9.94,7.0
THIRD-300014,M,Nottingham,Normal,Male,Dairy & Eggs,3.93,2,0.38,8.34,25/06/2025,13:17:24,Mobile Wallet,7.94,0.07,0.56,7.2
THIRD-300015,P,Coventry,Member,Male,Bakery,7.5,3,1.08,23.85,16/04/2025,14:54:55,Debit Card,22.71,0.11,2.52,9.5
THIRD-300016,P,Coventry,Member,Male,Beverages,10.96,5,2.64,58.11,07/01/2025,16:58:58,Credit Card,55.34,0.13,7.26,7.9
THIRD-300017,N,Leicester,Member,Male,Snacks,1.98,4,0.38,8.38,17/12/2025,10:05:48,Debit Card,7.98,0.17,1.37,6.4
THIRD-300018,P,Coventry,Normal,Male,Baby Products,7.42,1,0.36,7.86,24/09/2025,15:28:02,Debit Card,7.49,0.18,1.36,5.8
THIRD-300019,P,Coventry,Normal,Male,Personal Care,21.72,13,13.57,299.26,11/07/2025,12:02:45,Credit Card,285.01,0.21,60.42,4.8
THIRD-300020,P,Coventry,Member,Female,Snacks,3.85,4,0.74,16.32,27/11/2025,16:35:33,Debit Card,15.54,0.17,2.67,8.2
THIRD-300021,M,Nottingham,Member,Female,Health & Wellness,5.78,2,0.56,12.26,07/09/2025,14:36:44,Credit Card,11.68,0.24,2.83,7.2
THIRD-300022,P,Coventry,Member,Male,Beverages,14.39,1,0.69,15.26,29/03/2025,11:55:14,Cash,14.53,0.13,1.91,8.5
THIRD-300023,N,Leicester,Member,Male,Fresh Produce,5.87,3,0.85,18.66,11/10/2025,18:46:20,Mobile Wallet,17.77,0.08,1.43,4.9
THIRD-300024,N,Leicester,Member,Female,Snacks,3.03,3,0.44,9.63,22/08/2025,17:39:26,Credit Card,9.17,0.17,1.57,5.8
THIRD-300025,N,Leicester,Normal,Male,Frozen Foods,8.79,1,0.42,9.31,09/01/2025,10:00:35,Debit Card,8.87,0.1,0.89,8.9
THIRD-300026,M,Nottingham,Normal,Female,Personal Care,19.45,1,0.94,20.62,18/11/2025,16:37:01,Debit Card,19.64,0.21,4.17,6.6
THIRD-300027,N,Leicester,Member,Female,Dairy & Eggs,5.81,1,0.28,6.16,30/06/2025,16:30:55,Mobile Wallet,5.87,0.07,0.41,8.6
THIRD-300028,M,Nottingham,Normal,Male,Beverages,14.7,2,1.41,31.15,30/09/2025,20:49:00,Mobile Wallet,29.67,0.13,3.89,6.9
THIRD-300029,P,Coventry,Member,Female,Baby Products,27.42,1,1.32,29.07,24/11/2025,14:07:13,Credit Card,27.69,0.18,5.04,4.0
THIRD-300030,N,Leicester,Member,Male,Household,16.62,6,4.79,105.7,19/11/2025,15:13:30,Cash,100.67,0.19,19.31,6.1
THIRD-300031,P,Coventry,Member,Female,Fresh Produce,4.92,8,1.89,41.72,06/10/2025,12:55:57,Mobile Wallet,39.73,0.08,3.21,6.6
THIRD-300032,N,Leicester,Normal,Female,Beverages,12.77,5,3.07,67.69,20/03/2025,17:14:47,Debit Card,64.47,0.13,8.46,7.3
THIRD-300033,P,Coventry,Member,Male,Health & Wellness,19.18,2,1.84,40.66,13/07/2025,12:37:19,Cash,38.72,0.24,9.38,4.6
THIRD-300034,N,Leicester,Normal,Female,Frozen Foods,7.11,1,0.34,7.54,06/01/2025,15:56:00,Credit Card,7.18,0.1,0.72,4.9
THIRD-300035,M,Nottingham,Normal,Male,Health & Wellness,36.19,1,1.74,38.37,09/04/2025,18:39:25,Cash,36.54,0.24,8.85,7.0
THIRD-300036,M,Nottingham,Normal,Male,Bakery,9.32,7,3.14,69.15,30/06/2025,14:03:37,Mobile Wallet,65.86,0.11,7.31,7.3
THIRD-300037,P,Coventry,Member,Male,Beverages,10.81,1,0.52,11.46,11/08/2025,18:51:49,Credit Card,10.91,0.13,1.43,6.5
THIRD-300038,P,Coventry,Normal,Male,Health & Wellness,4.01,1,0.19,4.25,01/01/2025,19:50:07,Credit Card,4.05,0.24,0.99,8.6
THIRD-300039,M,Nottingham,Member,Female,Personal Care,24.88,1,1.2,26.38,19/09/2025,08:02:55,Debit Card,25.12,0.21,5.32,8.3
THIRD-300040,N,Leicester,Member,Female,Personal Care,2.38,4,0.46,10.1,12/02/2025,12:38:15,Mobile Wallet,9.62,0.21,2.04,5.1
THIRD-300041,N,Leicester,Normal,Female,Beverages,7.12,1,0.34,7.55,02/10/2025,15:08:00,Debit Card,7.19,0.13,0.94,5.2
THIRD-300042,N,Leicester,Normal,Female,Frozen Foods,7.29,3,1.05,23.18,07/10/2025,14:19:52,Debit Card,22.08,0.1,2.23,7.8
THIRD-300043,P,Coventry,Member,Male,Personal Care,11.03,3,1.59,35.09,15/01/2025,18:42:42,Mobile Wallet,33.42,0.21,7.08,5.4
THIRD-300044,N,Leicester,Normal,Male,Beverages,12.43,7,4.18,92.22,30/08/2025,17:42:26,Debit Card,87.83,0.13,11.52,8.6
THIRD-300045,M,Nottingham,Member,Male,Frozen Foods,14.44,5,3.47,76.51,01/08/2025,10:14:20,Debit Card,72.87,0.1,7.36,8.1
THIRD-300046,N,Leicester,Normal,Female,Snacks,4.1,7,1.38,30.41,24/11/2025,16:46:30,Mobile Wallet,28.96,0.17,4.97,7.5
THIRD-300047,P,Coventry,Member,Female,Frozen Foods,9.74,9,4.22,92.98,03/08/2025,11:11:27,Debit Card,88.55,0.1,8.94,7.6
THIRD-300048,M,Nottingham,Normal,Female,Bakery,8.42,6,2.43,53.58,10/07/2025,15:32:29,Credit Card,51.03,0.11,5.67,6.3
THIRD-300049,P,Coventry,Normal,Female,Fresh Produce,4.97,8,1.91,42.16,10/02/2025,10:05:45,Debit Card,40.15,0.08,3.24,5.8
THIRD-300050,P,Coventry,Member,Female,Household,14.13,3,2.04,44.95,23/09/2025,13:39:27,Mobile Wallet,42.81,0.19,8.22,4.0
THIRD-300051,N,Leicester,Member,Male,Beverages,6.14,4,1.18,26.02,16/03/2025,18:41:23,Mobile Wallet,24.78,0.13,3.25,6.0
THIRD-300052,P,Coventry,Member,Male,Frozen Foods,19.06,3,2.75,60.63,19/07/2025,15:51:25,Credit Card,57.74,0.1,5.83,7.3
THIRD-300053,N,Leicester,Normal,Female,Beverages,13.96,4,2.68,59.18,01/10/2025,14:21:39,Debit Card,56.36,0.13,7.4,5.6
THIRD-300054,N,Leicester,Member,Female,Dairy & Eggs,6.81,1,0.33,7.22,19/11/2025,09:41:19,Debit Card,6.88,0.07,0.49,8.1
THIRD-300055,M,Nottingham,Normal,Male,Health & Wellness,18.02,9,7.8,171.96,10/08/2025,08:43:37,Credit Card,163.77,0.24,39.68,6.4
THIRD-300056,M,Nottingham,Normal,Female,Snacks,1.49,3,0.21,4.73,21/08/2025,19:07:04,Mobile Wallet,4.5,0.17,0.77,8.9
THIRD-300057,P,Coventry,Member,Female,Frozen Foods,14.1,2,1.36,29.9,28/06/2025,14:21:44,Mobile Wallet,28.48,0.1,2.87,6.8
THIRD-300058,N,Leicester,Normal,Male,Fresh Produce,9.64,6,2.78,61.32,05/06/2025,18:58:55,Credit Card,58.4,0.08,4.72,6.6
THIRD-300059,N,Leicester,Member,Female,Baby Products,28.77,6,8.3,182.97,23/03/2025,20:28:24,Mobile Wallet,174.26,0.18,31.66,6.0
THIRD-300060,P,Coventry,Member,Male,Bakery,3.58,1,0.17,3.79,22/09/2025,17:15:37,Debit Card,3.61,0.11,0.4,6.6
THIRD-300061,P,Coventry,Member,Female,Personal Care,9.65,6,2.78,61.38,25/06/2025,10:34:01,Debit Card,58.46,0.21,12.39,6.7
THIRD-300062,P,Coventry,Member,Female,Dairy & Eggs,8.29,9,3.59,79.09,07/10/2025,14:57:22,Mobile Wallet,75.32,0.07,5.32,7.9
THIRD-300063,P,Coventry,Normal,Male,Beverages,7.28,3,1.05,23.15,26/04/2025,15:14:48,Mobile Wallet,22.05,0.13,2.89,7.3
THIRD-300064,P,Coventry,Normal,Male,Baby Products,44.03,9,19.05,420.12,17/02/2025,17:47:40,Debit Card,400.11,0.18,72.71,7.3
THIRD-300065,N,Leicester,Member,Female,Health & Wellness,38.07,1,1.83,40.36,15/04/2025,13:24:33,Credit Card,38.44,0.24,9.32,5.8
THIRD-300066,N,Leicester,Member,Male,Personal Care,15.46,1,0.74,16.39,23/07/2025,16:18:11,Mobile Wallet,15.61,0.21,3.31,6.0
THIRD-300067,M,Nottingham,Member,Female,Baby Products,33.7,6,9.72,214.33,11/04/2025,15:49:15,Credit Card,204.12,0.18,37.09,8.4
THIRD-300068,P,Coventry,Normal,Female,Fresh Produce,10.77,4,2.07,45.69,09/01/2025,12:53:49,Mobile Wallet,43.51,0.08,3.52,6.7
THIRD-300069,M,Nottingham,Member,Male,Beverages,11.47,1,0.55,12.16,17/10/2025,11:32:31,Mobile Wallet,11.58,0.13,1.52,5.8
THIRD-300070,M,Nottingham,Member,Female,Personal Care,8.75,10,4.21,92.73,04/11/2025,14:29:25,Mobile Wallet,88.3,0.21,18.72,7.2
THIRD-300071,N,Leicester,Member,Female,Snacks,2.18,5,0.53,11.58,24/06/2025,19:20:17,Mobile Wallet,11.02,0.17,1.9,6.7
THIRD-300072,P,Coventry,Member,Female,Personal Care,26.12,6,7.54,166.17,01/10/2025,19:51:54,Mobile Wallet,158.26,0.21,33.55,7.8
THIRD-300073,M,Nottingham,Normal,Male,Baby Products,33.31,7,11.21,247.19,10/09/2025,15:12:19,Cash,235.42,0.18,42.78,7.1
THIRD-300074,P,Coventry,Member,Male,Dairy & Eggs,7.54,8,2.9,63.94,15/01/2025,16:29:42,Debit Card,60.9,0.07,4.3,7.9
THIRD-300075,N,Leicester,Member,Male,Baby Products,5.98,7,2.01,44.37,24/06/2025,20:20:42,Debit Card,42.26,0.18,7.68,8.2
THIRD-300076,N,Leicester,Member,Female,Dairy & Eggs,4.22,2,0.41,8.96,14/09/2025,10:22:40,Credit Card,8.53,0.07,0.6,7.4
THIRD-300077,M,Nottingham,Member,Female,Dairy & Eggs,2.94,7,0.99,21.84,04/11/2025,21:57:22,Mobile Wallet,20.8,0.07,1.47,7.1
THIRD-300078,P,Coventry,Member,Male,Baby Products,15.91,1,0.77,16.87,25/06/2025,15:16:58,Mobile Wallet,16.07,0.18,2.92,6.8
THIRD-300079,P,Coventry,Normal,Female,Dairy & Eggs,5.9,5,1.42,31.26,20/12/2025,13:41:03,Debit Card,29.77,0.07,2.1,6.2
THIRD-300080,M,Nottingham,Normal,Male,Household,18.57,2,1.79,39.39,24/08/2025,20:30:04,Cash,37.51,0.19,7.2,6.4
THIRD-300081,N,Leicester,Member,Male,Frozen Foods,9.46,2,0.91,20.07,11/06/2025,20:15:08,Credit Card,19.11,0.1,1.93,6.9
THIRD-300082,N,Leicester,Normal,Female,Health & Wellness,38.15,8,14.67,323.52,18/08/2025,12:05:36,Credit Card,308.11,0.24,74.66,6.2
THIRD-300083,N,Leicester,Normal,Female,Baby Products,13.16,5,3.16,69.73,03/04/2025,20:01:37,Debit Card,66.41,0.18,12.06,8.7
THIRD-300084,N,Leicester,Normal,Female,Health & Wellness,7.51,1,0.36,7.96,01/08/2025,15:15:45,Mobile Wallet,7.58,0.24,1.83,7.9
THIRD-300085,N,Leicester,Member,Male,Fresh Produce,7.86,2,0.76,16.67,31/03/2025,13:27:40,Credit Card,15.88,0.08,1.28,6.1
THIRD-300086,P,Coventry,Member,Male,Frozen Foods,19.41,10,9.33,205.73,08/07/2025,10:27:56,Credit Card,195.93,0.1,19.78,6.8
THIRD-300087,M,Nottingham,Member,Male,Dairy & Eggs,4.41,7,1.48,32.72,04/03/2025,10:58:08,Debit Card,31.16,0.07,2.2,5.1
THIRD-300088,N,Leicester,Normal,Male,Personal Care,23.68,3,3.42,75.32,29/01/2025,08:19:58,Debit Card,71.73,0.21,15.21,6.6
THIRD-300089,N,Leicester,Normal,Female,Household,17.33,6,5.0,110.21,28/10/2025,12:42:53,Debit Card,104.96,0.19,20.13,6.1
THIRD-300090,N,Leicester,Normal,Male,Dairy & Eggs,3.99,5,0.96,21.17,25/02/2025,12:06:14,Debit Card,20.16,0.07,1.42,6.8
THIRD-300091,N,Leicester,Member,Male,Frozen Foods,12.28,7,4.13,91.14,05/05/2025,21:16:16,Credit Card,86.8,0.1,8.77,7.7
THIRD-300092,P,Coventry,Member,Male,Baby Products,34.3,2,3.3,72.72,17/05/2025,16:31:51,Credit Card,69.26,0.18,12.58,7.1
THIRD-300093,N,Leicester,Member,Male,Beverages,11.07,6,3.19,70.38,08/05/2025,16:41:33,Debit Card,67.03,0.13,8.8,5.7
THIRD-300094,P,Coventry,Normal,Male,Beverages,13.31,2,1.28,28.22,14/09/2025,15:16:42,Credit Card,26.88,0.13,3.53,5.6
THIRD-300095,P,Coventry,Normal,Male,Health & Wellness,8.66,8,3.33,73.47,22/06/2025,18:38:02,Debit Card,69.97,0.24,16.95,4.9
THIRD-300096,M,Nottingham,Normal,Female,Frozen Foods,13.1,6,3.78,83.35,05/03/2025,15:08:17,Credit Card,79.38,0.1,8.01,6.5
THIRD-300097,M,Nottingham,Member,Male,Dairy & Eggs,3.37,2,0.32,7.14,05/12/2025,18:21:19,Mobile Wallet,6.8,0.07,0.48,6.3
THIRD-300098,N,Leicester,Member,Female,Dairy & Eggs,6.55,9,2.84,62.52,02/09/2025,11:45:22,Debit Card,59.54,0.07,4.21,7.5
THIRD-300099,P,Coventry,Normal,Female,Bakery,10.51,1,0.51,11.15,29/08/2025,10:49:38,Mobile Wallet,10.62,0.11,1.18,6.5
THIRD-300100,P,Coventry,Normal,Female,Dairy & Eggs,4.16,4,0.8,17.64,16/06/2025,16:20:57,Mobile Wallet,16.8,0.07,1.19,7.2
THIRD-300101,N,Leicester,Normal,Female,Baby Products,45.32,5,10.9,240.24,03/11/2025,21:18:59,Credit Card,228.8,0.18,41.57,7.3
THIRD-300102,M,Nottingham,Normal,Male,Household,10.29,10,4.95,109.04,16/09/2025,18:28:27,Credit Card,103.85,0.19,19.92,4.3
THIRD-300103,P,Coventry,Member,Male,Bakery,2.56,2,0.25,5.43,28/12/2025,21:08:17,Mobile Wallet,5.17,0.11,0.57,8.2
THIRD-300104,P,Coventry,Normal,Female,Baby Products,47.32,1,2.27,50.16,14/06/2025,11:20:04,Mobile Wallet,47.78,0.18,8.68,4.5
THIRD-300105,P,Coventry,Normal,Male,Snacks,2.07,2,0.2,4.39,27/04/2025,15:06:50,Mobile Wallet,4.18,0.17,0.72,6.7
THIRD-300106,P,Coventry,Member,Female,Fresh Produce,5.45,9,2.36,52.0,10/05/2025,12:38:24,Mobile Wallet,49.52,0.08,4.0,6.6
THIRD-300107,N,Leicester,Member,Female,Fresh Produce,3.56,9,1.54,33.94,02/08/2025,15:10:19,Credit Card,32.32,0.08,2.61,5.4
THIRD-300108,N,Leicester,Normal,Male,Dairy & Eggs,5.14,9,2.22,49.01,23/01/2025,21:47:50,Debit Card,46.68,0.07,3.3,7.7
THIRD-300109,P,Coventry,Member,Female,Frozen Foods,12.81,1,0.62,13.59,12/09/2025,15:07:45,Debit Card,12.94,0.1,1.3,8.2
THIRD-300110,P,Coventry,Member,Female,Bakery,9.86,3,1.42,31.35,12/04/2025,14:40:08,Credit Card,29.86,0.11,3.32,5.3
THIRD-300111,M,Nottingham,Normal,Male,Baby Products,26.97,7,9.08,200.12,26/09/2025,14:58:55,Mobile Wallet,190.59,0.18,34.63,8.3
THIRD-300112,M,Nottingham,Normal,Female,Health & Wellness,25.1,3,3.62,79.81,05/06/2025,12:20:45,Credit Card,76.01,0.24,18.41,7.0
THIRD-300113,N,Leicester,Normal,Male,Beverages,3.86,2,0.37,8.18,25/04/2025,20:22:02,Credit Card,7.79,0.13,1.02,6.6
THIRD-300114,N,Leicester,Normal,Female,Frozen Foods,11.74,9,5.08,112.02,22/02/2025,17:22:22,Credit Card,106.69,0.1,10.77,7.3
THIRD-300115,N,Leicester,Normal,Male,Frozen Foods,17.09,1,0.82,18.11,10/04/2025,13:01:07,Credit Card,17.25,0.1,1.74,6.1
THIRD-300116,P,Coventry,Normal,Female,Fresh Produce,6.25,2,0.6,13.25,22/11/2025,12:33:57,Credit Card,12.62,0.08,1.02,6.8
THIRD-300117,N,Leicester,Member,Male,Health & Wellness,4.76,3,0.69,15.15,18/08/2025,15:01:51,Mobile Wallet,14.43,0.24,3.5,7.4
THIRD-300118,M,Nottingham,Normal,Female,Beverages,14.8,2,1.42,31.37,19/10/2025,15:11:05,Debit Card,29.88,0.13,3.92,7.2
THIRD-300119,N,Leicester,Normal,Male,Frozen Foods,3.57,9,1.54,34.03,22/09/2025,21:32:48,Debit Card,32.41,0.1,3.28,4.0
THIRD-300120,N,Leicester,Member,Female,Personal Care,4.32,4,0.83,18.3,10/09/2025,19:11:50,Credit Card,17.43,0.21,3.7,5.9
THIRD-300121,M,Nottingham,Member,Female,Snacks,2.95,5,0.71,15.66,19/04/2025,12:14:48,Debit Card,14.91,0.17,2.55,4.0
THIRD-300122,M,Nottingham,Normal,Female,Beverages,8.18,2,0.79,17.36,06/05/2025,18:02:10,Credit Card,16.53,0.13,2.17,5.8
THIRD-300123,M,Nottingham,Member,Female,Fresh Produce,8.17,3,1.18,26.0,26/07/2025,21:38:48,Debit Card,24.76,0.08,2.0,6.9
THIRD-300124,M,Nottingham,Member,Female,Fresh Produce,1.92,5,0.46,10.2,31/07/2025,16:27:44,Credit Card,9.71,0.08,0.78,5.8
THIRD-300125,P,Coventry,Member,Male,Fresh Produce,10.16,5,2.44,53.85,08/10/2025,16:25:43,Debit Card,51.29,0.08,4.14,8.2
THIRD-300126,M,Nottingham,Member,Female,Household,10.29,4,1.98,43.62,07/05/2025,11:57:17,Debit Card,41.54,0.19,7.97,5.8
THIRD-300127,P,Coventry,Normal,Male,Bakery,2.46,3,0.36,7.84,24/12/2025,12:50:17,Credit Card,7.47,0.11,0.83,5.7
THIRD-300128,N,Leicester,Normal,Female,Dairy & Eggs,4.01,4,0.77,17.02,05/06/2025,13:23:48,Mobile Wallet,16.21,0.07,1.14,5.2
THIRD-300129,M,Nottingham,Member,Male,Baby Products,31.76,6,9.16,202.02,10/12/2025,20:34:51,Cash,192.4,0.18,34.96,6.4
THIRD-300130,P,Coventry,Member,Male,Beverages,9.78,2,0.94,20.73,19/04/2025,14:58:58,Credit Card,19.74,0.13,2.59,7.9
THIRD-300131,P,Coventry,Member,Female,Beverages,14.29,7,4.81,106.04,05/07/2025,12:02:11,Credit Card,100.99,0.13,13.25,7.8
THIRD-300132,M,Nottingham,Member,Male,Frozen Foods,10.05,10,4.83,106.5,26/04/2025,17:22:59,Debit Card,101.43,0.1,10.24,8.1
THIRD-300133,N,Leicester,Member,Female,Frozen Foods,8.73,6,2.52,55.5,19/09/2025,14:12:01,Credit Card,52.86,0.1,5.33,7.2
THIRD-300134,P,Coventry,Normal,Male,Bakery,3.92,13,2.45,54.03,20/07/2025,11:52:15,Mobile Wallet,51.46,0.11,5.71,6.2
THIRD-300135,P,Coventry,Normal,Female,Household,8.93,11,4.72,104.17,19/07/2025,16:26:48,Debit Card,99.21,0.19,19.03,6.7
THIRD-300136,M,Nottingham,Member,Male,Household,13.96,1,0.67,14.79,22/01/2025,17:08:01,Cash,14.09,0.19,2.7,4.9
THIRD-300137,N,Leicester,Member,Female,Snacks,5.2,2,0.5,11.02,01/09/2025,19:54:50,Credit Card,10.5,0.17,1.8,6.8
THIRD-300138,P,Coventry,Normal,Female,Health & Wellness,25.39,7,8.54,188.38,06/03/2025,20:18:42,Mobile Wallet,179.41,0.24,43.47,7.1
THIRD-300139,M,Nottingham,Normal,Male,Frozen Foods,10.67,7,3.59,79.18,30/06/2025,18:49:24,Cash,75.41,0.1,7.61,6.9
THIRD-300140,P,Coventry,Member,Female,Household,21.17,7,7.13,157.13,16/08/2025,13:38:41,Credit Card,149.65,0.19,28.7,6.8
THIRD-300141,P,Coventry,Member,Male,Baby Products,41.7,9,18.04,397.89,28/05/2025,15:47:12,Cash,378.94,0.18,68.86,8.3
THIRD-300142,N,Leicester,Member,Female,Health & Wellness,4.31,8,1.66,36.52,19/07/2025,19:26:30,Cash,34.78,0.24,8.43,6.4
THIRD-300143,M,Nottingham,Normal,Female,Bakery,4.07,2,0.39,8.62,18/09/2025,15:46:01,Debit Card,8.21,0.11,0.91,6.7
THIRD-300144,M,Nottingham,Member,Male,Household,4.02,2,0.39,8.54,12/02/2025,14:30:31,Cash,8.13,0.19,1.56,6.3
THIRD-300145,P,Coventry,Member,Female,Household,24.94,2,2.4,52.88,16/07/2025,15:45:05,Debit Card,50.36,0.19,9.66,7.2
THIRD-300146,M,Nottingham,Member,Male,Dairy & Eggs,3.41,3,0.49,10.85,06/03/2025,14:51:11,Mobile Wallet,10.33,0.07,0.73,9.1
THIRD-300147,N,Leicester,Member,Female,Bakery,1.45,11,0.76,16.85,03/01/2025,17:53:20,Cash,16.05,0.11,1.78,6.0
THIRD-300148,M,Nottingham,Normal,Female,Bakery,7.62,4,1.47,32.33,19/06/2025,11:51:16,Credit Card,30.79,0.11,3.42,6.3
THIRD-300149,M,Nottingham,Normal,Female,Bakery,3.89,9,1.68,37.11,16/03/2025,08:52:21,Mobile Wallet,35.34,0.11,3.92,6.3
THIRD-300150,M,Nottingham,Member,Male,Fresh Produce,1.84,1,0.09,1.95,09/08/2025,17:53:38,Cash,1.86,0.08,0.15,7.0
THIRD-300151,M,Nottingham,Member,Male,Household,15.16,10,7.29,160.74,31/01/2025,16:10:36,Mobile Wallet,153.09,0.19,29.36,5.6
THIRD-300152,M,Nottingham,Normal,Female,Dairy & Eggs,5.37,2,0.52,11.38,28/02/2025,17:17:39,Debit Card,10.84,0.07,0.76,6.4
THIRD-300153,N,Leicester,Normal,Female,Bakery,8.29,7,2.79,61.51,10/03/2025,15:10:24,Credit Card,58.58,0.11,6.51,5.9
THIRD-300154,P,Coventry,Member,Female,Beverages,13.31,4,2.56,56.45,03/07/2025,15:05:04,Credit Card,53.76,0.13,7.06,9.1
THIRD-300155,N,Leicester,Member,Female,Snacks,5.76,2,0.55,12.21,03/05/2025,16:08:14,Debit Card,11.63,0.17,1.99,6.7
THIRD-300156,M,Nottingham,Normal,Male,Health & Wellness,13.1,2,1.26,27.78,24/06/2025,18:05:48,Cash,26.46,0.24,6.41,8.3
THIRD-300157,P,Coventry,Member,Female,Household,20.13,12,11.62,256.14,15/02/2025,18:42:02,Debit Card,243.94,0.19,46.79,7.2
THIRD-300158,P,Coventry,Normal,Female,Beverages,2.51,3,0.36,7.97,30/05/2025,19:05:06,Debit Card,7.59,0.13,1.0,5.8
THIRD-300159,N,Leicester,Member,Male,Bakery,8.77,9,3.79,83.64,26/06/2025,10:29:02,Mobile Wallet,79.66,0.11,8.85,8.1
THIRD-300160,M,Nottingham,Member,Female,Frozen Foods,5.88,3,0.85,18.69,30/01/2025,12:11:14,Debit Card,17.8,0.1,1.8,5.9
THIRD-300161,P,Coventry,Member,Female,Health & Wellness,32.98,11,17.44,384.56,26/02/2025,15:28:16,Credit Card,366.25,0.24,88.73,7.5
THIRD-300162,M,Nottingham,Member,Male,Dairy & Eggs,6.69,8,2.57,56.71,01/05/2025,11:08:28,Debit Card,54.01,0.07,3.82,6.8
THIRD-300163,M,Nottingham,Normal,Female,Health & Wellness,36.54,10,17.57,387.31,06/11/2025,11:15:24,Credit Card,368.86,0.24,89.37,7.2
THIRD-300164,P,Coventry,Normal,Male,Bakery,9.12,6,2.63,58.01,04/08/2025,17:08:26,Mobile Wallet,55.25,0.11,6.14,7.4
THIRD-300165,P,Coventry,Normal,Male,Baby Products,30.82,9,13.33,294.0,09/07/2025,10:51:41,Debit Card,280.0,0.18,50.88,7.4
THIRD-300166,P,Coventry,Normal,Female,Dairy & Eggs,7.54,10,3.62,79.93,02/08/2025,13:43:46,Credit Card,76.12,0.07,5.38,6.3
THIRD-300167,M,Nottingham,Normal,Male,Personal Care,23.9,2,2.3,50.67,29/06/2025,12:25:38,Credit Card,48.26,0.21,10.23,6.4
THIRD-300168,N,Leicester,Member,Female,Frozen Foods,17.56,1,0.84,18.61,29/06/2025,19:28:23,Cash,17.72,0.1,1.79,6.5
THIRD-300169,P,Coventry,Member,Female,Beverages,12.3,2,1.18,26.08,28/11/2025,12:42:07,Cash,24.84,0.13,3.26,5.2
THIRD-300170,N,Leicester,Normal,Female,Baby Products,9.81,9,4.24,93.57,13/07/2025,20:30:13,Debit Card,89.11,0.18,16.2,8.5
THIRD-300171,P,Coventry,Member,Female,Snacks,3.52,11,1.86,40.99,09/11/2025,21:49:38,Credit Card,39.04,0.17,6.7,4.8
THIRD-300172,N,Leicester,Member,Male,Health & Wellness,28.08,7,9.45,208.37,23/02/2025,13:03:39,Credit Card,198.45,0.24,48.08,6.6
THIRD-300173,P,Coventry,Member,Female,Beverages,15.39,1,0.74,16.32,24/07/2025,14:17:14,Mobile Wallet,15.54,0.13,2.04,9.1
THIRD-300174,P,Coventry,Member,Female,Beverages,12.93,1,0.62,13.7,09/04/2025,14:27:04,Cash,13.05,0.13,1.72,7.6
THIRD-300175,M,Nottingham,Normal,Male,Household,6.73,4,1.29,28.53,07/08/2025,15:29:19,Mobile Wallet,27.17,0.19,5.22,8.0
THIRD-300176,N,Leicester,Normal,Male,Frozen Foods,2.65,8,1.02,22.49,01/12/2025,15:34:47,Mobile Wallet,21.42,0.1,2.16,7.3
THIRD-300177,P,Coventry,Member,Female,Health & Wellness,35.31,5,8.49,187.15,18/07/2025,14:18:13,Debit Card,178.24,0.24,43.18,6.6
THIRD-300178,M,Nottingham,Member,Male,Frozen Foods,13.96,6,4.03,88.78,16/01/2025,19:24:12,Debit Card,84.55,0.1,8.53,7.3
THIRD-300179,P,Coventry,Member,Female,Personal Care,19.26,6,5.56,122.51,09/04/2025,15:38:35,Debit Card,116.68,0.21,24.74,6.0
THIRD-300180,N,Leicester,Normal,Female,Snacks,0.8,1,0.04,0.85,21/02/2025,18:29:16,Debit Card,0.81,0.17,0.14,5.9
THIRD-300181,M,Nottingham,Normal,Female,Dairy & Eggs,1.99,2,0.19,4.21,19/05/2025,11:41:27,Cash,4.01,0.07,0.29,7.5
THIRD-300182,M,Nottingham,Member,Female,Household,9.4,5,2.26,49.83,04/07/2025,11:52:40,Debit Card,47.46,0.19,9.11,7.6
THIRD-300183,M,Nottingham,Normal,Male,Household,18.8,6,5.42,119.6,04/07/2025,13:37:52,Credit Card,113.9,0.19,21.85,5.4
THIRD-300184,M,Nottingham,Member,Male,Personal Care,7.65,1,0.37,8.12,30/07/2025,14:54:33,Mobile Wallet,7.73,0.21,1.64,7.2
THIRD-300185,M,Nottingham,Member,Male,Household,19.51,9,8.44,186.14,23/09/2025,11:47:00,Debit Card,177.28,0.19,34.0,9.0
THIRD-300186,P,Coventry,Normal,Female,Beverages,14.49,5,3.48,76.79,08/12/2025,17:58:43,Debit Card,73.13,0.13,9.59,4.8
THIRD-300187,P,Coventry,Normal,Female,Health & Wellness,38.19,3,5.51,121.45,18/06/2025,19:36:09,Mobile Wallet,115.67,0.24,28.03,5.8
THIRD-300188,N,Leicester,Member,Male,Snacks,5.86,4,1.13,24.83,14/08/2025,10:19:01,Debit Card,23.65,0.17,4.06,6.3
THIRD-300189,M,Nottingham,Member,Female,Bakery,4.19,8,1.61,35.54,17/02/2025,10:55:16,Cash,33.85,0.11,3.76,7.3
THIRD-300190,M,Nottingham,Member,Female,Beverages,9.51,2,0.91,20.15,14/08/2025,17:26:14,Credit Card,19.19,0.13,2.52,8.1
THIRD-300191,N,Leicester,Member,Male,Dairy & Eggs,3.8,3,0.55,12.08,12/12/2025,14:24:13,Mobile Wallet,11.5,0.07,0.82,7.3
THIRD-300192,M,Nottingham,Normal,Female,Household,19.25,7,6.48,142.85,18/07/2025,12:10:22,Debit Card,136.05,0.19,26.1,5.4
THIRD-300193,M,Nottingham,Normal,Male,Frozen Foods,8.87,9,3.84,84.64,18/04/2025,19:20:43,Debit Card,80.61,0.1,8.14,4.8
THIRD-300194,M,Nottingham,Normal,Female,Frozen Foods,18.42,7,6.2,136.68,02/08/2025,17:14:22,Cash,130.17,0.1,13.14,7.0
THIRD-300195,M,Nottingham,Normal,Female,Snacks,3.32,1,0.16,3.52,31/03/2025,16:20:48,Debit Card,3.35,0.17,0.57,7.9
THIRD-300196,P,Coventry,Member,Male,Frozen Foods,14.26,8,5.48,120.92,04/08/2025,14:34:57,Mobile Wallet,115.16,0.1,11.63,5.2
THIRD-300197,M,Nottingham,Member,Male,Snacks,5.61,9,2.43,53.49,06/06/2025,10:43:16,Mobile Wallet,50.94,0.17,8.75,5.6
THIRD-300198,M,Nottingham,Normal,Female,Household,17.4,9,7.53,166.0,04/03/2025,14:17:04,Cash,158.1,0.19,30.33,6.0
THIRD-300199,P,Coventry,Normal,Male,Health & Wellness,30.15,8,11.6,255.7,17/05/2025,11:29:03,Mobile Wallet,243.52,0.24,59.0,6.6
THIRD-300200,P,Coventry,Member,Female,Dairy & Eggs,7.62,4,1.47,32.33,23/11/2025,19:10:58,Credit Card,30.79,0.07,2.17,7.9
THIRD-300201,P,Coventry,Member,Female,Dairy & Eggs,4.79,2,0.46,10.16,08/06/2025,18:12:04,Credit Card,9.68,0.07,0.69,6.8
THIRD-300202,N,Leicester,Normal,Male,Household,12.82,7,4.32,95.16,12/01/2025,15:34:23,Cash,90.63,0.19,17.38,6.5
THIRD-300203,P,Coventry,Member,Female,Household,9.4,9,4.07,89.7,07/06/2025,21:02:45,Cash,85.43,0.19,16.39,5.8
THIRD-300204,N,Leicester,Normal,Female,Dairy & Eggs,5.06,12,2.92,64.43,07/08/2025,18:39:10,Mobile Wallet,61.36,0.07,4.34,5.6
THIRD-300205,M,Nottingham,Member,Male,Dairy & Eggs,5.63,2,0.54,11.93,24/01/2025,13:56:44,Credit Card,11.36,0.07,0.81,7.0
THIRD-300206,N,Leicester,Member,Female,Fresh Produce,1.84,2,0.18,3.91,20/03/2025,16:20:57,Credit Card,3.72,0.08,0.3,4.8
THIRD-300207,M,Nottingham,Normal,Female,Fresh Produce,4.36,5,1.05,23.1,09/10/2025,10:25:11,Mobile Wallet,22.0,0.08,1.78,4.9
THIRD-300208,M,Nottingham,Normal,Female,Beverages,15.01,1,0.72,15.91,18/08/2025,11:31:32,Mobile Wallet,15.15,0.13,1.99,6.4
THIRD-300209,P,Coventry,Normal,Female,Fresh Produce,9.55,11,5.05,111.33,25/07/2025,11:52:47,Debit Card,106.03,0.08,8.56,6.3
THIRD-300210,P,Coventry,Normal,Male,Frozen Foods,19.48,10,9.37,206.5,31/12/2025,19:50:57,Cash,196.67,0.1,19.85,8.3
THIRD-300211,P,Coventry,Member,Male,Health & Wellness,24.62,8,9.47,208.77,08/02/2025,19:55:06,Credit Card,198.83,0.24,48.18,7.0
THIRD-300212,M,Nottingham,Member,Female,Personal Care,22.76,2,2.19,48.25,13/08/2025,21:14:44,Cash,45.95,0.21,9.74,6.6
THIRD-300213,M,Nottingham,Normal,Male,Household,26.52,6,7.65,168.68,26/12/2025,19:09:47,Mobile Wallet,160.65,0.19,30.81,5.2
THIRD-300214,M,Nottingham,Normal,Female,Baby Products,34.66,9,15.0,330.72,12/12/2025,18:09:28,Debit Card,314.97,0.18,57.23,7.4
THIRD-300215,M,Nottingham,Normal,Female,Health & Wellness,22.32,3,3.22,70.98,26/11/2025,10:46:43,Debit Card,67.6,0.24,16.38,5.5
THIRD-300216,P,Coventry,Normal,Female,Health & Wellness,11.22,1,0.54,11.9,26/01/2025,13:31:56,Debit Card,11.33,0.24,2.75,7.6
THIRD-300217,N,Leicester,Member,Male,Bakery,9.99,8,3.84,84.76,12/11/2025,13:54:45,Credit Card,80.72,0.11,8.97,4.9
THIRD-300218,N,Leicester,Normal,Male,Health & Wellness,10.84,4,2.08,45.95,05/12/2025,11:56:48,Debit Card,43.76,0.24,10.6,6.9
THIRD-300219,M,Nottingham,Member,Male,Beverages,13.58,11,7.18,158.38,08/08/2025,12:24:35,Credit Card,150.84,0.13,19.8,6.2
THIRD-300220,P,Coventry,Normal,Female,Bakery,7.56,7,2.54,56.1,14/02/2025,14:18:53,Credit Card,53.43,0.11,5.94,5.7
THIRD-300221,M,Nottingham,Member,Female,Dairy & Eggs,3.07,8,1.18,26.02,19/03/2025,15:26:10,Credit Card,24.78,0.07,1.75,7.3
THIRD-300222,P,Coventry,Normal,Female,Frozen Foods,6.65,1,0.32,7.05,28/12/2025,16:20:50,Debit Card,6.71,0.1,0.68,6.3
THIRD-300223,P,Coventry,Normal,Male,Fresh Produce,10.63,2,1.02,22.53,06/07/2025,14:55:22,Credit Card,21.46,0.08,1.74,6.3
THIRD-300224,P,Coventry,Member,Male,Household,16.63,11,8.79,193.91,28/12/2025,18:54:52,Cash,184.68,0.19,35.43,8.0
THIRD-300225,N,Leicester,Normal,Male,Health & Wellness,11.98,12,6.91,152.41,30/07/2025,21:01:15,Credit Card,145.15,0.24,35.17,7.1
THIRD-300226,M,Nottingham,Normal,Female,Health & Wellness,5.19,8,2.0,44.02,02/01/2025,11:31:53,Mobile Wallet,41.92,0.24,10.15,7.5
THIRD-300227,P,Coventry,Normal,Female,Dairy & Eggs,4.48,10,2.16,47.52,24/09/2025,16:40:12,Credit Card,45.26,0.07,3.2,4.7
THIRD-300228,P,Coventry,Normal,Female,Beverages,15.25,4,2.93,64.65,21/08/2025,15:19:27,Debit Card,61.57,0.13,8.08,6.9
THIRD-300229,P,Coventry,Normal,Female,Baby Products,22.84,5,5.49,121.05,17/11/2025,18:36:47,Credit Card,115.29,0.18,20.95,5.8
THIRD-300230,P,Coventry,Member,Male,Household,24.41,4,4.69,103.5,16/01/2025,16:07:50,Cash,98.57,0.19,18.91,5.6
THIRD-300231,N,Leicester,Member,Male,Dairy & Eggs,7.65,1,0.37,8.12,27/08/2025,16:45:01,Debit Card,7.73,0.07,0.55,5.6
THIRD-300232,N,Leicester,Member,Male,Beverages,9.06,4,1.74,38.41,03/10/2025,18:05:08,Credit Card,36.58,0.13,4.8,7.1
THIRD-300233,P,Coventry,Normal,Male,Baby Products,35.31,8,13.58,299.44,12/04/2025,21:14:18,Credit Card,285.18,0.18,51.82,6.3
THIRD-300234,M,Nottingham,Normal,Female,Household,13.29,1,0.64,14.09,11/07/2025,17:23:40,Credit Card,13.42,0.19,2.58,6.4
THIRD-300235,M,Nottingham,Member,Female,Dairy & Eggs,7.33,12,4.23,93.27,09/09/2025,14:27:53,Cash,88.83,0.07,6.28,7.6
THIRD-300236,N,Leicester,Normal,Male,Frozen Foods,14.08,6,4.06,89.56,06/12/2025,19:02:33,Mobile Wallet,85.3,0.1,8.61,8.1
THIRD-300237,M,Nottingham,Normal,Female,Household,16.16,7,5.44,119.93,03/12/2025,18:04:57,Debit Card,114.22,0.19,21.91,5.5
THIRD-300238,P,Coventry,Member,Female,Frozen Foods,13.68,4,2.63,57.99,29/04/2025,11:10:34,Credit Card,55.23,0.1,5.58,4.2
THIRD-300239,P,Coventry,Member,Male,Personal Care,10.59,5,2.54,56.11,11/03/2025,12:25:05,Credit Card,53.44,0.21,11.33,6.9
THIRD-300240,P,Coventry,Member,Female,Beverages,15.59,5,3.75,82.64,07/09/2025,14:33:30,Debit Card,78.7,0.13,10.32,7.3
THIRD-300241,P,Coventry,Normal,Female,Fresh Produce,4.19,1,0.2,4.44,18/11/2025,12:06:01,Cash,4.23,0.08,0.34,6.7
THIRD-300242,P,Coventry,Normal,Male,Frozen Foods,10.7,9,4.63,102.1,21/06/2025,09:54:59,Credit Card,97.24,0.1,9.82,6.2
THIRD-300243,N,Leicester,Normal,Male,Health & Wellness,35.77,8,13.76,303.32,29/11/2025,17:53:46,Debit Card,288.88,0.24,69.99,7.6
THIRD-300244,N,Leicester,Normal,Male,Personal Care,17.04,12,9.83,216.71,13/12/2025,20:31:01,Debit Card,206.39,0.21,43.76,6.4
THIRD-300245,N,Leicester,Member,Female,Household,13.69,2,1.32,29.02,01/05/2025,18:29:01,Debit Card,27.64,0.19,5.3,7.3
THIRD-300246,M,Nottingham,Normal,Female,Household,19.02,8,7.32,161.32,20/12/2025,17:33:47,Debit Card,153.64,0.19,29.47,6.4
THIRD-300247,P,Coventry,Normal,Female,Fresh Produce,4.21,4,0.81,17.86,08/07/2025,16:17:47,Credit Card,17.01,0.08,1.38,5.3
THIRD-300248,M,Nottingham,Member,Female,Baby Products,7.56,3,1.09,24.04,17/03/2025,17:46:27,Cash,22.9,0.18,4.17,6.9
THIRD-300249,P,Coventry,Member,Female,Beverages,15.58,2,1.5,33.03,17/12/2025,16:01:30,Debit Card,31.46,0.13,4.12,6.3
THIRD-300250,P,Coventry,Member,Male,Snacks,3.8,4,0.73,16.1,02/04/2025,17:39:41,Mobile Wallet,15.33,0.17,2.63,6.3
THIRD-300251,P,Coventry,Member,Female,Fresh Produce,8.29,6,2.39,52.72,18/09/2025,17:50:38,Cash,50.21,0.08,4.06,6.2
THIRD-300252,P,Coventry,Member,Female,Personal Care,8.24,9,3.56,78.58,06/09/2025,20:30:57,Credit Card,74.84,0.21,15.87,6.4
THIRD-300253,P,Coventry,Normal,Female,Health & Wellness,25.07,7,8.44,186.07,29/08/2025,18:00:55,Cash,177.21,0.24,42.93,7.3
THIRD-300254,M,Nottingham,Normal,Male,Health & Wellness,4.9,1,0.24,5.2,29/06/2025,16:04:35,Mobile Wallet,4.95,0.24,1.2,6.2
THIRD-300255,P,Coventry,Member,Male,Bakery,10.07,9,4.36,96.05,26/04/2025,08:58:30,Credit Card,91.48,0.11,10.15,6.8
THIRD-300256,M,Nottingham,Normal,Male,Personal Care,21.05,6,6.07,133.89,30/08/2025,13:24:46,Credit Card,127.51,0.21,27.03,6.3
THIRD-300257,N,Leicester,Member,Male,Bakery,4.48,4,0.86,19.01,25/01/2025,12:37:58,Credit Card,18.1,0.11,2.01,6.7
THIRD-300258,P,Coventry,Member,Male,Snacks,6.26,1,0.3,6.64,02/08/2025,11:59:50,Mobile Wallet,6.32,0.17,1.08,6.8
THIRD-300259,P,Coventry,Member,Female,Fresh Produce,8.06,2,0.78,17.09,17/06/2025,17:43:41,Debit Card,16.28,0.08,1.31,4.7
THIRD-300260,N,Leicester,Member,Male,Bakery,4.87,3,0.7,15.48,08/01/2025,14:18:24,Mobile Wallet,14.74,0.11,1.63,6.5
THIRD-300261,M,Nottingham,Normal,Female,Health & Wellness,17.79,3,2.57,56.6,30/06/2025,18:42:15,Mobile Wallet,53.9,0.24,13.06,7.3
THIRD-300262,N,Leicester,Normal,Male,Snacks,5.77,1,0.28,6.12,03/05/2025,19:43:58,Cash,5.83,0.17,1.0,4.7
THIRD-300263,P,Coventry,Member,Male,Fresh Produce,3.98,7,1.34,29.56,29/10/2025,20:10:53,Mobile Wallet,28.15,0.08,2.27,6.9
THIRD-300264,P,Coventry,Normal,Male,Health & Wellness,19.08,12,11.01,242.77,07/12/2025,17:44:00,Credit Card,231.21,0.24,56.02,4.4
THIRD-300265,M,Nottingham,Member,Female,Beverages,4.45,8,1.71,37.75,05/04/2025,19:54:49,Credit Card,35.95,0.13,4.72,5.9
THIRD-300266,M,Nottingham,Normal,Male,Dairy & Eggs,5.63,3,0.81,17.89,14/04/2025,21:57:38,Credit Card,17.04,0.07,1.21,5.8
THIRD-300267,P,Coventry,Member,Male,Personal Care,29.75,2,2.86,63.08,08/08/2025,16:47:53,Debit Card,60.08,0.21,12.74,7.3
THIRD-300268,P,Coventry,Member,Female,Snacks,3.58,5,0.86,18.96,28/06/2025,11:42:44,Credit Card,18.06,0.17,3.1,6.9
THIRD-300269,P,Coventry,Member,Female,Beverages,3.47,1,0.17,3.69,18/05/2025,19:24:34,Mobile Wallet,3.51,0.13,0.46,6.2
THIRD-300270,N,Leicester,Member,Male,Baby Products,23.6,3,3.4,75.04,12/12/2025,15:49:27,Credit Card,71.47,0.18,12.99,6.7
THIRD-300271,M,Nottingham,Member,Male,Snacks,1.97,9,0.85,18.75,16/04/2025,11:03:53,Mobile Wallet,17.86,0.17,3.06,6.9
THIRD-300272,M,Nottingham,Normal,Female,Snacks,5.01,8,1.93,42.51,13/10/2025,13:45:40,Cash,40.49,0.17,6.95,6.5
THIRD-300273,M,Nottingham,Member,Female,Dairy & Eggs,9.02,2,0.87,19.12,04/11/2025,12:13:46,Mobile Wallet,18.21,0.07,1.28,5.2
THIRD-300274,N,Leicester,Normal,Male,Beverages,13.63,6,3.93,86.72,24/07/2025,18:15:45,Credit Card,82.59,0.13,10.84,5.6
THIRD-300275,P,Coventry,Member,Male,Snacks,6.28,6,1.81,39.95,02/02/2025,14:49:34,Credit Card,38.05,0.17,6.53,6.1
THIRD-300276,M,Nottingham,Member,Female,Bakery,10.42,12,6.01,132.56,28/06/2025,11:19:06,Debit Card,126.25,0.11,14.02,8.3
THIRD-300277,M,Nottingham,Member,Male,Household,21.84,3,3.15,69.46,24/12/2025,10:43:18,Mobile Wallet,66.15,0.19,12.69,8.3
THIRD-300278,N,Leicester,Normal,Male,Baby Products,30.52,2,2.94,64.72,01/03/2025,14:02:52,Debit Card,61.64,0.18,11.2,6.9
THIRD-300279,N,Leicester,Member,Female,Fresh Produce,4.82,1,0.23,5.1,03/07/2025,18:54:20,Mobile Wallet,4.86,0.08,0.39,6.2
THIRD-300280,P,Coventry,Member,Male,Health & Wellness,20.32,1,0.98,21.55,22/02/2025,09:25:36,Mobile Wallet,20.52,0.24,4.97,5.7
THIRD-300281,M,Nottingham,Normal,Male,Personal Care,19.38,1,0.93,20.54,15/02/2025,18:00:49,Cash,19.56,0.21,4.14,5.6
THIRD-300282,P,Coventry,Member,Female,Bakery,5.22,8,2.01,44.28,08/07/2025,19:18:02,Debit Card,42.17,0.11,4.69,7.8
THIRD-300283,M,Nottingham,Normal,Female,Baby Products,23.4,8,9.0,198.45,12/02/2025,09:50:21,Credit Card,189.0,0.18,34.34,4.6
THIRD-300284,M,Nottingham,Normal,Male,Fresh Produce,11.46,8,4.41,97.2,27/11/2025,19:57:13,Debit Card,92.57,0.08,7.47,4.8
THIRD-300285,P,Coventry,Normal,Male,Personal Care,2.89,2,0.28,6.13,12/08/2025,11:13:05,Mobile Wallet,5.84,0.21,1.24,6.8
THIRD-300286,N,Leicester,Normal,Female,Snacks,4.23,5,1.02,22.44,01/08/2025,14:58:20,Cash,21.37,0.17,3.67,8.2
THIRD-300287,M,Nottingham,Member,Female,Personal Care,25.89,1,1.24,27.44,03/06/2025,15:11:10,Debit Card,26.13,0.21,5.54,6.2
THIRD-300288,P,Coventry,Normal,Male,Snacks,3.13,3,0.45,9.95,12/07/2025,16:42:53,Credit Card,9.48,0.17,1.63,7.4
THIRD-300289,P,Coventry,Normal,Male,Snacks,3.62,4,0.7,15.35,08/07/2025,16:16:57,Debit Card,14.62,0.17,2.51,6.3
THIRD-300290,N,Leicester,Member,Female,Household,16.54,6,4.77,105.18,20/06/2025,14:24:56,Debit Card,100.17,0.19,19.22,8.7
THIRD-300291,P,Coventry,Member,Female,Bakery,2.76,3,0.4,8.77,03/03/2025,14:00:10,Debit Card,8.35,0.11,0.92,6.7
THIRD-300292,M,Nottingham,Member,Male,Dairy & Eggs,2.43,2,0.23,5.16,20/07/2025,18:10:12,Cash,4.91,0.07,0.35,6.1
THIRD-300293,P,Coventry,Member,Male,Health & Wellness,39.32,6,11.34,250.11,17/01/2025,11:18:16,Debit Card,238.2,0.24,57.72,7.4
THIRD-300294,M,Nottingham,Normal,Male,Bakery,3.65,4,0.7,15.48,11/06/2025,12:43:34,Credit Card,14.74,0.11,1.63,6.8
THIRD-300295,P,Coventry,Normal,Male,Household,19.58,5,4.71,103.8,19/03/2025,12:31:31,Debit Card,98.86,0.19,18.96,5.6
THIRD-300296,N,Leicester,Member,Male,Bakery,8.07,5,1.94,42.78,04/07/2025,15:38:39,Credit Card,40.74,0.11,4.53,7.4
THIRD-300297,M,Nottingham,Member,Female,Personal Care,24.46,6,7.06,155.59,12/11/2025,16:48:29,Credit Card,148.18,0.21,31.42,7.2
THIRD-300298,N,Leicester,Member,Female,Baby Products,26.66,3,3.84,84.77,17/04/2025,14:10:11,Mobile Wallet,80.73,0.18,14.67,7.4
THIRD-300299,N,Leicester,Member,Female,Dairy & Eggs,5.84,1,0.28,6.2,25/12/2025,09:09:07,Debit Card,5.9,0.07,0.41,7.3
THIRD-300300,N,Leicester,Member,Female,Fresh Produce,8.89,7,2.99,65.98,09/06/2025,15:21:54,Debit Card,62.84,0.08,5.08,6.6
THIRD-300301,M,Nottingham,Member,Female,Health & Wellness,24.51,9,10.61,233.88,26/08/2025,13:09:11,Credit Card,222.74,0.24,53.96,5.9
THIRD-300302,N,Leicester,Normal,Male,Snacks,5.25,6,1.52,33.41,01/09/2025,10:31:50,Mobile Wallet,31.82,0.17,5.46,7.7
THIRD-300303,P,Coventry,Normal,Male,Bakery,1.57,3,0.23,5.0,26/08/2025,21:12:55,Debit Card,4.76,0.11,0.53,4.3
THIRD-300304,N,Leicester,Normal,Male,Bakery,1.78,9,0.77,16.97,31/05/2025,18:01:22,Cash,16.16,0.11,1.79,6.9
THIRD-300305,M,Nottingham,Member,Male,Personal Care,21.25,12,12.26,270.29,27/08/2025,14:29:47,Mobile Wallet,257.42,0.21,54.57,7.6
THIRD-300306,M,Nottingham,Member,Male,Baby Products,23.38,1,1.12,24.78,15/07/2025,17:16:54,Cash,23.6,0.18,4.29,6.3
THIRD-300307,P,Coventry,Normal,Female,Bakery,3.76,6,1.09,23.95,30/04/2025,14:27:34,Debit Card,22.81,0.11,2.53,7.2
THIRD-300308,M,Nottingham,Member,Female,Health & Wellness,37.9,1,1.82,40.17,23/12/2025,13:23:40,Debit Card,38.26,0.24,9.28,6.8
THIRD-300309,N,Leicester,Normal,Male,Baby Products,24.11,10,11.59,255.56,13/12/2025,14:58:21,Debit Card,243.39,0.18,44.22,5.3
THIRD-300310,P,Coventry,Member,Male,Beverages,2.67,2,0.26,5.67,07/11/2025,19:24:57,Cash,5.4,0.13,0.71,7.4
THIRD-300311,M,Nottingham,Normal,Male,Household,6.83,8,2.63,57.95,31/03/2025,17:34:31,Credit Card,55.19,0.19,10.59,5.9
THIRD-300312,P,Coventry,Normal,Female,Personal Care,7.94,2,0.76,16.82,24/12/2025,16:53:08,Debit Card,16.02,0.21,3.39,6.9
THIRD-300313,N,Leicester,Normal,Female,Personal Care,13.62,8,5.24,115.54,26/10/2025,18:03:46,Credit Card,110.04,0.21,23.33,5.0
THIRD-300314,N,Leicester,Member,Female,Bakery,4.45,4,0.86,18.88,08/07/2025,21:51:33,Cash,17.98,0.11,1.99,7.0
THIRD-300315,N,Leicester,Member,Female,Frozen Foods,8.13,9,3.52,77.6,28/03/2025,17:29:41,Debit Card,73.9,0.1,7.46,5.6
THIRD-300316,N,Leicester,Normal,Female,Fresh Produce,7.43,9,3.21,70.84,13/03/2025,14:26:54,Cash,67.47,0.08,5.45,4.9
THIRD-300317,N,Leicester,Member,Male,Beverages,5.99,7,2.02,44.46,21/03/2025,12:39:36,Mobile Wallet,42.34,0.13,5.55,6.9
THIRD-300318,M,Nottingham,Normal,Male,Personal Care,16.07,2,1.54,34.06,18/05/2025,14:18:46,Mobile Wallet,32.44,0.21,6.88,6.8
THIRD-300319,P,Coventry,Member,Female,Household,18.69,1,0.9,19.81,10/11/2025,19:52:58,Credit Card,18.87,0.19,3.61,6.6
THIRD-300320,M,Nottingham,Normal,Male,Baby Products,11.38,2,1.09,24.12,08/04/2025,13:13:19,Credit Card,22.97,0.18,4.18,6.5
THIRD-300321,P,Coventry,Member,Female,Fresh Produce,5.42,7,1.82,40.2,08/06/2025,17:59:08,Mobile Wallet,38.29,0.08,3.1,7.7
THIRD-300322,M,Nottingham,Normal,Male,Health & Wellness,28.29,2,2.72,59.98,14/01/2025,09:53:05,Debit Card,57.12,0.24,13.84,7.4
THIRD-300323,M,Nottingham,Normal,Female,Fresh Produce,4.93,5,1.19,26.13,20/06/2025,17:30:29,Debit Card,24.88,0.08,2.01,5.7
THIRD-300324,P,Coventry,Normal,Female,Bakery,3.88,7,1.31,28.79,16/06/2025,15:19:21,Credit Card,27.42,0.11,3.04,8.0
THIRD-300325,M,Nottingham,Member,Female,Frozen Foods,16.38,10,7.88,173.65,05/05/2025,21:04:30,Debit Card,165.38,0.1,16.7,7.6
THIRD-300326,M,Nottingham,Member,Male,Personal Care,3.53,2,0.34,7.48,21/04/2025,17:12:10,Credit Card,7.12,0.21,1.51,6.6
THIRD-300327,M,Nottingham,Normal,Female,Household,12.67,4,2.44,53.72,25/08/2025,18:18:57,Debit Card,51.16,0.19,9.82,5.0
THIRD-300328,N,Leicester,Normal,Female,Dairy & Eggs,3.35,1,0.16,3.55,18/02/2025,13:40:39,Debit Card,3.38,0.07,0.24,6.6
THIRD-300329,P,Coventry,Member,Female,Bakery,2.68,7,0.9,19.91,07/11/2025,12:26:10,Credit Card,18.96,0.11,2.11,8.6
THIRD-300330,P,Coventry,Normal,Female,Beverages,5.93,6,1.71,37.71,02/12/2025,21:11:26,Debit Card,35.91,0.13,4.72,4.9
THIRD-300331,M,Nottingham,Normal,Male,Baby Products,12.39,10,5.96,131.31,21/03/2025,15:26:24,Mobile Wallet,125.06,0.18,22.73,6.0
THIRD-300332,M,Nottingham,Member,Male,Personal Care,18.0,6,5.19,114.5,29/03/2025,09:55:27,Debit Card,109.05,0.21,23.12,7.4
THIRD-300333,N,Leicester,Normal,Female,Bakery,5.23,1,0.25,5.54,25/10/2025,12:00:01,Cash,5.28,0.11,0.58,4.7
THIRD-300334,N,Leicester,Normal,Male,Beverages,4.53,11,2.4,52.88,12/01/2025,17:22:23,Cash,50.36,0.13,6.6,6.9
THIRD-300335,P,Coventry,Normal,Male,Dairy & Eggs,8.24,2,0.79,17.46,09/06/2025,20:32:32,Mobile Wallet,16.63,0.07,1.18,6.8
THIRD-300336,N,Leicester,Normal,Male,Health & Wellness,31.84,5,7.66,168.8,04/11/2025,20:10:57,Credit Card,160.76,0.24,38.94,7.0
THIRD-300337,M,Nottingham,Member,Female,Personal Care,21.41,8,8.24,181.61,09/04/2025,09:21:23,Cash,172.96,0.21,36.67,6.8
THIRD-300338,M,Nottingham,Normal,Male,Household,22.8,12,13.15,290.0,11/12/2025,14:43:24,Mobile Wallet,276.19,0.19,52.98,5.2
THIRD-300339,N,Leicester,Member,Female,Personal Care,23.11,6,6.67,146.99,14/12/2025,16:43:28,Mobile Wallet,139.99,0.21,29.68,7.5
THIRD-300340,P,Coventry,Normal,Female,Household,7.83,1,0.38,8.31,23/03/2025,18:29:47,Mobile Wallet,7.91,0.19,1.52,6.6
THIRD-300341,P,Coventry,Normal,Female,Beverages,10.37,2,1.0,21.99,29/04/2025,10:38:50,Debit Card,20.94,0.13,2.75,5.7
THIRD-300342,N,Leicester,Member,Female,Health & Wellness,35.78,2,3.44,75.85,18/02/2025,11:44:51,Debit Card,72.24,0.24,17.5,8.2
THIRD-300343,N,Leicester,Member,Female,Snacks,1.75,6,0.5,11.11,25/12/2025,15:52:32,Mobile Wallet,10.58,0.17,1.81,8.7
THIRD-300344,M,Nottingham,Member,Male,Health & Wellness,7.24,10,3.48,76.73,18/11/2025,12:44:11,Credit Card,73.08,0.24,17.7,6.5
THIRD-300345,P,Coventry,Member,Male,Health & Wellness,26.94,5,6.48,142.78,29/04/2025,11:29:03,Debit Card,135.98,0.24,32.94,7.4
THIRD-300346,P,Coventry,Member,Female,Dairy & Eggs,4.06,5,0.98,21.5,14/11/2025,11:39:49,Cash,20.48,0.07,1.45,6.4
THIRD-300347,N,Leicester,Normal,Female,Beverages,3.02,2,0.29,6.39,18/05/2025,16:12:43,Debit Card,6.09,0.13,0.8,8.3
THIRD-300348,N,Leicester,Member,Male,Frozen Foods,14.76,1,0.71,15.65,17/05/2025,14:28:14,Debit Card,14.9,0.1,1.51,5.2
THIRD-300349,M,Nottingham,Normal,Female,Beverages,4.6,4,0.88,19.49,13/11/2025,10:43:31,Mobile Wallet,18.56,0.13,2.44,8.4
THIRD-300350,M,Nottingham,Member,Female,Frozen Foods,4.57,2,0.44,9.68,05/01/2025,18:43:11,Debit Card,9.22,0.1,0.93,4.9
THIRD-300351,P,Coventry,Member,Female,Dairy & Eggs,8.73,3,1.26,27.75,29/07/2025,10:03:10,Credit Card,26.43,0.07,1.87,7.9
THIRD-300352,P,Coventry,Member,Male,Health & Wellness,4.48,10,2.16,47.52,07/09/2025,19:25:11,Credit Card,45.26,0.24,10.96,6.8
THIRD-300353,M,Nottingham,Normal,Female,Fresh Produce,3.7,8,1.42,31.4,27/08/2025,18:46:51,Cash,29.9,0.08,2.42,7.9
THIRD-300354,N,Leicester,Normal,Female,Beverages,7.02,1,0.34,7.44,12/08/2025,20:16:39,Credit Card,7.09,0.13,0.93,7.9
THIRD-300355,P,Coventry,Normal,Male,Beverages,6.69,3,0.96,21.26,19/02/2025,11:52:23,Credit Card,20.25,0.13,2.66,7.6
THIRD-300356,N,Leicester,Normal,Female,Fresh Produce,8.22,2,0.79,17.42,14/03/2025,16:52:13,Debit Card,16.59,0.08,1.34,5.3
THIRD-300357,N,Leicester,Member,Male,Fresh Produce,2.3,1,0.11,2.44,07/03/2025,14:19:59,Debit Card,2.32,0.08,0.19,7.9
THIRD-300358,N,Leicester,Member,Male,Personal Care,16.65,3,2.4,52.95,04/06/2025,13:27:58,Debit Card,50.43,0.21,10.7,5.7
THIRD-300359,M,Nottingham,Normal,Male,Dairy & Eggs,6.48,7,2.18,48.08,03/09/2025,19:43:19,Cash,45.79,0.07,3.23,6.6
THIRD-300360,N,Leicester,Member,Male,Personal Care,16.33,7,5.5,121.17,05/03/2025,15:14:12,Credit Card,115.4,0.21,24.46,6.9
THIRD-300361,M,Nottingham,Member,Male,Bakery,10.94,3,1.58,34.8,26/12/2025,10:46:34,Debit Card,33.14,0.11,3.68,5.7
THIRD-300362,N,Leicester,Member,Male,Snacks,1.68,5,0.41,8.94,21/10/2025,18:21:32,Credit Card,8.51,0.17,1.46,6.3
THIRD-300363,P,Coventry,Normal,Female,Frozen Foods,13.27,3,1.91,42.2,22/02/2025,18:29:50,Debit Card,40.19,0.1,4.06,6.2
THIRD-300364,M,Nottingham,Member,Male,Fresh Produce,11.04,2,1.06,23.42,11/07/2025,19:01:13,Credit Card,22.3,0.08,1.8,5.4
THIRD-300365,N,Leicester,Member,Male,Personal Care,8.91,7,3.0,66.14,18/07/2025,12:25:25,Debit Card,62.99,0.21,13.36,7.0
THIRD-300366,M,Nottingham,Member,Female,Health & Wellness,35.01,9,15.15,333.99,04/05/2025,09:57:25,Credit Card,318.09,0.24,77.07,6.9
THIRD-300367,M,Nottingham,Normal,Male,Fresh Produce,5.98,9,2.59,57.06,16/04/2025,08:08:39,Mobile Wallet,54.34,0.08,4.39,6.4
THIRD-300368,P,Coventry,Normal,Male,Beverages,3.01,2,0.29,6.37,15/03/2025,13:37:44,Debit Card,6.07,0.13,0.8,6.2
THIRD-300369,P,Coventry,Member,Female,Baby Products,8.57,4,1.65,36.34,08/08/2025,20:13:12,Mobile Wallet,34.61,0.18,6.29,7.4
THIRD-300370,N,Leicester,Normal,Male,Baby Products,22.53,5,5.42,119.41,24/03/2025,16:59:13,Credit Card,113.72,0.18,20.66,8.6
THIRD-300371,N,Leicester,Member,Male,Frozen Foods,17.32,1,0.83,18.35,22/07/2025,13:51:04,Credit Card,17.48,0.1,1.77,9.1
THIRD-300372,P,Coventry,Member,Male,Baby Products,9.59,1,0.46,10.16,18/12/2025,18:39:34,Debit Card,9.68,0.18,1.76,6.8
THIRD-300373,P,Coventry,Member,Female,Household,6.73,8,2.59,57.07,28/12/2025,18:02:10,Mobile Wallet,54.35,0.19,10.42,6.8
THIRD-300374,M,Nottingham,Member,Male,Frozen Foods,12.95,12,7.47,164.71,26/04/2025,16:27:11,Credit Card,156.87,0.1,15.84,7.0
THIRD-300375,P,Coventry,Normal,Female,Snacks,6.32,3,0.91,20.11,21/03/2025,13:51:25,Credit Card,19.15,0.17,3.29,6.7
THIRD-300376,P,Coventry,Member,Male,Household,23.51,1,1.13,24.93,16/08/2025,15:14:17,Credit Card,23.74,0.19,4.56,7.0
THIRD-300377,P,Coventry,Normal,Male,Frozen Foods,12.08,6,3.49,76.87,31/12/2025,19:59:19,Mobile Wallet,73.21,0.1,7.39,6.3
THIRD-300378,M,Nottingham,Normal,Male,Health & Wellness,7.54,6,2.18,47.96,22/06/2025,17:41:46,Debit Card,45.68,0.24,11.07,6.6
THIRD-300379,N,Leicester,Normal,Female,Health & Wellness,38.07,6,10.98,242.17,02/05/2025,12:21:39,Debit Card,230.64,0.24,55.88,7.6
THIRD-300380,M,Nottingham,Normal,Male,Frozen Foods,12.08,9,5.23,115.3,10/03/2025,18:19:34,Credit Card,109.81,0.1,11.09,5.8
THIRD-300381,N,Leicester,Normal,Female,Snacks,2.01,3,0.29,6.38,09/09/2025,16:36:04,Credit Card,6.08,0.17,1.04,6.2
THIRD-300382,M,Nottingham,Member,Female,Snacks,1.7,3,0.24,5.39,04/05/2025,13:45:21,Cash,5.13,0.17,0.88,6.2
THIRD-300383,P,Coventry,Member,Female,Snacks,1.06,5,0.26,5.63,30/03/2025,09:18:19,Cash,5.36,0.17,0.92,6.9
THIRD-300384,P,Coventry,Normal,Male,Health & Wellness,21.73,11,11.49,253.34,25/07/2025,15:32:39,Debit Card,241.28,0.24,58.46,6.6
THIRD-300385,P,Coventry,Member,Male,Health & Wellness,17.28,9,7.48,164.91,29/01/2025,19:19:02,Credit Card,157.06,0.24,38.05,7.9
THIRD-300386,N,Leicester,Normal,Male,Personal Care,10.43,3,1.5,33.17,13/05/2025,17:32:39,Credit Card,31.59,0.21,6.7,4.6
THIRD-300387,P,Coventry,Member,Male,Household,25.43,7,8.56,188.7,11/03/2025,10:29:05,Mobile Wallet,179.71,0.19,34.47,7.3
THIRD-300388,M,Nottingham,Member,Female,Health & Wellness,17.52,10,8.43,185.78,13/08/2025,19:56:31,Credit Card,176.92,0.24,42.87,6.4
THIRD-300389,P,Coventry,Member,Male,Baby Products,20.94,1,1.01,22.2,17/02/2025,11:48:39,Credit Card,21.14,0.18,3.84,8.5
THIRD-300390,N,Leicester,Normal,Female,Bakery,6.17,7,2.08,45.77,02/08/2025,15:03:08,Debit Card,43.59,0.11,4.84,7.9
THIRD-300391,N,Leicester,Normal,Male,Bakery,9.43,3,1.36,30.0,06/10/2025,10:44:11,Debit Card,28.57,0.11,3.17,4.9
THIRD-300392,P,Coventry,Normal,Male,Baby Products,8.11,5,1.95,43.0,14/11/2025,15:40:09,Debit Card,40.95,0.18,7.44,5.3
THIRD-300393,M,Nottingham,Normal,Female,Health & Wellness,18.49,7,6.22,137.21,03/05/2025,16:39:02,Credit Card,130.68,0.24,31.66,4.6
THIRD-300394,M,Nottingham,Member,Male,Dairy & Eggs,7.83,2,0.75,16.6,08/08/2025,17:07:18,Mobile Wallet,15.81,0.07,1.11,6.0
THIRD-300395,M,Nottingham,Member,Female,Fresh Produce,1.94,4,0.37,8.24,23/09/2025,14:35:26,Credit Card,7.85,0.08,0.64,6.8
THIRD-300396,N,Leicester,Member,Female,Dairy & Eggs,2.84,1,0.14,3.01,15/11/2025,14:03:14,Mobile Wallet,2.87,0.07,0.2,6.3
THIRD-300397,P,Coventry,Member,Male,Dairy & Eggs,3.73,4,0.72,15.83,09/03/2025,17:12:13,Debit Card,15.08,0.07,1.07,7.2
THIRD-300398,M,Nottingham,Member,Female,Snacks,5.82,4,1.12,24.7,11/01/2025,12:57:30,Mobile Wallet,23.52,0.17,4.04,7.5
THIRD-300399,P,Coventry,Normal,Female,Beverages,7.42,5,1.78,39.3,07/02/2025,15:29:45,Debit Card,37.43,0.13,4.91,8.1
THIRD-300400,P,Coventry,Member,Male,Baby Products,41.72,4,8.02,176.92,03/10/2025,14:14:47,Credit Card,168.5,0.18,30.62,6.4
THIRD-300401,P,Coventry,Normal,Male,Health & Wellness,38.85,1,1.87,41.19,30/05/2025,16:41:11,Credit Card,39.23,0.24,9.51,6.6
THIRD-300402,P,Coventry,Member,Female,Frozen Foods,19.41,1,0.93,20.57,16/06/2025,17:51:54,Credit Card,19.59,0.1,1.98,7.4
THIRD-300403,N,Leicester,Member,Female,Frozen Foods,9.84,12,5.68,125.16,22/09/2025,14:37:35,Credit Card,119.2,0.1,12.03,5.6
THIRD-300404,P,Coventry,Member,Female,Fresh Produce,6.04,11,3.2,70.47,09/04/2025,13:17:50,Mobile Wallet,67.11,0.08,5.42,8.0
THIRD-300405,M,Nottingham,Normal,Female,Baby Products,46.27,4,8.9,196.2,17/11/2025,18:11:32,Mobile Wallet,186.86,0.18,33.95,6.6
THIRD-300406,N,Leicester,Normal,Male,Household,13.1,4,2.52,55.57,29/08/2025,18:38:54,Debit Card,52.92,0.19,10.15,5.6
THIRD-300407,N,Leicester,Member,Female,Frozen Foods,13.53,6,3.9,86.06,03/10/2025,11:03:04,Debit Card,81.96,0.1,8.28,7.1
THIRD-300408,N,Leicester,Normal,Male,Household,5.12,3,0.74,16.28,06/03/2025,16:19:26,Mobile Wallet,15.5,0.19,2.97,7.2
THIRD-300409,M,Nottingham,Member,Female,Health & Wellness,31.67,4,6.09,134.28,09/02/2025,19:03:51,Credit Card,127.89,0.24,30.98,6.9
THIRD-300410,N,Leicester,Member,Female,Baby Products,30.98,7,10.43,229.91,06/07/2025,19:40:51,Credit Card,218.96,0.18,39.79,7.8
THIRD-300411,M,Nottingham,Normal,Male,Snacks,1.15,1,0.06,1.23,29/01/2025,19:19:43,Mobile Wallet,1.17,0.17,0.2,6.7
THIRD-300412,P,Coventry,Normal,Female,Baby Products,33.58,8,12.92,284.8,09/07/2025,11:22:54,Mobile Wallet,271.24,0.18,49.29,8.7
THIRD-300413,P,Coventry,Member,Female,Health & Wellness,29.33,1,1.41,31.09,28/11/2025,18:42:29,Credit Card,29.61,0.24,7.18,7.2
THIRD-300414,P,Coventry,Member,Male,Frozen Foods,9.79,6,2.82,62.24,23/06/2025,18:38:55,Mobile Wallet,59.28,0.1,5.99,4.8
THIRD-300415,P,Coventry,Member,Female,Baby Products,26.77,1,1.29,28.38,29/03/2025,12:48:27,Debit Card,27.03,0.18,4.91,6.8
THIRD-300416,P,Coventry,Normal,Female,Fresh Produce,10.8,4,2.08,45.78,05/06/2025,14:28:20,Cash,43.6,0.08,3.52,5.7
THIRD-300417,P,Coventry,Normal,Male,Beverages,12.85,2,1.24,27.26,06/05/2025,18:20:33,Debit Card,25.96,0.13,3.4,4.9
THIRD-300418,N,Leicester,Normal,Male,Personal Care,7.82,6,2.26,49.75,14/04/2025,11:46:07,Debit Card,47.38,0.21,10.05,7.2
THIRD-300419,P,Coventry,Member,Male,Fresh Produce,3.44,7,1.16,25.55,25/05/2025,14:37:43,Credit Card,24.33,0.08,1.96,8.3
THIRD-300420,N,Leicester,Member,Male,Personal Care,24.84,7,8.36,184.3,17/11/2025,21:34:15,Cash,175.52,0.21,37.21,8.4
THIRD-300421,N,Leicester,Member,Male,Personal Care,16.88,5,4.06,89.47,18/09/2025,11:11:01,Credit Card,85.21,0.21,18.06,7.8
THIRD-300422,P,Coventry,Member,Male,Baby Products,5.82,1,0.28,6.17,23/03/2025,15:55:24,Credit Card,5.88,0.18,1.07,7.1
THIRD-300423,N,Leicester,Normal,Male,Health & Wellness,34.24,9,14.81,326.64,26/09/2025,16:37:10,Credit Card,311.09,0.24,75.38,6.4
THIRD-300424,M,Nottingham,Normal,Female,Bakery,4.77,3,0.69,15.18,15/03/2025,14:51:18,Mobile Wallet,14.46,0.11,1.6,7.5
THIRD-300425,P,Coventry,Normal,Male,Fresh Produce,7.77,13,4.86,107.07,26/01/2025,14:40:46,Credit Card,101.97,0.08,8.24,7.0
THIRD-300426,P,Coventry,Normal,Male,Dairy & Eggs,7.21,6,2.08,45.84,21/07/2025,15:42:19,Credit Card,43.66,0.07,3.08,7.8
THIRD-300427,P,Coventry,Member,Male,Personal Care,24.68,12,14.24,313.95,26/11/2025,10:35:43,Cash,299.0,0.21,63.39,8.2
THIRD-300428,M,Nottingham,Normal,Female,Bakery,7.96,4,1.53,33.74,18/06/2025,18:16:44,Mobile Wallet,32.13,0.11,3.57,5.9
THIRD-300429,M,Nottingham,Normal,Female,Snacks,2.48,7,0.83,18.36,30/11/2025,12:57:41,Credit Card,17.49,0.17,3.0,5.9
THIRD-300430,M,Nottingham,Normal,Female,Household,6.21,8,2.39,52.66,11/11/2025,08:51:27,Debit Card,50.15,0.19,9.61,5.1
THIRD-300431,M,Nottingham,Member,Male,Personal Care,17.96,1,0.86,19.04,07/05/2025,16:16:20,Debit Card,18.13,0.21,3.85,6.6
THIRD-300432,N,Leicester,Normal,Female,Fresh Produce,5.79,2,0.56,12.28,26/10/2025,19:54:19,Credit Card,11.7,0.08,0.94,7.3
THIRD-300433,P,Coventry,Member,Male,Household,19.32,6,5.57,122.9,13/07/2025,18:08:14,Credit Card,117.05,0.19,22.45,5.9
THIRD-300434,P,Coventry,Normal,Female,Baby Products,5.11,1,0.25,5.42,03/01/2025,12:48:57,Debit Card,5.16,0.18,0.93,7.1
THIRD-300435,M,Nottingham,Member,Female,Frozen Foods,14.16,10,6.81,150.16,09/12/2025,11:44:44,Cash,143.01,0.1,14.44,8.1
THIRD-300436,M,Nottingham,Normal,Female,Fresh Produce,9.99,12,5.77,127.14,28/01/2025,12:52:23,Mobile Wallet,121.09,0.08,9.78,8.0
THIRD-300437,N,Leicester,Member,Male,Bakery,7.84,1,0.38,8.32,22/06/2025,15:05:29,Credit Card,7.92,0.11,0.88,6.2
THIRD-300438,M,Nottingham,Member,Male,Baby Products,30.77,7,10.36,228.36,23/07/2025,14:27:44,Credit Card,217.49,0.18,39.52,5.4
THIRD-300439,P,Coventry,Member,Female,Frozen Foods,18.48,12,10.66,235.1,03/10/2025,15:26:28,Mobile Wallet,223.9,0.1,22.6,8.4
THIRD-300440,N,Leicester,Member,Male,Baby Products,30.51,10,14.67,323.47,21/12/2025,09:38:15,Credit Card,308.07,0.18,55.98,6.0
THIRD-300441,M,Nottingham,Member,Male,Dairy & Eggs,6.15,6,1.77,39.09,31/03/2025,17:46:42,Debit Card,37.23,0.07,2.63,6.8
THIRD-300442,N,Leicester,Normal,Female,Snacks,5.81,2,0.56,12.33,03/07/2025,12:44:25,Mobile Wallet,11.74,0.17,2.01,7.5
THIRD-300443,P,Coventry,Normal,Female,Personal Care,7.22,7,2.43,53.56,05/04/2025,13:52:05,Credit Card,51.01,0.21,10.81,6.6
THIRD-300444,N,Leicester,Member,Male,Bakery,3.94,1,0.19,4.18,23/08/2025,12:28:17,Mobile Wallet,3.98,0.11,0.45,7.3
THIRD-300445,P,Coventry,Member,Female,Personal Care,5.72,3,0.83,18.2,10/01/2025,17:30:01,Debit Card,17.32,0.21,3.67,6.9
THIRD-300446,N,Leicester,Normal,Female,Frozen Foods,4.5,1,0.22,4.78,16/11/2025,13:31:11,Debit Card,4.55,0.1,0.46,5.9
THIRD-300447,P,Coventry,Normal,Female,Fresh Produce,11.22,6,3.24,71.38,25/07/2025,20:09:30,Cash,67.98,0.08,5.49,7.9
THIRD-300448,M,Nottingham,Member,Female,Frozen Foods,8.83,5,2.12,46.8,18/02/2025,18:09:27,Debit Card,44.57,0.1,4.5,7.3
THIRD-300449,M,Nottingham,Member,Male,Personal Care,29.68,3,4.28,94.4,28/11/2025,14:05:29,Debit Card,89.9,0.21,19.06,6.4
THIRD-300450,M,Nottingham,Normal,Male,Snacks,0.67,3,0.1,2.12,04/05/2025,13:17:09,Debit Card,2.02,0.17,0.35,5.0
THIRD-300451,M,Nottingham,Normal,Female,Household,19.43,6,5.6,123.56,15/08/2025,15:59:30,Mobile Wallet,117.68,0.19,22.58,5.5
THIRD-300452,M,Nottingham,Member,Female,Personal Care,21.75,5,5.23,115.27,05/02/2025,13:32:42,Mobile Wallet,109.78,0.21,23.28,5.0
THIRD-300453,P,Coventry,Member,Female,Snacks,5.73,13,3.58,78.97,02/09/2025,18:06:23,Debit Card,75.21,0.17,12.91,6.4
THIRD-300454,N,Leicester,Normal,Female,Health & Wellness,33.53,8,12.9,284.36,21/12/2025,19:19:16,Mobile Wallet,270.82,0.24,65.61,5.9
THIRD-300455,M,Nottingham,Normal,Male,Dairy & Eggs,6.13,2,0.59,12.99,03/09/2025,10:05:04,Cash,12.37,0.07,0.87,7.2
THIRD-300456,P,Coventry,Normal,Female,Personal Care,5.63,4,1.08,23.86,28/02/2025,19:59:09,Credit Card,22.72,0.21,4.81,4.6
THIRD-300457,N,Leicester,Normal,Female,Frozen Foods,4.58,2,0.44,9.7,25/08/2025,19:52:31,Debit Card,9.24,0.1,0.93,6.1
THIRD-300458,M,Nottingham,Normal,Male,Health & Wellness,30.06,7,10.12,223.04,05/12/2025,11:03:31,Cash,212.42,0.24,51.46,6.5
THIRD-300459,M,Nottingham,Member,Female,Beverages,12.68,3,1.83,40.32,19/08/2025,11:59:56,Debit Card,38.4,0.13,5.04,8.5
THIRD-300460,P,Coventry,Normal,Female,Bakery,10.65,3,1.54,33.87,12/10/2025,16:30:01,Credit Card,32.26,0.11,3.58,4.3
THIRD-300461,M,Nottingham,Normal,Female,Personal Care,13.37,1,0.64,14.18,25/04/2025,17:52:17,Debit Card,13.5,0.21,2.86,8.4
THIRD-300462,M,Nottingham,Member,Female,Fresh Produce,6.66,10,3.2,70.56,13/02/2025,13:23:22,Debit Card,67.2,0.08,5.43,8.9
THIRD-300463,N,Leicester,Normal,Male,Fresh Produce,9.9,1,0.48,10.5,18/02/2025,14:13:05,Debit Card,10.0,0.08,0.81,6.2
THIRD-300464,M,Nottingham,Member,Female,Health & Wellness,30.78,4,5.92,130.54,03/01/2025,17:51:25,Credit Card,124.32,0.24,30.13,5.4
THIRD-300465,P,Coventry,Member,Male,Fresh Produce,8.5,6,2.45,54.04,10/07/2025,12:30:34,Mobile Wallet,51.47,0.08,4.16,7.9
THIRD-300466,N,Leicester,Member,Female,Baby Products,26.46,9,11.45,252.43,03/05/2025,17:40:08,Credit Card,240.41,0.18,43.68,6.6
THIRD-300467,P,Coventry,Member,Male,Snacks,5.7,7,1.92,42.29,08/01/2025,13:29:36,Debit Card,40.28,0.17,6.91,6.1
THIRD-300468,M,Nottingham,Member,Male,Baby Products,7.13,2,0.69,15.13,10/02/2025,18:56:40,Credit Card,14.41,0.18,2.62,6.8
THIRD-300469,P,Coventry,Normal,Male,Household,22.53,1,1.08,23.88,06/05/2025,14:39:10,Debit Card,22.74,0.19,4.37,6.5
THIRD-300470,N,Leicester,Member,Male,Baby Products,28.51,9,12.33,271.97,27/08/2025,17:34:01,Credit Card,259.02,0.18,47.06,8.6
THIRD-300471,P,Coventry,Member,Female,Bakery,4.6,6,1.33,29.24,12/10/2025,19:12:00,Credit Card,27.85,0.11,3.1,6.8
THIRD-300472,N,Leicester,Normal,Male,Health & Wellness,29.85,12,17.22,379.7,20/01/2025,18:37:25,Credit Card,361.62,0.24,87.62,6.6
THIRD-300473,M,Nottingham,Member,Female,Bakery,4.84,2,0.47,10.26,25/02/2025,15:36:07,Mobile Wallet,9.76,0.11,1.08,7.4
THIRD-300474,M,Nottingham,Member,Male,Frozen Foods,17.62,7,5.93,130.74,20/07/2025,13:49:21,Credit Card,124.51,0.1,12.57,7.6
THIRD-300475,M,Nottingham,Normal,Female,Personal Care,16.37,11,8.66,190.89,09/10/2025,19:37:36,Mobile Wallet,181.8,0.21,38.54,5.2
THIRD-300476,P,Coventry,Normal,Female,Dairy & Eggs,3.49,4,0.67,14.82,27/06/2025,13:06:13,Cash,14.11,0.07,1.0,5.7
THIRD-300477,P,Coventry,Normal,Female,Personal Care,27.84,5,6.69,147.57,08/03/2025,11:28:57,Cash,140.54,0.21,29.8,6.4
THIRD-300478,P,Coventry,Normal,Female,Personal Care,9.1,2,0.88,19.3,15/11/2025,10:24:09,Credit Card,18.38,0.21,3.89,6.4
THIRD-300479,P,Coventry,Member,Male,Beverages,15.09,6,4.35,95.98,13/05/2025,15:48:55,Debit Card,91.41,0.13,12.0,6.1
THIRD-300480,M,Nottingham,Normal,Male,Snacks,1.1,4,0.21,4.67,10/01/2025,09:46:29,Debit Card,4.45,0.17,0.76,7.1
THIRD-300481,M,Nottingham,Normal,Male,Health & Wellness,26.26,9,11.36,250.54,14/09/2025,11:21:41,Credit Card,238.61,0.24,57.81,7.5
THIRD-300482,M,Nottingham,Normal,Male,Fresh Produce,3.28,5,0.79,17.37,30/07/2025,15:53:33,Debit Card,16.54,0.08,1.34,6.9
THIRD-300483,P,Coventry,Normal,Male,Snacks,5.42,3,0.78,17.23,23/06/2025,18:59:39,Debit Card,16.41,0.17,2.82,5.9
THIRD-300484,M,Nottingham,Member,Female,Dairy & Eggs,2.68,2,0.26,5.69,26/08/2025,20:42:15,Mobile Wallet,5.42,0.07,0.38,5.9
THIRD-300485,P,Coventry,Member,Female,Bakery,4.21,3,0.61,13.4,15/11/2025,15:16:21,Debit Card,12.76,0.11,1.42,7.5
THIRD-300486,P,Coventry,Member,Male,Frozen Foods,9.97,5,2.4,52.87,01/10/2025,17:00:42,Credit Card,50.35,0.1,5.09,5.0
THIRD-300487,P,Coventry,Member,Male,Dairy & Eggs,6.52,7,2.19,48.38,12/09/2025,19:06:20,Debit Card,46.08,0.07,3.25,7.6
THIRD-300488,P,Coventry,Normal,Male,Household,22.09,1,1.06,23.42,28/03/2025,16:10:43,Cash,22.3,0.19,4.28,6.9
THIRD-300489,M,Nottingham,Normal,Female,Frozen Foods,16.73,9,7.24,159.65,28/11/2025,21:57:21,Credit Card,152.05,0.1,15.35,8.0
THIRD-300490,N,Leicester,Member,Male,Health & Wellness,8.77,8,3.37,74.35,06/02/2025,13:50:36,Credit Card,70.81,0.24,17.16,6.4
THIRD-300491,M,Nottingham,Member,Male,Frozen Foods,3.88,3,0.56,12.34,08/05/2025,14:48:54,Debit Card,11.75,0.1,1.19,7.0
THIRD-300492,N,Leicester,Normal,Male,Household,18.55,2,1.78,39.33,01/05/2025,20:18:30,Mobile Wallet,37.46,0.19,7.19,7.9
THIRD-300493,P,Coventry,Member,Male,Health & Wellness,34.57,6,9.97,219.88,08/06/2025,12:52:04,Credit Card,209.41,0.24,50.74,8.1
THIRD-300494,N,Leicester,Member,Male,Frozen Foods,11.95,2,1.15,25.34,09/12/2025,10:07:06,Mobile Wallet,24.13,0.1,2.44,8.8
THIRD-300495,P,Coventry,Member,Female,Dairy & Eggs,1.85,11,0.98,21.59,28/09/2025,15:07:41,Credit Card,20.56,0.07,1.45,5.4
THIRD-300496,M,Nottingham,Normal,Male,Household,4.61,2,0.44,9.76,16/12/2025,19:31:08,Credit Card,9.3,0.19,1.78,6.4
THIRD-300497,M,Nottingham,Member,Female,Dairy & Eggs,6.7,11,3.54,78.1,03/09/2025,09:14:52,Debit Card,74.38,0.07,5.26,6.8
THIRD-300498,N,Leicester,Normal,Female,Frozen Foods,7.19,9,3.11,68.56,10/12/2025,13:29:34,Credit Card,65.3,0.1,6.59,8.2
THIRD-300499,N,Leicester,Member,Female,Household,5.14,1,0.25,5.45,21/05/2025,17:03:39,Mobile Wallet,5.19,0.19,1.0,7.2
THIRD-300500,M,Nottingham,Normal,Female,Frozen Foods,10.59,1,0.51,11.22,13/02/2025,08:05:21,Mobile Wallet,10.69,0.1,1.08,7.2
THIRD-300501,M,Nottingham,Normal,Male,Fresh Produce,5.26,1,0.25,5.58,22/06/2025,17:13:10,Cash,5.31,0.08,0.42,6.1
THIRD-300502,M,Nottingham,Member,Male,Snacks,3.57,5,0.86,18.91,18/12/2025,11:42:20,Debit Card,18.01,0.17,3.1,7.8
THIRD-300503,N,Leicester,Normal,Male,Household,8.2,9,3.55,78.19,10/02/2025,08:09:42,Debit Card,74.47,0.19,14.28,6.4
THIRD-300504,M,Nottingham,Member,Female,Dairy & Eggs,3.07,7,1.03,22.76,26/09/2025,17:02:22,Credit Card,21.68,0.07,1.54,6.2
THIRD-300505,N,Leicester,Member,Male,Health & Wellness,30.99,7,10.43,229.98,06/08/2025,13:42:38,Debit Card,219.03,0.24,53.06,6.6
THIRD-300506,P,Coventry,Member,Female,Bakery,7.78,11,4.11,90.71,15/05/2025,14:12:19,Cash,86.39,0.11,9.59,7.2
THIRD-300507,M,Nottingham,Normal,Male,Fresh Produce,9.28,5,2.23,49.17,25/08/2025,18:23:57,Debit Card,46.83,0.08,3.78,5.5
THIRD-300508,P,Coventry,Normal,Female,Beverages,15.51,1,0.75,16.44,22/08/2025,19:51:45,Credit Card,15.66,0.13,2.06,6.4
THIRD-300509,M,Nottingham,Member,Female,Personal Care,7.03,1,0.34,7.46,22/04/2025,18:17:03,Debit Card,7.1,0.21,1.51,6.6
THIRD-300510,P,Coventry,Normal,Female,Personal Care,4.32,12,2.49,54.9,20/09/2025,19:17:16,Mobile Wallet,52.29,0.21,11.09,7.0
THIRD-300511,P,Coventry,Member,Male,Health & Wellness,30.18,1,1.45,31.99,09/03/2025,12:21:48,Debit Card,30.47,0.24,7.38,8.1
THIRD-300512,N,Leicester,Member,Female,Frozen Foods,14.08,1,0.68,14.93,26/05/2025,21:43:48,Cash,14.22,0.1,1.43,5.8
THIRD-300513,M,Nottingham,Member,Male,Fresh Produce,10.83,5,2.6,57.38,02/07/2025,19:56:30,Credit Card,54.65,0.08,4.41,5.9
THIRD-300514,M,Nottingham,Normal,Male,Fresh Produce,5.16,1,0.25,5.47,18/08/2025,17:31:28,Mobile Wallet,5.21,0.08,0.42,8.6
THIRD-300515,M,Nottingham,Member,Female,Snacks,4.76,1,0.23,5.05,29/05/2025,15:42:05,Mobile Wallet,4.81,0.17,0.83,7.1
THIRD-300516,P,Coventry,Normal,Female,Dairy & Eggs,5.12,2,0.49,10.85,24/04/2025,15:51:16,Credit Card,10.33,0.07,0.73,5.4
THIRD-300517,N,Leicester,Member,Male,Snacks,4.3,5,1.03,22.76,29/03/2025,15:56:31,Mobile Wallet,21.68,0.17,3.72,8.2
THIRD-300518,N,Leicester,Member,Male,Bakery,5.93,5,1.43,31.43,03/06/2025,17:01:09,Debit Card,29.92,0.11,3.33,6.7
THIRD-300519,M,Nottingham,Normal,Female,Frozen Foods,4.27,5,1.03,22.66,15/08/2025,18:42:05,Mobile Wallet,21.58,0.1,2.18,6.4
THIRD-300520,M,Nottingham,Member,Female,Health & Wellness,27.44,8,10.55,232.67,21/01/2025,14:27:37,Cash,221.59,0.24,53.69,7.6
THIRD-300521,N,Leicester,Member,Male,Household,5.22,2,0.5,11.07,14/03/2025,18:30:34,Cash,10.54,0.19,2.02,7.4
THIRD-300522,N,Leicester,Member,Female,Fresh Produce,3.22,9,1.4,30.76,10/04/2025,09:18:24,Debit Card,29.3,0.08,2.36,6.3
THIRD-300523,N,Leicester,Member,Female,Baby Products,34.91,7,11.75,259.08,12/01/2025,15:39:54,Credit Card,246.74,0.18,44.84,7.0
THIRD-300524,P,Coventry,Member,Female,Fresh Produce,2.66,9,1.15,25.4,04/03/2025,12:33:46,Debit Card,24.19,0.08,1.95,7.1
THIRD-300525,M,Nottingham,Member,Female,Baby Products,17.53,10,8.43,185.88,11/10/2025,17:28:24,Debit Card,177.03,0.18,32.17,5.7
THIRD-300526,P,Coventry,Member,Female,Beverages,13.38,8,5.15,113.52,31/01/2025,18:21:23,Credit Card,108.11,0.13,14.18,5.3
THIRD-300527,M,Nottingham,Normal,Female,Frozen Foods,4.34,3,0.63,13.8,27/08/2025,10:59:05,Cash,13.14,0.1,1.33,5.2
THIRD-300528,N,Leicester,Normal,Male,Household,22.01,8,8.46,186.63,04/04/2025,14:15:47,Mobile Wallet,177.74,0.19,34.09,6.0
THIRD-300529,P,Coventry,Member,Male,Snacks,3.94,7,1.33,29.25,07/09/2025,17:35:36,Credit Card,27.86,0.17,4.78,6.9
THIRD-300530,M,Nottingham,Normal,Female,Bakery,2.1,1,0.1,2.23,21/12/2025,16:17:33,Cash,2.12,0.11,0.23,5.6
THIRD-300531,P,Coventry,Normal,Male,Bakery,2.51,4,0.48,10.63,19/04/2025,14:25:57,Credit Card,10.12,0.11,1.12,8.4
THIRD-300532,P,Coventry,Member,Male,Frozen Foods,3.8,3,0.55,12.08,04/11/2025,18:15:33,Cash,11.5,0.1,1.16,6.4
THIRD-300533,P,Coventry,Normal,Male,Personal Care,3.63,5,0.87,19.24,16/09/2025,08:24:24,Debit Card,18.32,0.21,3.88,6.5
THIRD-300534,P,Coventry,Member,Female,Bakery,2.6,5,0.62,13.78,02/10/2025,19:56:42,Debit Card,13.12,0.11,1.46,6.6
THIRD-300535,M,Nottingham,Normal,Female,Beverages,14.32,2,1.38,30.37,13/04/2025,15:34:36,Credit Card,28.92,0.13,3.79,7.1
THIRD-300536,N,Leicester,Member,Female,Baby Products,11.6,2,1.11,24.58,13/09/2025,14:27:13,Cash,23.42,0.18,4.25,8.9
THIRD-300537,M,Nottingham,Member,Male,Snacks,5.54,2,0.53,11.75,13/03/2025,16:58:36,Credit Card,11.19,0.17,1.92,5.8
THIRD-300538,N,Leicester,Normal,Male,Health & Wellness,22.46,1,1.08,23.81,03/10/2025,17:49:35,Cash,22.68,0.24,5.49,5.4
THIRD-300539,N,Leicester,Member,Male,Baby Products,24.29,12,14.02,309.06,14/03/2025,14:18:58,Debit Card,294.34,0.18,53.49,9.3
THIRD-300540,M,Nottingham,Normal,Female,Health & Wellness,39.24,1,1.89,41.6,27/10/2025,18:41:30,Credit Card,39.62,0.24,9.6,6.5
THIRD-300541,N,Leicester,Normal,Male,Snacks,3.86,1,0.19,4.1,08/02/2025,17:54:20,Credit Card,3.9,0.17,0.67,4.6
THIRD-300542,M,Nottingham,Member,Male,Baby Products,8.82,6,2.54,56.09,10/12/2025,21:02:41,Cash,53.42,0.18,9.71,7.1
THIRD-300543,P,Coventry,Member,Female,Beverages,15.16,1,0.73,16.08,15/04/2025,16:52:51,Mobile Wallet,15.31,0.13,2.01,7.7
THIRD-300544,N,Leicester,Member,Male,Dairy & Eggs,4.9,6,1.41,31.15,05/12/2025,08:21:55,Debit Card,29.67,0.07,2.1,8.0
THIRD-300545,N,Leicester,Member,Female,Baby Products,39.45,5,9.48,209.09,28/12/2025,15:53:27,Debit Card,199.13,0.18,36.19,6.1
THIRD-300546,P,Coventry,Normal,Male,Beverages,9.33,8,3.59,79.12,21/08/2025,11:31:50,Credit Card,75.35,0.13,9.89,5.6
THIRD-300547,M,Nottingham,Member,Female,Frozen Foods,10.12,6,2.92,64.36,15/07/2025,15:30:26,Credit Card,61.3,0.1,6.19,7.8
THIRD-300548,M,Nottingham,Member,Male,Dairy & Eggs,6.68,13,4.17,92.01,27/06/2025,11:17:47,Cash,87.63,0.07,6.19,6.0
THIRD-300549,M,Nottingham,Normal,Female,Snacks,3.72,5,0.9,19.74,12/04/2025,14:58:42,Mobile Wallet,18.79,0.17,3.22,4.4
THIRD-300550,M,Nottingham,Normal,Female,Frozen Foods,2.15,9,0.93,20.54,26/09/2025,11:26:23,Credit Card,19.56,0.1,1.97,7.0
THIRD-300551,P,Coventry,Member,Female,Snacks,5.32,1,0.26,5.65,30/03/2025,21:15:00,Credit Card,5.38,0.17,0.92,5.9
THIRD-300552,N,Leicester,Normal,Male,Health & Wellness,3.97,3,0.57,12.63,27/05/2025,21:32:12,Cash,12.03,0.24,2.92,8.1
THIRD-300553,P,Coventry,Member,Female,Household,25.24,2,2.43,53.52,27/10/2025,14:00:56,Credit Card,50.97,0.19,9.77,5.2
THIRD-300554,M,Nottingham,Member,Female,Bakery,8.64,9,3.74,82.46,09/06/2025,15:23:44,Credit Card,78.53,0.11,8.72,5.5
THIRD-300555,P,Coventry,Member,Male,Frozen Foods,3.13,8,1.2,26.54,11/08/2025,18:47:51,Credit Card,25.28,0.1,2.55,6.2
THIRD-300556,P,Coventry,Normal,Female,Household,16.61,7,5.59,123.25,08/01/2025,13:27:51,Cash,117.38,0.19,22.51,7.5
THIRD-300557,N,Leicester,Normal,Male,Dairy & Eggs,2.33,6,0.67,14.82,28/07/2025,15:51:07,Mobile Wallet,14.11,0.07,1.0,5.2
THIRD-300558,P,Coventry,Normal,Male,Snacks,3.86,1,0.19,4.1,19/10/2025,12:19:51,Debit Card,3.9,0.17,0.67,8.1
THIRD-300559,N,Leicester,Member,Male,Baby Products,5.73,5,1.38,30.38,11/09/2025,18:12:33,Mobile Wallet,28.93,0.18,5.26,7.8
THIRD-300560,N,Leicester,Member,Female,Baby Products,24.97,1,1.2,26.47,03/04/2025,18:49:34,Debit Card,25.21,0.18,4.58,6.9
THIRD-300561,M,Nottingham,Normal,Male,Baby Products,35.14,3,5.07,111.76,11/12/2025,17:37:48,Mobile Wallet,106.44,0.18,19.35,6.7
THIRD-300562,M,Nottingham,Member,Male,Beverages,13.8,3,1.99,43.89,16/04/2025,10:02:30,Mobile Wallet,41.8,0.13,5.49,7.8
THIRD-300563,P,Coventry,Normal,Female,Dairy & Eggs,5.73,4,1.1,24.3,26/12/2025,17:43:19,Credit Card,23.14,0.07,1.63,8.4
THIRD-300564,M,Nottingham,Member,Male,Dairy & Eggs,7.47,6,2.15,47.49,30/03/2025,16:37:48,Credit Card,45.23,0.07,3.2,6.6
THIRD-300565,P,Coventry,Normal,Female,Baby Products,18.42,2,1.77,39.05,24/04/2025,19:26:02,Cash,37.19,0.18,6.76,5.9
THIRD-300566,N,Leicester,Member,Male,Personal Care,21.43,5,5.15,113.61,29/10/2025,14:22:12,Cash,108.2,0.21,22.94,8.7
THIRD-300567,N,Leicester,Normal,Female,Bakery,1.93,12,1.12,24.61,07/06/2025,20:06:13,Mobile Wallet,23.44,0.11,2.61,6.9
THIRD-300568,P,Coventry,Member,Female,Personal Care,6.46,4,1.24,27.38,24/09/2025,11:16:07,Credit Card,26.08,0.21,5.53,7.2
THIRD-300569,N,Leicester,Member,Female,Snacks,5.64,2,0.54,11.95,04/06/2025,10:25:50,Debit Card,11.38,0.17,1.95,7.2
THIRD-300570,N,Leicester,Normal,Male,Baby Products,30.17,12,17.41,383.81,19/07/2025,11:32:35,Debit Card,365.53,0.18,66.42,5.5
THIRD-300571,M,Nottingham,Member,Female,Fresh Produce,6.91,1,0.33,7.32,04/10/2025,14:48:22,Mobile Wallet,6.97,0.08,0.56,6.4
THIRD-300572,M,Nottingham,Member,Male,Dairy & Eggs,5.21,6,1.5,33.14,13/02/2025,17:38:57,Credit Card,31.56,0.07,2.23,6.8
THIRD-300573,N,Leicester,Normal,Female,Snacks,4.33,1,0.21,4.59,05/10/2025,19:27:59,Mobile Wallet,4.37,0.17,0.75,7.1
THIRD-300574,M,Nottingham,Member,Female,Household,8.18,4,1.57,34.7,30/09/2025,20:38:12,Debit Card,33.05,0.19,6.34,6.5
THIRD-300575,P,Coventry,Normal,Male,Personal Care,7.3,4,1.4,30.95,23/09/2025,12:27:45,Cash,29.48,0.21,6.25,6.0
THIRD-300576,M,Nottingham,Member,Female,Frozen Foods,16.91,6,4.88,107.56,26/05/2025,20:47:44,Mobile Wallet,102.44,0.1,10.35,9.3
THIRD-300577,N,Leicester,Member,Male,Baby Products,10.42,3,1.5,33.14,07/10/2025,15:44:14,Debit Card,31.56,0.18,5.73,7.2
THIRD-300578,N,Leicester,Member,Male,Frozen Foods,5.61,4,1.08,23.77,16/11/2025,20:33:28,Credit Card,22.64,0.1,2.29,6.9
THIRD-300579,M,Nottingham,Normal,Female,Household,11.01,1,0.53,11.68,21/04/2025,15:43:44,Credit Card,11.12,0.19,2.13,5.7
THIRD-300580,P,Coventry,Normal,Male,Health & Wellness,40.44,1,1.94,42.86,30/07/2025,16:30:54,Debit Card,40.82,0.24,9.89,7.5
THIRD-300581,M,Nottingham,Member,Female,Personal Care,7.89,6,2.28,50.21,28/03/2025,13:59:56,Mobile Wallet,47.82,0.21,10.13,6.8
THIRD-300582,N,Leicester,Normal,Male,Frozen Foods,12.34,1,0.59,13.08,13/11/2025,09:04:26,Credit Card,12.46,0.1,1.26,6.3
THIRD-300583,N,Leicester,Normal,Female,Household,18.2,11,9.62,212.23,23/06/2025,19:23:56,Debit Card,202.12,0.19,38.77,5.5
THIRD-300584,N,Leicester,Member,Female,Snacks,2.95,6,0.85,18.78,12/04/2025,20:01:45,Credit Card,17.89,0.17,3.07,7.1
THIRD-300585,N,Leicester,Member,Female,Snacks,1.11,1,0.05,1.18,19/11/2025,18:59:35,Credit Card,1.12,0.17,0.19,4.0
THIRD-300586,N,Leicester,Member,Male,Health & Wellness,5.83,7,1.96,43.29,09/07/2025,14:49:37,Mobile Wallet,41.23,0.24,9.99,7.8
THIRD-300587,N,Leicester,Normal,Male,Baby Products,46.61,1,2.24,49.41,03/11/2025,11:46:33,Credit Card,47.06,0.18,8.55,5.8
THIRD-300588,P,Coventry,Member,Female,Fresh Produce,5.69,2,0.55,12.06,01/03/2025,18:09:59,Debit Card,11.49,0.08,0.93,5.5
THIRD-300589,P,Coventry,Member,Female,Household,9.86,4,1.9,41.81,17/06/2025,19:53:50,Credit Card,39.82,0.19,7.63,7.8
THIRD-300590,N,Leicester,Normal,Female,Fresh Produce,9.74,2,0.94,20.66,20/09/2025,19:15:49,Mobile Wallet,19.68,0.08,1.59,5.9
THIRD-300591,P,Coventry,Normal,Male,Bakery,2.3,4,0.44,9.74,08/12/2025,12:23:53,Mobile Wallet,9.28,0.11,1.03,5.8
THIRD-300592,P,Coventry,Member,Female,Household,9.29,9,4.02,88.61,30/08/2025,16:42:53,Credit Card,84.39,0.19,16.19,7.7
THIRD-300593,N,Leicester,Normal,Female,Beverages,8.69,4,1.67,36.87,15/06/2025,18:57:32,Mobile Wallet,35.11,0.13,4.61,7.4
THIRD-300594,P,Coventry,Member,Male,Household,15.55,1,0.75,16.48,11/11/2025,11:12:19,Cash,15.7,0.19,3.01,6.2
THIRD-300595,N,Leicester,Normal,Male,Bakery,10.94,1,0.53,11.6,24/12/2025,18:53:53,Mobile Wallet,11.05,0.11,1.23,7.3
THIRD-300596,N,Leicester,Member,Male,Health & Wellness,18.42,2,1.77,39.05,08/09/2025,10:40:25,Mobile Wallet,37.19,0.24,9.01,7.4
THIRD-300597,M,Nottingham,Normal,Female,Dairy & Eggs,7.32,12,4.22,93.14,14/07/2025,15:29:09,Debit Card,88.7,0.07,6.26,5.4
THIRD-300598,P,Coventry,Normal,Female,Dairy & Eggs,2.22,5,0.53,11.74,30/09/2025,13:41:06,Credit Card,11.18,0.07,0.8,5.0
THIRD-300599,N,Leicester,Normal,Male,Household,19.32,2,1.86,40.97,05/02/2025,09:10:50,Cash,39.02,0.19,7.48,6.6
THIRD-300600,N,Leicester,Member,Male,Beverages,2.2,11,1.17,25.71,02/03/2025,12:28:38,Credit Card,24.49,0.13,3.21,5.3
THIRD-300601,M,Nottingham,Normal,Female,Beverages,4.14,4,0.8,17.56,10/09/2025,15:49:10,Cash,16.72,0.13,2.19,7.8
THIRD-300602,N,Leicester,Normal,Female,Baby Products,36.94,1,1.78,39.16,11/12/2025,14:59:55,Debit Card,37.3,0.18,6.77,6.0
THIRD-300603,P,Coventry,Normal,Male,Frozen Foods,16.19,8,6.23,137.33,27/12/2025,18:56:18,Debit Card,130.79,0.1,13.21,7.0
THIRD-300604,M,Nottingham,Normal,Female,Frozen Foods,11.65,10,5.6,123.48,02/07/2025,19:06:55,Debit Card,117.6,0.1,11.87,7.3
THIRD-300605,M,Nottingham,Member,Male,Snacks,3.64,12,2.1,46.31,26/02/2025,17:24:09,Debit Card,44.1,0.17,7.57,4.1
THIRD-300606,P,Coventry,Member,Male,Health & Wellness,9.25,2,0.89,19.6,28/01/2025,11:28:31,Debit Card,18.67,0.24,4.53,7.6
THIRD-300607,P,Coventry,Normal,Male,Frozen Foods,22.51,8,8.66,190.87,25/12/2025,15:37:19,Credit Card,181.78,0.1,18.35,6.2
THIRD-300608,M,Nottingham,Member,Female,Frozen Foods,11.06,8,4.25,93.75,31/01/2025,18:02:27,Cash,89.29,0.1,9.01,6.9
THIRD-300609,M,Nottingham,Member,Female,Fresh Produce,7.44,1,0.36,7.89,02/04/2025,10:24:46,Mobile Wallet,7.51,0.08,0.6,7.3
THIRD-300610,M,Nottingham,Member,Female,Frozen Foods,16.85,5,4.05,89.3,08/10/2025,19:54:52,Cash,85.05,0.1,8.59,5.6
THIRD-300611,M,Nottingham,Normal,Female,Frozen Foods,14.59,9,6.31,139.21,06/05/2025,18:31:28,Debit Card,132.58,0.1,13.39,7.6
THIRD-300612,N,Leicester,Member,Female,Bakery,7.99,4,1.54,33.87,03/10/2025,12:00:39,Mobile Wallet,32.26,0.11,3.58,6.9
THIRD-300613,P,Coventry,Member,Female,Snacks,2.17,4,0.42,9.22,02/09/2025,14:56:00,Mobile Wallet,8.78,0.17,1.51,8.3
THIRD-300614,N,Leicester,Member,Male,Household,13.48,6,3.89,85.73,05/04/2025,18:37:18,Credit Card,81.65,0.19,15.66,5.5
THIRD-300615,N,Leicester,Normal,Female,Personal Care,6.15,7,2.07,45.61,13/03/2025,14:00:45,Mobile Wallet,43.44,0.21,9.21,7.0
THIRD-300616,N,Leicester,Member,Female,Snacks,5.82,10,2.8,61.74,23/09/2025,16:29:08,Debit Card,58.8,0.17,10.09,6.6
THIRD-300617,M,Nottingham,Normal,Male,Health & Wellness,26.25,9,11.36,250.45,09/11/2025,10:01:04,Credit Card,238.52,0.24,57.79,8.0
THIRD-300618,M,Nottingham,Member,Female,Dairy & Eggs,3.1,10,1.49,32.85,10/01/2025,17:45:09,Cash,31.29,0.07,2.22,7.8
THIRD-300619,P,Coventry,Normal,Female,Baby Products,23.25,4,4.47,98.61,29/06/2025,17:12:09,Cash,93.91,0.18,17.07,6.2
THIRD-300620,M,Nottingham,Normal,Male,Beverages,3.67,2,0.35,7.78,26/09/2025,15:38:49,Debit Card,7.41,0.13,0.98,6.7
THIRD-300621,N,Leicester,Member,Male,Household,10.6,10,5.1,112.35,28/01/2025,20:34:19,Debit Card,107.0,0.19,20.52,7.6
THIRD-300622,M,Nottingham,Member,Female,Bakery,2.42,8,0.93,20.55,03/02/2025,16:01:40,Debit Card,19.57,0.11,2.17,7.6
THIRD-300623,P,Coventry,Normal,Female,Personal Care,10.25,3,1.48,32.61,10/01/2025,09:01:40,Mobile Wallet,31.06,0.21,6.58,8.0
THIRD-300624,N,Leicester,Normal,Female,Frozen Foods,12.36,4,2.38,52.4,18/04/2025,09:48:01,Debit Card,49.9,0.1,5.04,6.3
THIRD-300625,P,Coventry,Member,Female,Fresh Produce,9.04,4,1.74,38.33,01/06/2025,10:10:24,Credit Card,36.5,0.08,2.95,6.7
THIRD-300626,P,Coventry,Member,Female,Household,8.93,1,0.43,9.47,25/07/2025,19:54:13,Cash,9.02,0.19,1.73,5.9
THIRD-300627,N,Leicester,Member,Male,Personal Care,24.38,13,15.24,335.96,05/09/2025,15:18:12,Mobile Wallet,319.96,0.21,67.83,6.6
THIRD-300628,N,Leicester,Normal,Female,Baby Products,21.13,11,11.18,246.44,09/03/2025,15:06:15,Mobile Wallet,234.7,0.18,42.64,5.6
THIRD-300629,N,Leicester,Normal,Male,Health & Wellness,29.18,5,7.02,154.69,01/05/2025,12:26:18,Credit Card,147.32,0.24,35.69,6.9
THIRD-300630,M,Nottingham,Normal,Male,Beverages,3.71,1,0.18,3.94,29/06/2025,16:32:57,Credit Card,3.75,0.13,0.49,7.3
THIRD-300631,P,Coventry,Member,Female,Baby Products,30.37,7,10.22,225.35,14/07/2025,18:42:52,Cash,214.62,0.18,39.0,5.2
THIRD-300632,N,Leicester,Member,Male,Frozen Foods,2.95,6,0.85,18.78,10/03/2025,13:16:09,Credit Card,17.89,0.1,1.8,7.2
THIRD-300633,N,Leicester,Normal,Female,Baby Products,40.8,1,1.96,43.25,24/11/2025,14:15:02,Debit Card,41.19,0.18,7.48,7.9
THIRD-300634,M,Nottingham,Normal,Male,Frozen Foods,10.59,6,3.05,67.34,12/02/2025,12:48:02,Debit Card,64.13,0.1,6.48,7.0
THIRD-300635,N,Leicester,Member,Male,Personal Care,7.71,3,1.11,24.51,03/10/2025,18:00:34,Credit Card,23.34,0.21,4.95,6.1
THIRD-300636,N,Leicester,Normal,Male,Bakery,3.89,8,1.5,32.99,09/09/2025,09:48:37,Debit Card,31.42,0.11,3.49,5.7
THIRD-300637,P,Coventry,Member,Female,Fresh Produce,4.73,4,0.91,20.07,11/10/2025,17:00:34,Credit Card,19.11,0.08,1.55,7.6
THIRD-300638,N,Leicester,Member,Female,Personal Care,7.2,5,1.73,38.15,05/04/2025,14:37:18,Debit Card,36.33,0.21,7.71,7.4
THIRD-300639,N,Leicester,Normal,Male,Household,4.39,9,1.9,41.87,12/07/2025,16:04:19,Debit Card,39.88,0.19,7.65,7.6
THIRD-300640,P,Coventry,Normal,Male,Dairy & Eggs,3.43,4,0.66,14.55,25/09/2025,12:10:00,Mobile Wallet,13.86,0.07,0.98,5.8
THIRD-300641,N,Leicester,Normal,Male,Bakery,9.41,2,0.91,19.96,10/07/2025,17:10:37,Credit Card,19.01,0.11,2.11,6.5
THIRD-300642,P,Coventry,Normal,Male,Dairy & Eggs,3.02,8,1.16,25.58,26/04/2025,14:45:58,Credit Card,24.36,0.07,1.72,7.3
THIRD-300643,P,Coventry,Normal,Male,Snacks,6.85,8,2.64,58.13,22/06/2025,20:34:36,Credit Card,55.36,0.17,9.5,8.0
THIRD-300644,P,Coventry,Member,Male,Frozen Foods,18.31,2,1.76,38.83,11/02/2025,18:26:42,Credit Card,36.98,0.1,3.73,7.5
THIRD-300645,N,Leicester,Member,Male,Dairy & Eggs,3.4,6,0.98,21.63,02/05/2025,13:13:02,Debit Card,20.6,0.07,1.45,7.0
THIRD-300646,M,Nottingham,Member,Female,Frozen Foods,13.49,10,6.48,142.99,19/04/2025,19:08:52,Debit Card,136.18,0.1,13.75,6.5
THIRD-300647,P,Coventry,Normal,Male,Baby Products,29.52,4,5.68,125.16,22/10/2025,14:21:06,Mobile Wallet,119.2,0.18,21.66,7.1
THIRD-300648,P,Coventry,Member,Male,Baby Products,18.68,1,0.9,19.8,20/01/2025,14:29:39,Debit Card,18.86,0.18,3.42,6.4
THIRD-300649,N,Leicester,Member,Female,Personal Care,27.03,8,10.4,229.24,18/08/2025,11:24:19,Cash,218.32,0.21,46.28,8.6
THIRD-300650,N,Leicester,Normal,Female,Health & Wellness,16.71,7,5.62,124.02,02/01/2025,11:41:05,Debit Card,118.11,0.24,28.62,4.5
THIRD-300651,N,Leicester,Member,Female,Health & Wellness,15.61,8,6.0,132.38,07/06/2025,15:55:41,Cash,126.08,0.24,30.55,7.3
THIRD-300652,M,Nottingham,Normal,Male,Personal Care,8.32,2,0.8,17.64,22/09/2025,20:25:02,Credit Card,16.8,0.21,3.56,5.3
THIRD-300653,M,Nottingham,Normal,Male,Beverages,10.62,5,2.55,56.28,05/04/2025,15:26:19,Debit Card,53.6,0.13,7.04,7.2
THIRD-300654,N,Leicester,Normal,Female,Bakery,1.73,9,0.75,16.47,04/12/2025,20:32:57,Credit Card,15.69,0.11,1.74,6.1
THIRD-300655,M,Nottingham,Normal,Female,Beverages,8.27,7,2.78,61.35,18/10/2025,15:37:48,Mobile Wallet,58.43,0.13,7.66,5.6
THIRD-300656,M,Nottingham,Normal,Male,Household,12.3,7,4.14,91.3,19/06/2025,18:58:19,Mobile Wallet,86.95,0.19,16.67,6.1
THIRD-300657,P,Coventry,Member,Female,Beverages,13.01,3,1.88,41.38,09/11/2025,19:59:18,Debit Card,39.41,0.13,5.17,5.1
THIRD-300658,P,Coventry,Normal,Male,Frozen Foods,8.3,2,0.8,17.6,10/09/2025,10:30:45,Debit Card,16.76,0.1,1.7,4.9
THIRD-300659,N,Leicester,Member,Female,Fresh Produce,6.02,5,1.45,31.92,02/10/2025,16:30:42,Credit Card,30.4,0.08,2.46,5.3
THIRD-300660,M,Nottingham,Member,Male,Fresh Produce,4.75,1,0.23,5.04,13/05/2025,17:02:17,Credit Card,4.8,0.08,0.39,6.7
THIRD-300661,M,Nottingham,Normal,Male,Beverages,4.22,5,1.02,22.39,20/05/2025,18:27:52,Credit Card,21.32,0.13,2.8,7.1
THIRD-300662,P,Coventry,Normal,Female,Health & Wellness,27.36,7,9.21,203.05,19/02/2025,16:28:57,Credit Card,193.38,0.24,46.85,6.4
THIRD-300663,M,Nottingham,Member,Female,Personal Care,3.0,2,0.29,6.35,14/11/2025,18:25:04,Cash,6.05,0.21,1.28,6.3
THIRD-300664,N,Leicester,Member,Female,Baby Products,31.13,1,1.5,33.0,29/04/2025,15:33:08,Debit Card,31.43,0.18,5.71,7.5
THIRD-300665,M,Nottingham,Normal,Male,Beverages,8.48,2,0.82,17.98,30/11/2025,12:20:47,Debit Card,17.12,0.13,2.25,6.0
THIRD-300666,P,Coventry,Member,Female,Baby Products,23.41,6,6.75,148.9,13/06/2025,14:48:11,Debit Card,141.81,0.18,25.77,7.6
THIRD-300667,N,Leicester,Member,Female,Household,6.09,5,1.47,32.31,29/05/2025,14:44:27,Debit Card,30.76,0.19,5.9,5.7
THIRD-300668,M,Nottingham,Normal,Female,Dairy & Eggs,2.81,5,0.68,14.89,17/12/2025,13:00:09,Debit Card,14.18,0.07,1.01,5.5
THIRD-300669,P,Coventry,Member,Female,Dairy & Eggs,7.68,1,0.37,8.14,30/03/2025,11:03:57,Credit Card,7.75,0.07,0.55,8.0
THIRD-300670,N,Leicester,Member,Male,Baby Products,37.71,4,7.25,159.9,11/07/2025,16:37:35,Cash,152.29,0.18,27.68,7.1
THIRD-300671,N,Leicester,Normal,Male,Frozen Foods,12.3,9,5.32,117.38,04/08/2025,15:29:06,Cash,111.79,0.1,11.29,6.6
THIRD-300672,P,Coventry,Member,Male,Health & Wellness,17.71,4,3.41,75.11,17/05/2025,11:40:54,Debit Card,71.53,0.24,17.33,5.7
THIRD-300673,P,Coventry,Normal,Female,Beverages,5.26,2,0.51,11.16,10/01/2025,18:24:01,Debit Card,10.63,0.13,1.4,6.3
THIRD-300674,N,Leicester,Member,Male,Snacks,2.87,2,0.28,6.09,26/01/2025,11:36:57,Mobile Wallet,5.8,0.17,1.0,8.0
THIRD-300675,M,Nottingham,Member,Male,Frozen Foods,6.02,1,0.29,6.38,04/08/2025,19:39:01,Credit Card,6.08,0.1,0.61,6.6
THIRD-300676,M,Nottingham,Normal,Male,Frozen Foods,14.16,2,1.36,30.03,25/06/2025,19:12:18,Cash,28.6,0.1,2.88,5.3
THIRD-300677,N,Leicester,Member,Female,Bakery,4.84,4,0.93,20.51,13/03/2025,13:12:01,Debit Card,19.53,0.11,2.17,5.4
THIRD-300678,M,Nottingham,Member,Male,Snacks,4.54,7,1.53,33.73,08/06/2025,14:33:42,Credit Card,32.12,0.17,5.51,7.1
THIRD-300679,M,Nottingham,Normal,Male,Snacks,3.05,7,1.03,22.62,19/08/2025,15:54:07,Credit Card,21.54,0.17,3.7,6.0
THIRD-300680,P,Coventry,Member,Male,Dairy & Eggs,5.11,7,1.72,37.89,12/10/2025,16:39:23,Debit Card,36.09,0.07,2.55,5.8
THIRD-300681,P,Coventry,Member,Male,Frozen Foods,18.89,12,10.9,240.26,11/05/2025,11:51:24,Mobile Wallet,228.82,0.1,23.1,7.2
THIRD-300682,N,Leicester,Normal,Female,Beverages,11.29,8,4.34,95.78,27/01/2025,16:19:09,Debit Card,91.22,0.13,11.97,7.9
THIRD-300683,P,Coventry,Member,Male,Baby Products,33.36,9,14.44,318.32,13/12/2025,17:56:13,Mobile Wallet,303.16,0.18,55.09,6.1
THIRD-300684,M,Nottingham,Normal,Female,Health & Wellness,13.11,2,1.26,27.8,22/08/2025,16:11:53,Debit Card,26.48,0.24,6.41,5.5
THIRD-300685,M,Nottingham,Member,Female,Household,8.52,3,1.23,27.09,26/11/2025,16:03:24,Credit Card,25.8,0.19,4.95,6.6
THIRD-300686,M,Nottingham,Normal,Female,Frozen Foods,4.19,5,1.01,22.22,06/03/2025,19:46:11,Cash,21.16,0.1,2.14,6.3
THIRD-300687,M,Nottingham,Member,Female,Frozen Foods,14.63,8,5.63,124.1,21/08/2025,16:17:31,Debit Card,118.19,0.1,11.94,6.3
THIRD-300688,M,Nottingham,Member,Female,Fresh Produce,5.77,6,1.67,36.72,29/04/2025,17:07:41,Credit Card,34.96,0.08,2.82,7.9
THIRD-300689,P,Coventry,Normal,Female,Bakery,7.54,13,4.71,103.91,08/01/2025,09:27:10,Debit Card,98.96,0.11,10.99,6.7
THIRD-300690,P,Coventry,Member,Female,Personal Care,22.88,3,3.3,72.76,29/03/2025,12:11:26,Credit Card,69.3,0.21,14.69,6.7
THIRD-300691,P,Coventry,Member,Female,Personal Care,6.61,4,1.27,28.05,21/07/2025,17:27:25,Debit Card,26.71,0.21,5.66,7.3
THIRD-300692,P,Coventry,Member,Female,Personal Care,26.81,12,15.47,341.07,10/11/2025,17:18:50,Credit Card,324.83,0.21,68.87,5.6
THIRD-300693,M,Nottingham,Normal,Male,Bakery,3.35,1,0.16,3.55,05/04/2025,19:23:55,Credit Card,3.38,0.11,0.37,7.2
THIRD-300694,M,Nottingham,Normal,Female,Beverages,5.68,3,0.82,18.06,01/09/2025,17:38:15,Cash,17.2,0.13,2.26,6.6
THIRD-300695,P,Coventry,Member,Male,Dairy & Eggs,2.03,1,0.1,2.15,04/05/2025,18:22:22,Debit Card,2.05,0.07,0.15,7.8
THIRD-300696,P,Coventry,Member,Female,Frozen Foods,7.45,3,1.07,23.68,05/12/2025,17:01:46,Debit Card,22.55,0.1,2.28,6.8
THIRD-300697,P,Coventry,Member,Male,Bakery,3.54,6,1.02,22.49,02/08/2025,17:30:33,Credit Card,21.42,0.11,2.37,6.9
THIRD-300698,N,Leicester,Normal,Male,Baby Products,42.05,12,24.26,534.89,10/11/2025,11:02:14,Debit Card,509.42,0.18,92.57,5.6
THIRD-300699,M,Nottingham,Normal,Female,Personal Care,20.13,12,11.62,256.14,26/12/2025,15:47:54,Debit Card,243.94,0.21,51.72,6.5
THIRD-300700,M,Nottingham,Normal,Male,Bakery,6.06,7,2.04,44.99,16/10/2025,20:10:34,Mobile Wallet,42.85,0.11,4.76,6.5
THIRD-300701,P,Coventry,Member,Male,Baby Products,33.45,1,1.61,35.46,17/05/2025,16:05:25,Cash,33.77,0.18,6.14,5.4
THIRD-300702,M,Nottingham,Member,Male,Frozen Foods,7.83,7,2.64,58.12,20/12/2025,12:28:55,Credit Card,55.35,0.1,5.59,5.9
THIRD-300703,P,Coventry,Normal,Male,Beverages,13.67,10,6.57,144.87,18/12/2025,13:56:05,Credit Card,137.97,0.13,18.1,4.0
THIRD-300704,N,Leicester,Member,Female,Household,4.16,8,1.6,35.28,11/06/2025,17:16:06,Mobile Wallet,33.6,0.19,6.44,7.1
THIRD-300705,N,Leicester,Normal,Female,Bakery,5.58,5,1.34,29.6,20/08/2025,09:39:45,Mobile Wallet,28.19,0.11,3.13,7.2
THIRD-300706,N,Leicester,Member,Male,Dairy & Eggs,2.18,3,0.32,6.95,06/03/2025,15:31:13,Mobile Wallet,6.62,0.07,0.47,8.2
THIRD-300707,M,Nottingham,Member,Male,Beverages,13.18,8,5.07,111.75,30/12/2025,11:34:45,Debit Card,106.43,0.13,13.97,5.8
THIRD-300708,M,Nottingham,Member,Female,Dairy & Eggs,6.91,4,1.33,29.28,16/08/2025,17:31:01,Debit Card,27.89,0.07,1.97,6.0
THIRD-300709,M,Nottingham,Member,Male,Fresh Produce,3.39,1,0.16,3.59,30/11/2025,11:08:20,Debit Card,3.42,0.08,0.28,7.9
THIRD-300710,N,Leicester,Member,Female,Fresh Produce,1.55,6,0.45,9.86,04/08/2025,15:15:36,Credit Card,9.39,0.08,0.76,6.3
THIRD-300711,P,Coventry,Member,Male,Bakery,6.07,5,1.46,32.19,29/10/2025,10:20:05,Credit Card,30.66,0.11,3.4,6.6
THIRD-300712,P,Coventry,Normal,Male,Beverages,16.82,1,0.81,17.83,29/12/2025,10:21:35,Debit Card,16.98,0.13,2.23,6.1
THIRD-300713,P,Coventry,Member,Male,Frozen Foods,2.72,1,0.13,2.89,01/10/2025,21:20:28,Credit Card,2.75,0.1,0.28,9.7
THIRD-300714,N,Leicester,Member,Male,Frozen Foods,8.9,4,1.71,37.75,10/07/2025,13:41:32,Debit Card,35.95,0.1,3.63,7.0
THIRD-300715,P,Coventry,Normal,Male,Health & Wellness,33.64,11,17.79,392.32,28/09/2025,20:59:16,Credit Card,373.64,0.24,90.52,5.7
THIRD-300716,N,Leicester,Normal,Male,Frozen Foods,14.23,8,5.47,120.66,25/09/2025,14:09:59,Credit Card,114.91,0.1,11.6,5.3
THIRD-300717,N,Leicester,Normal,Male,Baby Products,10.16,1,0.49,10.77,11/04/2025,14:43:29,Mobile Wallet,10.26,0.18,1.87,5.5
THIRD-300718,P,Coventry,Member,Female,Frozen Foods,14.72,9,6.37,140.41,01/11/2025,18:54:42,Mobile Wallet,133.72,0.1,13.49,6.4
THIRD-300719,P,Coventry,Member,Female,Bakery,5.84,1,0.28,6.2,05/04/2025,10:51:35,Cash,5.9,0.11,0.66,7.0
THIRD-300720,P,Coventry,Member,Male,Fresh Produce,7.63,3,1.1,24.28,19/02/2025,17:21:25,Mobile Wallet,23.12,0.08,1.87,8.0
THIRD-300721,P,Coventry,Normal,Male,Frozen Foods,15.55,2,1.5,32.97,30/12/2025,16:16:00,Cash,31.4,0.1,3.17,7.7
THIRD-300722,N,Leicester,Member,Female,Fresh Produce,8.28,5,1.99,43.88,02/06/2025,17:24:44,Debit Card,41.79,0.08,3.37,7.4
THIRD-300723,N,Leicester,Normal,Female,Bakery,8.01,2,0.77,16.98,15/05/2025,15:17:21,Cash,16.17,0.11,1.79,5.9
THIRD-300724,P,Coventry,Normal,Female,Personal Care,17.4,2,1.67,36.89,02/10/2025,17:57:15,Debit Card,35.13,0.21,7.45,7.1
THIRD-300725,N,Leicester,Member,Male,Beverages,9.25,9,4.0,88.21,03/01/2025,09:44:29,Mobile Wallet,84.01,0.13,11.02,7.4
THIRD-300726,N,Leicester,Normal,Male,Personal Care,5.53,6,1.6,35.2,02/02/2025,13:44:27,Credit Card,33.52,0.21,7.1,6.4
THIRD-300727,P,Coventry,Member,Male,Baby Products,25.88,5,6.22,137.15,16/03/2025,18:47:25,Debit Card,130.62,0.18,23.73,6.8
THIRD-300728,N,Leicester,Member,Female,Dairy & Eggs,5.68,6,1.64,36.12,21/01/2025,16:46:17,Debit Card,34.4,0.07,2.43,7.1
THIRD-300729,P,Coventry,Member,Male,Beverages,6.77,6,1.95,43.06,05/12/2025,11:37:50,Debit Card,41.01,0.13,5.38,6.8
THIRD-300730,M,Nottingham,Normal,Male,Dairy & Eggs,3.7,9,1.6,35.32,25/03/2025,13:59:40,Credit Card,33.64,0.07,2.37,4.8
THIRD-300731,P,Coventry,Normal,Female,Beverages,13.98,2,1.34,29.63,21/10/2025,16:02:42,Credit Card,28.22,0.13,3.7,6.5
THIRD-300732,M,Nottingham,Normal,Male,Dairy & Eggs,2.51,6,0.72,15.94,01/09/2025,11:57:31,Credit Card,15.18,0.07,1.07,6.1
THIRD-300733,M,Nottingham,Member,Male,Frozen Foods,14.13,1,0.68,14.98,09/01/2025,11:13:25,Credit Card,14.27,0.1,1.44,6.7
THIRD-300734,M,Nottingham,Normal,Male,Baby Products,8.68,5,2.09,46.03,15/11/2025,18:25:21,Mobile Wallet,43.84,0.18,7.96,8.5
THIRD-300735,N,Leicester,Member,Male,Beverages,9.36,3,1.35,29.77,18/11/2025,16:46:32,Debit Card,28.35,0.13,3.72,7.7
THIRD-300736,M,Nottingham,Member,Male,Bakery,3.57,1,0.17,3.78,03/11/2025,11:53:31,Debit Card,3.6,0.11,0.4,7.4
THIRD-300737,M,Nottingham,Normal,Male,Household,5.26,10,2.53,55.79,03/05/2025,14:50:24,Mobile Wallet,53.13,0.19,10.19,7.4
THIRD-300738,N,Leicester,Member,Female,Health & Wellness,5.78,3,0.83,18.39,24/11/2025,12:15:21,Debit Card,17.51,0.24,4.24,6.5
THIRD-300739,N,Leicester,Normal,Male,Dairy & Eggs,2.3,1,0.11,2.44,29/07/2025,16:09:47,Credit Card,2.32,0.07,0.16,6.7
THIRD-300740,P,Coventry,Normal,Female,Frozen Foods,13.77,4,2.65,58.39,16/05/2025,19:21:25,Debit Card,55.61,0.1,5.62,5.7
THIRD-300741,P,Coventry,Member,Female,Beverages,3.38,5,0.81,17.91,21/02/2025,10:11:43,Cash,17.06,0.13,2.24,5.4
THIRD-300742,N,Leicester,Normal,Male,Personal Care,4.54,4,0.87,19.27,21/05/2025,14:20:12,Cash,18.35,0.21,3.89,6.4
THIRD-300743,P,Coventry,Member,Male,Bakery,5.43,12,3.13,69.06,26/04/2025,11:58:02,Mobile Wallet,65.77,0.11,7.3,7.4
THIRD-300744,N,Leicester,Normal,Female,Frozen Foods,13.72,1,0.66,14.54,10/03/2025,12:02:30,Mobile Wallet,13.85,0.1,1.4,7.6
THIRD-300745,N,Leicester,Member,Female,Dairy & Eggs,3.62,3,0.52,11.51,03/06/2025,14:10:56,Credit Card,10.96,0.07,0.77,7.0
THIRD-300746,M,Nottingham,Normal,Female,Fresh Produce,8.58,3,1.24,27.29,26/10/2025,17:30:05,Debit Card,25.99,0.08,2.1,4.3
THIRD-300747,N,Leicester,Member,Female,Beverages,11.04,4,2.12,46.83,08/09/2025,12:51:34,Credit Card,44.6,0.13,5.85,6.9
THIRD-300748,M,Nottingham,Normal,Female,Dairy & Eggs,3.96,1,0.19,4.2,30/08/2025,13:21:04,Credit Card,4.0,0.07,0.29,5.3
THIRD-300749,N,Leicester,Normal,Female,Beverages,6.01,7,2.02,44.6,07/02/2025,15:56:47,Debit Card,42.48,0.13,5.58,6.9
THIRD-300750,M,Nottingham,Normal,Male,Dairy & Eggs,2.6,10,1.25,27.56,27/06/2025,20:59:16,Debit Card,26.25,0.07,1.86,7.2
THIRD-300751,N,Leicester,Member,Female,Beverages,5.4,4,1.04,22.89,08/10/2025,15:41:29,Mobile Wallet,21.8,0.13,2.86,6.4
THIRD-300752,M,Nottingham,Member,Male,Household,17.01,3,2.45,54.11,24/08/2025,14:50:52,Credit Card,51.53,0.19,9.89,6.4
THIRD-300753,N,Leicester,Normal,Male,Health & Wellness,34.66,4,6.67,146.99,23/04/2025,15:04:39,Mobile Wallet,139.99,0.24,33.92,6.1
THIRD-300754,N,Leicester,Member,Male,Health & Wellness,18.49,9,8.0,176.42,12/08/2025,12:13:56,Debit Card,168.02,0.24,40.7,6.9
THIRD-300755,N,Leicester,Normal,Female,Bakery,5.19,3,0.75,16.51,21/07/2025,12:14:47,Debit Card,15.72,0.11,1.75,5.8
THIRD-300756,N,Leicester,Member,Male,Personal Care,17.68,6,5.1,112.46,23/04/2025,17:21:45,Debit Card,107.1,0.21,22.71,4.0
THIRD-300757,M,Nottingham,Member,Male,Dairy & Eggs,6.84,4,1.32,29.02,25/11/2025,11:43:43,Credit Card,27.64,0.07,1.95,7.1
THIRD-300758,P,Coventry,Normal,Male,Health & Wellness,20.72,11,10.96,241.58,23/09/2025,12:41:50,Credit Card,230.08,0.24,55.75,5.7
THIRD-300759,N,Leicester,Normal,Male,Personal Care,18.53,4,3.56,78.58,04/01/2025,21:02:27,Mobile Wallet,74.84,0.21,15.87,7.0
THIRD-300760,N,Leicester,Member,Male,Dairy & Eggs,4.6,4,0.88,19.49,07/09/2025,10:41:35,Credit Card,18.56,0.07,1.31,5.6
THIRD-300761,P,Coventry,Member,Female,Frozen Foods,19.79,7,6.66,146.86,20/06/2025,10:01:25,Credit Card,139.87,0.1,14.12,7.4
THIRD-300762,N,Leicester,Normal,Female,Bakery,4.77,5,1.15,25.31,31/10/2025,09:59:34,Cash,24.1,0.11,2.67,6.4
THIRD-300763,N,Leicester,Normal,Female,Health & Wellness,35.41,5,8.51,187.7,27/01/2025,14:11:18,Debit Card,178.76,0.24,43.31,5.9
THIRD-300764,M,Nottingham,Member,Female,Beverages,8.38,3,1.21,26.66,08/06/2025,16:59:58,Credit Card,25.39,0.13,3.33,6.5
THIRD-300765,M,Nottingham,Normal,Female,Personal Care,16.38,1,0.79,17.37,30/09/2025,17:37:58,Credit Card,16.54,0.21,3.51,7.3
THIRD-300766,M,Nottingham,Normal,Female,Fresh Produce,6.26,1,0.3,6.64,08/11/2025,15:01:38,Credit Card,6.32,0.08,0.51,5.2
THIRD-300767,P,Coventry,Member,Female,Dairy & Eggs,9.15,3,1.32,29.11,30/12/2025,15:11:35,Debit Card,27.72,0.07,1.96,6.3
THIRD-300768,M,Nottingham,Normal,Male,Bakery,9.66,4,1.86,40.97,20/11/2025,12:09:14,Mobile Wallet,39.02,0.11,4.34,8.2
THIRD-300769,M,Nottingham,Member,Male,Household,6.58,3,0.95,20.94,14/06/2025,13:48:37,Debit Card,19.94,0.19,3.83,6.4
THIRD-300770,M,Nottingham,Normal,Female,Fresh Produce,7.62,2,0.73,16.16,09/07/2025,18:01:46,Cash,15.39,0.08,1.24,6.4
THIRD-300771,N,Leicester,Normal,Female,Snacks,5.25,1,0.25,5.56,08/02/2025,11:22:20,Credit Card,5.3,0.17,0.91,5.2
THIRD-300772,M,Nottingham,Member,Female,Dairy & Eggs,4.63,3,0.67,14.72,18/01/2025,13:27:44,Debit Card,14.02,0.07,0.99,5.7
THIRD-300773,P,Coventry,Member,Male,Fresh Produce,7.48,2,0.72,15.86,29/03/2025,16:22:20,Debit Card,15.1,0.08,1.22,4.5
THIRD-300774,P,Coventry,Member,Female,Bakery,7.06,7,2.38,52.41,18/05/2025,11:45:56,Debit Card,49.91,0.11,5.54,7.9
THIRD-300775,M,Nottingham,Member,Female,Snacks,6.32,10,3.04,67.03,10/06/2025,12:43:00,Debit Card,63.84,0.17,10.96,5.6
THIRD-300776,M,Nottingham,Normal,Male,Frozen Foods,9.94,5,2.39,52.7,12/09/2025,15:35:36,Debit Card,50.19,0.1,5.07,7.6
THIRD-300777,M,Nottingham,Member,Female,Baby Products,26.09,8,10.04,221.3,21/04/2025,20:06:17,Mobile Wallet,210.76,0.18,38.3,6.8
THIRD-300778,P,Coventry,Member,Male,Personal Care,21.95,8,8.44,186.19,22/07/2025,13:57:50,Debit Card,177.32,0.21,37.59,5.4
THIRD-300779,N,Leicester,Member,Male,Bakery,4.8,3,0.69,15.28,12/04/2025,18:15:03,Debit Card,14.55,0.11,1.61,5.6
THIRD-300780,M,Nottingham,Normal,Male,Fresh Produce,2.05,6,0.59,13.03,28/02/2025,14:42:39,Cash,12.41,0.08,1.01,8.3
THIRD-300781,M,Nottingham,Normal,Female,Bakery,3.88,3,0.56,12.34,26/05/2025,18:16:20,Credit Card,11.75,0.11,1.3,6.2
THIRD-300782,M,Nottingham,Member,Female,Dairy & Eggs,7.05,12,4.07,89.7,22/11/2025,18:11:31,Debit Card,85.43,0.07,6.04,6.4
THIRD-300783,M,Nottingham,Member,Male,Baby Products,25.77,7,8.67,191.24,12/07/2025,14:56:43,Credit Card,182.13,0.18,33.09,6.0
THIRD-300784,P,Coventry,Member,Male,Dairy & Eggs,2.7,1,0.13,2.87,18/03/2025,15:06:26,Cash,2.73,0.07,0.19,7.7
THIRD-300785,N,Leicester,Member,Male,Bakery,3.08,1,0.15,3.27,10/07/2025,20:35:52,Mobile Wallet,3.11,0.11,0.35,7.6
THIRD-300786,N,Leicester,Member,Male,Health & Wellness,36.8,6,10.61,234.03,27/10/2025,10:51:10,Debit Card,222.89,0.24,54.01,6.8
THIRD-300787,M,Nottingham,Normal,Male,Beverages,2.07,5,0.5,10.97,05/04/2025,20:52:00,Credit Card,10.45,0.13,1.37,4.9
THIRD-300788,N,Leicester,Member,Male,Household,6.23,10,3.0,66.04,17/07/2025,14:38:25,Debit Card,62.9,0.19,12.06,7.7
THIRD-300789,N,Leicester,Member,Male,Personal Care,9.28,3,1.34,29.51,30/01/2025,16:37:05,Cash,28.1,0.21,5.96,7.3
THIRD-300790,N,Leicester,Member,Male,Personal Care,6.75,2,0.65,14.31,10/12/2025,17:17:32,Debit Card,13.63,0.21,2.89,8.6
THIRD-300791,P,Coventry,Member,Male,Health & Wellness,8.57,7,2.88,63.59,13/05/2025,10:41:34,Credit Card,60.56,0.24,14.67,6.3
THIRD-300792,N,Leicester,Member,Female,Frozen Foods,9.14,10,4.4,96.92,06/05/2025,15:43:43,Debit Card,92.3,0.1,9.32,8.8
THIRD-300793,M,Nottingham,Normal,Male,Dairy & Eggs,7.23,2,0.7,15.33,24/01/2025,16:17:08,Cash,14.6,0.07,1.03,6.4
THIRD-300794,M,Nottingham,Member,Female,Fresh Produce,2.49,5,0.6,13.18,28/03/2025,20:35:07,Mobile Wallet,12.55,0.08,1.02,7.5
THIRD-300795,N,Leicester,Normal,Male,Fresh Produce,2.07,1,0.1,2.19,30/10/2025,20:25:03,Debit Card,2.09,0.08,0.17,6.4
THIRD-300796,M,Nottingham,Member,Male,Health & Wellness,6.43,9,2.78,61.32,24/06/2025,15:06:56,Debit Card,58.4,0.24,14.15,6.4
THIRD-300797,N,Leicester,Normal,Male,Frozen Foods,13.09,5,3.15,69.4,23/05/2025,18:52:36,Debit Card,66.1,0.1,6.68,6.8
THIRD-300798,M,Nottingham,Member,Male,Fresh Produce,4.59,3,0.66,14.58,22/06/2025,14:57:57,Credit Card,13.89,0.08,1.12,7.8
THIRD-300799,N,Leicester,Member,Female,Beverages,6.7,2,0.64,14.2,17/05/2025,19:58:07,Cash,13.52,0.13,1.77,5.5
THIRD-300800,P,Coventry,Member,Female,Snacks,7.19,3,1.04,22.86,06/12/2025,16:26:14,Credit Card,21.77,0.17,3.73,6.1
THIRD-300801,P,Coventry,Normal,Female,Baby Products,8.05,6,2.32,51.2,27/09/2025,09:29:40,Mobile Wallet,48.76,0.18,8.86,6.0
THIRD-300802,P,Coventry,Member,Female,Personal Care,23.75,8,9.14,201.45,26/01/2025,12:17:09,Credit Card,191.86,0.21,40.67,7.0
THIRD-300803,P,Coventry,Member,Female,Baby Products,36.04,4,6.93,152.81,28/04/2025,17:18:27,Credit Card,145.53,0.18,26.45,6.1
THIRD-300804,M,Nottingham,Normal,Male,Household,4.36,8,1.68,36.96,08/02/2025,12:09:07,Mobile Wallet,35.2,0.19,6.75,6.3
THIRD-300805,P,Coventry,Normal,Male,Snacks,1.05,10,0.51,11.14,07/01/2025,14:11:21,Cash,10.6,0.17,1.82,7.3
THIRD-300806,P,Coventry,Member,Male,Baby Products,35.94,1,1.73,38.1,21/11/2025,08:19:10,Mobile Wallet,36.29,0.18,6.59,5.2
THIRD-300807,N,Leicester,Member,Female,Snacks,3.33,2,0.32,7.06,08/12/2025,12:40:07,Credit Card,6.72,0.17,1.16,7.9
THIRD-300808,P,Coventry,Member,Male,Household,18.09,4,3.48,76.69,06/10/2025,17:40:03,Debit Card,73.04,0.19,14.01,7.3
THIRD-300809,M,Nottingham,Normal,Male,Personal Care,19.27,9,8.34,183.87,01/07/2025,17:41:20,Debit Card,175.11,0.21,37.12,5.1
THIRD-300810,M,Nottingham,Member,Male,Health & Wellness,45.39,6,13.09,288.68,27/12/2025,19:27:19,Mobile Wallet,274.93,0.24,66.61,6.5
THIRD-300811,M,Nottingham,Normal,Male,Dairy & Eggs,7.18,8,2.76,60.86,12/05/2025,16:12:00,Credit Card,57.96,0.07,4.09,6.8
THIRD-300812,P,Coventry,Member,Male,Baby Products,11.97,2,1.15,25.38,11/07/2025,21:55:37,Mobile Wallet,24.17,0.18,4.39,5.7
THIRD-300813,M,Nottingham,Member,Male,Bakery,1.5,9,0.65,14.29,23/01/2025,17:23:38,Debit Card,13.61,0.11,1.52,6.7
THIRD-300814,P,Coventry,Normal,Male,Bakery,4.5,9,1.95,42.97,11/11/2025,12:34:02,Credit Card,40.92,0.11,4.55,7.3
THIRD-300815,P,Coventry,Member,Female,Fresh Produce,11.34,6,3.27,72.1,14/03/2025,14:16:40,Cash,68.67,0.08,5.54,8.7
THIRD-300816,N,Leicester,Normal,Female,Dairy & Eggs,6.76,10,3.25,71.66,26/02/2025,16:27:38,Credit Card,68.25,0.07,4.82,5.4
THIRD-300817,N,Leicester,Member,Male,Health & Wellness,23.85,6,6.88,151.68,26/12/2025,11:55:14,Debit Card,144.46,0.24,35.0,5.8
THIRD-300818,P,Coventry,Normal,Male,Household,11.78,5,2.83,62.45,26/03/2025,11:27:59,Credit Card,59.48,0.19,11.41,7.5
THIRD-300819,P,Coventry,Normal,Female,Household,12.71,2,1.22,26.94,16/10/2025,15:54:04,Mobile Wallet,25.66,0.19,4.92,5.9
THIRD-300820,M,Nottingham,Normal,Male,Beverages,4.62,3,0.67,14.69,08/11/2025,14:50:37,Credit Card,13.99,0.13,1.83,7.3
THIRD-300821,P,Coventry,Member,Female,Personal Care,23.04,4,4.43,97.68,24/10/2025,13:12:36,Credit Card,93.03,0.21,19.73,4.8
THIRD-300822,P,Coventry,Member,Female,Snacks,4.67,1,0.22,4.95,15/12/2025,12:14:44,Credit Card,4.71,0.17,0.81,5.7
THIRD-300823,P,Coventry,Normal,Female,Frozen Foods,4.63,5,1.11,24.53,25/10/2025,17:45:10,Credit Card,23.36,0.1,2.36,4.5
THIRD-300824,N,Leicester,Member,Male,Fresh Produce,8.44,8,3.25,71.62,27/06/2025,15:04:09,Credit Card,68.21,0.08,5.51,8.1
THIRD-300825,M,Nottingham,Member,Female,Personal Care,8.59,2,0.83,18.22,15/08/2025,19:58:51,Credit Card,17.35,0.21,3.68,5.8
THIRD-300826,M,Nottingham,Normal,Male,Fresh Produce,6.38,4,1.23,27.04,09/03/2025,12:11:10,Credit Card,25.75,0.08,2.08,6.5
THIRD-300827,P,Coventry,Member,Male,Baby Products,41.62,7,14.01,308.86,30/07/2025,19:16:25,Cash,294.15,0.18,53.46,5.7
THIRD-300828,P,Coventry,Normal,Female,Frozen Foods,11.54,6,3.33,73.43,02/08/2025,18:04:45,Mobile Wallet,69.93,0.1,7.06,5.7
THIRD-300829,P,Coventry,Normal,Female,Snacks,1.71,7,0.57,12.65,06/05/2025,17:22:53,Credit Card,12.05,0.17,2.07,7.6
THIRD-300830,N,Leicester,Member,Female,Beverages,7.99,4,1.54,33.87,05/01/2025,19:43:49,Cash,32.26,0.13,4.23,7.0
THIRD-300831,N,Leicester,Normal,Female,Household,18.43,9,7.97,175.82,01/02/2025,09:17:13,Mobile Wallet,167.45,0.19,32.12,5.6
THIRD-300832,N,Leicester,Normal,Male,Dairy & Eggs,3.4,5,0.82,18.03,07/11/2025,10:59:28,Debit Card,17.17,0.07,1.21,8.0
THIRD-300833,M,Nottingham,Normal,Female,Fresh Produce,7.74,5,1.86,41.01,16/11/2025,15:47:42,Cash,39.06,0.08,3.16,7.9
THIRD-300834,M,Nottingham,Member,Female,Dairy & Eggs,5.15,7,1.73,38.2,05/12/2025,15:57:58,Credit Card,36.38,0.07,2.58,5.7
THIRD-300835,P,Coventry,Normal,Male,Beverages,13.6,3,1.96,43.26,24/03/2025,15:52:03,Debit Card,41.2,0.13,5.41,6.0
THIRD-300836,N,Leicester,Normal,Male,Snacks,6.05,6,1.75,38.5,09/11/2025,21:34:15,Mobile Wallet,36.67,0.17,6.3,7.0
THIRD-300837,M,Nottingham,Member,Male,Dairy & Eggs,5.02,8,1.93,42.6,31/01/2025,17:00:58,Mobile Wallet,40.57,0.07,2.86,5.5
THIRD-300838,N,Leicester,Normal,Male,Household,22.77,4,4.38,96.54,06/01/2025,21:38:49,Credit Card,91.94,0.19,17.64,6.3
THIRD-300839,P,Coventry,Normal,Female,Household,14.58,8,5.61,123.66,10/07/2025,12:57:11,Cash,117.77,0.19,22.59,5.7
THIRD-300840,M,Nottingham,Member,Male,Snacks,3.59,9,1.55,34.23,23/04/2025,13:01:18,Mobile Wallet,32.6,0.17,5.6,8.0
THIRD-300841,N,Leicester,Normal,Female,Personal Care,10.35,5,2.49,54.85,02/02/2025,15:35:47,Mobile Wallet,52.24,0.21,11.08,7.3
THIRD-300842,N,Leicester,Member,Male,Personal Care,15.65,2,1.51,33.19,19/04/2025,15:44:18,Debit Card,31.61,0.21,6.7,6.3
THIRD-300843,P,Coventry,Normal,Female,Dairy & Eggs,3.01,2,0.29,6.37,16/04/2025,15:58:13,Mobile Wallet,6.07,0.07,0.42,6.2
THIRD-300844,P,Coventry,Normal,Male,Snacks,5.82,5,1.4,30.87,11/10/2025,15:25:44,Debit Card,29.4,0.17,5.05,8.1
THIRD-300845,M,Nottingham,Normal,Male,Personal Care,16.59,3,2.39,52.75,23/01/2025,21:59:13,Mobile Wallet,50.24,0.21,10.65,5.5
THIRD-300846,N,Leicester,Member,Female,Frozen Foods,8.8,2,0.85,18.66,06/12/2025,15:05:33,Debit Card,17.77,0.1,1.79,6.2
THIRD-300847,N,Leicester,Normal,Female,Fresh Produce,6.97,2,0.67,14.77,24/04/2025,10:02:18,Debit Card,14.07,0.08,1.13,6.9
THIRD-300848,P,Coventry,Normal,Male,Household,11.94,10,5.74,126.57,27/11/2025,15:10:01,Credit Card,120.54,0.19,23.12,7.0
THIRD-300849,P,Coventry,Normal,Female,Snacks,4.07,10,1.96,43.11,18/02/2025,16:29:30,Debit Card,41.06,0.17,7.05,5.0
THIRD-300850,N,Leicester,Normal,Male,Fresh Produce,6.46,2,0.62,13.69,24/05/2025,17:43:33,Mobile Wallet,13.04,0.08,1.05,6.1
THIRD-300851,M,Nottingham,Normal,Male,Frozen Foods,5.56,2,0.54,11.8,16/06/2025,18:00:01,Debit Card,11.24,0.1,1.13,4.0
THIRD-300852,P,Coventry,Member,Male,Personal Care,4.38,5,1.05,23.2,05/12/2025,13:29:27,Mobile Wallet,22.1,0.21,4.69,9.5
THIRD-300853,M,Nottingham,Normal,Male,Dairy & Eggs,6.81,5,1.64,36.11,29/04/2025,13:07:52,Credit Card,34.39,0.07,2.43,6.1
THIRD-300854,M,Nottingham,Member,Male,Personal Care,7.88,3,1.14,25.07,18/02/2025,15:32:32,Cash,23.88,0.21,5.07,6.8
THIRD-300855,P,Coventry,Member,Female,Personal Care,13.56,2,1.3,28.75,31/08/2025,16:18:54,Cash,27.38,0.21,5.81,8.8
THIRD-300856,M,Nottingham,Normal,Female,Beverages,13.03,3,1.88,41.44,20/11/2025,19:30:27,Mobile Wallet,39.47,0.13,5.18,6.5
THIRD-300857,N,Leicester,Member,Male,Personal Care,3.67,3,0.53,11.68,09/08/2025,16:31:22,Cash,11.12,0.21,2.35,4.8
THIRD-300858,M,Nottingham,Member,Female,Health & Wellness,4.79,5,1.15,25.41,14/10/2025,17:02:05,Mobile Wallet,24.2,0.24,5.86,5.7
THIRD-300859,M,Nottingham,Normal,Female,Fresh Produce,7.74,5,1.86,41.01,24/04/2025,18:56:13,Cash,39.06,0.08,3.16,6.7
THIRD-300860,N,Leicester,Member,Female,Fresh Produce,3.11,10,1.5,32.97,12/01/2025,17:47:40,Cash,31.4,0.08,2.53,7.6
THIRD-300861,P,Coventry,Normal,Female,Frozen Foods,11.99,11,6.34,139.83,15/04/2025,16:09:57,Mobile Wallet,133.17,0.1,13.44,7.5
THIRD-300862,M,Nottingham,Normal,Female,Fresh Produce,9.39,6,2.71,59.73,27/10/2025,18:07:17,Mobile Wallet,56.89,0.08,4.59,7.1
THIRD-300863,N,Leicester,Normal,Female,Snacks,5.56,9,2.41,53.09,07/05/2025,12:10:23,Mobile Wallet,50.56,0.17,8.68,6.8
THIRD-300864,P,Coventry,Normal,Female,Bakery,6.55,5,1.58,34.73,29/12/2025,18:47:30,Cash,33.08,0.11,3.67,6.9
THIRD-300865,P,Coventry,Member,Male,Personal Care,20.04,4,3.85,84.98,26/01/2025,18:26:04,Debit Card,80.93,0.21,17.16,6.4
THIRD-300866,M,Nottingham,Member,Female,Baby Products,31.93,3,4.6,101.54,03/09/2025,08:20:19,Credit Card,96.7,0.18,17.57,6.9
THIRD-300867,P,Coventry,Member,Female,Beverages,17.9,8,6.88,151.79,07/11/2025,20:27:03,Credit Card,144.56,0.13,18.97,8.0
THIRD-300868,N,Leicester,Member,Female,Personal Care,20.06,1,0.96,21.26,18/03/2025,17:18:51,Mobile Wallet,20.25,0.21,4.29,8.2
THIRD-300869,N,Leicester,Member,Female,Snacks,4.87,5,1.17,25.8,26/04/2025,21:51:19,Debit Card,24.57,0.17,4.22,8.6
THIRD-300870,N,Leicester,Member,Male,Baby Products,38.07,8,14.64,322.9,04/09/2025,13:26:40,Credit Card,307.52,0.18,55.88,6.1
THIRD-300871,M,Nottingham,Normal,Female,Fresh Produce,3.42,8,1.32,29.02,16/01/2025,21:07:22,Debit Card,27.64,0.08,2.24,6.2
THIRD-300872,N,Leicester,Member,Male,Household,7.04,7,2.37,52.25,24/10/2025,11:25:49,Credit Card,49.76,0.19,9.54,8.6
THIRD-300873,N,Leicester,Member,Female,Household,10.69,8,4.11,90.67,23/01/2025,17:51:44,Credit Card,86.35,0.19,16.57,6.9
THIRD-300874,N,Leicester,Normal,Female,Household,24.87,7,8.37,184.53,29/07/2025,17:24:19,Credit Card,175.74,0.19,33.71,6.1
THIRD-300875,M,Nottingham,Member,Female,Fresh Produce,5.28,4,1.02,22.41,06/05/2025,15:26:02,Debit Card,21.34,0.08,1.73,7.9
THIRD-300876,P,Coventry,Normal,Female,Baby Products,22.84,9,9.88,217.9,02/03/2025,15:18:46,Credit Card,207.52,0.18,37.71,4.0
THIRD-300877,P,Coventry,Member,Female,Beverages,3.76,4,0.72,15.96,30/07/2025,17:52:26,Cash,15.2,0.13,1.99,6.1
THIRD-300878,P,Coventry,Normal,Male,Frozen Foods,2.36,13,1.48,32.54,27/06/2025,19:04:26,Mobile Wallet,30.99,0.1,3.13,6.7
THIRD-300879,M,Nottingham,Normal,Female,Baby Products,9.12,3,1.32,29.01,21/10/2025,12:08:35,Credit Card,27.63,0.18,5.02,4.3
THIRD-300880,N,Leicester,Member,Male,Bakery,8.21,5,1.97,43.49,20/02/2025,15:56:51,Debit Card,41.42,0.11,4.6,8.0
THIRD-300881,M,Nottingham,Normal,Male,Bakery,6.73,1,0.32,7.13,13/06/2025,12:15:19,Debit Card,6.79,0.11,0.75,6.4
THIRD-300882,M,Nottingham,Member,Female,Beverages,2.39,12,1.38,30.43,30/10/2025,11:41:40,Credit Card,28.98,0.13,3.81,7.2
THIRD-300883,M,Nottingham,Member,Male,Dairy & Eggs,6.76,2,0.65,14.33,17/08/2025,15:12:55,Credit Card,13.65,0.07,0.96,6.8
THIRD-300884,P,Coventry,Member,Female,Dairy & Eggs,1.92,2,0.19,4.08,09/08/2025,11:26:42,Mobile Wallet,3.88,0.07,0.28,7.0
THIRD-300885,P,Coventry,Normal,Female,Fresh Produce,8.76,6,2.53,55.7,15/02/2025,12:38:21,Mobile Wallet,53.05,0.08,4.28,6.7
THIRD-300886,N,Leicester,Normal,Female,Fresh Produce,8.44,2,0.81,17.9,15/03/2025,19:22:50,Credit Card,17.05,0.08,1.38,7.3
THIRD-300887,P,Coventry,Normal,Male,Beverages,1.83,2,0.18,3.88,04/09/2025,10:41:46,Mobile Wallet,3.7,0.13,0.49,7.3
THIRD-300888,M,Nottingham,Member,Male,Household,17.91,1,0.86,18.98,11/01/2025,16:04:03,Mobile Wallet,18.08,0.19,3.47,6.3
THIRD-300889,N,Leicester,Normal,Female,Health & Wellness,19.91,1,0.96,21.11,23/04/2025,13:44:30,Debit Card,20.1,0.24,4.87,8.3
THIRD-300890,M,Nottingham,Member,Male,Baby Products,11.81,4,2.27,50.1,30/01/2025,14:35:58,Credit Card,47.71,0.18,8.67,6.6
THIRD-300891,P,Coventry,Member,Male,Household,23.99,1,1.15,25.43,04/02/2025,10:13:10,Credit Card,24.22,0.19,4.64,7.1
THIRD-300892,M,Nottingham,Normal,Female,Health & Wellness,8.13,5,1.96,43.11,18/03/2025,14:59:03,Credit Card,41.06,0.24,9.94,6.0
THIRD-300893,P,Coventry,Normal,Male,Beverages,3.61,5,0.87,19.13,09/03/2025,18:25:11,Credit Card,18.22,0.13,2.4,5.3
THIRD-300894,P,Coventry,Member,Male,Household,15.26,13,9.54,210.26,18/04/2025,16:06:04,Credit Card,200.25,0.19,38.4,8.6
THIRD-300895,M,Nottingham,Normal,Female,Snacks,4.57,7,1.54,33.88,14/06/2025,18:31:07,Credit Card,32.27,0.17,5.53,6.1
THIRD-300896,P,Coventry,Member,Female,Household,26.57,7,8.94,197.18,30/07/2025,14:15:00,Mobile Wallet,187.79,0.19,36.02,8.1
THIRD-300897,P,Coventry,Normal,Male,Beverages,3.2,5,0.77,16.98,28/10/2025,15:54:51,Credit Card,16.17,0.13,2.12,8.1
THIRD-300898,P,Coventry,Normal,Female,Fresh Produce,8.62,6,2.49,54.84,10/01/2025,12:45:59,Debit Card,52.23,0.08,4.22,5.0
THIRD-300899,M,Nottingham,Member,Female,Snacks,1.65,3,0.24,5.26,15/04/2025,17:58:46,Credit Card,5.01,0.17,0.86,8.4
THIRD-300900,M,Nottingham,Member,Female,Frozen Foods,2.56,6,0.74,16.28,11/02/2025,17:38:32,Cash,15.5,0.1,1.57,5.4
THIRD-300901,M,Nottingham,Member,Female,Household,14.34,2,1.38,30.41,18/08/2025,16:22:15,Credit Card,28.96,0.19,5.55,5.6
THIRD-300902,P,Coventry,Member,Female,Frozen Foods,6.14,3,0.89,19.52,15/09/2025,14:40:18,Credit Card,18.58,0.1,1.88,7.2
THIRD-300903,M,Nottingham,Normal,Male,Snacks,4.61,13,2.88,63.49,22/04/2025,16:01:24,Mobile Wallet,60.47,0.17,10.38,6.3
THIRD-300904,P,Coventry,Normal,Male,Personal Care,15.96,6,4.6,101.54,10/04/2025,17:01:04,Debit Card,96.7,0.21,20.5,7.0
THIRD-300905,P,Coventry,Member,Male,Frozen Foods,9.57,11,5.06,111.57,30/12/2025,15:21:22,Credit Card,106.26,0.1,10.73,6.2
THIRD-300906,M,Nottingham,Normal,Female,Frozen Foods,10.47,2,1.01,22.21,16/01/2025,16:24:42,Mobile Wallet,21.15,0.1,2.13,7.4
THIRD-300907,M,Nottingham,Member,Male,Fresh Produce,4.87,2,0.47,10.32,03/07/2025,11:45:30,Credit Card,9.83,0.08,0.8,7.5
THIRD-300908,P,Coventry,Normal,Male,Dairy & Eggs,5.74,3,0.83,18.26,12/03/2025,21:24:38,Credit Card,17.39,0.07,1.23,5.5
THIRD-300909,M,Nottingham,Normal,Female,Bakery,9.48,6,2.74,60.33,17/07/2025,15:59:51,Cash,57.46,0.11,6.38,7.6
THIRD-300910,M,Nottingham,Normal,Male,Household,15.8,6,4.56,100.49,08/04/2025,09:20:08,Credit Card,95.7,0.19,18.36,4.7
THIRD-300911,P,Coventry,Normal,Female,Health & Wellness,12.51,4,2.41,53.06,16/08/2025,15:26:55,Debit Card,50.53,0.24,12.24,7.6
THIRD-300912,N,Leicester,Member,Male,Frozen Foods,3.21,3,0.46,10.22,11/07/2025,18:01:56,Debit Card,9.73,0.1,0.99,6.9
THIRD-300913,P,Coventry,Normal,Female,Household,10.67,6,3.08,67.87,20/02/2025,14:09:04,Credit Card,64.64,0.19,12.4,7.1
THIRD-300914,P,Coventry,Normal,Female,Dairy & Eggs,6.59,7,2.22,48.93,13/07/2025,12:32:58,Credit Card,46.6,0.07,3.3,6.8
THIRD-300915,N,Leicester,Normal,Male,Health & Wellness,20.39,7,6.86,151.34,17/03/2025,13:18:20,Cash,144.13,0.24,34.92,6.6
THIRD-300916,N,Leicester,Member,Male,Baby Products,20.03,2,1.93,42.47,30/01/2025,11:27:57,Credit Card,40.45,0.18,7.35,6.5
THIRD-300917,P,Coventry,Normal,Female,Fresh Produce,2.49,2,0.24,5.27,09/06/2025,09:16:55,Debit Card,5.02,0.08,0.4,6.4
THIRD-300918,P,Coventry,Member,Male,Snacks,6.57,4,1.26,27.87,09/06/2025,09:29:40,Cash,26.54,0.17,4.56,7.8
THIRD-300919,N,Leicester,Member,Male,Household,16.71,3,2.41,53.15,03/01/2025,14:26:18,Credit Card,50.62,0.19,9.71,6.8
THIRD-300920,P,Coventry,Member,Female,Fresh Produce,7.18,2,0.69,15.21,20/01/2025,12:31:50,Mobile Wallet,14.49,0.08,1.17,6.6
THIRD-300921,P,Coventry,Member,Female,Household,8.94,4,1.72,37.93,29/11/2025,20:40:03,Mobile Wallet,36.12,0.19,6.93,6.9
THIRD-300922,M,Nottingham,Normal,Male,Dairy & Eggs,7.66,4,1.47,32.5,26/09/2025,21:42:29,Credit Card,30.95,0.07,2.18,6.8
THIRD-300923,N,Leicester,Normal,Female,Beverages,10.71,7,3.6,79.48,24/10/2025,16:48:43,Mobile Wallet,75.7,0.13,9.93,5.5
THIRD-300924,M,Nottingham,Normal,Female,Beverages,6.05,6,1.75,38.5,16/03/2025,17:58:39,Credit Card,36.67,0.13,4.81,7.1
THIRD-300925,N,Leicester,Member,Male,Household,5.29,1,0.25,5.61,26/01/2025,21:32:02,Credit Card,5.34,0.19,1.03,7.6
THIRD-300926,N,Leicester,Member,Female,Dairy & Eggs,2.78,4,0.53,11.77,29/08/2025,14:16:46,Credit Card,11.21,0.07,0.8,5.6
THIRD-300927,P,Coventry,Normal,Female,Health & Wellness,34.07,6,9.83,216.71,25/10/2025,15:47:12,Credit Card,206.39,0.24,50.0,4.0
THIRD-300928,N,Leicester,Normal,Male,Health & Wellness,7.33,10,3.53,77.73,05/01/2025,20:19:56,Debit Card,74.03,0.24,17.94,7.0
THIRD-300929,P,Coventry,Member,Male,Dairy & Eggs,4.31,10,2.07,45.64,02/09/2025,18:43:38,Mobile Wallet,43.47,0.07,3.07,7.0
THIRD-300930,N,Leicester,Member,Female,Household,17.92,3,2.58,56.98,02/02/2025,15:55:31,Credit Card,54.27,0.19,10.41,5.6
THIRD-300931,M,Nottingham,Member,Male,Bakery,4.94,4,0.95,20.95,21/02/2025,14:21:39,Debit Card,19.95,0.11,2.22,6.5
THIRD-300932,P,Coventry,Normal,Female,Personal Care,16.4,10,7.88,173.86,12/12/2025,09:57:06,Cash,165.58,0.21,35.11,6.3
THIRD-300933,N,Leicester,Normal,Male,Frozen Foods,11.19,3,1.61,35.58,16/02/2025,17:54:55,Mobile Wallet,33.89,0.1,3.42,8.8
THIRD-300934,P,Coventry,Normal,Male,Household,15.42,6,4.45,98.1,23/05/2025,18:51:16,Cash,93.43,0.19,17.92,6.7
THIRD-300935,N,Leicester,Normal,Female,Bakery,3.07,6,0.89,19.52,07/11/2025,18:13:20,Mobile Wallet,18.58,0.11,2.07,5.4
THIRD-300936,N,Leicester,Normal,Male,Baby Products,17.44,5,4.19,92.44,05/04/2025,19:28:07,Credit Card,88.04,0.18,16.0,6.3
THIRD-300937,M,Nottingham,Normal,Male,Household,13.23,8,5.09,112.19,05/08/2025,14:30:46,Mobile Wallet,106.85,0.19,20.49,7.2
THIRD-300938,P,Coventry,Member,Female,Baby Products,17.38,6,5.01,110.53,21/01/2025,17:02:36,Cash,105.27,0.18,19.13,6.5
THIRD-300939,N,Leicester,Member,Male,Bakery,8.94,3,1.29,28.44,16/07/2025,20:54:14,Cash,27.09,0.11,3.01,5.5
THIRD-300940,N,Leicester,Normal,Male,Frozen Foods,18.3,3,2.64,58.21,03/11/2025,11:15:23,Credit Card,55.44,0.1,5.6,7.6
THIRD-300941,N,Leicester,Normal,Male,Beverages,2.76,6,0.8,17.54,13/06/2025,14:54:00,Credit Card,16.7,0.13,2.19,5.1
THIRD-300942,N,Leicester,Member,Female,Beverages,8.42,8,3.24,71.44,22/09/2025,18:19:14,Mobile Wallet,68.04,0.13,8.93,6.2
THIRD-300943,M,Nottingham,Normal,Female,Dairy & Eggs,6.45,12,3.72,82.03,13/01/2025,12:56:59,Credit Card,78.12,0.07,5.52,5.2
THIRD-300944,M,Nottingham,Normal,Female,Baby Products,38.2,2,3.67,80.99,13/06/2025,13:11:33,Mobile Wallet,77.13,0.18,14.01,5.9
THIRD-300945,M,Nottingham,Member,Female,Personal Care,19.94,1,0.96,21.14,25/07/2025,17:08:36,Credit Card,20.13,0.21,4.27,7.4
THIRD-300946,N,Leicester,Member,Male,Household,12.38,10,5.95,131.2,30/07/2025,15:25:20,Credit Card,124.95,0.19,23.97,7.4
THIRD-300947,N,Leicester,Normal,Male,Bakery,5.25,5,1.26,27.84,24/07/2025,14:50:50,Credit Card,26.51,0.11,2.95,6.0
THIRD-300948,P,Coventry,Member,Male,Household,10.41,1,0.5,11.04,03/01/2025,17:57:12,Mobile Wallet,10.51,0.19,2.01,5.8
THIRD-300949,P,Coventry,Member,Female,Bakery,6.9,5,1.66,36.55,18/03/2025,17:47:09,Debit Card,34.81,0.11,3.87,7.1
THIRD-300950,P,Coventry,Normal,Female,Dairy & Eggs,5.32,1,0.26,5.65,06/03/2025,18:07:31,Debit Card,5.38,0.07,0.38,4.7
THIRD-300951,P,Coventry,Normal,Male,Frozen Foods,18.83,11,9.96,219.63,14/10/2025,17:57:03,Credit Card,209.17,0.1,21.12,7.1
THIRD-300952,M,Nottingham,Normal,Female,Dairy & Eggs,7.77,9,3.36,74.12,19/03/2025,16:35:31,Debit Card,70.59,0.07,4.99,7.9
THIRD-300953,N,Leicester,Member,Male,Snacks,6.05,3,0.87,19.25,01/12/2025,12:31:11,Credit Card,18.33,0.17,3.15,7.6
THIRD-300954,N,Leicester,Member,Female,Dairy & Eggs,5.16,7,1.74,38.28,08/01/2025,13:08:55,Mobile Wallet,36.46,0.07,2.58,5.9
THIRD-300955,P,Coventry,Normal,Female,Fresh Produce,6.82,12,3.94,86.79,11/10/2025,18:17:46,Cash,82.66,0.08,6.68,7.7
THIRD-300956,P,Coventry,Member,Male,Personal Care,13.94,2,1.34,29.55,20/08/2025,13:44:54,Credit Card,28.14,0.21,5.97,6.5
THIRD-300957,M,Nottingham,Normal,Male,Baby Products,45.0,4,8.65,190.82,01/08/2025,13:31:48,Credit Card,181.73,0.18,33.02,8.7
THIRD-300958,N,Leicester,Member,Female,Personal Care,10.11,1,0.49,10.72,24/01/2025,16:39:14,Debit Card,10.21,0.21,2.16,6.5
THIRD-300959,P,Coventry,Member,Male,Frozen Foods,2.75,2,0.26,5.82,11/04/2025,14:31:23,Debit Card,5.54,0.1,0.56,6.1
THIRD-300960,N,Leicester,Normal,Female,Fresh Produce,8.36,6,2.41,53.18,19/09/2025,19:20:04,Credit Card,50.65,0.08,4.09,7.4
THIRD-300961,P,Coventry,Normal,Male,Frozen Foods,10.48,5,2.52,55.57,16/01/2025,10:45:08,Credit Card,52.92,0.1,5.34,5.2
THIRD-300962,N,Leicester,Normal,Female,Health & Wellness,18.74,2,1.8,39.73,29/07/2025,14:39:54,Mobile Wallet,37.84,0.24,9.17,5.7
THIRD-300963,M,Nottingham,Normal,Female,Baby Products,13.66,5,3.28,72.38,05/08/2025,13:00:13,Debit Card,68.93,0.18,12.53,6.0
THIRD-300964,N,Leicester,Normal,Female,Dairy & Eggs,5.15,2,0.5,10.92,06/03/2025,08:20:15,Mobile Wallet,10.4,0.07,0.73,5.2
THIRD-300965,N,Leicester,Normal,Male,Household,4.75,9,2.06,45.35,07/12/2025,14:25:50,Credit Card,43.19,0.19,8.28,6.4
THIRD-300966,N,Leicester,Normal,Female,Snacks,1.12,1,0.05,1.19,05/06/2025,17:01:51,Debit Card,1.13,0.17,0.19,6.6
THIRD-300967,N,Leicester,Member,Male,Health & Wellness,5.04,3,0.73,16.04,11/09/2025,16:48:08,Mobile Wallet,15.28,0.24,3.7,5.9
THIRD-300968,P,Coventry,Member,Female,Fresh Produce,2.93,1,0.14,3.11,02/01/2025,09:36:06,Mobile Wallet,2.96,0.08,0.24,7.8
THIRD-300969,P,Coventry,Member,Female,Dairy & Eggs,4.71,4,0.91,19.98,07/12/2025,16:15:10,Credit Card,19.03,0.07,1.35,7.1
THIRD-300970,P,Coventry,Member,Female,Frozen Foods,7.62,1,0.37,8.09,15/01/2025,16:55:13,Cash,7.7,0.1,0.77,5.2
THIRD-300971,M,Nottingham,Normal,Male,Bakery,5.25,1,0.25,5.56,14/02/2025,15:50:04,Credit Card,5.3,0.11,0.59,4.4
THIRD-300972,N,Leicester,Normal,Male,Health & Wellness,7.27,4,1.4,30.83,25/04/2025,19:21:38,Debit Card,29.36,0.24,7.11,6.2
THIRD-300973,M,Nottingham,Normal,Male,Personal Care,7.83,8,3.01,66.41,19/02/2025,13:39:58,Mobile Wallet,63.25,0.21,13.41,6.0
THIRD-300974,M,Nottingham,Normal,Male,Baby Products,16.88,8,6.49,143.15,14/06/2025,16:12:13,Cash,136.33,0.18,24.77,6.1
THIRD-300975,M,Nottingham,Member,Male,Baby Products,35.48,7,11.94,263.32,11/04/2025,17:43:11,Mobile Wallet,250.78,0.18,45.57,7.2
THIRD-300976,N,Leicester,Normal,Female,Personal Care,15.4,4,2.96,65.31,26/03/2025,21:45:16,Mobile Wallet,62.2,0.21,13.19,4.6
THIRD-300977,P,Coventry,Member,Female,Dairy & Eggs,3.89,3,0.56,12.37,21/03/2025,12:58:35,Mobile Wallet,11.78,0.07,0.84,5.0
THIRD-300978,P,Coventry,Normal,Female,Personal Care,22.53,1,1.08,23.88,15/07/2025,14:40:08,Credit Card,22.74,0.21,4.82,7.2
THIRD-300979,M,Nottingham,Member,Female,Baby Products,8.51,5,2.04,45.09,10/02/2025,15:33:48,Debit Card,42.94,0.18,7.8,5.5
THIRD-300980,P,Coventry,Normal,Male,Household,14.57,3,2.1,46.34,20/01/2025,15:53:10,Credit Card,44.13,0.19,8.47,7.4
THIRD-300981,M,Nottingham,Normal,Female,Health & Wellness,35.25,10,16.95,373.64,20/11/2025,08:49:48,Cash,355.84,0.24,86.22,6.0
THIRD-300982,N,Leicester,Member,Female,Snacks,4.35,5,1.04,23.04,24/04/2025,14:07:12,Cash,21.94,0.17,3.76,5.5
THIRD-300983,N,Leicester,Normal,Male,Household,24.06,4,4.63,102.01,06/10/2025,14:38:46,Debit Card,97.15,0.19,18.63,7.6
THIRD-300984,N,Leicester,Normal,Female,Personal Care,4.74,3,0.68,15.08,06/12/2025,18:23:24,Credit Card,14.36,0.21,3.04,5.9
THIRD-300985,M,Nottingham,Normal,Male,Frozen Foods,3.04,4,0.58,12.87,26/04/2025,11:39:46,Debit Card,12.26,0.1,1.24,4.7
THIRD-300986,P,Coventry,Member,Female,Fresh Produce,4.3,4,0.83,18.22,24/05/2025,13:27:04,Mobile Wallet,17.35,0.08,1.4,7.5
THIRD-300987,N,Leicester,Normal,Female,Frozen Foods,8.74,4,1.68,37.04,27/08/2025,11:08:51,Debit Card,35.28,0.1,3.56,6.3
THIRD-300988,P,Coventry,Member,Male,Frozen Foods,9.05,2,0.87,19.18,17/12/2025,18:37:50,Cash,18.27,0.1,1.84,6.8
THIRD-300989,P,Coventry,Normal,Female,Fresh Produce,4.33,4,0.83,18.34,15/12/2025,11:24:06,Cash,17.47,0.08,1.41,7.1
THIRD-300990,P,Coventry,Member,Female,Bakery,9.59,1,0.46,10.16,25/10/2025,16:49:14,Cash,9.68,0.11,1.07,5.0
THIRD-300991,N,Leicester,Normal,Male,Fresh Produce,3.07,1,0.15,3.26,18/07/2025,14:06:25,Credit Card,3.1,0.08,0.25,4.8
THIRD-300992,P,Coventry,Member,Female,Baby Products,35.68,8,13.72,302.61,04/02/2025,16:35:02,Cash,288.2,0.18,52.37,7.6
THIRD-300993,M,Nottingham,Normal,Male,Personal Care,6.35,3,0.92,20.21,10/08/2025,13:48:05,Mobile Wallet,19.25,0.21,4.08,5.6
THIRD-300994,P,Coventry,Normal,Female,Snacks,1.59,10,0.77,16.87,05/04/2025,16:43:29,Mobile Wallet,16.07,0.17,2.76,7.3
THIRD-300995,P,Coventry,Normal,Male,Fresh Produce,6.34,3,0.92,20.18,04/04/2025,16:56:57,Cash,19.22,0.08,1.55,6.3
THIRD-300996,P,Coventry,Normal,Female,Health & Wellness,14.65,4,2.82,62.14,11/01/2025,15:58:28,Debit Card,59.18,0.24,14.34,7.1
THIRD-300997,M,Nottingham,Member,Male,Household,16.79,6,4.84,106.76,03/03/2025,12:30:17,Mobile Wallet,101.68,0.19,19.5,4.8
THIRD-300998,N,Leicester,Normal,Male,Frozen Foods,11.19,10,5.38,118.63,09/01/2025,20:50:17,Cash,112.98,0.1,11.41,7.7
THIRD-300999,N,Leicester,Member,Female,Household,7.87,9,3.41,75.12,31/08/2025,18:41:13,Debit Card,71.54,0.19,13.72,6.4
THIRD-301000,N,Leicester,Member,Male,Health & Wellness,23.22,2,2.23,49.23,14/07/2025,17:33:16,Mobile Wallet,46.89,0.24,11.36,7.8
THIRD-301001,M,Nottingham,Member,Male,Frozen Foods,6.84,1,0.33,7.26,04/12/2025,14:26:46,Cash,6.91,0.1,0.7,7.0
THIRD-301002,M,Nottingham,Member,Female,Bakery,7.91,3,1.14,25.17,06/08/2025,08:39:05,Credit Card,23.97,0.11,2.66,6.7
THIRD-301003,N,Leicester,Normal,Female,Fresh Produce,6.3,7,2.12,46.77,18/09/2025,14:02:58,Credit Card,44.54,0.08,3.59,6.7
THIRD-301004,N,Leicester,Member,Male,Health & Wellness,25.79,11,13.64,300.76,02/05/2025,11:15:02,Credit Card,286.44,0.24,69.4,6.8
THIRD-301005,N,Leicester,Member,Male,Frozen Foods,7.81,7,2.63,57.96,03/06/2025,14:35:25,Credit Card,55.2,0.1,5.58,7.5
THIRD-301006,M,Nottingham,Normal,Male,Snacks,1.34,3,0.19,4.26,25/12/2025,17:48:51,Debit Card,4.06,0.17,0.7,6.6
THIRD-301007,N,Leicester,Member,Female,Baby Products,33.03,4,6.35,140.06,23/01/2025,16:21:43,Credit Card,133.39,0.18,24.24,8.0
THIRD-301008,M,Nottingham,Member,Female,Personal Care,22.39,8,8.61,189.89,31/07/2025,20:14:26,Mobile Wallet,180.85,0.21,38.34,7.7
THIRD-301009,P,Coventry,Normal,Female,Fresh Produce,4.5,2,0.43,9.54,18/10/2025,14:23:35,Credit Card,9.09,0.08,0.73,6.1
THIRD-301010,P,Coventry,Member,Female,Dairy & Eggs,8.17,4,1.57,34.66,07/10/2025,16:56:38,Mobile Wallet,33.01,0.07,2.33,7.2
THIRD-301011,P,Coventry,Member,Female,Health & Wellness,38.85,5,9.34,205.95,24/07/2025,20:23:20,Credit Card,196.14,0.24,47.52,6.1
THIRD-301012,M,Nottingham,Member,Male,Beverages,10.96,8,4.22,92.97,26/03/2025,16:53:00,Mobile Wallet,88.54,0.13,11.62,7.5
THIRD-301013,P,Coventry,Member,Male,Fresh Produce,9.52,4,1.83,40.35,29/01/2025,14:11:52,Cash,38.43,0.08,3.11,5.9
THIRD-301014,N,Leicester,Member,Female,Dairy & Eggs,7.54,1,0.36,7.99,31/12/2025,18:00:53,Mobile Wallet,7.61,0.07,0.54,8.4
THIRD-301015,P,Coventry,Member,Female,Personal Care,21.63,5,5.2,114.66,11/01/2025,17:58:09,Debit Card,109.2,0.21,23.15,6.4
THIRD-301016,M,Nottingham,Normal,Male,Bakery,9.32,6,2.69,59.27,08/01/2025,09:32:21,Mobile Wallet,56.45,0.11,6.26,7.5
THIRD-301017,M,Nottingham,Member,Female,Frozen Foods,4.31,2,0.41,9.12,16/05/2025,20:45:17,Mobile Wallet,8.69,0.1,0.88,6.3
THIRD-301018,N,Leicester,Member,Male,Household,13.24,3,1.91,42.1,21/06/2025,16:55:48,Mobile Wallet,40.1,0.19,7.7,8.5
THIRD-301019,N,Leicester,Member,Female,Frozen Foods,4.14,4,0.8,17.56,28/09/2025,16:53:22,Cash,16.72,0.1,1.69,5.6
THIRD-301020,N,Leicester,Member,Male,Household,24.23,8,9.32,205.51,29/07/2025,15:16:30,Debit Card,195.72,0.19,37.55,9.4
THIRD-301021,N,Leicester,Normal,Male,Baby Products,24.99,1,1.2,26.49,04/12/2025,19:21:21,Mobile Wallet,25.23,0.18,4.59,6.7
THIRD-301022,P,Coventry,Normal,Male,Health & Wellness,23.15,5,5.57,122.71,04/01/2025,20:07:16,Credit Card,116.86,0.24,28.31,4.5
THIRD-301023,M,Nottingham,Member,Male,Fresh Produce,4.21,8,1.62,35.72,30/03/2025,20:56:38,Debit Card,34.02,0.08,2.75,7.4
THIRD-301024,P,Coventry,Normal,Female,Beverages,9.53,8,3.66,80.79,18/05/2025,20:55:17,Mobile Wallet,76.94,0.13,10.1,5.4
THIRD-301025,N,Leicester,Member,Female,Health & Wellness,11.34,4,2.18,48.07,25/10/2025,19:22:17,Credit Card,45.78,0.24,11.09,4.7
THIRD-301026,N,Leicester,Normal,Male,Beverages,14.1,3,2.03,44.85,31/10/2025,09:59:14,Credit Card,42.71,0.13,5.61,5.0
THIRD-301027,P,Coventry,Member,Female,Beverages,4.04,6,1.16,25.66,24/01/2025,15:37:00,Mobile Wallet,24.44,0.13,3.21,6.4
THIRD-301028,P,Coventry,Member,Female,Bakery,5.73,8,2.2,48.59,02/03/2025,14:12:42,Debit Card,46.28,0.11,5.14,5.8
THIRD-301029,P,Coventry,Normal,Female,Health & Wellness,40.59,5,9.76,215.16,24/11/2025,12:46:50,Credit Card,204.91,0.24,49.65,4.0
THIRD-301030,M,Nottingham,Member,Male,Personal Care,19.51,1,0.94,20.68,28/06/2025,19:47:05,Credit Card,19.7,0.21,4.18,5.1
THIRD-301031,M,Nottingham,Normal,Female,Snacks,1.54,5,0.37,8.16,06/09/2025,12:25:39,Mobile Wallet,7.77,0.17,1.34,6.6
THIRD-301032,N,Leicester,Member,Female,Frozen Foods,6.07,2,0.58,12.87,11/09/2025,10:46:15,Mobile Wallet,12.26,0.1,1.24,9.3
THIRD-301033,M,Nottingham,Normal,Male,Frozen Foods,13.07,5,3.14,69.29,17/10/2025,17:16:21,Credit Card,65.99,0.1,6.67,7.2
THIRD-301034,M,Nottingham,Normal,Male,Dairy & Eggs,6.59,3,0.95,20.97,28/03/2025,21:55:40,Credit Card,19.97,0.07,1.41,5.6
THIRD-301035,M,Nottingham,Member,Female,Frozen Foods,7.3,4,1.4,30.95,20/01/2025,15:07:07,Mobile Wallet,29.48,0.1,2.98,5.9
THIRD-301036,M,Nottingham,Normal,Female,Personal Care,11.88,1,0.57,12.59,28/07/2025,17:29:19,Credit Card,11.99,0.21,2.54,6.7
THIRD-301037,P,Coventry,Member,Male,Health & Wellness,26.84,2,2.58,56.91,01/11/2025,17:44:11,Credit Card,54.2,0.24,13.13,5.3
THIRD-301038,P,Coventry,Member,Male,Fresh Produce,7.48,4,1.44,31.71,10/12/2025,18:42:08,Credit Card,30.2,0.08,2.44,6.4
THIRD-301039,M,Nottingham,Normal,Female,Beverages,13.08,13,8.18,180.31,03/11/2025,18:49:16,Credit Card,171.72,0.13,22.54,7.4
THIRD-301040,P,Coventry,Member,Male,Fresh Produce,6.12,5,1.47,32.41,09/10/2025,16:20:53,Debit Card,30.87,0.08,2.49,6.0
THIRD-301041,N,Leicester,Normal,Male,Beverages,8.2,1,0.39,8.68,31/01/2025,17:35:08,Mobile Wallet,8.27,0.13,1.08,7.3
THIRD-301042,N,Leicester,Normal,Male,Snacks,4.95,4,0.95,20.99,21/11/2025,15:34:54,Debit Card,19.99,0.17,3.43,6.5
THIRD-301043,M,Nottingham,Member,Male,Snacks,3.92,4,0.75,16.62,27/08/2025,15:41:32,Credit Card,15.83,0.17,2.71,7.1
THIRD-301044,N,Leicester,Normal,Female,Fresh Produce,8.25,6,2.38,52.46,06/03/2025,10:41:29,Cash,49.96,0.08,4.04,8.3
THIRD-301045,P,Coventry,Member,Female,Bakery,3.26,5,0.78,17.25,04/09/2025,14:22:23,Debit Card,16.43,0.11,1.82,6.7
THIRD-301046,N,Leicester,Normal,Male,Household,20.04,10,9.63,212.45,18/05/2025,12:52:11,Debit Card,202.34,0.19,38.81,6.3
THIRD-301047,N,Leicester,Member,Male,Snacks,2.81,1,0.14,2.98,24/08/2025,17:06:36,Cash,2.84,0.17,0.49,7.5
THIRD-301048,M,Nottingham,Member,Female,Beverages,10.35,9,4.48,98.73,30/04/2025,19:03:56,Cash,94.03,0.13,12.34,6.2
THIRD-301049,P,Coventry,Normal,Female,Bakery,2.04,1,0.1,2.16,12/04/2025,14:46:04,Credit Card,2.06,0.11,0.23,6.5
THIRD-301050,N,Leicester,Member,Female,Dairy & Eggs,4.16,3,0.6,13.23,30/12/2025,20:48:08,Cash,12.6,0.07,0.89,6.4
THIRD-301051,N,Leicester,Normal,Male,Snacks,1.02,4,0.2,4.33,10/12/2025,19:25:42,Credit Card,4.12,0.17,0.71,5.6
THIRD-301052,N,Leicester,Normal,Female,Bakery,2.14,2,0.21,4.55,06/10/2025,16:51:16,Mobile Wallet,4.33,0.11,0.48,7.9
THIRD-301053,M,Nottingham,Member,Male,Health & Wellness,17.27,10,8.3,183.12,07/06/2025,13:06:19,Credit Card,174.4,0.24,42.25,6.8
THIRD-301054,P,Coventry,Member,Male,Bakery,9.07,5,2.18,48.07,14/03/2025,15:05:30,Debit Card,45.78,0.11,5.09,7.1
THIRD-301055,M,Nottingham,Normal,Male,Snacks,5.88,8,2.26,49.83,31/07/2025,12:57:09,Debit Card,47.46,0.17,8.14,5.5
THIRD-301056,N,Leicester,Member,Male,Snacks,3.99,10,1.92,42.34,23/05/2025,18:12:00,Credit Card,40.32,0.17,6.92,6.6
THIRD-301057,N,Leicester,Normal,Female,Personal Care,21.78,2,2.09,46.17,02/04/2025,13:03:16,Credit Card,43.97,0.21,9.32,6.3
THIRD-301058,P,Coventry,Normal,Male,Personal Care,27.84,1,1.34,29.52,12/12/2025,19:50:45,Credit Card,28.11,0.21,5.96,5.9
THIRD-301059,M,Nottingham,Member,Female,Dairy & Eggs,4.46,2,0.43,9.46,02/02/2025,11:30:13,Debit Card,9.01,0.07,0.64,8.1
THIRD-301060,N,Leicester,Normal,Male,Baby Products,27.3,1,1.31,28.94,25/06/2025,15:17:13,Credit Card,27.56,0.18,5.0,5.8
THIRD-301061,M,Nottingham,Member,Female,Personal Care,23.75,7,7.99,176.26,22/01/2025,13:12:25,Debit Card,167.87,0.21,35.58,8.1
THIRD-301062,N,Leicester,Member,Male,Health & Wellness,9.26,2,0.89,19.62,11/06/2025,20:45:39,Debit Card,18.69,0.24,4.53,7.2
THIRD-301063,M,Nottingham,Normal,Female,Health & Wellness,35.44,2,3.41,75.15,14/04/2025,13:34:04,Credit Card,71.57,0.24,17.34,5.5
THIRD-301064,P,Coventry,Member,Female,Beverages,7.43,6,2.14,47.23,09/07/2025,17:51:01,Credit Card,44.98,0.13,5.9,6.3
THIRD-301065,N,Leicester,Member,Female,Bakery,8.07,10,3.88,85.55,17/04/2025,19:23:40,Mobile Wallet,81.48,0.11,9.05,7.3
THIRD-301066,M,Nottingham,Member,Female,Dairy & Eggs,2.01,5,0.48,10.64,11/03/2025,13:20:42,Debit Card,10.13,0.07,0.72,6.2
THIRD-301067,M,Nottingham,Normal,Male,Frozen Foods,16.17,2,1.56,34.29,15/02/2025,17:38:36,Credit Card,32.66,0.1,3.3,6.5
THIRD-301068,P,Coventry,Member,Male,Frozen Foods,5.54,9,2.4,52.89,23/12/2025,18:58:54,Debit Card,50.37,0.1,5.09,6.6
THIRD-301069,M,Nottingham,Member,Male,Household,7.61,3,1.1,24.21,14/02/2025,10:21:36,Debit Card,23.06,0.19,4.42,7.9
THIRD-301070,P,Coventry,Normal,Male,Personal Care,16.27,8,6.26,137.95,28/05/2025,16:30:34,Credit Card,131.38,0.21,27.86,5.8
THIRD-301071,M,Nottingham,Normal,Male,Fresh Produce,3.41,4,0.66,14.47,24/01/2025,11:15:12,Mobile Wallet,13.78,0.08,1.11,6.4
THIRD-301072,P,Coventry,Normal,Male,Household,14.88,5,3.58,78.89,10/04/2025,11:39:46,Credit Card,75.13,0.19,14.41,8.2
THIRD-301073,N,Leicester,Normal,Male,Snacks,5.66,1,0.27,6.0,12/05/2025,16:05:19,Cash,5.71,0.17,0.98,5.2
THIRD-301074,P,Coventry,Member,Female,Dairy & Eggs,7.45,7,2.51,55.26,31/08/2025,09:32:52,Cash,52.63,0.07,3.72,7.1
THIRD-301075,N,Leicester,Normal,Female,Household,16.99,5,4.08,90.07,24/03/2025,15:59:34,Credit Card,85.79,0.19,16.45,5.3
THIRD-301076,N,Leicester,Member,Female,Bakery,3.03,8,1.16,25.66,04/11/2025,19:58:33,Mobile Wallet,24.44,0.11,2.71,6.0
THIRD-301077,P,Coventry,Normal,Male,Fresh Produce,8.51,11,4.5,99.2,01/07/2025,18:53:50,Credit Card,94.48,0.08,7.63,7.8
THIRD-301078,M,Nottingham,Normal,Male,Frozen Foods,8.21,3,1.18,26.09,15/07/2025,18:33:06,Credit Card,24.85,0.1,2.51,6.1
THIRD-301079,N,Leicester,Normal,Male,Dairy & Eggs,2.34,1,0.11,2.48,30/03/2025,12:17:59,Debit Card,2.36,0.07,0.17,7.1
THIRD-301080,P,Coventry,Member,Male,Health & Wellness,33.19,5,7.98,175.91,03/08/2025,13:10:58,Debit Card,167.53,0.24,40.59,6.4
THIRD-301081,M,Nottingham,Normal,Male,Snacks,5.65,1,0.27,5.98,30/05/2025,12:49:11,Mobile Wallet,5.7,0.17,0.98,8.0
THIRD-301082,M,Nottingham,Member,Male,Baby Products,32.28,9,13.97,308.0,21/06/2025,13:06:49,Cash,293.33,0.18,53.3,5.7
THIRD-301083,M,Nottingham,Member,Female,Fresh Produce,5.24,1,0.25,5.55,08/06/2025,14:07:37,Mobile Wallet,5.29,0.08,0.42,8.3
THIRD-301084,M,Nottingham,Member,Male,Personal Care,17.51,7,5.89,129.96,28/07/2025,11:31:31,Debit Card,123.77,0.21,26.24,5.6
THIRD-301085,P,Coventry,Normal,Female,Household,22.14,6,6.39,140.84,16/12/2025,12:05:31,Credit Card,134.13,0.19,25.73,6.1
THIRD-301086,P,Coventry,Member,Male,Beverages,15.38,3,2.22,48.92,23/09/2025,10:42:51,Mobile Wallet,46.59,0.13,6.12,6.5
THIRD-301087,P,Coventry,Member,Female,Health & Wellness,24.33,9,10.53,232.09,21/03/2025,13:14:00,Debit Card,221.04,0.24,53.55,5.2
THIRD-301088,P,Coventry,Member,Female,Beverages,13.07,4,2.51,55.43,05/04/2025,16:18:40,Cash,52.79,0.13,6.93,6.7
THIRD-301089,P,Coventry,Member,Female,Snacks,2.23,7,0.75,16.52,02/03/2025,12:19:03,Debit Card,15.73,0.17,2.7,6.2
THIRD-301090,P,Coventry,Member,Male,Dairy & Eggs,2.7,2,0.26,5.73,15/11/2025,11:07:41,Mobile Wallet,5.46,0.07,0.38,6.3
THIRD-301091,P,Coventry,Member,Female,Frozen Foods,12.11,11,6.4,141.16,29/07/2025,19:35:05,Mobile Wallet,134.44,0.1,13.57,7.7
THIRD-301092,M,Nottingham,Member,Female,Frozen Foods,7.84,5,1.89,41.57,20/01/2025,21:41:08,Mobile Wallet,39.59,0.1,4.0,8.2
THIRD-301093,N,Leicester,Member,Female,Baby Products,31.52,4,6.06,133.66,01/11/2025,16:02:28,Mobile Wallet,127.3,0.18,23.13,6.5
THIRD-301094,M,Nottingham,Member,Male,Baby Products,31.93,4,6.14,135.39,03/03/2025,11:56:27,Debit Card,128.94,0.18,23.43,6.5
THIRD-301095,N,Leicester,Member,Male,Fresh Produce,8.87,4,1.71,37.62,20/02/2025,19:43:14,Debit Card,35.83,0.08,2.89,7.0
THIRD-301096,N,Leicester,Normal,Female,Personal Care,27.28,8,10.49,231.35,03/08/2025,14:38:25,Credit Card,220.33,0.21,46.71,6.2
THIRD-301097,N,Leicester,Normal,Male,Snacks,1.67,9,0.72,15.97,29/05/2025,08:14:08,Credit Card,15.21,0.17,2.61,7.6
THIRD-301098,N,Leicester,Member,Male,Snacks,4.17,8,1.6,35.36,10/04/2025,18:46:36,Credit Card,33.68,0.17,5.78,6.6
THIRD-301099,N,Leicester,Normal,Male,Snacks,5.67,8,2.18,48.07,02/01/2025,16:46:56,Debit Card,45.78,0.17,7.85,8.0
THIRD-301100,P,Coventry,Normal,Female,Baby Products,12.57,6,3.63,79.98,02/10/2025,15:32:38,Cash,76.17,0.18,13.84,5.1
THIRD-301101,P,Coventry,Member,Female,Dairy & Eggs,2.78,9,1.2,26.49,08/06/2025,16:13:41,Debit Card,25.23,0.07,1.78,8.1
THIRD-301102,M,Nottingham,Member,Female,Frozen Foods,3.17,8,1.22,26.9,29/10/2025,16:31:36,Credit Card,25.62,0.1,2.59,6.8
THIRD-301103,P,Coventry,Member,Female,Fresh Produce,7.2,4,1.38,30.51,27/04/2025,11:19:06,Mobile Wallet,29.06,0.08,2.34,7.0
THIRD-301104,N,Leicester,Normal,Male,Snacks,3.61,2,0.35,7.65,12/11/2025,10:56:21,Debit Card,7.29,0.17,1.25,6.9
THIRD-301105,P,Coventry,Normal,Male,Baby Products,11.08,3,1.6,35.23,20/01/2025,08:30:14,Debit Card,33.55,0.18,6.1,6.6
THIRD-301106,P,Coventry,Member,Male,Beverages,3.53,7,1.19,26.17,25/12/2025,13:44:07,Debit Card,24.92,0.13,3.26,8.2
THIRD-301107,N,Leicester,Normal,Male,Frozen Foods,12.8,4,2.46,54.28,02/01/2025,15:06:54,Mobile Wallet,51.7,0.1,5.22,7.2
THIRD-301108,P,Coventry,Member,Male,Health & Wellness,33.86,7,11.4,251.29,26/05/2025,12:59:18,Debit Card,239.32,0.24,57.98,7.0
THIRD-301109,M,Nottingham,Normal,Male,Fresh Produce,6.54,7,2.2,48.54,08/02/2025,20:20:42,Cash,46.23,0.08,3.73,6.6
THIRD-301110,P,Coventry,Member,Female,Baby Products,32.83,4,6.31,139.22,21/08/2025,14:58:57,Debit Card,132.59,0.18,24.09,7.1
THIRD-301111,N,Leicester,Member,Male,Frozen Foods,3.65,7,1.23,27.09,31/01/2025,12:31:35,Credit Card,25.8,0.1,2.61,8.4
THIRD-301112,M,Nottingham,Normal,Female,Bakery,3.74,4,0.72,15.88,08/04/2025,08:11:57,Cash,15.12,0.11,1.67,5.3
THIRD-301113,N,Leicester,Member,Female,Baby Products,15.15,6,4.37,96.38,18/01/2025,16:00:03,Debit Card,91.79,0.18,16.68,7.0
THIRD-301114,N,Leicester,Member,Male,Frozen Foods,13.59,1,0.65,14.41,10/07/2025,11:48:45,Credit Card,13.72,0.1,1.39,6.5
THIRD-301115,N,Leicester,Member,Male,Beverages,11.27,1,0.54,11.95,23/04/2025,14:17:35,Debit Card,11.38,0.13,1.49,4.7
THIRD-301116,P,Coventry,Normal,Male,Health & Wellness,33.97,6,9.8,216.05,19/04/2025,14:10:22,Credit Card,205.76,0.24,49.85,6.8
THIRD-301117,N,Leicester,Normal,Male,Baby Products,27.29,2,2.62,57.86,14/12/2025,16:20:34,Debit Card,55.1,0.18,10.02,6.1
THIRD-301118,P,Coventry,Member,Female,Frozen Foods,19.33,2,1.86,40.99,09/04/2025,12:16:41,Cash,39.04,0.1,3.94,7.3
THIRD-301119,M,Nottingham,Normal,Male,Fresh Produce,6.55,4,1.26,27.78,19/07/2025,10:33:29,Mobile Wallet,26.46,0.08,2.14,6.8
THIRD-301120,P,Coventry,Normal,Female,Fresh Produce,5.75,6,1.66,36.58,02/11/2025,17:33:46,Credit Card,34.84,0.08,2.81,7.2
THIRD-301121,N,Leicester,Normal,Male,Fresh Produce,6.56,7,2.21,48.7,17/05/2025,15:11:09,Credit Card,46.38,0.08,3.74,8.0
THIRD-301122,M,Nottingham,Member,Female,Beverages,8.23,3,1.19,26.17,07/06/2025,18:54:58,Debit Card,24.92,0.13,3.26,7.8
THIRD-301123,N,Leicester,Member,Female,Personal Care,13.5,1,0.65,14.31,03/09/2025,10:09:41,Debit Card,13.63,0.21,2.89,5.7
THIRD-301124,M,Nottingham,Member,Male,Fresh Produce,6.75,5,1.62,35.77,12/11/2025,18:54:12,Debit Card,34.07,0.08,2.76,4.3
THIRD-301125,P,Coventry,Member,Male,Snacks,1.16,2,0.11,2.47,24/08/2025,18:19:05,Debit Card,2.35,0.17,0.4,6.7
THIRD-301126,M,Nottingham,Member,Male,Fresh Produce,7.06,3,1.02,22.46,26/01/2025,14:13:04,Cash,21.39,0.08,1.73,7.5
THIRD-301127,M,Nottingham,Member,Male,Baby Products,29.7,5,7.14,157.44,08/08/2025,21:35:21,Cash,149.94,0.18,27.24,5.6
THIRD-301128,M,Nottingham,Member,Female,Bakery,5.73,6,1.65,36.45,12/01/2025,20:43:04,Credit Card,34.71,0.11,3.86,8.5
THIRD-301129,N,Leicester,Normal,Female,Snacks,3.05,11,1.61,35.53,17/04/2025,14:11:34,Debit Card,33.84,0.17,5.81,5.6
THIRD-301130,N,Leicester,Member,Female,Personal Care,13.1,5,3.15,69.46,26/01/2025,12:33:37,Credit Card,66.15,0.21,14.02,5.8
THIRD-301131,M,Nottingham,Normal,Female,Bakery,1.8,9,0.78,17.17,11/06/2025,18:21:59,Mobile Wallet,16.35,0.11,1.81,5.6
THIRD-301132,P,Coventry,Normal,Female,Personal Care,5.98,6,1.73,38.04,29/09/2025,15:36:37,Debit Card,36.22,0.21,7.68,5.8
THIRD-301133,M,Nottingham,Member,Male,Personal Care,29.65,2,2.85,62.86,10/12/2025,16:56:38,Cash,59.87,0.21,12.69,7.8
THIRD-301134,P,Coventry,Normal,Male,Personal Care,11.93,3,1.72,37.94,16/04/2025,15:18:26,Mobile Wallet,36.13,0.21,7.66,7.5
THIRD-301135,N,Leicester,Normal,Male,Frozen Foods,17.36,7,5.84,128.8,29/09/2025,18:40:30,Mobile Wallet,122.67,0.1,12.38,5.6
THIRD-301136,N,Leicester,Normal,Female,Fresh Produce,4.34,2,0.42,9.2,11/10/2025,11:49:41,Credit Card,8.76,0.08,0.71,6.7
THIRD-301137,P,Coventry,Member,Female,Health & Wellness,10.62,7,3.57,78.79,08/07/2025,17:29:17,Credit Card,75.04,0.24,18.18,7.4
THIRD-301138,P,Coventry,Normal,Female,Personal Care,7.94,2,0.76,16.82,09/01/2025,19:05:04,Cash,16.02,0.21,3.39,4.3
THIRD-301139,P,Coventry,Member,Female,Dairy & Eggs,8.13,12,4.69,103.46,13/08/2025,20:52:43,Cash,98.53,0.07,6.96,7.1
THIRD-301140,M,Nottingham,Normal,Female,Snacks,3.4,9,1.47,32.44,13/10/2025,15:12:03,Debit Card,30.9,0.17,5.3,7.2
THIRD-301141,M,Nottingham,Member,Female,Fresh Produce,4.41,10,2.12,46.75,29/06/2025,08:21:01,Credit Card,44.52,0.08,3.59,6.6
THIRD-301142,M,Nottingham,Normal,Male,Beverages,9.53,7,3.21,70.7,13/04/2025,11:12:24,Cash,67.33,0.13,8.84,6.3
THIRD-301143,M,Nottingham,Member,Female,Personal Care,22.22,1,1.07,23.56,30/05/2025,16:51:08,Debit Card,22.44,0.21,4.76,6.8
THIRD-301144,M,Nottingham,Member,Male,Household,10.08,5,2.42,53.41,12/05/2025,21:13:50,Cash,50.87,0.19,9.76,7.4
THIRD-301145,M,Nottingham,Normal,Female,Frozen Foods,12.6,7,4.24,93.53,14/10/2025,10:05:25,Mobile Wallet,89.08,0.1,8.99,6.2
THIRD-301146,M,Nottingham,Member,Male,Snacks,3.8,6,1.09,24.14,25/06/2025,21:42:36,Mobile Wallet,23.0,0.17,3.94,6.7
THIRD-301147,P,Coventry,Member,Female,Fresh Produce,4.14,8,1.59,35.1,22/02/2025,17:26:25,Credit Card,33.43,0.08,2.7,6.3
THIRD-301148,N,Leicester,Normal,Female,Snacks,3.8,2,0.36,8.04,02/12/2025,16:31:31,Mobile Wallet,7.66,0.17,1.31,5.9
THIRD-301149,N,Leicester,Member,Male,Fresh Produce,8.52,2,0.82,18.06,13/12/2025,14:28:09,Debit Card,17.2,0.08,1.39,6.3
THIRD-301150,M,Nottingham,Member,Female,Household,14.24,1,0.68,15.09,11/04/2025,16:10:55,Debit Card,14.37,0.19,2.76,8.2
THIRD-301151,M,Nottingham,Normal,Male,Personal Care,27.56,11,14.58,321.38,04/10/2025,16:27:56,Debit Card,306.08,0.21,64.88,7.1
THIRD-301152,N,Leicester,Member,Female,Health & Wellness,37.04,3,5.34,117.81,27/11/2025,16:26:03,Debit Card,112.2,0.24,27.19,8.3
THIRD-301153,P,Coventry,Member,Female,Beverages,8.67,7,2.92,64.36,22/04/2025,12:51:58,Credit Card,61.3,0.13,8.05,6.0
THIRD-301154,M,Nottingham,Member,Male,Personal Care,22.93,3,3.31,72.93,23/02/2025,18:39:25,Mobile Wallet,69.46,0.21,14.72,6.1
THIRD-301155,M,Nottingham,Normal,Female,Dairy & Eggs,6.52,7,2.19,48.38,03/10/2025,11:45:46,Credit Card,46.08,0.07,3.25,6.7
THIRD-301156,P,Coventry,Member,Female,Frozen Foods,17.89,1,0.86,18.96,04/10/2025,13:21:38,Credit Card,18.06,0.1,1.82,5.2
THIRD-301157,N,Leicester,Member,Male,Household,10.13,3,1.46,32.21,20/10/2025,18:06:04,Credit Card,30.68,0.19,5.88,7.3
THIRD-301158,M,Nottingham,Member,Female,Bakery,4.96,3,0.72,15.78,03/11/2025,17:41:25,Mobile Wallet,15.03,0.11,1.66,6.1
THIRD-301159,P,Coventry,Normal,Female,Dairy & Eggs,2.38,6,0.69,15.15,05/10/2025,17:13:05,Credit Card,14.43,0.07,1.02,6.8
THIRD-301160,M,Nottingham,Normal,Female,Bakery,3.52,2,0.34,7.46,13/08/2025,16:54:52,Debit Card,7.1,0.11,0.78,5.9
THIRD-301161,P,Coventry,Member,Female,Bakery,10.96,2,1.05,23.24,31/12/2025,18:37:10,Debit Card,22.13,0.11,2.46,7.0
THIRD-301162,N,Leicester,Member,Female,Fresh Produce,2.54,3,0.37,8.07,15/08/2025,11:36:46,Mobile Wallet,7.69,0.08,0.63,5.7
THIRD-301163,P,Coventry,Normal,Female,Fresh Produce,9.29,2,0.89,19.69,23/02/2025,10:02:50,Debit Card,18.75,0.08,1.52,6.3
THIRD-301164,P,Coventry,Member,Male,Beverages,1.49,7,0.5,11.04,13/08/2025,21:18:29,Debit Card,10.51,0.13,1.38,7.8
THIRD-301165,P,Coventry,Normal,Female,Beverages,11.75,5,2.83,62.3,07/03/2025,11:45:34,Debit Card,59.32,0.13,7.79,5.9
THIRD-301166,N,Leicester,Member,Male,Dairy & Eggs,4.2,5,1.01,22.27,01/07/2025,12:03:55,Debit Card,21.21,0.07,1.49,5.7
THIRD-301167,P,Coventry,Member,Female,Household,14.31,6,4.13,91.02,31/05/2025,17:58:16,Debit Card,86.69,0.19,16.63,6.9
THIRD-301168,P,Coventry,Normal,Male,Health & Wellness,9.66,7,3.25,71.69,15/05/2025,12:18:15,Credit Card,68.28,0.24,16.55,5.6
THIRD-301169,M,Nottingham,Normal,Female,Frozen Foods,10.16,8,3.91,86.17,09/09/2025,15:19:00,Debit Card,82.07,0.1,8.29,5.7
THIRD-301170,N,Leicester,Member,Female,Frozen Foods,8.73,6,2.52,55.5,25/11/2025,11:55:54,Mobile Wallet,52.86,0.1,5.33,8.4
THIRD-301171,P,Coventry,Normal,Male,Fresh Produce,8.57,4,1.65,36.34,09/11/2025,13:59:10,Credit Card,34.61,0.08,2.8,6.8
THIRD-301172,P,Coventry,Normal,Female,Personal Care,2.7,5,0.65,14.33,12/02/2025,16:21:10,Credit Card,13.65,0.21,2.89,6.4
THIRD-301173,N,Leicester,Member,Male,Frozen Foods,13.8,10,6.63,146.3,03/07/2025,16:37:19,Debit Card,139.34,0.1,14.07,8.8
THIRD-301174,N,Leicester,Member,Male,Fresh Produce,4.21,12,2.43,53.58,12/09/2025,19:12:56,Cash,51.03,0.08,4.12,5.8
THIRD-301175,M,Nottingham,Normal,Female,Frozen Foods,12.77,4,2.46,54.16,11/06/2025,09:36:12,Mobile Wallet,51.58,0.1,5.2,6.7
THIRD-301176,M,Nottingham,Normal,Male,Snacks,4.4,5,1.06,23.32,21/02/2025,11:04:06,Cash,22.21,0.17,3.82,8.5
THIRD-301177,M,Nottingham,Normal,Male,Health & Wellness,8.72,6,2.51,55.43,02/05/2025,10:38:34,Credit Card,52.79,0.24,12.79,6.6
THIRD-301178,M,Nottingham,Member,Female,Baby Products,21.05,4,4.05,89.26,16/11/2025,14:59:01,Debit Card,85.01,0.18,15.44,7.7
THIRD-301179,N,Leicester,Member,Female,Bakery,7.45,1,0.36,7.9,04/08/2025,11:56:24,Debit Card,7.52,0.11,0.84,6.5
THIRD-301180,N,Leicester,Member,Female,Snacks,3.5,5,0.84,18.57,12/05/2025,16:22:58,Debit Card,17.69,0.17,3.03,7.3
THIRD-301181,M,Nottingham,Member,Male,Household,9.26,4,1.78,39.25,11/05/2025,12:36:15,Cash,37.38,0.19,7.17,6.6
THIRD-301182,N,Leicester,Normal,Female,Bakery,4.05,8,1.56,34.31,08/12/2025,21:10:07,Cash,32.68,0.11,3.63,6.6
THIRD-301183,M,Nottingham,Member,Male,Beverages,6.09,7,2.05,45.22,23/03/2025,15:21:28,Mobile Wallet,43.07,0.13,5.65,7.2
THIRD-301184,N,Leicester,Member,Male,Health & Wellness,12.89,3,1.86,40.98,22/05/2025,11:52:25,Credit Card,39.03,0.24,9.46,5.6
THIRD-301185,P,Coventry,Normal,Male,Fresh Produce,11.47,10,5.52,121.61,16/03/2025,14:09:54,Mobile Wallet,115.82,0.08,9.35,6.1
THIRD-301186,M,Nottingham,Member,Male,Personal Care,4.72,3,0.68,15.02,06/08/2025,19:05:51,Credit Card,14.3,0.21,3.03,5.7
THIRD-301187,M,Nottingham,Member,Male,Baby Products,8.66,7,2.92,64.29,24/11/2025,17:50:04,Mobile Wallet,61.23,0.18,11.13,6.7
THIRD-301188,P,Coventry,Normal,Male,Bakery,3.33,1,0.16,3.53,13/01/2025,16:40:51,Debit Card,3.36,0.11,0.37,9.1
THIRD-301189,N,Leicester,Normal,Male,Personal Care,7.03,7,2.37,52.17,24/10/2025,08:46:42,Mobile Wallet,49.69,0.21,10.54,7.6
THIRD-301190,P,Coventry,Member,Female,Baby Products,38.66,5,9.29,204.9,03/10/2025,10:50:53,Debit Card,195.14,0.18,35.46,5.6
THIRD-301191,N,Leicester,Normal,Female,Baby Products,18.48,7,6.22,137.14,31/05/2025,17:14:56,Credit Card,130.61,0.18,23.73,5.6
THIRD-301192,P,Coventry,Member,Female,Health & Wellness,43.22,5,10.39,229.1,19/08/2025,21:42:04,Credit Card,218.19,0.24,52.86,5.8
THIRD-301193,M,Nottingham,Normal,Female,Frozen Foods,5.63,5,1.35,29.82,09/03/2025,15:32:34,Credit Card,28.4,0.1,2.87,7.8
THIRD-301194,N,Leicester,Normal,Female,Health & Wellness,28.25,1,1.36,29.95,10/03/2025,15:46:21,Debit Card,28.52,0.24,6.91,6.0
THIRD-301195,P,Coventry,Member,Male,Personal Care,3.09,8,1.19,26.2,17/03/2025,13:01:02,Debit Card,24.95,0.21,5.29,5.9
THIRD-301196,N,Leicester,Member,Female,Beverages,10.32,6,2.98,65.62,02/03/2025,17:21:01,Cash,62.5,0.13,8.2,7.0
THIRD-301197,P,Coventry,Normal,Male,Health & Wellness,12.71,7,4.28,94.31,13/11/2025,19:38:00,Credit Card,89.82,0.24,21.76,7.2
THIRD-301198,P,Coventry,Member,Male,Frozen Foods,7.94,8,3.05,67.29,29/09/2025,11:06:28,Mobile Wallet,64.09,0.1,6.47,7.2
THIRD-301199,P,Coventry,Normal,Male,Personal Care,22.39,5,5.38,118.68,12/06/2025,19:32:19,Credit Card,113.03,0.21,23.97,5.7
THIRD-301200,M,Nottingham,Normal,Female,Household,23.18,6,6.69,147.45,04/01/2025,13:09:45,Credit Card,140.43,0.19,26.93,6.4
THIRD-301201,N,Leicester,Normal,Female,Fresh Produce,6.98,2,0.67,14.79,10/09/2025,13:12:36,Mobile Wallet,14.09,0.08,1.13,5.1
THIRD-301202,P,Coventry,Normal,Male,Fresh Produce,1.96,8,0.75,16.58,07/11/2025,18:31:13,Credit Card,15.79,0.08,1.27,8.0
THIRD-301203,P,Coventry,Member,Male,Baby Products,13.04,1,0.63,13.83,16/01/2025,14:43:51,Cash,13.17,0.18,2.4,7.2
THIRD-301204,M,Nottingham,Normal,Male,Beverages,4.72,3,0.68,15.02,07/05/2025,11:26:26,Credit Card,14.3,0.13,1.88,6.6
THIRD-301205,N,Leicester,Normal,Male,Bakery,5.36,7,1.8,39.74,10/08/2025,10:10:45,Debit Card,37.85,0.11,4.21,6.1
THIRD-301206,P,Coventry,Member,Female,Dairy & Eggs,5.61,1,0.27,5.94,08/08/2025,21:36:15,Cash,5.66,0.07,0.4,7.8
THIRD-301207,P,Coventry,Normal,Male,Beverages,4.77,8,1.84,40.49,14/11/2025,16:35:59,Credit Card,38.56,0.13,5.06,7.9
THIRD-301208,N,Leicester,Normal,Male,Health & Wellness,43.66,2,4.2,92.57,17/12/2025,18:44:48,Debit Card,88.16,0.24,21.36,4.7
THIRD-301209,N,Leicester,Member,Male,Health & Wellness,8.29,5,1.99,43.93,02/02/2025,16:02:59,Credit Card,41.84,0.24,10.13,7.1
THIRD-301210,P,Coventry,Member,Male,Personal Care,25.31,2,2.43,53.67,05/06/2025,18:59:27,Debit Card,51.11,0.21,10.83,7.5
THIRD-301211,P,Coventry,Member,Male,Fresh Produce,2.43,4,0.47,10.32,03/04/2025,15:29:39,Credit Card,9.83,0.08,0.8,8.7
THIRD-301212,P,Coventry,Normal,Female,Baby Products,27.11,1,1.3,28.74,21/02/2025,13:42:18,Cash,27.37,0.18,4.97,8.2
THIRD-301213,P,Coventry,Member,Male,Household,13.05,1,0.63,13.84,19/05/2025,18:02:46,Mobile Wallet,13.18,0.19,2.52,7.7
THIRD-301214,N,Leicester,Normal,Male,Beverages,10.06,5,2.42,53.31,28/07/2025,10:50:41,Debit Card,50.77,0.13,6.67,7.0
THIRD-301215,P,Coventry,Normal,Female,Health & Wellness,14.68,1,0.71,15.57,01/09/2025,15:57:37,Credit Card,14.83,0.24,3.59,6.7
THIRD-301216,P,Coventry,Member,Male,Fresh Produce,2.76,1,0.13,2.92,12/01/2025,16:38:33,Mobile Wallet,2.78,0.08,0.22,6.3
THIRD-301217,N,Leicester,Member,Female,Household,14.4,11,7.62,167.97,04/06/2025,12:13:17,Credit Card,159.97,0.19,30.69,4.5
THIRD-301218,N,Leicester,Member,Male,Household,7.08,4,1.36,30.03,21/02/2025,15:23:50,Mobile Wallet,28.6,0.19,5.49,7.4
THIRD-301219,P,Coventry,Normal,Male,Health & Wellness,31.4,1,1.51,33.29,06/02/2025,17:00:33,Debit Card,31.7,0.24,7.68,6.0
THIRD-301220,N,Leicester,Member,Female,Beverages,6.57,8,2.53,55.74,08/04/2025,21:59:56,Mobile Wallet,53.09,0.13,6.96,5.5
THIRD-301221,P,Coventry,Member,Male,Personal Care,27.02,3,3.9,85.93,25/07/2025,19:40:55,Credit Card,81.84,0.21,17.35,6.2
THIRD-301222,N,Leicester,Normal,Male,Snacks,4.2,10,2.02,44.54,13/01/2025,20:12:44,Mobile Wallet,42.42,0.17,7.28,4.9
THIRD-301223,P,Coventry,Member,Female,Snacks,5.94,1,0.29,6.3,24/02/2025,16:03:23,Debit Card,6.0,0.17,1.03,5.4
THIRD-301224,M,Nottingham,Normal,Female,Baby Products,7.52,1,0.36,7.97,02/11/2025,15:41:31,Mobile Wallet,7.59,0.18,1.38,6.9
THIRD-301225,N,Leicester,Normal,Male,Health & Wellness,22.45,2,2.16,47.61,02/09/2025,12:13:06,Credit Card,45.34,0.24,10.98,7.0
THIRD-301226,N,Leicester,Member,Male,Snacks,2.18,10,1.05,23.15,28/07/2025,15:27:35,Mobile Wallet,22.05,0.17,3.78,8.2
THIRD-301227,N,Leicester,Member,Female,Baby Products,31.86,11,16.85,371.47,28/01/2025,14:09:50,Debit Card,353.78,0.18,64.29,5.7
THIRD-301228,N,Leicester,Normal,Female,Household,12.03,4,2.31,51.02,02/05/2025,18:56:54,Debit Card,48.59,0.19,9.32,5.8
THIRD-301229,M,Nottingham,Member,Male,Beverages,6.65,10,3.2,70.46,14/08/2025,18:35:21,Mobile Wallet,67.1,0.13,8.81,6.0
THIRD-301230,P,Coventry,Normal,Male,Fresh Produce,11.7,1,0.56,12.4,11/05/2025,19:33:59,Cash,11.81,0.08,0.95,7.1
THIRD-301231,P,Coventry,Normal,Male,Personal Care,16.7,2,1.61,35.42,01/12/2025,14:42:03,Debit Card,33.73,0.21,7.16,7.1
THIRD-301232,N,Leicester,Normal,Female,Beverages,10.31,2,0.99,21.85,24/12/2025,12:45:20,Credit Card,20.81,0.13,2.73,7.4
THIRD-301233,P,Coventry,Normal,Male,Health & Wellness,47.1,11,24.91,549.26,18/12/2025,14:17:10,Credit Card,523.1,0.24,126.74,6.6
THIRD-301234,N,Leicester,Member,Female,Bakery,5.32,5,1.28,28.22,20/01/2025,17:01:34,Debit Card,26.88,0.11,2.99,6.1
THIRD-301235,N,Leicester,Member,Male,Baby Products,13.86,10,6.67,146.97,17/09/2025,11:59:49,Mobile Wallet,139.97,0.18,25.43,7.8
THIRD-301236,P,Coventry,Normal,Male,Fresh Produce,2.76,7,0.93,20.45,05/08/2025,19:32:19,Mobile Wallet,19.48,0.08,1.57,6.4
THIRD-301237,M,Nottingham,Normal,Female,Bakery,3.6,8,1.38,30.51,23/10/2025,20:56:34,Credit Card,29.06,0.11,3.22,4.6
THIRD-301238,N,Leicester,Normal,Female,Health & Wellness,39.0,5,9.38,206.72,15/07/2025,18:18:51,Credit Card,196.88,0.24,47.7,4.8
THIRD-301239,P,Coventry,Normal,Male,Fresh Produce,2.72,8,1.05,23.11,06/10/2025,20:21:36,Mobile Wallet,22.01,0.08,1.78,5.6
THIRD-301240,N,Leicester,Member,Male,Dairy & Eggs,2.17,5,0.52,11.52,23/04/2025,15:45:15,Cash,10.97,0.07,0.77,7.0
THIRD-301241,P,Coventry,Normal,Male,Beverages,12.83,8,4.94,108.84,22/03/2025,14:23:57,Debit Card,103.66,0.13,13.6,6.1
THIRD-301242,M,Nottingham,Normal,Female,Personal Care,10.02,1,0.48,10.62,08/03/2025,13:22:44,Cash,10.11,0.21,2.14,6.9
THIRD-301243,N,Leicester,Member,Female,Dairy & Eggs,5.73,2,0.55,12.15,12/04/2025,17:13:24,Mobile Wallet,11.57,0.07,0.82,6.0
THIRD-301244,M,Nottingham,Normal,Female,Beverages,1.01,2,0.1,2.14,25/07/2025,15:02:24,Mobile Wallet,2.04,0.13,0.26,6.5
THIRD-301245,N,Leicester,Member,Female,Personal Care,23.25,6,6.71,147.91,22/05/2025,10:28:41,Cash,140.87,0.21,29.86,5.1
THIRD-301246,M,Nottingham,Normal,Female,Frozen Foods,4.24,10,2.04,44.98,21/03/2025,17:46:12,Debit Card,42.84,0.1,4.32,7.0
THIRD-301247,N,Leicester,Member,Male,Health & Wellness,13.71,1,0.66,14.53,07/05/2025,14:34:32,Credit Card,13.84,0.24,3.35,7.4
THIRD-301248,M,Nottingham,Normal,Female,Beverages,6.85,5,1.65,36.33,13/05/2025,14:19:39,Debit Card,34.6,0.13,4.54,5.2
THIRD-301249,P,Coventry,Normal,Male,Fresh Produce,5.14,7,1.73,38.13,27/10/2025,18:58:11,Debit Card,36.31,0.08,2.94,6.3
THIRD-301250,P,Coventry,Member,Female,Household,4.24,1,0.2,4.49,24/12/2025,19:01:44,Debit Card,4.28,0.19,0.83,5.5
THIRD-301251,M,Nottingham,Normal,Male,Beverages,10.44,3,1.51,33.21,29/10/2025,18:13:42,Debit Card,31.63,0.13,4.16,6.2
THIRD-301252,N,Leicester,Normal,Male,Household,9.3,1,0.45,9.86,20/11/2025,13:33:52,Credit Card,9.39,0.19,1.8,4.8
THIRD-301253,M,Nottingham,Member,Female,Fresh Produce,4.77,7,1.61,35.43,20/03/2025,15:44:04,Credit Card,33.74,0.08,2.72,9.2
THIRD-301254,M,Nottingham,Member,Female,Bakery,2.14,6,0.62,13.63,12/12/2025,11:15:50,Credit Card,12.98,0.11,1.44,6.8
THIRD-301255,M,Nottingham,Normal,Male,Health & Wellness,4.36,1,0.21,4.62,27/05/2025,15:07:27,Debit Card,4.4,0.24,1.07,5.8
THIRD-301256,P,Coventry,Member,Female,Health & Wellness,31.63,2,3.04,67.05,12/03/2025,21:09:03,Credit Card,63.86,0.24,15.48,7.6
THIRD-301257,N,Leicester,Normal,Female,Snacks,6.02,9,2.61,57.46,20/03/2025,17:43:25,Cash,54.72,0.17,9.39,6.4
THIRD-301258,M,Nottingham,Member,Female,Fresh Produce,5.69,2,0.55,12.06,04/04/2025,19:11:22,Debit Card,11.49,0.08,0.93,7.6
THIRD-301259,P,Coventry,Member,Male,Personal Care,14.37,6,4.15,91.42,17/02/2025,15:46:41,Cash,87.07,0.21,18.45,6.4
THIRD-301260,M,Nottingham,Normal,Female,Health & Wellness,23.24,9,10.06,221.77,27/09/2025,21:29:09,Credit Card,211.21,0.24,51.18,6.5
THIRD-301261,M,Nottingham,Normal,Male,Bakery,8.95,5,2.15,47.46,22/03/2025,17:09:05,Credit Card,45.2,0.11,5.02,5.9
THIRD-301262,P,Coventry,Member,Female,Dairy & Eggs,2.84,6,0.82,18.06,03/07/2025,16:25:01,Credit Card,17.2,0.07,1.22,6.0
THIRD-301263,M,Nottingham,Member,Male,Bakery,4.83,1,0.23,5.11,18/11/2025,16:04:45,Debit Card,4.87,0.11,0.54,7.9
THIRD-301264,N,Leicester,Member,Male,Personal Care,16.13,5,3.88,85.5,13/03/2025,13:15:35,Credit Card,81.43,0.21,17.27,7.5
THIRD-301265,M,Nottingham,Normal,Female,Personal Care,6.94,1,0.33,7.35,01/11/2025,10:26:14,Credit Card,7.0,0.21,1.48,6.3
THIRD-301266,M,Nottingham,Normal,Male,Health & Wellness,7.36,5,1.77,39.03,28/12/2025,17:17:33,Debit Card,37.17,0.24,9.01,6.0
THIRD-301267,M,Nottingham,Normal,Male,Health & Wellness,23.06,3,3.33,73.33,08/07/2025,11:09:18,Credit Card,69.84,0.24,16.92,4.7
THIRD-301268,P,Coventry,Member,Female,Fresh Produce,10.19,2,0.98,21.61,16/08/2025,18:27:35,Debit Card,20.58,0.08,1.66,4.8
THIRD-301269,N,Leicester,Normal,Female,Health & Wellness,38.22,5,9.19,202.59,09/12/2025,15:10:56,Cash,192.94,0.24,46.75,7.1
THIRD-301270,M,Nottingham,Member,Female,Bakery,4.97,1,0.24,5.27,16/03/2025,10:40:44,Debit Card,5.02,0.11,0.56,7.3
THIRD-301271,M,Nottingham,Normal,Male,Frozen Foods,14.33,6,4.13,91.15,13/10/2025,16:15:27,Credit Card,86.81,0.1,8.77,7.9
THIRD-301272,P,Coventry,Normal,Male,Dairy & Eggs,5.45,3,0.79,17.34,02/05/2025,17:38:52,Credit Card,16.51,0.07,1.17,5.7
THIRD-301273,N,Leicester,Member,Male,Dairy & Eggs,2.79,1,0.13,2.95,05/05/2025,14:41:27,Debit Card,2.81,0.07,0.2,7.8
THIRD-301274,N,Leicester,Member,Male,Baby Products,39.08,6,11.27,248.59,25/07/2025,18:00:09,Debit Card,236.75,0.18,43.03,7.0
THIRD-301275,N,Leicester,Normal,Female,Bakery,2.72,2,0.26,5.78,20/03/2025,12:31:48,Debit Card,5.5,0.11,0.61,5.9
THIRD-301276,M,Nottingham,Member,Female,Fresh Produce,8.66,8,3.33,73.47,04/07/2025,21:53:18,Credit Card,69.97,0.08,5.65,6.5
THIRD-301277,M,Nottingham,Member,Female,Snacks,3.99,1,0.19,4.23,27/11/2025,18:05:48,Mobile Wallet,4.03,0.17,0.69,7.8
THIRD-301278,N,Leicester,Member,Female,Dairy & Eggs,5.09,6,1.47,32.35,14/01/2025,13:20:52,Mobile Wallet,30.81,0.07,2.17,5.8
THIRD-301279,N,Leicester,Member,Male,Baby Products,40.9,2,3.93,86.72,03/04/2025,15:32:33,Credit Card,82.59,0.18,15.01,5.4
THIRD-301280,M,Nottingham,Normal,Male,Household,10.63,13,6.64,146.48,22/12/2025,17:43:41,Cash,139.5,0.19,26.75,6.5
THIRD-301281,N,Leicester,Normal,Female,Snacks,3.88,7,1.31,28.79,09/10/2025,18:37:55,Cash,27.42,0.17,4.71,5.3
THIRD-301282,P,Coventry,Member,Female,Frozen Foods,11.94,9,5.17,113.91,26/08/2025,20:28:31,Debit Card,108.49,0.1,10.95,6.6
THIRD-301283,N,Leicester,Normal,Male,Fresh Produce,9.4,3,1.36,29.9,28/11/2025,16:35:22,Cash,28.48,0.08,2.3,7.1
THIRD-301284,M,Nottingham,Normal,Female,Baby Products,24.62,2,2.37,52.2,28/06/2025,11:55:29,Debit Card,49.71,0.18,9.03,7.6
THIRD-301285,N,Leicester,Member,Male,Bakery,2.78,2,0.27,5.89,23/10/2025,16:13:41,Credit Card,5.61,0.11,0.63,7.8
THIRD-301286,M,Nottingham,Member,Female,Fresh Produce,7.61,1,0.37,8.07,03/11/2025,12:26:46,Credit Card,7.69,0.08,0.63,6.5
THIRD-301287,M,Nottingham,Normal,Male,Household,19.95,5,4.8,105.74,11/07/2025,19:57:58,Mobile Wallet,100.7,0.19,19.31,7.1
THIRD-301288,N,Leicester,Member,Female,Household,15.96,2,1.54,33.85,26/09/2025,12:08:17,Mobile Wallet,32.24,0.19,6.18,7.0
THIRD-301289,M,Nottingham,Normal,Female,Health & Wellness,3.95,3,0.57,12.57,08/07/2025,15:28:05,Debit Card,11.97,0.24,2.9,5.8
THIRD-301290,N,Leicester,Normal,Male,Baby Products,35.68,10,17.16,378.27,17/06/2025,11:05:27,Debit Card,360.26,0.18,65.47,6.4
THIRD-301291,M,Nottingham,Member,Male,Household,25.37,1,1.22,26.89,29/07/2025,18:02:27,Cash,25.61,0.19,4.91,6.6
THIRD-301292,P,Coventry,Normal,Male,Household,16.48,5,3.96,87.37,01/10/2025,17:56:37,Credit Card,83.21,0.19,15.96,6.8
THIRD-301293,P,Coventry,Member,Female,Baby Products,34.5,9,14.93,329.13,24/12/2025,10:31:32,Debit Card,313.46,0.18,56.96,5.8
THIRD-301294,M,Nottingham,Normal,Female,Health & Wellness,21.69,3,3.13,69.0,16/09/2025,08:23:11,Debit Card,65.71,0.24,15.92,5.3
THIRD-301295,P,Coventry,Normal,Female,Health & Wellness,24.55,4,4.72,104.12,14/03/2025,12:38:35,Debit Card,99.16,0.24,24.03,6.5
THIRD-301296,M,Nottingham,Member,Female,Frozen Foods,4.0,1,0.19,4.24,06/02/2025,19:56:33,Debit Card,4.04,0.1,0.41,8.3
THIRD-301297,N,Leicester,Member,Male,Personal Care,3.36,3,0.48,10.68,06/11/2025,11:31:11,Debit Card,10.17,0.21,2.15,8.7
THIRD-301298,P,Coventry,Normal,Male,Fresh Produce,9.81,2,0.94,20.79,10/01/2025,15:08:45,Cash,19.8,0.08,1.6,4.7
THIRD-301299,N,Leicester,Normal,Male,Beverages,5.27,3,0.76,16.77,08/07/2025,11:32:17,Credit Card,15.97,0.13,2.1,4.1
THIRD-301300,P,Coventry,Normal,Female,Household,15.49,5,3.72,82.08,10/04/2025,13:03:25,Mobile Wallet,78.17,0.19,15.0,5.2
THIRD-301301,N,Leicester,Normal,Female,Health & Wellness,25.56,9,11.06,243.89,05/04/2025,10:54:26,Debit Card,232.28,0.24,56.28,6.9
THIRD-301302,N,Leicester,Member,Male,Dairy & Eggs,4.82,6,1.39,30.63,12/10/2025,14:22:13,Credit Card,29.17,0.07,2.06,8.3
THIRD-301303,N,Leicester,Normal,Male,Personal Care,17.31,1,0.83,18.34,21/09/2025,16:01:35,Debit Card,17.47,0.21,3.7,8.2
THIRD-301304,N,Leicester,Normal,Male,Baby Products,12.71,10,6.11,134.73,20/07/2025,12:11:56,Mobile Wallet,128.31,0.18,23.32,7.4
THIRD-301305,N,Leicester,Member,Male,Personal Care,5.04,6,1.46,32.09,20/11/2025,13:22:21,Credit Card,30.56,0.21,6.48,9.4
THIRD-301306,N,Leicester,Member,Male,Frozen Foods,13.23,2,1.27,28.05,30/05/2025,16:43:55,Credit Card,26.71,0.1,2.69,6.7
THIRD-301307,P,Coventry,Member,Male,Health & Wellness,43.37,11,22.94,505.72,06/07/2025,19:48:05,Cash,481.64,0.24,116.7,7.2
THIRD-301308,N,Leicester,Member,Female,Frozen Foods,5.88,3,0.85,18.69,25/08/2025,14:05:28,Credit Card,17.8,0.1,1.8,6.0
THIRD-301309,M,Nottingham,Member,Female,Bakery,4.42,5,1.06,23.43,13/03/2025,16:39:46,Debit Card,22.31,0.11,2.48,6.7
THIRD-301310,M,Nottingham,Normal,Male,Beverages,9.34,1,0.45,9.9,28/04/2025,12:26:32,Credit Card,9.43,0.13,1.24,4.7
THIRD-301311,P,Coventry,Normal,Male,Bakery,12.0,8,4.62,101.79,23/11/2025,12:57:32,Debit Card,96.94,0.11,10.77,8.5
THIRD-301312,N,Leicester,Member,Female,Bakery,1.39,7,0.47,10.34,07/08/2025,10:42:41,Credit Card,9.85,0.11,1.09,6.9
THIRD-301313,P,Coventry,Member,Female,Beverages,4.14,3,0.6,13.17,15/06/2025,15:24:51,Debit Card,12.54,0.13,1.64,6.9
THIRD-301314,M,Nottingham,Normal,Male,Baby Products,5.6,5,1.34,29.65,12/12/2025,16:54:02,Cash,28.24,0.18,5.13,6.8
THIRD-301315,P,Coventry,Member,Male,Health & Wellness,14.81,9,6.41,141.3,18/07/2025,13:53:39,Mobile Wallet,134.57,0.24,32.61,5.9
THIRD-301316,N,Leicester,Member,Male,Household,15.57,6,4.49,99.03,19/01/2025,09:55:33,Credit Card,94.31,0.19,18.09,7.2
THIRD-301317,N,Leicester,Normal,Male,Personal Care,4.41,1,0.21,4.67,17/04/2025,19:39:43,Mobile Wallet,4.45,0.21,0.94,6.7
THIRD-301318,M,Nottingham,Normal,Male,Personal Care,16.72,4,3.22,70.92,22/12/2025,09:07:50,Credit Card,67.54,0.21,14.32,5.5
THIRD-301319,P,Coventry,Normal,Female,Frozen Foods,9.81,5,2.36,51.99,07/12/2025,14:34:10,Debit Card,49.51,0.1,4.99,5.8
THIRD-301320,P,Coventry,Normal,Male,Snacks,0.95,5,0.23,5.02,10/06/2025,18:23:34,Credit Card,4.78,0.17,0.82,4.4
THIRD-301321,N,Leicester,Normal,Male,Beverages,2.1,3,0.3,6.68,22/06/2025,12:27:14,Mobile Wallet,6.36,0.13,0.84,5.9
THIRD-301322,M,Nottingham,Normal,Female,Fresh Produce,6.47,7,2.18,48.01,10/02/2025,13:07:55,Cash,45.72,0.08,3.69,6.0
THIRD-301323,P,Coventry,Member,Female,Dairy & Eggs,1.83,1,0.09,1.94,20/01/2025,20:55:41,Cash,1.85,0.07,0.13,6.5
THIRD-301324,P,Coventry,Normal,Female,Household,11.21,8,4.31,95.08,08/04/2025,16:00:51,Mobile Wallet,90.55,0.19,17.37,8.0
THIRD-301325,M,Nottingham,Normal,Female,Beverages,7.95,4,1.53,33.69,30/05/2025,16:09:06,Mobile Wallet,32.09,0.13,4.21,5.2
THIRD-301326,N,Leicester,Normal,Female,Frozen Foods,15.48,3,2.23,49.21,09/02/2025,16:16:34,Mobile Wallet,46.87,0.1,4.73,6.9
THIRD-301327,P,Coventry,Member,Female,Household,15.16,5,3.65,80.38,04/05/2025,16:56:38,Cash,76.55,0.19,14.68,6.3
THIRD-301328,P,Coventry,Normal,Male,Household,8.94,8,3.44,75.85,11/03/2025,19:23:33,Credit Card,72.24,0.19,13.85,7.8
THIRD-301329,N,Leicester,Member,Female,Baby Products,14.87,1,0.72,15.77,23/07/2025,11:44:44,Credit Card,15.02,0.18,2.72,7.0
THIRD-301330,P,Coventry,Normal,Female,Dairy & Eggs,7.26,2,0.7,15.39,24/01/2025,13:21:54,Debit Card,14.66,0.07,1.04,7.1
THIRD-301331,P,Coventry,Member,Female,Health & Wellness,30.87,5,7.42,163.61,01/01/2025,16:19:37,Credit Card,155.82,0.24,37.76,8.7
THIRD-301332,P,Coventry,Member,Male,Beverages,8.93,1,0.43,9.47,22/06/2025,16:09:19,Credit Card,9.02,0.13,1.19,8.7
THIRD-301333,N,Leicester,Normal,Female,Snacks,1.82,3,0.26,5.79,16/06/2025,18:49:33,Debit Card,5.51,0.17,0.94,7.0
THIRD-301334,N,Leicester,Member,Male,Baby Products,34.34,4,6.6,145.61,19/06/2025,19:31:52,Mobile Wallet,138.68,0.18,25.2,7.1
THIRD-301335,P,Coventry,Member,Male,Snacks,4.49,6,1.3,28.58,30/12/2025,17:59:35,Debit Card,27.22,0.17,4.67,5.4
THIRD-301336,P,Coventry,Member,Female,Household,20.49,12,11.82,260.63,28/05/2025,15:57:47,Mobile Wallet,248.22,0.19,47.62,8.0
THIRD-301337,P,Coventry,Normal,Male,Dairy & Eggs,5.04,2,0.48,10.69,17/11/2025,17:53:37,Debit Card,10.18,0.07,0.72,5.3
THIRD-301338,P,Coventry,Member,Female,Frozen Foods,14.94,4,2.87,63.37,14/01/2025,13:25:07,Credit Card,60.35,0.1,6.1,6.9
THIRD-301339,P,Coventry,Normal,Male,Personal Care,14.48,9,6.26,138.12,14/10/2025,14:26:07,Credit Card,131.54,0.21,27.89,7.6
THIRD-301340,N,Leicester,Normal,Male,Baby Products,16.15,2,1.55,34.24,29/01/2025,16:17:30,Credit Card,32.61,0.18,5.93,6.7
THIRD-301341,M,Nottingham,Normal,Female,Beverages,11.95,2,1.15,25.34,09/05/2025,15:44:48,Credit Card,24.13,0.13,3.17,6.6
THIRD-301342,M,Nottingham,Member,Male,Bakery,3.22,1,0.16,3.42,02/03/2025,15:27:15,Debit Card,3.26,0.11,0.36,8.1
THIRD-301343,P,Coventry,Member,Male,Fresh Produce,9.96,2,0.96,21.13,22/04/2025,16:34:11,Mobile Wallet,20.12,0.08,1.62,6.5
THIRD-301344,P,Coventry,Member,Female,Frozen Foods,17.26,3,2.49,54.9,06/03/2025,15:13:40,Credit Card,52.29,0.1,5.28,4.0
THIRD-301345,P,Coventry,Member,Male,Bakery,3.97,6,1.15,25.27,28/08/2025,14:36:33,Cash,24.07,0.11,2.67,7.9
THIRD-301346,M,Nottingham,Member,Female,Household,24.9,2,2.39,52.78,17/10/2025,17:31:43,Debit Card,50.27,0.19,9.65,9.0
THIRD-301347,P,Coventry,Normal,Male,Frozen Foods,5.67,6,1.64,36.06,18/01/2025,10:00:42,Cash,34.34,0.1,3.47,7.0
THIRD-301348,N,Leicester,Normal,Male,Bakery,3.53,8,1.36,29.9,12/07/2025,14:58:02,Mobile Wallet,28.48,0.11,3.16,6.8
THIRD-301349,P,Coventry,Normal,Male,Household,23.92,7,8.05,177.5,25/10/2025,15:32:51,Credit Card,169.05,0.19,32.43,6.0
THIRD-301350,P,Coventry,Member,Male,Household,21.66,5,5.21,114.83,18/08/2025,14:57:38,Mobile Wallet,109.36,0.19,20.98,7.4
THIRD-301351,P,Coventry,Normal,Female,Snacks,1.96,4,0.38,8.3,28/09/2025,09:19:02,Debit Card,7.9,0.17,1.36,7.2
THIRD-301352,P,Coventry,Normal,Male,Baby Products,5.1,7,1.71,37.81,11/03/2025,17:20:15,Debit Card,36.02,0.18,6.54,6.5
THIRD-301353,M,Nottingham,Normal,Female,Frozen Foods,15.04,7,5.06,111.59,30/12/2025,11:57:31,Cash,106.28,0.1,10.73,7.6
THIRD-301354,P,Coventry,Normal,Female,Snacks,0.83,2,0.08,1.76,18/09/2025,13:07:41,Credit Card,1.68,0.17,0.29,4.8
THIRD-301355,N,Leicester,Member,Female,Beverages,2.17,4,0.42,9.22,09/05/2025,15:27:34,Mobile Wallet,8.78,0.13,1.16,9.3
THIRD-301356,N,Leicester,Member,Female,Personal Care,6.04,10,2.91,64.06,31/01/2025,11:25:01,Mobile Wallet,61.0,0.21,12.93,7.8
THIRD-301357,M,Nottingham,Normal,Female,Personal Care,10.3,6,2.97,65.49,28/08/2025,09:04:29,Credit Card,62.37,0.21,13.22,6.3
THIRD-301358,P,Coventry,Normal,Male,Frozen Foods,16.98,2,1.63,36.0,23/07/2025,14:10:01,Credit Card,34.29,0.1,3.47,6.4
THIRD-301359,N,Leicester,Member,Male,Beverages,5.39,8,2.07,45.69,26/08/2025,10:02:02,Credit Card,43.51,0.13,5.71,7.4
THIRD-301360,N,Leicester,Member,Female,Baby Products,35.83,9,15.5,341.83,19/04/2025,17:38:39,Debit Card,325.55,0.18,59.16,5.3
THIRD-301361,P,Coventry,Normal,Male,Fresh Produce,4.01,2,0.39,8.52,17/05/2025,15:09:42,Debit Card,8.11,0.08,0.66,8.8
THIRD-301362,P,Coventry,Member,Male,Fresh Produce,11.09,4,2.13,47.01,01/04/2025,15:15:42,Debit Card,44.77,0.08,3.61,6.0
THIRD-301363,M,Nottingham,Member,Male,Frozen Foods,12.37,3,1.78,39.32,07/04/2025,17:54:09,Debit Card,37.45,0.1,3.78,6.0
THIRD-301364,M,Nottingham,Member,Female,Household,19.79,1,0.95,20.98,13/08/2025,13:41:06,Debit Card,19.98,0.19,3.84,7.3
THIRD-301365,N,Leicester,Member,Female,Fresh Produce,9.67,5,2.33,51.27,01/04/2025,09:30:19,Debit Card,48.82,0.08,3.94,7.2
THIRD-301366,P,Coventry,Member,Female,Household,5.38,10,2.59,57.0,07/01/2025,15:29:30,Mobile Wallet,54.28,0.19,10.41,6.3
THIRD-301367,P,Coventry,Normal,Female,Household,25.67,6,7.4,163.25,04/05/2025,14:30:15,Debit Card,155.48,0.19,29.83,5.6
THIRD-301368,P,Coventry,Member,Male,Snacks,4.53,1,0.22,4.81,14/06/2025,19:13:11,Debit Card,4.58,0.17,0.78,7.4
THIRD-301369,N,Leicester,Normal,Male,Snacks,5.08,5,1.22,26.9,22/07/2025,21:30:03,Debit Card,25.62,0.17,4.4,7.2
THIRD-301370,P,Coventry,Member,Female,Frozen Foods,14.92,5,3.59,79.11,29/12/2025,20:26:27,Mobile Wallet,75.34,0.1,7.61,6.2
THIRD-301371,N,Leicester,Member,Female,Beverages,2.38,1,0.11,2.52,30/03/2025,19:19:17,Mobile Wallet,2.4,0.13,0.32,8.2
THIRD-301372,M,Nottingham,Normal,Female,Dairy & Eggs,2.97,4,0.57,12.61,19/08/2025,14:20:06,Debit Card,12.01,0.07,0.85,6.0
THIRD-301373,M,Nottingham,Member,Female,Fresh Produce,10.92,2,1.05,23.15,06/08/2025,14:19:40,Mobile Wallet,22.05,0.08,1.78,6.5
THIRD-301374,N,Leicester,Member,Male,Personal Care,20.77,13,12.98,286.22,30/05/2025,15:25:20,Debit Card,272.59,0.21,57.79,7.0
THIRD-301375,M,Nottingham,Member,Female,Snacks,5.79,6,1.67,36.84,06/01/2025,19:18:15,Credit Card,35.09,0.17,6.02,5.6
THIRD-301376,M,Nottingham,Normal,Male,Dairy & Eggs,6.56,6,1.89,41.74,03/04/2025,10:26:29,Credit Card,39.75,0.07,2.81,7.0
THIRD-301377,N,Leicester,Member,Male,Snacks,2.35,11,1.24,27.4,17/04/2025,12:57:49,Cash,26.1,0.17,4.48,7.3
THIRD-301378,P,Coventry,Member,Male,Personal Care,19.61,12,11.32,249.52,09/02/2025,12:14:06,Cash,237.64,0.21,50.38,7.6
THIRD-301379,N,Leicester,Normal,Male,Beverages,13.19,11,6.97,153.77,09/02/2025,12:44:14,Cash,146.45,0.13,19.22,7.5
THIRD-301380,N,Leicester,Normal,Female,Frozen Foods,15.07,1,0.72,15.97,25/09/2025,19:44:29,Credit Card,15.21,0.1,1.54,6.4
THIRD-301381,N,Leicester,Normal,Female,Health & Wellness,11.14,3,1.61,35.43,17/01/2025,16:25:01,Mobile Wallet,33.74,0.24,8.17,6.1
THIRD-301382,N,Leicester,Member,Male,Beverages,13.01,2,1.25,27.58,07/02/2025,15:56:51,Cash,26.27,0.13,3.44,7.9
THIRD-301383,M,Nottingham,Normal,Female,Bakery,7.94,5,1.91,42.06,18/08/2025,17:47:23,Debit Card,40.06,0.11,4.45,6.8
THIRD-301384,N,Leicester,Normal,Female,Dairy & Eggs,4.79,2,0.46,10.16,07/06/2025,17:42:41,Mobile Wallet,9.68,0.07,0.69,8.1
THIRD-301385,P,Coventry,Normal,Female,Fresh Produce,8.23,6,2.37,52.32,14/11/2025,16:09:53,Mobile Wallet,49.83,0.08,4.03,5.6
THIRD-301386,P,Coventry,Normal,Male,Baby Products,25.82,3,3.72,82.12,05/07/2025,10:53:50,Debit Card,78.21,0.18,14.21,6.4
THIRD-301387,N,Leicester,Normal,Male,Dairy & Eggs,4.75,5,1.14,25.19,06/04/2025,14:48:35,Cash,23.99,0.07,1.7,5.8
THIRD-301388,M,Nottingham,Member,Male,Snacks,5.72,2,0.55,12.13,15/05/2025,11:08:17,Credit Card,11.55,0.17,1.98,5.5
THIRD-301389,M,Nottingham,Normal,Male,Dairy & Eggs,1.83,3,0.26,5.82,08/03/2025,15:45:41,Debit Card,5.54,0.07,0.39,8.5
THIRD-301390,N,Leicester,Normal,Female,Health & Wellness,4.75,5,1.14,25.19,21/10/2025,21:02:33,Debit Card,23.99,0.24,5.81,8.0
THIRD-301391,N,Leicester,Normal,Female,Dairy & Eggs,3.86,1,0.19,4.1,26/11/2025,17:23:55,Mobile Wallet,3.9,0.07,0.28,7.6
THIRD-301392,P,Coventry,Member,Female,Fresh Produce,3.33,1,0.16,3.53,19/05/2025,20:21:16,Cash,3.36,0.08,0.28,7.2
THIRD-301393,P,Coventry,Member,Male,Personal Care,24.86,9,10.76,237.15,23/02/2025,17:49:25,Credit Card,225.86,0.21,47.88,7.1
THIRD-301394,N,Leicester,Normal,Male,Frozen Foods,2.05,3,0.3,6.52,30/03/2025,10:00:59,Credit Card,6.21,0.1,0.63,7.6
THIRD-301395,N,Leicester,Member,Female,Household,8.84,9,3.83,84.35,23/03/2025,08:12:22,Credit Card,80.32,0.19,15.41,7.6
THIRD-301396,M,Nottingham,Normal,Male,Fresh Produce,5.25,7,1.77,38.98,26/01/2025,20:14:15,Credit Card,37.12,0.08,3.0,5.6
THIRD-301397,P,Coventry,Normal,Male,Dairy & Eggs,2.59,1,0.12,2.74,09/02/2025,12:13:34,Credit Card,2.61,0.07,0.18,5.5
THIRD-301398,N,Leicester,Normal,Female,Health & Wellness,9.86,5,2.37,52.26,24/05/2025,13:25:27,Debit Card,49.77,0.24,12.06,6.1
THIRD-301399,M,Nottingham,Normal,Male,Frozen Foods,18.01,6,5.2,114.58,17/11/2025,17:23:48,Debit Card,109.12,0.1,11.01,6.5
THIRD-301400,N,Leicester,Member,Female,Household,5.17,7,1.74,38.36,01/12/2025,14:17:16,Mobile Wallet,36.53,0.19,7.01,6.6
THIRD-301401,M,Nottingham,Normal,Female,Health & Wellness,10.38,10,4.99,110.03,07/06/2025,21:49:22,Credit Card,104.79,0.24,25.39,6.7
THIRD-301402,M,Nottingham,Member,Female,Beverages,2.55,4,0.49,10.8,27/04/2025,18:31:49,Credit Card,10.29,0.13,1.35,6.3
THIRD-301403,N,Leicester,Normal,Male,Fresh Produce,4.06,2,0.39,8.6,15/04/2025,17:12:07,Mobile Wallet,8.19,0.08,0.66,7.6
THIRD-301404,N,Leicester,Normal,Male,Beverages,5.76,9,2.49,54.97,13/08/2025,11:02:09,Mobile Wallet,52.35,0.13,6.87,7.5
THIRD-301405,P,Coventry,Member,Male,Frozen Foods,16.65,5,4.0,88.25,02/01/2025,15:55:40,Cash,84.05,0.1,8.49,7.4
THIRD-301406,M,Nottingham,Normal,Female,Bakery,6.49,4,1.25,27.52,27/12/2025,18:50:25,Debit Card,26.21,0.11,2.92,7.5
THIRD-301407,P,Coventry,Normal,Female,Baby Products,7.45,5,1.79,39.47,06/02/2025,10:39:01,Cash,37.59,0.18,6.83,5.1
THIRD-301408,N,Leicester,Normal,Male,Fresh Produce,1.87,3,0.27,5.95,18/06/2025,12:17:02,Mobile Wallet,5.67,0.08,0.46,5.7
THIRD-301409,N,Leicester,Member,Female,Beverages,7.14,7,2.4,53.01,21/01/2025,12:36:34,Debit Card,50.49,0.13,6.62,6.2
THIRD-301410,N,Leicester,Normal,Female,Bakery,2.63,1,0.13,2.79,13/05/2025,12:21:26,Debit Card,2.66,0.11,0.3,7.4
THIRD-301411,N,Leicester,Member,Female,Bakery,2.81,2,0.27,5.95,13/04/2025,16:52:21,Mobile Wallet,5.67,0.11,0.63,6.8
THIRD-301412,P,Coventry,Member,Female,Baby Products,14.05,4,2.7,59.58,13/05/2025,11:43:38,Debit Card,56.74,0.18,10.31,6.8
THIRD-301413,M,Nottingham,Normal,Female,Baby Products,37.45,5,9.0,198.5,12/12/2025,16:26:23,Debit Card,189.05,0.18,34.35,5.3
THIRD-301414,M,Nottingham,Member,Female,Bakery,5.22,4,1.0,22.13,12/01/2025,10:43:45,Cash,21.08,0.11,2.34,6.6
THIRD-301415,N,Leicester,Normal,Male,Snacks,6.21,6,1.79,39.49,02/07/2025,15:57:26,Debit Card,37.61,0.17,6.46,6.4
THIRD-301416,M,Nottingham,Member,Female,Frozen Foods,2.9,3,0.42,9.23,25/06/2025,15:34:50,Credit Card,8.79,0.1,0.89,6.8
THIRD-301417,N,Leicester,Normal,Female,Personal Care,15.2,5,3.65,80.59,02/01/2025,18:31:56,Credit Card,76.76,0.21,16.27,5.8
THIRD-301418,N,Leicester,Member,Female,Bakery,7.99,4,1.54,33.87,27/06/2025,19:14:14,Mobile Wallet,32.26,0.11,3.58,5.7
THIRD-301419,P,Coventry,Member,Male,Household,22.85,1,1.1,24.22,14/03/2025,17:29:05,Credit Card,23.07,0.19,4.42,6.8
THIRD-301420,M,Nottingham,Normal,Male,Beverages,5.81,2,0.56,12.33,13/12/2025,19:26:18,Debit Card,11.74,0.13,1.54,7.4
THIRD-301421,M,Nottingham,Normal,Male,Frozen Foods,10.0,3,1.44,31.82,07/10/2025,13:59:39,Cash,30.3,0.1,3.06,6.9
THIRD-301422,M,Nottingham,Member,Female,Personal Care,12.47,9,5.4,118.98,26/01/2025,16:54:36,Debit Card,113.31,0.21,24.02,6.3
THIRD-301423,N,Leicester,Member,Female,Bakery,6.94,4,1.33,29.41,02/09/2025,13:33:50,Mobile Wallet,28.01,0.11,3.11,7.8
THIRD-301424,P,Coventry,Member,Male,Frozen Foods,4.09,6,1.18,26.0,12/10/2025,17:06:22,Mobile Wallet,24.76,0.1,2.5,7.9
THIRD-301425,P,Coventry,Normal,Male,Beverages,14.56,9,6.3,138.92,03/03/2025,19:12:36,Debit Card,132.3,0.13,17.36,5.8
THIRD-301426,N,Leicester,Normal,Male,Bakery,9.22,12,5.32,117.35,29/10/2025,19:22:39,Debit Card,111.76,0.11,12.41,5.1
THIRD-301427,M,Nottingham,Normal,Female,Snacks,1.1,1,0.05,1.17,08/02/2025,15:31:14,Debit Card,1.11,0.17,0.19,6.6
THIRD-301428,P,Coventry,Normal,Male,Personal Care,14.11,5,3.39,74.8,26/02/2025,21:21:31,Debit Card,71.24,0.21,15.1,7.2
THIRD-301429,M,Nottingham,Member,Female,Personal Care,22.32,13,13.95,307.58,18/05/2025,11:09:50,Cash,292.93,0.21,62.11,5.9
THIRD-301430,N,Leicester,Member,Male,Baby Products,19.19,6,5.54,122.05,14/05/2025,16:49:30,Debit Card,116.24,0.18,21.13,6.9
THIRD-301431,P,Coventry,Normal,Female,Baby Products,33.45,12,19.3,425.48,09/09/2025,09:19:03,Debit Card,405.22,0.18,73.64,6.1
THIRD-301432,M,Nottingham,Member,Female,Household,3.74,9,1.62,35.72,19/03/2025,18:54:04,Cash,34.02,0.19,6.53,8.6
THIRD-301433,M,Nottingham,Normal,Female,Baby Products,28.12,4,5.41,119.25,15/11/2025,15:23:18,Credit Card,113.57,0.18,20.64,7.0
THIRD-301434,N,Leicester,Member,Male,Bakery,9.61,7,3.23,71.31,20/08/2025,12:12:31,Credit Card,67.91,0.11,7.54,7.4
THIRD-301435,P,Coventry,Normal,Male,Snacks,4.83,1,0.23,5.11,11/02/2025,18:42:04,Credit Card,4.87,0.17,0.84,6.4
THIRD-301436,P,Coventry,Normal,Male,Baby Products,15.32,5,3.68,81.2,11/07/2025,19:27:32,Debit Card,77.33,0.18,14.06,6.5
THIRD-301437,N,Leicester,Normal,Male,Baby Products,19.96,3,2.88,63.47,17/03/2025,11:28:58,Debit Card,60.45,0.18,10.98,4.8
THIRD-301438,P,Coventry,Normal,Female,Snacks,3.76,3,0.54,11.97,11/12/2025,17:26:46,Cash,11.4,0.17,1.96,7.8
THIRD-301439,M,Nottingham,Member,Male,Fresh Produce,10.03,1,0.48,10.63,04/10/2025,17:05:40,Debit Card,10.12,0.08,0.82,6.2
THIRD-301440,N,Leicester,Member,Male,Baby Products,32.41,8,12.46,274.83,15/05/2025,19:12:49,Debit Card,261.74,0.18,47.56,6.0
THIRD-301441,N,Leicester,Normal,Female,Dairy & Eggs,7.0,9,3.03,66.78,31/07/2025,13:18:46,Mobile Wallet,63.6,0.07,4.49,6.6
THIRD-301442,M,Nottingham,Member,Female,Household,8.86,2,0.85,18.78,04/07/2025,10:02:00,Mobile Wallet,17.89,0.19,3.43,6.6
THIRD-301443,P,Coventry,Normal,Female,Frozen Foods,17.7,7,5.96,131.35,30/04/2025,11:20:14,Debit Card,125.1,0.1,12.62,6.5
THIRD-301444,N,Leicester,Normal,Male,Frozen Foods,8.6,6,2.48,54.71,15/02/2025,19:45:23,Credit Card,52.1,0.1,5.26,6.1
THIRD-301445,P,Coventry,Member,Female,Snacks,5.1,3,0.73,16.2,24/06/2025,16:10:48,Debit Card,15.44,0.17,2.65,6.0
THIRD-301446,M,Nottingham,Normal,Female,Bakery,7.45,8,2.86,63.15,14/01/2025,14:04:20,Debit Card,60.14,0.11,6.68,4.8
THIRD-301447,P,Coventry,Normal,Female,Frozen Foods,16.38,5,3.94,86.82,14/10/2025,17:11:53,Mobile Wallet,82.69,0.1,8.35,6.6
THIRD-301448,P,Coventry,Member,Female,Beverages,13.49,9,5.84,128.7,05/02/2025,08:46:22,Cash,122.57,0.13,16.08,7.2
THIRD-301449,P,Coventry,Member,Male,Health & Wellness,4.85,5,1.17,25.69,11/01/2025,19:42:01,Credit Card,24.47,0.24,5.93,8.4
THIRD-301450,N,Leicester,Member,Female,Household,13.48,5,3.24,71.44,24/07/2025,15:52:15,Debit Card,68.04,0.19,13.05,6.7
THIRD-301451,M,Nottingham,Normal,Female,Baby Products,40.68,1,1.96,43.13,05/03/2025,18:55:56,Debit Card,41.08,0.18,7.46,5.0
THIRD-301452,N,Leicester,Normal,Female,Snacks,3.05,4,0.59,12.93,23/03/2025,15:43:51,Debit Card,12.31,0.17,2.11,8.1
THIRD-301453,N,Leicester,Member,Female,Baby Products,6.54,8,2.52,55.48,13/09/2025,11:48:19,Credit Card,52.84,0.18,9.6,6.5
THIRD-301454,M,Nottingham,Member,Female,Health & Wellness,39.37,3,5.68,125.22,25/09/2025,19:32:03,Credit Card,119.26,0.24,28.9,7.1
THIRD-301455,M,Nottingham,Member,Female,Fresh Produce,7.55,1,0.36,8.0,05/02/2025,16:31:42,Debit Card,7.62,0.08,0.61,5.8
THIRD-301456,P,Coventry,Member,Female,Personal Care,22.14,4,4.26,93.89,28/11/2025,19:55:20,Credit Card,89.42,0.21,18.95,6.5
THIRD-301457,N,Leicester,Normal,Male,Baby Products,25.37,4,4.88,107.56,01/12/2025,11:21:18,Debit Card,102.44,0.18,18.61,5.7
THIRD-301458,N,Leicester,Member,Female,Snacks,1.76,3,0.25,5.59,24/08/2025,12:55:12,Debit Card,5.32,0.17,0.91,7.1
THIRD-301459,P,Coventry,Member,Male,Snacks,2.39,8,0.92,20.29,16/03/2025,13:06:03,Credit Card,19.32,0.17,3.32,6.5
THIRD-301460,M,Nottingham,Member,Male,Frozen Foods,5.69,7,1.91,42.21,12/06/2025,15:07:32,Cash,40.2,0.1,4.06,7.2
THIRD-301461,P,Coventry,Normal,Female,Household,17.93,1,0.86,19.01,17/09/2025,16:54:57,Credit Card,18.1,0.19,3.48,6.5
THIRD-301462,M,Nottingham,Normal,Female,Household,12.82,6,3.7,81.56,26/11/2025,17:23:14,Credit Card,77.68,0.19,14.9,6.3
THIRD-301463,M,Nottingham,Normal,Male,Household,6.8,6,1.96,43.26,13/03/2025,19:16:35,Credit Card,41.2,0.19,7.91,5.0
THIRD-301464,N,Leicester,Member,Female,Bakery,6.82,8,2.62,57.86,20/06/2025,14:20:27,Cash,55.1,0.11,6.12,6.3
THIRD-301465,M,Nottingham,Normal,Male,Fresh Produce,10.16,1,0.49,10.77,18/11/2025,17:53:28,Debit Card,10.26,0.08,0.83,5.6
THIRD-301466,N,Leicester,Member,Female,Bakery,4.5,3,0.65,14.32,18/07/2025,17:12:40,Credit Card,13.64,0.11,1.52,7.7
THIRD-301467,N,Leicester,Normal,Female,Bakery,7.32,6,2.11,46.57,22/04/2025,19:41:35,Debit Card,44.35,0.11,4.93,5.2
THIRD-301468,M,Nottingham,Normal,Male,Snacks,2.6,8,1.0,22.05,01/07/2025,19:18:02,Debit Card,21.0,0.17,3.6,6.1
THIRD-301469,M,Nottingham,Normal,Male,Baby Products,6.81,1,0.33,7.22,21/11/2025,16:00:35,Credit Card,6.88,0.18,1.25,5.9
THIRD-301470,M,Nottingham,Member,Male,Fresh Produce,8.62,6,2.49,54.84,21/03/2025,17:33:23,Credit Card,52.23,0.08,4.22,4.8
THIRD-301471,N,Leicester,Member,Male,Baby Products,30.0,10,14.43,318.08,19/11/2025,16:20:29,Mobile Wallet,302.92,0.18,55.05,6.1
THIRD-301472,M,Nottingham,Member,Female,Baby Products,27.15,2,2.61,57.57,03/06/2025,14:38:58,Credit Card,54.83,0.18,9.96,8.0
THIRD-301473,P,Coventry,Normal,Male,Personal Care,16.44,7,5.53,122.01,06/07/2025,13:29:52,Cash,116.2,0.21,24.63,5.8
THIRD-301474,N,Leicester,Normal,Male,Beverages,9.54,10,4.58,101.09,15/03/2025,19:14:19,Debit Card,96.29,0.13,12.64,7.2
THIRD-301475,N,Leicester,Normal,Male,Baby Products,38.88,2,3.74,82.42,21/07/2025,19:41:44,Cash,78.5,0.18,14.27,6.8
THIRD-301476,M,Nottingham,Member,Female,Household,8.22,8,3.16,69.68,05/02/2025,16:33:46,Debit Card,66.36,0.19,12.73,6.5
THIRD-301477,P,Coventry,Normal,Male,Bakery,5.76,2,0.55,12.21,21/05/2025,14:37:04,Cash,11.63,0.11,1.29,5.4
THIRD-301478,P,Coventry,Normal,Female,Household,13.88,8,5.34,117.75,03/10/2025,20:10:29,Credit Card,112.14,0.19,21.51,5.8
THIRD-301479,N,Leicester,Member,Male,Bakery,10.25,10,4.93,108.71,24/12/2025,16:56:49,Credit Card,103.53,0.11,11.5,5.9
THIRD-301480,M,Nottingham,Member,Female,Dairy & Eggs,7.07,1,0.34,7.5,30/08/2025,14:45:05,Mobile Wallet,7.14,0.07,0.51,4.6
THIRD-301481,M,Nottingham,Member,Female,Household,24.69,5,5.94,130.87,16/08/2025,16:17:35,Credit Card,124.64,0.19,23.9,5.4
THIRD-301482,N,Leicester,Member,Male,Frozen Foods,17.22,8,6.62,146.06,13/07/2025,14:15:53,Credit Card,139.1,0.1,14.04,6.9
THIRD-301483,M,Nottingham,Member,Male,Beverages,3.33,5,0.8,17.64,07/04/2025,11:22:16,Mobile Wallet,16.8,0.13,2.2,6.6
THIRD-301484,N,Leicester,Normal,Female,Health & Wellness,26.77,6,7.72,170.27,03/07/2025,17:33:54,Debit Card,162.16,0.24,39.29,4.9
THIRD-301485,M,Nottingham,Normal,Female,Fresh Produce,8.25,9,3.57,78.69,15/09/2025,11:47:48,Mobile Wallet,74.94,0.08,6.05,7.0
THIRD-301486,M,Nottingham,Member,Female,Beverages,2.16,2,0.21,4.59,22/09/2025,13:16:34,Debit Card,4.37,0.13,0.57,6.7
THIRD-301487,M,Nottingham,Normal,Male,Dairy & Eggs,3.47,2,0.33,7.36,27/05/2025,16:48:32,Cash,7.01,0.07,0.5,8.4
THIRD-301488,M,Nottingham,Member,Male,Bakery,5.29,5,1.27,28.06,28/05/2025,13:34:40,Credit Card,26.72,0.11,2.97,8.0
THIRD-301489,N,Leicester,Member,Male,Personal Care,21.17,1,1.02,22.45,24/06/2025,13:35:22,Debit Card,21.38,0.21,4.54,6.3
THIRD-301490,P,Coventry,Member,Male,Personal Care,25.99,5,6.25,137.76,23/08/2025,16:10:42,Mobile Wallet,131.2,0.21,27.81,7.6
THIRD-301491,M,Nottingham,Normal,Male,Fresh Produce,4.72,3,0.68,15.02,28/08/2025,19:36:19,Debit Card,14.3,0.08,1.16,6.2
THIRD-301492,N,Leicester,Member,Male,Dairy & Eggs,6.95,4,1.34,29.46,05/12/2025,10:40:26,Debit Card,28.06,0.07,1.98,6.4
THIRD-301493,N,Leicester,Member,Female,Fresh Produce,3.3,1,0.16,3.5,08/09/2025,17:09:23,Credit Card,3.33,0.08,0.26,5.9
THIRD-301494,P,Coventry,Normal,Male,Bakery,6.97,5,1.68,36.94,26/10/2025,11:24:07,Debit Card,35.18,0.11,3.91,5.9
THIRD-301495,M,Nottingham,Member,Male,Dairy & Eggs,7.13,3,1.03,22.69,07/06/2025,16:42:22,Cash,21.61,0.07,1.53,5.7
THIRD-301496,M,Nottingham,Normal,Female,Baby Products,22.98,3,3.31,73.09,19/01/2025,14:45:58,Cash,69.61,0.18,12.65,7.2
THIRD-301497,M,Nottingham,Normal,Male,Dairy & Eggs,6.41,3,0.92,20.37,03/06/2025,09:37:29,Mobile Wallet,19.4,0.07,1.37,7.5
THIRD-301498,N,Leicester,Member,Male,Snacks,1.24,1,0.06,1.31,25/04/2025,17:14:44,Credit Card,1.25,0.17,0.21,7.3
THIRD-301499,N,Leicester,Member,Female,Bakery,6.29,1,0.3,6.67,07/12/2025,18:27:52,Debit Card,6.35,0.11,0.71,6.2
THIRD-301500,N,Leicester,Normal,Female,Frozen Foods,18.13,5,4.36,96.09,07/11/2025,13:22:24,Debit Card,91.51,0.1,9.24,4.0
THIRD-301501,M,Nottingham,Normal,Female,Snacks,1.87,10,0.9,19.84,30/06/2025,15:20:20,Cash,18.9,0.17,3.24,5.8
THIRD-301502,P,Coventry,Member,Male,Bakery,2.68,1,0.13,2.85,28/03/2025,15:23:36,Credit Card,2.71,0.11,0.3,5.7
THIRD-301503,P,Coventry,Member,Male,Health & Wellness,14.23,4,2.74,60.33,10/05/2025,12:47:10,Mobile Wallet,57.46,0.24,13.92,7.0
THIRD-301504,M,Nottingham,Member,Male,Bakery,5.92,1,0.28,6.27,17/07/2025,13:07:43,Credit Card,5.97,0.11,0.67,7.6
THIRD-301505,N,Leicester,Normal,Male,Beverages,11.38,3,1.64,36.18,17/03/2025,12:36:44,Cash,34.46,0.13,4.53,8.5
THIRD-301506,M,Nottingham,Member,Male,Household,10.82,7,3.64,80.26,09/05/2025,20:33:50,Mobile Wallet,76.44,0.19,14.66,7.5
THIRD-301507,M,Nottingham,Normal,Male,Snacks,1.31,7,0.44,9.72,09/09/2025,15:11:25,Debit Card,9.26,0.17,1.59,7.3
THIRD-301508,P,Coventry,Normal,Female,Personal Care,28.77,7,9.68,213.47,14/03/2025,13:15:49,Credit Card,203.3,0.21,43.1,4.1
THIRD-301509,P,Coventry,Normal,Male,Health & Wellness,11.46,8,4.41,97.2,05/07/2025,18:59:19,Cash,92.57,0.24,22.43,5.2
THIRD-301510,P,Coventry,Normal,Male,Personal Care,11.07,4,2.13,46.92,14/12/2025,10:56:37,Mobile Wallet,44.69,0.21,9.48,6.9
THIRD-301511,P,Coventry,Normal,Female,Bakery,7.82,5,1.88,41.45,18/07/2025,20:41:50,Debit Card,39.48,0.11,4.39,8.0
THIRD-301512,N,Leicester,Normal,Male,Dairy & Eggs,2.96,1,0.14,3.14,11/11/2025,17:10:19,Credit Card,2.99,0.07,0.21,6.9
THIRD-301513,P,Coventry,Member,Male,Beverages,2.5,5,0.6,13.23,22/11/2025,13:34:06,Mobile Wallet,12.6,0.13,1.65,6.1
THIRD-301514,P,Coventry,Normal,Male,Frozen Foods,10.92,4,2.1,46.31,15/04/2025,08:06:17,Credit Card,44.1,0.1,4.45,6.3
THIRD-301515,P,Coventry,Normal,Female,Snacks,2.22,4,0.43,9.4,22/09/2025,20:28:00,Credit Card,8.95,0.17,1.54,8.3
THIRD-301516,M,Nottingham,Normal,Male,Household,15.83,1,0.76,16.78,30/11/2025,16:03:56,Debit Card,15.98,0.19,3.06,7.4
THIRD-301517,P,Coventry,Normal,Female,Health & Wellness,4.85,8,1.86,41.1,01/06/2025,16:21:47,Mobile Wallet,39.14,0.24,9.49,6.8
THIRD-301518,M,Nottingham,Member,Female,Health & Wellness,23.17,2,2.23,49.13,29/03/2025,12:28:36,Mobile Wallet,46.79,0.24,11.33,7.5
THIRD-301519,P,Coventry,Member,Female,Personal Care,21.65,3,3.12,68.86,14/04/2025,11:28:54,Mobile Wallet,65.58,0.21,13.91,8.7
THIRD-301520,M,Nottingham,Normal,Female,Fresh Produce,4.82,2,0.46,10.21,29/10/2025,14:49:37,Debit Card,9.72,0.08,0.78,7.0
THIRD-301521,N,Leicester,Member,Male,Baby Products,26.77,9,11.58,255.4,18/01/2025,13:24:16,Credit Card,243.24,0.18,44.2,5.5
THIRD-301522,N,Leicester,Normal,Male,Baby Products,17.04,7,5.73,126.41,13/12/2025,16:04:41,Debit Card,120.39,0.18,21.88,6.6
THIRD-301523,P,Coventry,Normal,Female,Dairy & Eggs,5.49,2,0.53,11.64,02/10/2025,11:47:48,Credit Card,11.09,0.07,0.78,6.9
THIRD-301524,P,Coventry,Normal,Male,Bakery,1.54,6,0.44,9.79,09/04/2025,15:58:24,Debit Card,9.32,0.11,1.04,8.0
THIRD-301525,M,Nottingham,Member,Male,Beverages,8.78,2,0.84,18.61,21/08/2025,14:58:23,Credit Card,17.72,0.13,2.32,5.4
THIRD-301526,N,Leicester,Normal,Female,Dairy & Eggs,3.95,2,0.38,8.38,07/09/2025,19:35:05,Credit Card,7.98,0.07,0.56,4.9
THIRD-301527,P,Coventry,Member,Male,Snacks,1.03,2,0.1,2.18,31/07/2025,20:08:08,Credit Card,2.08,0.17,0.36,6.9
THIRD-301528,N,Leicester,Member,Male,Personal Care,22.25,4,4.28,94.33,20/12/2025,11:22:03,Credit Card,89.84,0.21,19.05,6.2
THIRD-301529,P,Coventry,Normal,Female,Frozen Foods,9.91,1,0.48,10.51,10/06/2025,10:25:26,Debit Card,10.01,0.1,1.01,6.8
THIRD-301530,P,Coventry,Normal,Female,Fresh Produce,1.47,12,0.85,18.66,27/08/2025,18:12:30,Credit Card,17.77,0.08,1.43,5.4
THIRD-301531,P,Coventry,Member,Female,Snacks,1.03,6,0.3,6.55,17/01/2025,11:49:10,Debit Card,6.24,0.17,1.07,7.5
THIRD-301532,N,Leicester,Normal,Male,Dairy & Eggs,1.62,6,0.47,10.32,17/02/2025,12:35:18,Credit Card,9.83,0.07,0.7,7.1
THIRD-301533,M,Nottingham,Normal,Female,Household,9.77,2,0.94,20.71,08/03/2025,14:29:14,Debit Card,19.72,0.19,3.78,6.5
THIRD-301534,M,Nottingham,Member,Male,Baby Products,14.61,5,3.51,77.45,24/01/2025,11:25:08,Debit Card,73.76,0.18,13.4,6.9
THIRD-301535,M,Nottingham,Member,Female,Snacks,2.8,1,0.13,2.96,14/08/2025,18:17:10,Mobile Wallet,2.82,0.17,0.49,7.8
THIRD-301536,N,Leicester,Member,Male,Dairy & Eggs,6.99,10,3.36,74.09,23/07/2025,13:24:38,Debit Card,70.56,0.07,4.98,8.7
THIRD-301537,M,Nottingham,Normal,Female,Health & Wellness,26.8,3,3.87,85.24,01/03/2025,12:27:46,Credit Card,81.18,0.24,19.66,9.1
THIRD-301538,P,Coventry,Member,Male,Frozen Foods,2.32,4,0.45,9.84,23/03/2025,11:11:06,Debit Card,9.37,0.1,0.94,6.1
THIRD-301539,P,Coventry,Normal,Female,Frozen Foods,13.25,6,3.82,84.27,03/02/2025,18:28:30,Debit Card,80.26,0.1,8.1,6.3
THIRD-301540,N,Leicester,Member,Female,Personal Care,17.21,7,5.79,127.72,04/10/2025,09:46:22,Mobile Wallet,121.64,0.21,25.79,6.0
THIRD-301541,P,Coventry,Member,Male,Baby Products,27.44,5,6.6,145.43,22/08/2025,16:30:22,Mobile Wallet,138.5,0.18,25.16,6.1
THIRD-301542,N,Leicester,Member,Male,Household,16.99,6,4.9,108.09,21/03/2025,16:16:18,Credit Card,102.94,0.19,19.75,5.6
THIRD-301543,M,Nottingham,Normal,Male,Dairy & Eggs,7.36,6,2.12,46.83,07/07/2025,11:07:20,Cash,44.6,0.07,3.15,7.0
THIRD-301544,P,Coventry,Normal,Male,Beverages,15.69,8,6.04,133.1,20/08/2025,18:19:31,Credit Card,126.76,0.13,16.63,5.9
THIRD-301545,M,Nottingham,Normal,Female,Frozen Foods,11.44,5,2.75,60.64,03/04/2025,19:55:27,Credit Card,57.75,0.1,5.83,5.9
THIRD-301546,M,Nottingham,Member,Female,Health & Wellness,10.76,1,0.52,11.41,13/08/2025,17:29:08,Debit Card,10.87,0.24,2.63,6.9
THIRD-301547,P,Coventry,Normal,Male,Bakery,2.17,4,0.42,9.22,09/05/2025,12:20:42,Debit Card,8.78,0.11,0.98,6.7
THIRD-301548,M,Nottingham,Normal,Male,Household,7.56,5,1.82,40.08,14/07/2025,13:13:50,Cash,38.17,0.19,7.32,6.3
THIRD-301549,P,Coventry,Member,Male,Baby Products,14.54,2,1.4,30.83,03/07/2025,17:53:37,Mobile Wallet,29.36,0.18,5.33,8.3
THIRD-301550,P,Coventry,Member,Male,Frozen Foods,16.34,5,3.93,86.6,27/11/2025,19:52:06,Credit Card,82.48,0.1,8.33,6.1
THIRD-301551,N,Leicester,Member,Male,Household,20.44,2,1.96,43.32,24/11/2025,19:00:15,Cash,41.26,0.19,7.92,8.4
THIRD-301552,P,Coventry,Normal,Female,Frozen Foods,2.65,6,0.77,16.87,22/09/2025,15:41:04,Cash,16.07,0.1,1.62,5.4
THIRD-301553,M,Nottingham,Normal,Female,Fresh Produce,10.17,2,0.98,21.57,15/04/2025,16:01:46,Debit Card,20.54,0.08,1.65,9.9
THIRD-301554,M,Nottingham,Member,Male,Bakery,2.65,3,0.38,8.43,22/08/2025,13:59:24,Mobile Wallet,8.03,0.11,0.89,6.5
THIRD-301555,P,Coventry,Normal,Female,Bakery,6.25,4,1.2,26.5,28/10/2025,20:04:48,Credit Card,25.24,0.11,2.8,5.6
THIRD-301556,N,Leicester,Member,Male,Household,23.12,4,4.45,98.04,19/12/2025,20:43:18,Mobile Wallet,93.37,0.19,17.9,6.6
THIRD-301557,N,Leicester,Member,Female,Baby Products,13.43,4,2.58,56.93,06/03/2025,15:13:51,Credit Card,54.22,0.18,9.86,7.5
THIRD-301558,M,Nottingham,Normal,Male,Household,22.16,7,7.46,164.46,29/10/2025,15:18:20,Credit Card,156.63,0.19,30.04,5.9
THIRD-301559,N,Leicester,Normal,Female,Beverages,6.77,1,0.33,7.18,02/11/2025,19:29:39,Debit Card,6.84,0.13,0.9,7.8
THIRD-301560,M,Nottingham,Member,Male,Snacks,1.18,6,0.34,7.48,15/01/2025,17:20:26,Mobile Wallet,7.12,0.17,1.22,6.7
THIRD-301561,P,Coventry,Normal,Female,Snacks,6.0,4,1.15,25.44,20/05/2025,16:22:48,Credit Card,24.23,0.17,4.16,7.5
THIRD-301562,P,Coventry,Member,Female,Fresh Produce,11.04,4,2.12,46.83,24/10/2025,13:15:16,Mobile Wallet,44.6,0.08,3.6,7.9
THIRD-301563,P,Coventry,Normal,Female,Bakery,7.26,5,1.75,38.48,09/03/2025,19:01:46,Debit Card,36.65,0.11,4.07,5.9
THIRD-301564,M,Nottingham,Normal,Female,Personal Care,9.22,4,1.77,39.11,13/10/2025,12:57:23,Debit Card,37.25,0.21,7.9,6.9
THIRD-301565,M,Nottingham,Member,Male,Baby Products,31.09,5,7.47,164.77,27/08/2025,18:37:44,Credit Card,156.92,0.18,28.51,5.7
THIRD-301566,N,Leicester,Member,Male,Bakery,11.01,7,3.71,81.73,10/11/2025,20:43:52,Debit Card,77.84,0.11,8.64,6.1
THIRD-301567,P,Coventry,Normal,Male,Baby Products,14.19,2,1.36,30.07,07/06/2025,16:19:29,Credit Card,28.64,0.18,5.2,8.9
THIRD-301568,P,Coventry,Normal,Female,Beverages,15.9,2,1.53,33.72,17/08/2025,15:27:35,Credit Card,32.11,0.13,4.22,6.2
THIRD-301569,P,Coventry,Member,Male,Personal Care,27.84,9,12.05,265.63,09/04/2025,13:53:17,Debit Card,252.98,0.21,53.64,5.2
THIRD-301570,P,Coventry,Member,Female,Baby Products,26.9,5,6.47,142.61,19/10/2025,16:21:07,Debit Card,135.82,0.18,24.68,7.0
THIRD-301571,N,Leicester,Member,Female,Personal Care,8.81,9,3.81,84.04,20/10/2025,10:37:21,Credit Card,80.04,0.21,16.97,7.3
THIRD-301572,N,Leicester,Member,Male,Fresh Produce,4.44,7,1.49,32.95,20/11/2025,21:40:31,Cash,31.38,0.08,2.53,6.2
THIRD-301573,N,Leicester,Normal,Female,Household,16.88,3,2.43,53.68,19/09/2025,13:42:08,Debit Card,51.12,0.19,9.8,5.6
THIRD-301574,M,Nottingham,Normal,Female,Household,16.48,11,8.72,192.22,12/12/2025,16:44:59,Credit Card,183.07,0.19,35.12,5.9
THIRD-301575,N,Leicester,Member,Female,Baby Products,14.72,4,2.83,62.4,16/08/2025,17:48:21,Mobile Wallet,59.43,0.18,10.8,7.3
THIRD-301576,M,Nottingham,Member,Male,Household,18.64,10,8.96,197.57,17/08/2025,18:30:40,Debit Card,188.16,0.19,36.09,5.5
THIRD-301577,M,Nottingham,Member,Female,Baby Products,19.76,5,4.75,104.74,25/07/2025,17:26:11,Mobile Wallet,99.75,0.18,18.13,6.8
THIRD-301578,M,Nottingham,Member,Male,Health & Wellness,38.5,5,9.26,204.08,25/03/2025,15:29:26,Credit Card,194.36,0.24,47.09,8.7
THIRD-301579,P,Coventry,Member,Male,Frozen Foods,12.16,5,2.92,64.44,17/08/2025,20:51:33,Cash,61.37,0.1,6.2,6.1
THIRD-301580,N,Leicester,Member,Female,Health & Wellness,35.4,6,10.21,225.17,25/06/2025,13:01:50,Credit Card,214.45,0.24,51.96,6.2
THIRD-301581,N,Leicester,Member,Female,Snacks,4.73,2,0.46,10.04,14/12/2025,21:51:21,Cash,9.56,0.17,1.64,7.6
THIRD-301582,N,Leicester,Normal,Male,Personal Care,14.14,9,6.12,134.95,07/10/2025,14:09:48,Mobile Wallet,128.52,0.21,27.24,7.3
THIRD-301583,P,Coventry,Member,Male,Fresh Produce,3.03,3,0.44,9.63,20/06/2025,21:54:20,Mobile Wallet,9.17,0.08,0.74,6.5
THIRD-301584,M,Nottingham,Normal,Male,Frozen Foods,3.32,5,0.8,17.59,30/12/2025,19:50:59,Mobile Wallet,16.75,0.1,1.69,4.6
THIRD-301585,P,Coventry,Normal,Male,Frozen Foods,14.27,5,3.43,75.63,11/02/2025,14:11:41,Credit Card,72.03,0.1,7.27,5.6
THIRD-301586,N,Leicester,Normal,Female,Fresh Produce,3.98,5,0.96,21.12,21/12/2025,17:44:16,Credit Card,20.11,0.08,1.62,5.3
THIRD-301587,P,Coventry,Normal,Male,Personal Care,6.03,11,3.19,70.34,11/11/2025,16:31:47,Debit Card,66.99,0.21,14.2,5.8
THIRD-301588,M,Nottingham,Member,Female,Frozen Foods,5.38,4,1.03,22.8,26/03/2025,10:18:48,Debit Card,21.71,0.1,2.19,7.2
THIRD-301589,N,Leicester,Normal,Male,Fresh Produce,1.36,2,0.13,2.89,02/01/2025,18:51:28,Credit Card,2.75,0.08,0.22,6.7
THIRD-301590,P,Coventry,Member,Male,Bakery,2.84,3,0.41,9.03,20/06/2025,15:48:14,Debit Card,8.6,0.11,0.95,6.5
THIRD-301591,P,Coventry,Member,Female,Bakery,6.32,7,2.13,46.92,30/01/2025,18:29:21,Debit Card,44.69,0.11,4.96,7.3
THIRD-301592,P,Coventry,Normal,Female,Fresh Produce,11.75,6,3.39,74.75,10/10/2025,14:26:32,Cash,71.19,0.08,5.75,6.7
THIRD-301593,N,Leicester,Member,Female,Frozen Foods,15.27,1,0.73,16.18,09/08/2025,09:34:18,Debit Card,15.41,0.1,1.56,5.9
THIRD-301594,M,Nottingham,Normal,Male,Fresh Produce,1.41,2,0.14,3.0,25/03/2025,17:21:44,Credit Card,2.86,0.08,0.23,8.2
THIRD-301595,N,Leicester,Normal,Male,Dairy & Eggs,2.35,1,0.11,2.49,12/07/2025,13:11:03,Cash,2.37,0.07,0.17,5.5
THIRD-301596,M,Nottingham,Normal,Male,Dairy & Eggs,6.03,9,2.61,57.55,23/11/2025,12:58:24,Credit Card,54.81,0.07,3.87,4.8
THIRD-301597,N,Leicester,Member,Male,Household,22.34,4,4.3,94.73,03/07/2025,12:21:28,Credit Card,90.22,0.19,17.3,4.9
THIRD-301598,P,Coventry,Normal,Male,Beverages,13.98,3,2.02,44.46,29/11/2025,21:30:34,Credit Card,42.34,0.13,5.55,7.1
THIRD-301599,M,Nottingham,Normal,Female,Dairy & Eggs,4.05,7,1.36,30.02,20/03/2025,10:50:24,Credit Card,28.59,0.07,2.02,7.0
THIRD-301600,M,Nottingham,Normal,Female,Snacks,4.83,5,1.16,25.58,23/12/2025,17:01:31,Debit Card,24.36,0.17,4.18,6.0
THIRD-301601,M,Nottingham,Member,Female,Snacks,3.73,6,1.08,23.75,13/01/2025,10:04:39,Credit Card,22.62,0.17,3.88,6.9
THIRD-301602,P,Coventry,Normal,Male,Dairy & Eggs,3.65,6,1.05,23.22,18/01/2025,14:37:07,Debit Card,22.11,0.07,1.56,6.1
THIRD-301603,N,Leicester,Member,Female,Dairy & Eggs,5.43,1,0.26,5.75,09/12/2025,14:51:03,Debit Card,5.48,0.07,0.39,7.5
THIRD-301604,M,Nottingham,Normal,Female,Snacks,4.72,6,1.36,30.03,24/03/2025,14:28:09,Debit Card,28.6,0.17,4.91,6.8
THIRD-301605,M,Nottingham,Member,Female,Snacks,5.75,9,2.49,54.87,10/07/2025,13:51:58,Mobile Wallet,52.26,0.17,8.97,6.8
THIRD-301606,P,Coventry,Member,Male,Fresh Produce,5.95,6,1.72,37.84,11/05/2025,11:53:06,Debit Card,36.04,0.08,2.92,6.1
THIRD-301607,N,Leicester,Member,Female,Health & Wellness,14.08,2,1.35,29.85,26/11/2025,17:09:47,Credit Card,28.43,0.24,6.89,7.4
THIRD-301608,N,Leicester,Member,Male,Bakery,10.57,2,1.02,22.41,02/11/2025,19:39:06,Debit Card,21.34,0.11,2.37,8.5
THIRD-301609,M,Nottingham,Member,Male,Beverages,4.49,3,0.65,14.29,06/01/2025,09:33:18,Debit Card,13.61,0.13,1.78,8.8
THIRD-301610,N,Leicester,Normal,Male,Beverages,2.12,3,0.31,6.75,10/10/2025,11:50:15,Cash,6.43,0.13,0.85,8.0
THIRD-301611,M,Nottingham,Member,Female,Bakery,9.94,9,4.3,94.86,11/04/2025,15:28:57,Debit Card,90.34,0.11,10.03,4.2
THIRD-301612,P,Coventry,Normal,Male,Snacks,6.68,4,1.28,28.31,27/10/2025,14:30:45,Debit Card,26.96,0.17,4.63,4.3
THIRD-301613,N,Leicester,Member,Male,Baby Products,40.65,9,17.59,387.87,21/12/2025,18:09:39,Debit Card,369.4,0.18,67.13,6.0
THIRD-301614,M,Nottingham,Normal,Female,Bakery,2.98,6,0.86,18.98,03/04/2025,08:19:00,Credit Card,18.08,0.11,2.0,8.0
THIRD-301615,M,Nottingham,Normal,Male,Health & Wellness,30.48,7,10.26,226.2,14/09/2025,14:53:36,Debit Card,215.43,0.24,52.19,6.8
THIRD-301616,P,Coventry,Member,Female,Beverages,11.99,1,0.58,12.72,22/02/2025,13:39:21,Debit Card,12.11,0.13,1.59,7.7
THIRD-301617,P,Coventry,Normal,Female,Baby Products,35.09,8,13.5,297.59,21/03/2025,17:43:58,Credit Card,283.42,0.18,51.51,5.5
THIRD-301618,M,Nottingham,Member,Male,Bakery,7.76,4,1.49,32.9,12/02/2025,17:08:09,Mobile Wallet,31.33,0.11,3.48,9.7
THIRD-301619,N,Leicester,Normal,Female,Bakery,1.35,8,0.52,11.47,12/09/2025,16:18:35,Debit Card,10.92,0.11,1.21,5.7
THIRD-301620,P,Coventry,Normal,Female,Dairy & Eggs,2.79,2,0.27,5.91,18/12/2025,17:14:23,Cash,5.63,0.07,0.4,5.2
THIRD-301621,P,Coventry,Member,Male,Health & Wellness,22.33,3,3.22,71.01,04/01/2025,21:30:14,Credit Card,67.63,0.24,16.39,8.8
THIRD-301622,N,Leicester,Member,Male,Personal Care,23.44,3,3.38,74.55,15/07/2025,15:43:25,Cash,71.0,0.21,15.05,8.4
THIRD-301623,M,Nottingham,Member,Female,Bakery,4.8,8,1.85,40.75,03/07/2025,18:24:01,Mobile Wallet,38.81,0.11,4.31,6.5
THIRD-301624,P,Coventry,Member,Male,Dairy & Eggs,6.21,6,1.79,39.49,07/01/2025,18:51:46,Cash,37.61,0.07,2.66,6.5
THIRD-301625,M,Nottingham,Normal,Female,Health & Wellness,38.91,1,1.87,41.24,26/04/2025,15:56:10,Credit Card,39.28,0.24,9.52,7.5
THIRD-301626,N,Leicester,Normal,Female,Personal Care,18.37,11,9.71,214.17,25/03/2025,14:24:35,Mobile Wallet,203.97,0.21,43.24,6.9
THIRD-301627,P,Coventry,Member,Male,Bakery,2.28,2,0.22,4.83,27/01/2025,08:25:39,Mobile Wallet,4.6,0.11,0.51,6.3
THIRD-301628,N,Leicester,Normal,Male,Dairy & Eggs,4.5,3,0.65,14.32,25/10/2025,10:39:40,Debit Card,13.64,0.07,0.96,7.7
THIRD-301629,M,Nottingham,Member,Female,Frozen Foods,13.9,5,3.34,73.7,29/01/2025,20:55:45,Cash,70.19,0.1,7.08,7.1
THIRD-301630,N,Leicester,Normal,Female,Health & Wellness,4.82,8,1.85,40.83,05/09/2025,20:44:02,Mobile Wallet,38.89,0.24,9.42,6.0
THIRD-301631,P,Coventry,Normal,Male,Personal Care,16.03,4,3.08,67.96,03/09/2025,14:42:34,Debit Card,64.72,0.21,13.72,6.2
THIRD-301632,N,Leicester,Normal,Male,Household,14.98,7,5.04,111.13,01/01/2025,13:30:43,Mobile Wallet,105.84,0.19,20.3,5.9
THIRD-301633,N,Leicester,Member,Female,Dairy & Eggs,6.3,7,2.12,46.77,15/11/2025,12:28:22,Mobile Wallet,44.54,0.07,3.15,7.8
THIRD-301634,P,Coventry,Normal,Female,Health & Wellness,41.66,6,12.02,265.0,03/10/2025,11:50:49,Credit Card,252.38,0.24,61.15,7.8
THIRD-301635,P,Coventry,Member,Male,Fresh Produce,10.42,6,3.01,66.29,01/11/2025,10:24:40,Credit Card,63.13,0.08,5.1,7.1
THIRD-301636,M,Nottingham,Normal,Male,Frozen Foods,10.46,7,3.52,77.64,21/03/2025,11:43:56,Debit Card,73.94,0.1,7.46,6.0
THIRD-301637,N,Leicester,Member,Male,Personal Care,17.19,3,2.48,54.67,04/02/2025,16:12:14,Credit Card,52.07,0.21,11.03,6.0
THIRD-301638,M,Nottingham,Member,Female,Snacks,1.86,6,0.54,11.84,31/07/2025,10:46:54,Credit Card,11.28,0.17,1.94,8.3
THIRD-301639,M,Nottingham,Normal,Female,Frozen Foods,9.78,3,1.41,31.09,13/11/2025,08:41:42,Debit Card,29.61,0.1,2.99,5.1
THIRD-301640,N,Leicester,Normal,Male,Personal Care,20.35,2,1.96,43.16,03/09/2025,20:49:02,Credit Card,41.1,0.21,8.71,6.8
THIRD-301641,M,Nottingham,Member,Female,Household,18.64,8,7.17,158.06,17/04/2025,15:40:13,Debit Card,150.53,0.19,28.87,7.9
THIRD-301642,N,Leicester,Normal,Male,Frozen Foods,8.89,9,3.85,84.84,28/10/2025,17:26:57,Debit Card,80.8,0.1,8.16,6.6
THIRD-301643,M,Nottingham,Normal,Female,Household,9.71,9,4.2,92.67,11/12/2025,09:15:27,Cash,88.26,0.19,16.93,5.0
THIRD-301644,N,Leicester,Member,Female,Baby Products,8.33,1,0.4,8.83,19/04/2025,18:24:51,Credit Card,8.41,0.18,1.53,7.5
THIRD-301645,N,Leicester,Member,Male,Household,16.14,4,3.1,68.44,25/04/2025,16:00:06,Debit Card,65.18,0.19,12.51,5.0
THIRD-301646,M,Nottingham,Normal,Male,Health & Wellness,25.05,5,6.02,132.79,19/02/2025,16:26:28,Debit Card,126.47,0.24,30.64,7.0
THIRD-301647,P,Coventry,Normal,Female,Bakery,4.76,2,0.46,10.1,28/12/2025,12:14:33,Cash,9.62,0.11,1.07,5.5
THIRD-301648,P,Coventry,Member,Female,Personal Care,26.83,8,10.32,227.56,28/06/2025,18:30:07,Debit Card,216.72,0.21,45.94,4.5
THIRD-301649,P,Coventry,Normal,Female,Snacks,0.88,3,0.13,2.81,21/10/2025,11:18:32,Cash,2.68,0.17,0.46,7.9
THIRD-301650,N,Leicester,Member,Male,Household,6.81,9,2.95,65.0,23/08/2025,19:32:49,Debit Card,61.9,0.19,11.87,6.7
THIRD-301651,M,Nottingham,Member,Female,Dairy & Eggs,6.56,6,1.89,41.74,18/10/2025,10:19:14,Credit Card,39.75,0.07,2.81,4.5
THIRD-301652,N,Leicester,Member,Female,Baby Products,37.91,12,21.87,482.23,17/11/2025,19:33:12,Cash,459.27,0.18,83.45,6.3
THIRD-301653,N,Leicester,Member,Female,Dairy & Eggs,2.26,4,0.43,9.57,04/12/2025,19:51:10,Credit Card,9.11,0.07,0.65,7.0
THIRD-301654,N,Leicester,Member,Male,Personal Care,9.97,6,2.88,63.44,25/01/2025,17:55:52,Cash,60.42,0.21,12.8,6.2
THIRD-301655,N,Leicester,Member,Female,Household,18.46,5,4.44,97.85,19/07/2025,13:27:26,Credit Card,93.19,0.19,17.87,7.2
THIRD-301656,P,Coventry,Normal,Female,Beverages,9.87,11,5.22,115.09,04/04/2025,12:12:57,Debit Card,109.61,0.13,14.38,8.8
THIRD-301657,N,Leicester,Normal,Female,Frozen Foods,10.57,7,3.56,78.41,25/12/2025,13:40:20,Debit Card,74.68,0.1,7.54,6.1
THIRD-301658,N,Leicester,Normal,Female,Bakery,3.47,3,0.5,11.05,12/10/2025,10:15:29,Cash,10.52,0.11,1.17,6.5
THIRD-301659,M,Nottingham,Normal,Male,Snacks,2.39,5,0.58,12.68,26/07/2025,15:27:37,Credit Card,12.08,0.17,2.08,8.2
THIRD-301660,P,Coventry,Member,Female,Baby Products,44.18,4,8.5,187.34,13/04/2025,16:42:03,Mobile Wallet,178.42,0.18,32.43,8.1
THIRD-301661,P,Coventry,Member,Female,Snacks,3.08,8,1.18,26.1,25/08/2025,17:10:52,Credit Card,24.86,0.17,4.27,7.8
THIRD-301662,N,Leicester,Normal,Female,Household,9.96,6,2.87,63.37,31/12/2025,18:05:13,Debit Card,60.35,0.19,11.58,6.2
THIRD-301663,M,Nottingham,Member,Female,Snacks,2.69,2,0.26,5.71,07/05/2025,18:34:22,Debit Card,5.44,0.17,0.93,6.3
THIRD-301664,M,Nottingham,Normal,Female,Snacks,0.69,6,0.2,4.37,03/06/2025,20:35:37,Debit Card,4.16,0.17,0.71,6.6
THIRD-301665,P,Coventry,Normal,Male,Baby Products,39.01,2,3.75,82.71,16/03/2025,16:33:24,Cash,78.77,0.18,14.31,6.1
THIRD-301666,N,Leicester,Member,Female,Personal Care,20.31,4,3.91,86.13,20/07/2025,13:42:37,Debit Card,82.03,0.21,17.39,7.3
THIRD-301667,P,Coventry,Member,Male,Fresh Produce,2.23,2,0.21,4.71,31/07/2025,15:23:35,Debit Card,4.49,0.08,0.36,6.8
THIRD-301668,P,Coventry,Normal,Male,Baby Products,8.29,2,0.8,17.58,07/02/2025,16:41:54,Credit Card,16.74,0.18,3.04,8.5
THIRD-301669,M,Nottingham,Normal,Male,Frozen Foods,3.86,3,0.56,12.27,31/08/2025,13:53:02,Debit Card,11.69,0.1,1.18,7.0
THIRD-301670,M,Nottingham,Member,Male,Bakery,5.49,7,1.85,40.75,21/09/2025,15:15:50,Credit Card,38.81,0.11,4.31,6.0
THIRD-301671,P,Coventry,Member,Male,Baby Products,27.57,1,1.33,29.23,28/02/2025,17:03:20,Debit Card,27.84,0.18,5.06,8.3
THIRD-301672,N,Leicester,Normal,Male,Beverages,6.36,3,0.92,20.24,21/10/2025,14:45:48,Credit Card,19.28,0.13,2.53,5.9
THIRD-301673,N,Leicester,Normal,Male,Beverages,5.9,8,2.27,50.01,13/11/2025,13:55:37,Credit Card,47.63,0.13,6.25,5.2
THIRD-301674,N,Leicester,Normal,Male,Bakery,7.95,2,0.76,16.84,06/04/2025,19:02:53,Credit Card,16.04,0.11,1.78,7.0
THIRD-301675,P,Coventry,Normal,Male,Personal Care,30.01,2,2.89,63.64,27/11/2025,15:24:19,Mobile Wallet,60.61,0.21,12.85,7.3
THIRD-301676,P,Coventry,Member,Male,Bakery,9.73,1,0.47,10.32,21/04/2025,12:25:09,Credit Card,9.83,0.11,1.09,6.3
THIRD-301677,P,Coventry,Member,Female,Health & Wellness,15.23,5,3.66,80.7,14/07/2025,19:44:07,Mobile Wallet,76.86,0.24,18.62,6.9
THIRD-301678,N,Leicester,Member,Female,Personal Care,20.63,2,1.98,43.74,20/07/2025,17:32:50,Mobile Wallet,41.66,0.21,8.83,6.4
THIRD-301679,P,Coventry,Member,Female,Household,14.03,13,8.77,193.35,04/10/2025,13:38:38,Debit Card,184.14,0.19,35.32,6.5
THIRD-301680,N,Leicester,Member,Male,Dairy & Eggs,3.54,11,1.87,41.23,03/09/2025,12:46:12,Credit Card,39.27,0.07,2.78,6.3
THIRD-301681,P,Coventry,Member,Female,Household,24.55,6,7.08,156.18,09/09/2025,12:18:01,Mobile Wallet,148.74,0.19,28.54,6.9
THIRD-301682,M,Nottingham,Member,Female,Baby Products,16.69,5,4.01,88.47,06/04/2025,15:48:22,Debit Card,84.26,0.18,15.32,4.5
THIRD-301683,M,Nottingham,Normal,Male,Fresh Produce,3.65,1,0.18,3.87,23/08/2025,18:04:26,Credit Card,3.69,0.08,0.3,6.9
THIRD-301684,M,Nottingham,Normal,Male,Snacks,2.9,6,0.84,18.46,29/10/2025,17:43:57,Debit Card,17.58,0.17,3.02,4.8
THIRD-301685,M,Nottingham,Member,Female,Fresh Produce,7.52,5,1.81,39.86,08/12/2025,15:12:25,Credit Card,37.96,0.08,3.06,7.9
THIRD-301686,M,Nottingham,Member,Female,Dairy & Eggs,4.19,5,1.01,22.22,12/03/2025,16:13:40,Mobile Wallet,21.16,0.07,1.49,7.1
THIRD-301687,P,Coventry,Normal,Female,Baby Products,21.6,12,12.46,274.79,10/07/2025,19:34:54,Mobile Wallet,261.7,0.18,47.55,7.4
THIRD-301688,M,Nottingham,Member,Male,Fresh Produce,10.9,7,3.67,80.88,01/12/2025,17:03:53,Debit Card,77.03,0.08,6.22,5.8
THIRD-301689,N,Leicester,Member,Female,Beverages,10.33,2,0.99,21.89,06/12/2025,11:43:09,Credit Card,20.85,0.13,2.73,7.2
THIRD-301690,P,Coventry,Normal,Female,Baby Products,39.98,12,23.06,508.56,02/07/2025,21:47:26,Debit Card,484.34,0.18,88.01,5.5
THIRD-301691,M,Nottingham,Normal,Female,Health & Wellness,14.0,1,0.67,14.84,30/11/2025,14:46:38,Debit Card,14.13,0.24,3.42,4.2
THIRD-301692,N,Leicester,Normal,Female,Bakery,7.12,9,3.08,67.97,04/11/2025,21:04:31,Credit Card,64.73,0.11,7.19,7.0
THIRD-301693,N,Leicester,Member,Female,Fresh Produce,6.09,6,1.76,38.77,17/12/2025,14:44:10,Mobile Wallet,36.92,0.08,2.98,7.3
THIRD-301694,N,Leicester,Member,Male,Beverages,8.43,9,3.65,80.47,19/06/2025,21:43:14,Mobile Wallet,76.64,0.13,10.06,8.1
THIRD-301695,M,Nottingham,Member,Female,Personal Care,26.62,3,3.84,84.67,31/08/2025,19:56:01,Mobile Wallet,80.64,0.21,17.1,6.8
THIRD-301696,N,Leicester,Member,Male,Bakery,9.31,1,0.45,9.87,02/09/2025,13:09:13,Mobile Wallet,9.4,0.11,1.04,6.8
THIRD-301697,P,Coventry,Normal,Male,Beverages,13.0,4,2.5,55.12,20/12/2025,16:43:36,Mobile Wallet,52.5,0.13,6.89,6.4
THIRD-301698,M,Nottingham,Member,Female,Snacks,4.64,3,0.67,14.75,22/03/2025,19:38:17,Mobile Wallet,14.05,0.17,2.41,7.6
THIRD-301699,N,Leicester,Member,Female,Health & Wellness,32.02,1,1.54,33.95,04/01/2025,14:07:07,Cash,32.33,0.24,7.83,6.1
THIRD-301700,N,Leicester,Member,Female,Dairy & Eggs,2.52,6,0.73,16.01,10/09/2025,13:10:17,Credit Card,15.25,0.07,1.08,4.2
THIRD-301701,P,Coventry,Member,Male,Dairy & Eggs,6.0,2,0.58,12.73,08/09/2025,11:44:35,Mobile Wallet,12.12,0.07,0.86,7.9
THIRD-301702,M,Nottingham,Member,Male,Bakery,4.08,7,1.37,30.25,23/01/2025,18:43:38,Mobile Wallet,28.81,0.11,3.2,8.2
THIRD-301703,N,Leicester,Normal,Male,Household,12.3,4,2.37,52.17,05/06/2025,10:46:15,Credit Card,49.69,0.19,9.53,7.4
THIRD-301704,P,Coventry,Member,Female,Fresh Produce,8.47,6,2.44,53.84,21/01/2025,14:45:12,Debit Card,51.28,0.08,4.14,6.7
THIRD-301705,P,Coventry,Member,Male,Personal Care,14.9,8,5.73,126.39,01/06/2025,14:33:47,Debit Card,120.37,0.21,25.51,7.5
THIRD-301706,N,Leicester,Normal,Male,Household,11.32,7,3.81,83.97,12/12/2025,09:58:08,Debit Card,79.97,0.19,15.34,8.4
THIRD-301707,N,Leicester,Member,Male,Dairy & Eggs,4.04,2,0.39,8.56,14/11/2025,15:06:54,Debit Card,8.15,0.07,0.57,5.3
THIRD-301708,P,Coventry,Member,Male,Personal Care,11.09,2,1.07,23.51,11/08/2025,14:46:13,Debit Card,22.39,0.21,4.75,6.5
THIRD-301709,M,Nottingham,Normal,Male,Health & Wellness,16.61,1,0.8,17.61,01/09/2025,17:35:52,Debit Card,16.77,0.24,4.06,6.9
THIRD-301710,N,Leicester,Member,Male,Fresh Produce,6.71,7,2.26,49.78,23/02/2025,13:38:26,Credit Card,47.41,0.08,3.83,6.2
THIRD-301711,N,Leicester,Normal,Female,Snacks,2.46,3,0.36,7.84,08/09/2025,13:15:58,Cash,7.47,0.17,1.28,7.1
THIRD-301712,P,Coventry,Member,Female,Snacks,2.78,5,0.67,14.72,08/11/2025,16:45:18,Cash,14.02,0.17,2.41,7.1
THIRD-301713,M,Nottingham,Member,Female,Personal Care,22.18,11,11.73,258.68,15/04/2025,12:28:39,Debit Card,246.36,0.21,52.23,5.6
THIRD-301714,N,Leicester,Member,Female,Beverages,6.47,5,1.56,34.29,03/05/2025,11:36:44,Debit Card,32.66,0.13,4.28,7.0
THIRD-301715,P,Coventry,Normal,Female,Beverages,11.21,7,3.77,83.19,30/11/2025,14:01:42,Debit Card,79.23,0.13,10.4,5.5
THIRD-301716,N,Leicester,Normal,Male,Baby Products,39.64,2,3.81,84.05,03/08/2025,19:28:55,Cash,80.05,0.18,14.54,7.2
THIRD-301717,P,Coventry,Member,Male,Health & Wellness,4.23,10,2.04,44.88,20/09/2025,10:47:44,Credit Card,42.74,0.24,10.36,6.2
THIRD-301718,P,Coventry,Member,Male,Beverages,14.45,11,7.64,168.45,05/02/2025,13:46:43,Mobile Wallet,160.43,0.13,21.05,6.7
THIRD-301719,N,Leicester,Normal,Female,Snacks,4.53,6,1.31,28.84,04/04/2025,16:23:56,Credit Card,27.47,0.17,4.72,7.5
THIRD-301720,P,Coventry,Normal,Female,Beverages,5.49,8,2.11,46.57,28/04/2025,16:17:07,Mobile Wallet,44.35,0.13,5.82,8.2
THIRD-301721,N,Leicester,Member,Male,Fresh Produce,9.27,3,1.34,29.47,20/09/2025,17:07:14,Debit Card,28.07,0.08,2.27,6.1
THIRD-301722,P,Coventry,Member,Female,Beverages,3.06,9,1.32,29.17,26/09/2025,14:05:04,Mobile Wallet,27.78,0.13,3.65,6.8
THIRD-301723,P,Coventry,Normal,Female,Household,24.21,5,5.82,128.33,11/01/2025,18:41:32,Credit Card,122.22,0.19,23.45,7.1
THIRD-301724,P,Coventry,Member,Male,Household,20.87,8,8.03,177.02,20/02/2025,12:40:20,Credit Card,168.59,0.19,32.34,6.8
THIRD-301725,M,Nottingham,Member,Female,Household,29.14,4,5.6,123.56,10/12/2025,15:31:07,Debit Card,117.68,0.19,22.58,7.9
THIRD-301726,P,Coventry,Normal,Female,Health & Wellness,35.63,5,8.57,188.86,03/03/2025,16:46:40,Credit Card,179.86,0.24,43.58,7.0
THIRD-301727,N,Leicester,Normal,Male,Dairy & Eggs,2.16,5,0.52,11.47,22/11/2025,17:17:16,Mobile Wallet,10.92,0.07,0.77,7.1
THIRD-301728,M,Nottingham,Member,Female,Snacks,5.47,6,1.58,34.8,21/05/2025,10:22:34,Cash,33.14,0.17,5.69,5.7
THIRD-301729,N,Leicester,Member,Female,Fresh Produce,6.49,1,0.31,6.88,04/07/2025,16:41:17,Debit Card,6.55,0.08,0.53,7.2
THIRD-301730,N,Leicester,Normal,Female,Dairy & Eggs,5.27,6,1.52,33.54,23/12/2025,15:52:55,Debit Card,31.94,0.07,2.26,5.4
THIRD-301731,M,Nottingham,Member,Female,Beverages,3.37,1,0.16,3.57,24/12/2025,10:01:53,Debit Card,3.4,0.13,0.45,8.1
THIRD-301732,N,Leicester,Member,Female,Fresh Produce,7.05,1,0.34,7.48,04/07/2025,15:58:13,Debit Card,7.12,0.08,0.57,5.3
THIRD-301733,M,Nottingham,Member,Female,Bakery,7.73,2,0.74,16.38,01/01/2025,18:12:57,Debit Card,15.6,0.11,1.73,6.5
THIRD-301734,P,Coventry,Normal,Male,Bakery,7.5,1,0.36,7.95,28/02/2025,10:21:18,Credit Card,7.57,0.11,0.84,7.1
THIRD-301735,N,Leicester,Normal,Male,Frozen Foods,1.8,6,0.52,11.44,26/01/2025,15:18:09,Cash,10.9,0.1,1.1,6.2
THIRD-301736,N,Leicester,Normal,Male,Beverages,12.26,2,1.18,26.0,11/03/2025,16:04:06,Mobile Wallet,24.76,0.13,3.25,4.3
THIRD-301737,M,Nottingham,Member,Male,Frozen Foods,13.54,6,3.91,86.13,01/02/2025,13:13:05,Debit Card,82.03,0.1,8.28,5.2
THIRD-301738,P,Coventry,Member,Male,Dairy & Eggs,5.95,10,2.86,63.06,22/07/2025,13:49:32,Debit Card,60.06,0.07,4.24,6.0
THIRD-301739,N,Leicester,Member,Female,Frozen Foods,5.79,1,0.28,6.14,25/06/2025,13:01:43,Mobile Wallet,5.85,0.1,0.59,4.1
THIRD-301740,N,Leicester,Normal,Female,Fresh Produce,3.87,9,1.67,36.91,01/12/2025,12:27:39,Cash,35.15,0.08,2.84,5.5
THIRD-301741,P,Coventry,Normal,Male,Baby Products,46.51,2,4.47,98.61,18/11/2025,18:44:09,Credit Card,93.91,0.18,17.07,6.3
THIRD-301742,M,Nottingham,Member,Female,Fresh Produce,6.68,10,3.21,70.78,03/04/2025,17:57:45,Credit Card,67.41,0.08,5.45,7.1
THIRD-301743,P,Coventry,Member,Male,Household,16.37,1,0.79,17.36,23/11/2025,19:21:19,Cash,16.53,0.19,3.17,6.2
THIRD-301744,P,Coventry,Member,Female,Dairy & Eggs,6.04,2,0.58,12.81,07/03/2025,13:31:05,Cash,12.2,0.07,0.86,8.8
THIRD-301745,M,Nottingham,Normal,Female,Baby Products,34.17,4,6.57,144.91,24/04/2025,19:24:04,Credit Card,138.01,0.18,25.08,4.8
THIRD-301746,P,Coventry,Member,Female,Frozen Foods,16.76,3,2.42,53.32,22/03/2025,20:39:07,Credit Card,50.78,0.1,5.13,6.0
THIRD-301747,N,Leicester,Normal,Female,Personal Care,10.11,3,1.46,32.15,13/05/2025,10:58:00,Cash,30.62,0.21,6.49,5.7
THIRD-301748,M,Nottingham,Member,Female,Frozen Foods,15.67,9,6.78,149.53,26/01/2025,15:16:52,Debit Card,142.41,0.1,14.37,8.3
THIRD-301749,N,Leicester,Normal,Male,Fresh Produce,9.54,4,1.83,40.44,11/02/2025,12:33:53,Credit Card,38.51,0.08,3.11,7.3
THIRD-301750,P,Coventry,Normal,Female,Bakery,4.66,8,1.79,39.51,07/05/2025,09:59:55,Credit Card,37.63,0.11,4.18,6.0
THIRD-301751,P,Coventry,Normal,Female,Baby Products,22.42,4,4.31,95.08,18/01/2025,19:49:21,Debit Card,90.55,0.18,16.45,6.6
THIRD-301752,P,Coventry,Member,Female,Beverages,13.02,5,3.13,69.02,01/10/2025,14:23:33,Credit Card,65.73,0.13,8.63,6.6
THIRD-301753,P,Coventry,Member,Female,Fresh Produce,4.54,4,0.87,19.27,09/09/2025,15:26:37,Mobile Wallet,18.35,0.08,1.48,6.8
THIRD-301754,N,Leicester,Normal,Male,Health & Wellness,23.26,7,7.83,172.64,15/01/2025,18:40:48,Debit Card,164.42,0.24,39.83,7.1
THIRD-301755,M,Nottingham,Member,Female,Health & Wellness,10.59,5,2.54,56.11,14/02/2025,13:18:51,Mobile Wallet,53.44,0.24,12.95,6.2
THIRD-301756,P,Coventry,Member,Male,Frozen Foods,7.03,3,1.01,22.35,18/10/2025,15:06:11,Credit Card,21.29,0.1,2.15,7.2
THIRD-301757,P,Coventry,Member,Male,Household,22.45,5,5.4,119.02,17/01/2025,11:27:18,Cash,113.35,0.19,21.74,5.7
THIRD-301758,P,Coventry,Normal,Male,Personal Care,24.65,2,2.37,52.26,19/09/2025,19:06:36,Credit Card,49.77,0.21,10.55,5.5
THIRD-301759,M,Nottingham,Member,Female,Snacks,5.35,1,0.26,5.67,14/07/2025,10:05:17,Cash,5.4,0.17,0.92,7.1
THIRD-301760,N,Leicester,Normal,Male,Frozen Foods,6.24,2,0.6,13.23,26/12/2025,19:30:57,Debit Card,12.6,0.1,1.27,6.6
THIRD-301761,P,Coventry,Normal,Male,Snacks,5.44,9,2.35,51.89,22/10/2025,17:14:22,Credit Card,49.42,0.17,8.48,6.2
THIRD-301762,M,Nottingham,Normal,Male,Beverages,3.81,3,0.55,12.11,26/10/2025,11:13:27,Mobile Wallet,11.53,0.13,1.52,5.5
THIRD-301763,P,Coventry,Member,Female,Baby Products,16.14,2,1.55,34.22,05/05/2025,15:49:37,Debit Card,32.59,0.18,5.93,6.9
THIRD-301764,N,Leicester,Normal,Male,Frozen Foods,4.21,2,0.41,8.94,02/06/2025,17:50:10,Credit Card,8.51,0.1,0.86,5.6
THIRD-301765,N,Leicester,Member,Male,Bakery,2.66,1,0.13,2.82,02/03/2025,09:31:03,Debit Card,2.69,0.11,0.3,7.5
THIRD-301766,P,Coventry,Normal,Female,Dairy & Eggs,6.64,12,3.83,84.41,19/10/2025,10:14:40,Cash,80.39,0.07,5.68,6.9
THIRD-301767,N,Leicester,Member,Male,Frozen Foods,2.77,1,0.13,2.93,05/09/2025,10:21:50,Credit Card,2.79,0.1,0.29,6.2
THIRD-301768,P,Coventry,Normal,Female,Beverages,12.52,1,0.6,13.27,28/10/2025,15:00:09,Credit Card,12.64,0.13,1.66,6.3
THIRD-301769,P,Coventry,Normal,Female,Snacks,1.98,10,0.95,20.95,10/11/2025,10:32:04,Debit Card,19.95,0.17,3.42,6.4
THIRD-301770,N,Leicester,Normal,Male,Snacks,2.66,2,0.26,5.65,11/01/2025,13:49:17,Mobile Wallet,5.38,0.17,0.92,4.0
THIRD-301771,N,Leicester,Member,Male,Snacks,1.55,1,0.07,1.64,27/11/2025,17:49:06,Credit Card,1.56,0.17,0.26,9.3
THIRD-301772,P,Coventry,Normal,Male,Fresh Produce,11.54,5,2.78,61.19,26/08/2025,15:52:58,Credit Card,58.28,0.08,4.71,7.3
THIRD-301773,N,Leicester,Normal,Male,Health & Wellness,17.43,1,0.84,18.48,17/09/2025,15:48:03,Mobile Wallet,17.6,0.24,4.26,5.4
THIRD-301774,M,Nottingham,Normal,Male,Bakery,6.19,6,1.79,39.36,05/01/2025,12:24:52,Mobile Wallet,37.49,0.11,4.17,5.7
THIRD-301775,M,Nottingham,Member,Female,Dairy & Eggs,1.8,4,0.35,7.63,04/11/2025,13:24:42,Debit Card,7.27,0.07,0.51,5.8
THIRD-301776,M,Nottingham,Normal,Male,Fresh Produce,1.49,6,0.43,9.46,11/03/2025,17:44:03,Mobile Wallet,9.01,0.08,0.73,6.5
THIRD-301777,N,Leicester,Normal,Female,Bakery,3.61,4,0.69,15.3,25/01/2025,11:12:24,Credit Card,14.57,0.11,1.62,6.4
THIRD-301778,N,Leicester,Normal,Female,Health & Wellness,16.68,6,4.81,106.1,20/03/2025,14:42:42,Debit Card,101.05,0.24,24.49,4.6
THIRD-301779,P,Coventry,Member,Female,Beverages,4.62,7,1.55,34.26,10/08/2025,20:04:35,Mobile Wallet,32.63,0.13,4.28,7.4
THIRD-301780,N,Leicester,Member,Female,Personal Care,10.44,1,0.5,11.07,13/06/2025,19:50:20,Debit Card,10.54,0.21,2.24,6.0
THIRD-301781,M,Nottingham,Normal,Female,Snacks,1.45,7,0.49,10.73,05/03/2025,16:02:03,Credit Card,10.22,0.17,1.75,6.6
THIRD-301782,M,Nottingham,Member,Male,Dairy & Eggs,2.95,10,1.42,31.31,03/07/2025,09:03:35,Debit Card,29.82,0.07,2.11,8.9
THIRD-301783,P,Coventry,Normal,Female,Dairy & Eggs,6.51,4,1.25,27.6,07/09/2025,11:41:06,Credit Card,26.29,0.07,1.86,8.3
THIRD-301784,P,Coventry,Normal,Female,Health & Wellness,10.54,6,3.04,67.01,12/09/2025,17:19:30,Mobile Wallet,63.82,0.24,15.47,6.8
THIRD-301785,N,Leicester,Normal,Female,Personal Care,17.41,1,0.84,18.46,15/05/2025,17:23:05,Cash,17.58,0.21,3.73,8.1
THIRD-301786,M,Nottingham,Normal,Male,Frozen Foods,1.77,4,0.34,7.5,13/01/2025,18:08:51,Cash,7.14,0.1,0.72,5.1
THIRD-301787,N,Leicester,Member,Female,Snacks,2.25,6,0.65,14.29,25/06/2025,18:09:24,Debit Card,13.61,0.17,2.33,6.2
THIRD-301788,P,Coventry,Member,Female,Fresh Produce,5.04,8,1.94,42.78,02/01/2025,15:46:00,Credit Card,40.74,0.08,3.29,8.4
THIRD-301789,N,Leicester,Normal,Male,Baby Products,41.41,7,13.94,307.31,12/09/2025,16:07:28,Credit Card,292.68,0.18,53.18,4.1
THIRD-301790,P,Coventry,Normal,Female,Personal Care,18.48,2,1.78,39.19,06/10/2025,19:28:05,Debit Card,37.32,0.21,7.91,5.7
THIRD-301791,P,Coventry,Member,Male,Household,13.21,12,7.62,168.02,20/09/2025,13:15:20,Mobile Wallet,160.02,0.19,30.7,5.1
THIRD-301792,N,Leicester,Normal,Female,Bakery,8.86,1,0.43,9.4,30/04/2025,15:38:25,Cash,8.95,0.11,1.0,5.6
THIRD-301793,P,Coventry,Member,Male,Snacks,3.26,5,0.78,17.25,16/04/2025,14:13:53,Debit Card,16.43,0.17,2.82,7.4
THIRD-301794,N,Leicester,Normal,Female,Frozen Foods,10.48,4,2.02,44.46,19/02/2025,11:09:43,Mobile Wallet,42.34,0.1,4.27,6.9
THIRD-301795,M,Nottingham,Member,Female,Health & Wellness,12.84,7,4.32,95.31,21/09/2025,15:18:32,Mobile Wallet,90.77,0.24,22.0,7.4
THIRD-301796,N,Leicester,Member,Male,Dairy & Eggs,3.04,5,0.73,16.1,19/02/2025,21:52:30,Credit Card,15.33,0.07,1.08,5.3
THIRD-301797,P,Coventry,Normal,Male,Snacks,5.4,3,0.78,17.17,08/02/2025,17:26:21,Debit Card,16.35,0.17,2.81,8.2
THIRD-301798,P,Coventry,Normal,Male,Household,25.06,8,9.64,212.56,11/02/2025,16:34:01,Debit Card,202.44,0.19,38.83,5.8
THIRD-301799,N,Leicester,Member,Male,Snacks,2.69,1,0.13,2.86,23/06/2025,09:30:24,Mobile Wallet,2.72,0.17,0.47,7.0
THIRD-301800,N,Leicester,Normal,Female,Beverages,11.32,9,4.9,107.96,02/01/2025,17:42:18,Credit Card,102.82,0.13,13.49,8.2
THIRD-301801,M,Nottingham,Normal,Male,Dairy & Eggs,3.46,7,1.17,25.7,09/10/2025,09:56:50,Credit Card,24.48,0.07,1.73,8.3
THIRD-301802,N,Leicester,Normal,Female,Household,15.3,4,2.94,64.87,26/08/2025,11:23:26,Cash,61.78,0.19,11.85,6.7
THIRD-301803,N,Leicester,Normal,Male,Bakery,6.3,1,0.3,6.68,31/08/2025,12:01:41,Credit Card,6.36,0.11,0.71,6.4
THIRD-301804,M,Nottingham,Member,Female,Personal Care,12.91,2,1.24,27.36,29/01/2025,12:59:17,Debit Card,26.06,0.21,5.52,6.9
THIRD-301805,P,Coventry,Member,Female,Personal Care,7.82,9,3.38,74.61,09/05/2025,19:08:05,Debit Card,71.06,0.21,15.06,7.7
THIRD-301806,M,Nottingham,Normal,Male,Beverages,10.29,8,3.96,87.23,11/12/2025,10:37:25,Debit Card,83.08,0.13,10.91,7.8
THIRD-301807,N,Leicester,Normal,Male,Beverages,11.12,1,0.53,11.78,08/01/2025,14:31:15,Cash,11.22,0.13,1.47,6.6
THIRD-301808,M,Nottingham,Member,Female,Frozen Foods,2.07,2,0.2,4.39,24/04/2025,20:08:43,Debit Card,4.18,0.1,0.42,7.3
THIRD-301809,N,Leicester,Member,Female,Snacks,4.77,7,1.61,35.43,04/09/2025,19:42:10,Debit Card,33.74,0.17,5.79,5.2
THIRD-301810,M,Nottingham,Normal,Male,Fresh Produce,11.03,5,2.65,58.49,07/05/2025,16:28:01,Credit Card,55.7,0.08,4.49,4.8
THIRD-301811,P,Coventry,Member,Male,Snacks,4.72,6,1.36,30.03,19/05/2025,21:48:18,Debit Card,28.6,0.17,4.91,7.3
THIRD-301812,P,Coventry,Normal,Male,Personal Care,19.33,1,0.93,20.5,11/01/2025,12:34:21,Mobile Wallet,19.52,0.21,4.13,6.4
THIRD-301813,M,Nottingham,Normal,Male,Snacks,3.28,2,0.32,6.95,05/02/2025,21:48:32,Credit Card,6.62,0.17,1.13,6.2
THIRD-301814,M,Nottingham,Normal,Male,Bakery,10.06,3,1.45,31.98,13/08/2025,16:27:53,Cash,30.46,0.11,3.38,5.1
THIRD-301815,M,Nottingham,Normal,Female,Beverages,5.16,4,0.99,21.87,12/03/2025,18:27:34,Credit Card,20.83,0.13,2.73,6.2
THIRD-301816,P,Coventry,Normal,Male,Household,13.11,6,3.78,83.41,13/04/2025,14:21:52,Cash,79.44,0.19,15.24,6.0
THIRD-301817,P,Coventry,Member,Female,Personal Care,29.07,5,6.99,154.08,08/07/2025,20:38:56,Mobile Wallet,146.74,0.21,31.11,7.3
THIRD-301818,M,Nottingham,Member,Female,Dairy & Eggs,2.55,1,0.12,2.7,05/04/2025,18:39:06,Mobile Wallet,2.57,0.07,0.18,7.4
THIRD-301819,M,Nottingham,Normal,Female,Personal Care,16.11,1,0.77,17.07,06/07/2025,18:29:54,Credit Card,16.26,0.21,3.44,7.1
THIRD-301820,N,Leicester,Normal,Male,Household,19.04,6,5.49,121.12,07/11/2025,15:42:38,Cash,115.35,0.19,22.12,5.7
THIRD-301821,N,Leicester,Member,Female,Health & Wellness,38.08,5,9.15,201.86,15/11/2025,13:01:40,Debit Card,192.26,0.24,46.58,6.3
THIRD-301822,P,Coventry,Normal,Female,Baby Products,16.22,2,1.56,34.4,24/04/2025,16:45:44,Credit Card,32.76,0.18,5.96,7.7
THIRD-301823,M,Nottingham,Normal,Male,Household,14.57,6,4.2,92.67,12/01/2025,21:30:02,Debit Card,88.26,0.19,16.93,8.2
THIRD-301824,N,Leicester,Member,Female,Personal Care,11.88,3,1.71,37.77,20/07/2025,20:46:33,Debit Card,35.97,0.21,7.62,6.2
THIRD-301825,N,Leicester,Normal,Female,Fresh Produce,5.27,2,0.51,11.18,12/05/2025,11:11:41,Mobile Wallet,10.65,0.08,0.86,5.9
THIRD-301826,P,Coventry,Member,Male,Fresh Produce,6.57,1,0.32,6.97,27/06/2025,15:23:34,Cash,6.64,0.08,0.54,8.2
THIRD-301827,N,Leicester,Member,Female,Bakery,6.4,12,3.69,81.36,26/12/2025,17:34:06,Mobile Wallet,77.49,0.11,8.61,5.1
THIRD-301828,M,Nottingham,Member,Male,Beverages,13.92,1,0.67,14.75,14/08/2025,19:51:58,Debit Card,14.05,0.13,1.84,7.4
THIRD-301829,M,Nottingham,Member,Female,Bakery,3.74,8,1.44,31.75,24/12/2025,19:14:17,Mobile Wallet,30.24,0.11,3.36,6.7
THIRD-301830,M,Nottingham,Normal,Female,Beverages,3.24,3,0.47,10.32,14/01/2025,12:29:11,Debit Card,9.83,0.13,1.29,6.3
THIRD-301831,P,Coventry,Normal,Female,Bakery,3.45,2,0.33,7.32,20/04/2025,16:29:48,Mobile Wallet,6.97,0.11,0.77,6.5
THIRD-301832,M,Nottingham,Member,Female,Health & Wellness,40.55,10,19.5,429.87,04/12/2025,17:50:22,Credit Card,409.4,0.24,99.19,7.3
THIRD-301833,P,Coventry,Member,Female,Snacks,3.39,3,0.49,10.78,27/11/2025,13:44:27,Credit Card,10.27,0.17,1.76,7.0
THIRD-301834,P,Coventry,Normal,Male,Bakery,3.0,5,0.72,15.88,31/10/2025,09:33:10,Cash,15.12,0.11,1.67,7.2
THIRD-301835,N,Leicester,Member,Female,Beverages,3.91,1,0.19,4.15,08/02/2025,10:52:45,Credit Card,3.95,0.13,0.52,6.3
THIRD-301836,M,Nottingham,Normal,Male,Personal Care,17.05,10,8.2,180.7,20/04/2025,17:20:21,Credit Card,172.1,0.21,36.49,6.9
THIRD-301837,M,Nottingham,Normal,Female,Frozen Foods,5.5,2,0.53,11.67,22/01/2025,11:15:58,Cash,11.11,0.1,1.12,6.5
THIRD-301838,M,Nottingham,Member,Female,Dairy & Eggs,4.21,2,0.41,8.94,14/03/2025,14:47:03,Credit Card,8.51,0.07,0.6,6.6
THIRD-301839,N,Leicester,Normal,Male,Household,11.17,6,3.22,71.04,22/04/2025,15:02:32,Credit Card,67.66,0.19,12.97,8.6
THIRD-301840,P,Coventry,Normal,Male,Bakery,6.32,1,0.3,6.7,22/08/2025,12:50:36,Credit Card,6.38,0.11,0.71,6.2
THIRD-301841,M,Nottingham,Member,Female,Beverages,12.08,3,1.74,38.43,29/01/2025,20:48:31,Mobile Wallet,36.6,0.13,4.8,5.3
THIRD-301842,P,Coventry,Normal,Female,Fresh Produce,5.34,3,0.77,16.97,20/10/2025,13:52:26,Credit Card,16.16,0.08,1.3,8.3
THIRD-301843,P,Coventry,Member,Female,Dairy & Eggs,2.23,5,0.54,11.8,17/07/2025,20:20:35,Debit Card,11.24,0.07,0.8,6.3
THIRD-301844,M,Nottingham,Member,Female,Health & Wellness,24.16,9,10.45,230.5,26/09/2025,11:50:32,Mobile Wallet,219.52,0.24,53.19,6.5
THIRD-301845,P,Coventry,Member,Male,Frozen Foods,8.54,2,0.82,18.1,14/03/2025,09:53:18,Credit Card,17.24,0.1,1.74,7.1
THIRD-301846,P,Coventry,Normal,Male,Bakery,3.37,5,0.81,17.86,23/10/2025,15:11:20,Mobile Wallet,17.01,0.11,1.89,6.8
THIRD-301847,P,Coventry,Member,Female,Bakery,9.88,12,5.7,125.68,19/06/2025,12:52:09,Credit Card,119.7,0.11,13.29,5.4
THIRD-301848,P,Coventry,Normal,Male,Personal Care,28.72,7,9.67,213.16,07/07/2025,18:10:36,Debit Card,203.01,0.21,43.04,7.0
THIRD-301849,N,Leicester,Normal,Female,Household,17.2,4,3.31,72.94,24/02/2025,21:32:06,Cash,69.47,0.19,13.32,6.6
THIRD-301850,N,Leicester,Normal,Male,Dairy & Eggs,2.76,5,0.66,14.61,27/01/2025,16:53:12,Credit Card,13.91,0.07,0.99,7.3
THIRD-301851,P,Coventry,Normal,Female,Frozen Foods,14.89,8,5.73,126.3,08/09/2025,17:00:24,Credit Card,120.29,0.1,12.15,6.0
THIRD-301852,M,Nottingham,Normal,Female,Dairy & Eggs,6.21,5,1.49,32.91,11/01/2025,11:03:37,Debit Card,31.34,0.07,2.22,5.5
THIRD-301853,M,Nottingham,Normal,Male,Health & Wellness,34.82,4,6.7,147.65,05/12/2025,18:05:38,Debit Card,140.62,0.24,34.07,5.6
THIRD-301854,M,Nottingham,Normal,Female,Health & Wellness,10.64,10,5.12,112.79,22/06/2025,15:17:54,Credit Card,107.42,0.24,26.02,7.5
THIRD-301855,N,Leicester,Member,Male,Bakery,4.37,11,2.31,50.94,14/11/2025,11:45:24,Credit Card,48.51,0.11,5.38,7.1
THIRD-301856,P,Coventry,Normal,Male,Baby Products,42.32,6,12.21,269.17,06/05/2025,14:18:49,Credit Card,256.35,0.18,46.59,6.2
THIRD-301857,M,Nottingham,Normal,Male,Household,3.32,4,0.64,14.07,09/03/2025,11:59:00,Mobile Wallet,13.4,0.19,2.57,6.5
THIRD-301858,P,Coventry,Member,Female,Health & Wellness,14.72,3,2.12,46.8,01/06/2025,19:49:27,Mobile Wallet,44.57,0.24,10.8,6.4
THIRD-301859,N,Leicester,Normal,Female,Baby Products,35.04,7,11.79,260.0,15/03/2025,15:55:09,Credit Card,247.62,0.18,45.0,5.0
THIRD-301860,P,Coventry,Member,Male,Frozen Foods,18.87,5,4.54,100.0,30/12/2025,13:10:41,Mobile Wallet,95.24,0.1,9.61,5.7
THIRD-301861,M,Nottingham,Normal,Male,Baby Products,42.44,7,14.28,314.95,15/05/2025,13:24:44,Mobile Wallet,299.95,0.18,54.51,5.7
THIRD-301862,M,Nottingham,Member,Male,Beverages,6.15,9,2.66,58.64,09/01/2025,10:12:32,Debit Card,55.85,0.13,7.32,8.1
THIRD-301863,P,Coventry,Normal,Male,Baby Products,14.85,11,7.85,173.18,27/07/2025,15:39:35,Debit Card,164.93,0.18,29.97,7.6
THIRD-301864,P,Coventry,Normal,Female,Bakery,8.05,2,0.77,17.06,06/07/2025,13:27:42,Credit Card,16.25,0.11,1.8,6.0
THIRD-301865,M,Nottingham,Member,Male,Snacks,2.77,6,0.8,17.6,21/02/2025,14:32:33,Credit Card,16.76,0.17,2.87,5.2
THIRD-301866,M,Nottingham,Normal,Female,Frozen Foods,2.63,5,0.63,13.94,20/12/2025,16:56:02,Credit Card,13.28,0.1,1.35,6.3
THIRD-301867,P,Coventry,Normal,Male,Baby Products,11.91,2,1.15,25.25,13/09/2025,11:24:17,Cash,24.04,0.18,4.37,7.0
THIRD-301868,M,Nottingham,Member,Female,Bakery,5.87,3,0.85,18.66,21/11/2025,18:19:56,Cash,17.77,0.11,1.97,6.9
THIRD-301869,P,Coventry,Normal,Male,Bakery,8.24,9,3.56,78.58,25/06/2025,17:17:21,Debit Card,74.84,0.11,8.31,6.7
THIRD-301870,P,Coventry,Member,Female,Bakery,8.43,2,0.81,17.88,04/05/2025,09:33:34,Cash,17.03,0.11,1.89,7.6
THIRD-301871,P,Coventry,Member,Female,Personal Care,25.62,3,3.69,81.46,01/03/2025,19:21:43,Cash,77.58,0.21,16.45,5.9
THIRD-301872,N,Leicester,Member,Female,Snacks,1.75,5,0.42,9.26,09/05/2025,15:28:59,Debit Card,8.82,0.17,1.52,6.0
THIRD-301873,P,Coventry,Normal,Male,Dairy & Eggs,3.53,4,0.68,14.95,21/07/2025,14:33:45,Mobile Wallet,14.24,0.07,1.01,7.0
THIRD-301874,N,Leicester,Normal,Male,Household,18.44,10,8.87,195.48,28/09/2025,19:32:04,Mobile Wallet,186.17,0.19,35.71,6.8
THIRD-301875,N,Leicester,Member,Male,Fresh Produce,9.78,6,2.82,62.18,27/03/2025,17:17:35,Credit Card,59.22,0.08,4.78,5.5
THIRD-301876,N,Leicester,Member,Female,Dairy & Eggs,5.4,1,0.26,5.72,15/11/2025,17:21:07,Credit Card,5.45,0.07,0.38,7.0
THIRD-301877,N,Leicester,Member,Male,Baby Products,25.91,2,2.49,54.93,26/11/2025,14:56:37,Cash,52.31,0.18,9.51,6.1
THIRD-301878,P,Coventry,Member,Female,Snacks,7.6,2,0.73,16.12,09/12/2025,13:16:02,Debit Card,15.35,0.17,2.64,5.4
THIRD-301879,P,Coventry,Normal,Female,Fresh Produce,11.16,6,3.22,70.98,19/12/2025,14:39:51,Credit Card,67.6,0.08,5.46,6.8
THIRD-301880,N,Leicester,Normal,Male,Household,12.75,5,3.06,67.58,23/06/2025,15:19:43,Credit Card,64.36,0.19,12.35,6.9
THIRD-301881,N,Leicester,Member,Male,Health & Wellness,18.6,4,3.58,78.86,15/09/2025,15:39:56,Cash,75.1,0.24,18.19,6.4
THIRD-301882,N,Leicester,Normal,Female,Snacks,5.7,1,0.27,6.04,18/06/2025,14:46:15,Credit Card,5.75,0.17,0.99,7.5
THIRD-301883,N,Leicester,Normal,Male,Dairy & Eggs,5.36,6,1.54,34.06,09/01/2025,17:04:41,Credit Card,32.44,0.07,2.29,5.9
THIRD-301884,M,Nottingham,Member,Female,Dairy & Eggs,8.33,9,3.6,79.47,20/12/2025,17:07:55,Debit Card,75.69,0.07,5.35,8.1
THIRD-301885,M,Nottingham,Normal,Male,Personal Care,18.73,13,11.71,258.13,01/05/2025,17:41:13,Credit Card,245.84,0.21,52.12,4.1
THIRD-301886,P,Coventry,Member,Female,Bakery,3.95,4,0.76,16.76,04/02/2025,12:38:08,Debit Card,15.96,0.11,1.77,5.3
THIRD-301887,N,Leicester,Member,Male,Bakery,2.56,2,0.25,5.43,02/03/2025,11:23:41,Credit Card,5.17,0.11,0.57,6.3
THIRD-301888,M,Nottingham,Member,Female,Bakery,9.2,7,3.1,68.3,15/04/2025,14:21:49,Debit Card,65.05,0.11,7.22,7.7
THIRD-301889,M,Nottingham,Normal,Male,Beverages,4.35,10,2.09,46.08,12/06/2025,08:46:50,Debit Card,43.89,0.13,5.76,6.0
THIRD-301890,P,Coventry,Normal,Male,Frozen Foods,14.42,5,3.47,76.46,01/08/2025,08:12:05,Debit Card,72.82,0.1,7.35,7.5
THIRD-301891,N,Leicester,Normal,Female,Frozen Foods,4.59,5,1.1,24.31,30/08/2025,11:29:02,Debit Card,23.15,0.1,2.34,6.2
THIRD-301892,N,Leicester,Normal,Male,Health & Wellness,31.04,11,16.42,362.01,31/07/2025,11:21:37,Debit Card,344.77,0.24,83.53,5.8
THIRD-301893,N,Leicester,Normal,Female,Dairy & Eggs,2.77,10,1.33,29.33,30/01/2025,11:32:23,Cash,27.93,0.07,1.97,5.6
THIRD-301894,M,Nottingham,Normal,Female,Bakery,10.41,6,3.0,66.21,06/07/2025,13:59:17,Debit Card,63.06,0.11,7.01,4.4
THIRD-301895,P,Coventry,Member,Female,Beverages,2.51,2,0.24,5.31,04/09/2025,12:20:53,Debit Card,5.06,0.13,0.67,8.0
THIRD-301896,P,Coventry,Member,Female,Dairy & Eggs,5.87,2,0.56,12.43,18/11/2025,17:01:48,Mobile Wallet,11.84,0.07,0.84,8.1
THIRD-301897,N,Leicester,Normal,Male,Baby Products,16.14,9,6.98,153.99,06/10/2025,13:41:12,Credit Card,146.66,0.18,26.65,7.3
THIRD-301898,M,Nottingham,Normal,Male,Household,12.03,3,1.74,38.27,03/01/2025,11:13:34,Credit Card,36.45,0.19,6.99,6.6
THIRD-301899,N,Leicester,Member,Male,Beverages,13.23,9,5.72,126.21,16/01/2025,14:49:09,Debit Card,120.2,0.13,15.77,7.0
THIRD-301900,P,Coventry,Normal,Male,Dairy & Eggs,5.32,6,1.54,33.87,07/12/2025,14:24:49,Debit Card,32.26,0.07,2.28,6.5
THIRD-301901,P,Coventry,Member,Male,Beverages,5.99,4,1.15,25.4,19/04/2025,21:50:18,Credit Card,24.19,0.13,3.18,6.1
THIRD-301902,P,Coventry,Member,Male,Baby Products,36.59,6,10.55,232.71,22/05/2025,15:00:33,Cash,221.63,0.18,40.27,7.0
THIRD-301903,N,Leicester,Normal,Female,Bakery,9.99,10,4.8,105.94,12/11/2025,14:58:06,Mobile Wallet,100.9,0.11,11.2,7.5
THIRD-301904,N,Leicester,Normal,Male,Baby Products,34.39,9,14.88,328.14,27/09/2025,18:02:37,Debit Card,312.51,0.18,56.78,7.9
THIRD-301905,P,Coventry,Member,Male,Frozen Foods,7.26,6,2.09,46.17,06/05/2025,14:52:20,Credit Card,43.97,0.1,4.44,5.8
THIRD-301906,N,Leicester,Member,Female,Fresh Produce,3.43,1,0.17,3.64,01/05/2025,21:02:43,Debit Card,3.46,0.08,0.28,7.3
THIRD-301907,P,Coventry,Member,Male,Personal Care,11.35,11,6.0,132.31,19/04/2025,12:42:27,Credit Card,126.01,0.21,26.71,6.9
THIRD-301908,M,Nottingham,Normal,Female,Baby Products,35.43,5,8.52,187.81,02/06/2025,08:52:28,Debit Card,178.87,0.18,32.5,6.6
THIRD-301909,N,Leicester,Member,Female,Health & Wellness,11.43,11,6.04,133.28,17/12/2025,19:48:32,Cash,126.93,0.24,30.75,7.5
THIRD-301910,M,Nottingham,Normal,Female,Frozen Foods,10.65,5,2.56,56.45,09/02/2025,12:49:03,Credit Card,53.76,0.1,5.43,7.1
THIRD-301911,N,Leicester,Normal,Male,Health & Wellness,4.7,12,2.71,59.8,04/11/2025,17:42:21,Credit Card,56.95,0.24,13.8,4.2
THIRD-301912,M,Nottingham,Member,Female,Household,22.38,9,9.68,213.53,24/09/2025,13:18:25,Credit Card,203.36,0.19,39.01,6.9
THIRD-301913,P,Coventry,Member,Male,Household,18.24,3,2.63,58.01,03/07/2025,13:51:05,Mobile Wallet,55.25,0.19,10.6,8.1
THIRD-301914,P,Coventry,Member,Female,Personal Care,20.75,10,9.98,219.95,18/11/2025,13:23:54,Debit Card,209.48,0.21,44.4,6.1
THIRD-301915,M,Nottingham,Normal,Male,Health & Wellness,39.95,9,17.28,381.12,16/07/2025,15:59:52,Credit Card,362.97,0.24,87.95,6.2
THIRD-301916,P,Coventry,Normal,Male,Health & Wellness,45.62,3,6.58,145.1,29/11/2025,17:41:01,Debit Card,138.19,0.24,33.49,6.7
THIRD-301917,N,Leicester,Normal,Female,Snacks,1.48,6,0.43,9.4,02/09/2025,16:49:30,Mobile Wallet,8.95,0.17,1.54,5.8
THIRD-301918,P,Coventry,Normal,Female,Snacks,3.04,5,0.73,16.1,04/08/2025,12:28:31,Credit Card,15.33,0.17,2.63,5.8
THIRD-301919,N,Leicester,Member,Female,Beverages,8.72,9,3.77,83.15,23/12/2025,18:16:03,Debit Card,79.19,0.13,10.39,7.7
THIRD-301920,M,Nottingham,Normal,Female,Snacks,3.14,8,1.21,26.64,13/08/2025,16:54:10,Debit Card,25.37,0.17,4.36,5.7
THIRD-301921,M,Nottingham,Normal,Female,Bakery,9.62,7,3.24,71.39,13/09/2025,18:55:11,Credit Card,67.99,0.11,7.55,6.2
THIRD-301922,P,Coventry,Member,Male,Health & Wellness,33.08,2,3.18,70.14,30/01/2025,18:08:39,Mobile Wallet,66.8,0.24,16.19,6.5
THIRD-301923,N,Leicester,Normal,Male,Snacks,5.35,4,1.03,22.67,24/10/2025,13:49:48,Mobile Wallet,21.59,0.17,3.71,6.0
THIRD-301924,N,Leicester,Normal,Female,Household,23.17,5,5.57,122.82,28/08/2025,20:49:48,Debit Card,116.97,0.19,22.44,8.5
THIRD-301925,M,Nottingham,Member,Female,Frozen Foods,18.02,9,7.8,171.96,01/08/2025,09:02:58,Credit Card,163.77,0.1,16.54,6.8
THIRD-301926,M,Nottingham,Normal,Female,Snacks,3.57,7,1.2,26.47,07/11/2025,15:23:53,Mobile Wallet,25.21,0.17,4.32,6.5
THIRD-301927,P,Coventry,Normal,Female,Health & Wellness,34.77,4,6.69,147.43,13/12/2025,13:56:46,Cash,140.41,0.24,34.02,5.5
THIRD-301928,P,Coventry,Normal,Female,Bakery,3.03,2,0.29,6.42,22/05/2025,17:01:18,Debit Card,6.11,0.11,0.68,5.9
THIRD-301929,P,Coventry,Member,Male,Dairy & Eggs,6.81,1,0.33,7.22,17/01/2025,17:17:16,Debit Card,6.88,0.07,0.49,8.1
THIRD-301930,M,Nottingham,Member,Female,Fresh Produce,9.82,3,1.42,31.23,02/02/2025,17:14:28,Debit Card,29.74,0.08,2.41,8.5
THIRD-301931,N,Leicester,Member,Female,Personal Care,24.47,4,4.71,103.77,02/10/2025,21:46:43,Mobile Wallet,98.83,0.21,20.96,8.3
THIRD-301932,M,Nottingham,Member,Male,Dairy & Eggs,6.16,10,2.96,65.27,07/11/2025,12:22:09,Cash,62.16,0.07,4.39,5.9
THIRD-301933,P,Coventry,Normal,Female,Dairy & Eggs,2.22,3,0.32,7.05,09/03/2025,13:11:32,Debit Card,6.71,0.07,0.48,5.6
THIRD-301934,N,Leicester,Member,Male,Dairy & Eggs,5.82,4,1.12,24.7,06/09/2025,11:42:47,Cash,23.52,0.07,1.66,5.2
THIRD-301935,N,Leicester,Normal,Male,Frozen Foods,15.76,5,3.79,83.52,25/05/2025,14:48:14,Cash,79.54,0.1,8.03,8.3
THIRD-301936,P,Coventry,Member,Male,Household,23.82,2,2.29,50.49,29/08/2025,09:16:22,Credit Card,48.09,0.19,9.22,8.9
THIRD-301937,N,Leicester,Member,Female,Baby Products,40.52,6,11.69,257.72,29/04/2025,19:49:39,Credit Card,245.45,0.18,44.6,6.1
THIRD-301938,N,Leicester,Normal,Female,Health & Wellness,29.68,10,14.27,314.65,12/11/2025,16:20:39,Mobile Wallet,299.67,0.24,72.61,6.9
THIRD-301939,M,Nottingham,Normal,Female,Health & Wellness,27.16,8,10.45,230.38,06/05/2025,17:56:36,Mobile Wallet,219.41,0.24,53.16,6.9
THIRD-301940,M,Nottingham,Member,Male,Bakery,3.78,1,0.18,4.0,25/01/2025,12:09:10,Cash,3.81,0.11,0.42,6.8
THIRD-301941,M,Nottingham,Member,Female,Snacks,2.28,5,0.55,12.08,07/09/2025,13:22:43,Debit Card,11.5,0.17,1.97,5.5
THIRD-301942,N,Leicester,Normal,Male,Fresh Produce,1.89,2,0.18,4.01,25/09/2025,16:55:34,Mobile Wallet,3.82,0.08,0.31,6.2
THIRD-301943,N,Leicester,Member,Male,Dairy & Eggs,3.4,8,1.31,28.84,04/03/2025,13:07:26,Debit Card,27.47,0.07,1.94,5.7
THIRD-301944,M,Nottingham,Normal,Female,Baby Products,19.82,8,7.62,168.1,12/10/2025,21:26:35,Debit Card,160.1,0.18,29.1,7.3
THIRD-301945,M,Nottingham,Member,Male,Dairy & Eggs,1.94,8,0.75,16.5,13/07/2025,20:35:20,Mobile Wallet,15.71,0.07,1.11,8.1
THIRD-301946,M,Nottingham,Member,Male,Household,23.49,1,1.13,24.91,26/03/2025,18:47:54,Debit Card,23.72,0.19,4.55,6.1
THIRD-301947,P,Coventry,Member,Male,Health & Wellness,9.85,12,5.68,125.29,06/03/2025,14:34:30,Debit Card,119.32,0.24,28.91,7.5
THIRD-301948,M,Nottingham,Member,Male,Bakery,9.33,5,2.24,49.44,06/10/2025,15:44:28,Credit Card,47.09,0.11,5.23,8.3
THIRD-301949,P,Coventry,Normal,Female,Snacks,6.6,6,1.91,42.01,22/12/2025,15:06:38,Credit Card,40.01,0.17,6.87,7.4
THIRD-301950,P,Coventry,Normal,Male,Bakery,1.72,3,0.25,5.46,25/05/2025,14:06:31,Cash,5.2,0.11,0.57,7.9
THIRD-301951,N,Leicester,Member,Female,Household,21.32,1,1.03,22.61,27/11/2025,11:49:36,Mobile Wallet,21.52,0.19,4.13,8.4
THIRD-301952,N,Leicester,Member,Male,Frozen Foods,4.13,11,2.18,48.14,20/09/2025,19:49:49,Mobile Wallet,45.85,0.1,4.63,6.1
THIRD-301953,M,Nottingham,Normal,Male,Frozen Foods,17.71,5,4.26,93.88,22/03/2025,17:16:02,Credit Card,89.41,0.1,9.03,4.0
THIRD-301954,P,Coventry,Normal,Male,Beverages,14.09,9,6.1,134.45,11/07/2025,21:17:31,Debit Card,128.05,0.13,16.8,6.3
THIRD-301955,P,Coventry,Member,Female,Dairy & Eggs,2.19,1,0.11,2.33,08/09/2025,12:37:41,Credit Card,2.22,0.07,0.16,6.2
THIRD-301956,M,Nottingham,Member,Female,Personal Care,2.81,2,0.27,5.95,28/07/2025,14:08:50,Mobile Wallet,5.67,0.21,1.2,6.2
THIRD-301957,M,Nottingham,Member,Female,Personal Care,17.74,8,6.82,150.47,27/05/2025,08:52:58,Cash,143.3,0.21,30.38,6.4
THIRD-301958,M,Nottingham,Member,Female,Baby Products,20.3,1,0.98,21.52,18/04/2025,16:37:06,Credit Card,20.5,0.18,3.72,6.8
THIRD-301959,N,Leicester,Member,Female,Baby Products,18.53,11,9.8,216.11,11/04/2025,12:36:33,Credit Card,205.82,0.18,37.4,7.5
THIRD-301960,P,Coventry,Normal,Female,Frozen Foods,10.35,1,0.5,10.97,29/07/2025,10:23:00,Debit Card,10.45,0.1,1.05,7.4
THIRD-301961,M,Nottingham,Member,Female,Baby Products,17.83,3,2.57,56.69,23/02/2025,19:19:53,Debit Card,53.99,0.18,9.82,6.0
THIRD-301962,M,Nottingham,Member,Male,Fresh Produce,3.71,5,0.89,19.68,24/12/2025,12:38:12,Cash,18.74,0.08,1.52,6.3
THIRD-301963,M,Nottingham,Normal,Male,Personal Care,31.41,5,7.55,166.48,25/11/2025,15:12:48,Debit Card,158.55,0.21,33.61,6.4
THIRD-301964,M,Nottingham,Normal,Female,Bakery,5.01,2,0.48,10.63,17/06/2025,16:29:53,Debit Card,10.12,0.11,1.12,6.8
THIRD-301965,N,Leicester,Member,Male,Dairy & Eggs,7.08,10,3.4,75.08,03/12/2025,12:08:22,Credit Card,71.5,0.07,5.06,7.0
THIRD-301966,M,Nottingham,Member,Male,Bakery,5.58,3,0.81,17.77,12/05/2025,14:21:01,Debit Card,16.92,0.11,1.88,5.7
THIRD-301967,N,Leicester,Normal,Female,Health & Wellness,18.68,4,3.59,79.2,25/08/2025,14:25:40,Mobile Wallet,75.43,0.24,18.27,6.9
THIRD-301968,N,Leicester,Normal,Male,Snacks,1.05,10,0.51,11.14,09/02/2025,11:28:26,Mobile Wallet,10.6,0.17,1.82,6.4
THIRD-301969,M,Nottingham,Normal,Female,Frozen Foods,17.49,1,0.84,18.54,13/06/2025,15:29:53,Mobile Wallet,17.66,0.1,1.78,6.7
THIRD-301970,P,Coventry,Member,Female,Household,21.85,1,1.05,23.16,05/03/2025,15:28:45,Debit Card,22.06,0.19,4.23,8.5
THIRD-301971,P,Coventry,Member,Female,Dairy & Eggs,3.09,7,1.04,22.92,10/11/2025,12:21:35,Mobile Wallet,21.83,0.07,1.55,6.5
THIRD-301972,M,Nottingham,Member,Female,Dairy & Eggs,2.91,6,0.84,18.52,14/11/2025,18:46:49,Cash,17.64,0.07,1.25,5.4
THIRD-301973,N,Leicester,Member,Female,Bakery,1.75,8,0.67,14.82,03/12/2025,10:12:26,Mobile Wallet,14.11,0.11,1.57,7.3
THIRD-301974,M,Nottingham,Member,Female,Snacks,1.63,6,0.47,10.38,04/06/2025,18:57:49,Mobile Wallet,9.89,0.17,1.7,6.9
THIRD-301975,M,Nottingham,Normal,Female,Frozen Foods,16.52,8,6.35,140.06,27/11/2025,13:34:17,Credit Card,133.39,0.1,13.46,6.4
THIRD-301976,P,Coventry,Member,Female,Baby Products,43.21,8,16.62,366.47,03/04/2025,13:29:03,Mobile Wallet,349.02,0.18,63.42,7.8
THIRD-301977,P,Coventry,Member,Female,Beverages,6.32,1,0.3,6.7,16/06/2025,15:50:10,Debit Card,6.38,0.13,0.84,7.8
THIRD-301978,M,Nottingham,Member,Male,Fresh Produce,12.13,9,5.25,115.7,20/11/2025,12:13:55,Credit Card,110.19,0.08,8.9,6.9
THIRD-301979,M,Nottingham,Member,Male,Baby Products,43.88,7,14.77,325.6,20/07/2025,18:39:20,Mobile Wallet,310.1,0.18,56.35,7.5
THIRD-301980,P,Coventry,Normal,Male,Baby Products,9.48,6,2.74,60.33,28/04/2025,10:26:57,Cash,57.46,0.18,10.44,5.9
THIRD-301981,M,Nottingham,Member,Female,Baby Products,18.17,2,1.75,38.52,02/02/2025,14:30:36,Mobile Wallet,36.69,0.18,6.67,7.0
THIRD-301982,P,Coventry,Normal,Male,Baby Products,30.27,5,7.28,160.47,10/06/2025,13:42:01,Credit Card,152.83,0.18,27.77,4.7
THIRD-301983,M,Nottingham,Member,Male,Bakery,8.28,4,1.59,35.1,20/04/2025,14:31:35,Credit Card,33.43,0.11,3.71,7.5
THIRD-301984,P,Coventry,Member,Female,Baby Products,27.68,6,7.99,176.1,11/08/2025,20:26:42,Debit Card,167.71,0.18,30.48,7.1
THIRD-301985,N,Leicester,Member,Female,Frozen Foods,4.06,5,0.98,21.5,04/07/2025,21:22:30,Debit Card,20.48,0.1,2.07,6.6
THIRD-301986,M,Nottingham,Normal,Female,Baby Products,13.51,3,1.95,42.97,11/01/2025,17:36:25,Cash,40.92,0.18,7.43,6.6
THIRD-301987,P,Coventry,Normal,Female,Baby Products,12.16,11,6.43,141.77,02/10/2025,11:16:12,Credit Card,135.02,0.18,24.54,7.9
THIRD-301988,M,Nottingham,Normal,Male,Baby Products,29.97,9,12.97,285.97,30/09/2025,10:18:15,Credit Card,272.35,0.18,49.49,5.3
THIRD-301989,M,Nottingham,Normal,Male,Fresh Produce,4.44,6,1.28,28.24,08/03/2025,16:17:25,Debit Card,26.9,0.08,2.17,6.9
THIRD-301990,M,Nottingham,Member,Female,Household,9.1,6,2.62,57.88,10/03/2025,17:16:15,Cash,55.12,0.19,10.57,6.3
THIRD-301991,N,Leicester,Normal,Male,Bakery,8.86,9,3.83,84.54,05/03/2025,19:50:13,Debit Card,80.51,0.11,8.94,8.0
THIRD-301992,M,Nottingham,Normal,Male,Fresh Produce,4.21,2,0.41,8.94,26/11/2025,08:07:56,Debit Card,8.51,0.08,0.69,5.6
THIRD-301993,M,Nottingham,Normal,Female,Dairy & Eggs,4.87,11,2.57,56.75,02/06/2025,09:37:25,Debit Card,54.05,0.07,3.82,6.5
THIRD-301994,P,Coventry,Member,Female,Household,27.29,2,2.62,57.86,12/11/2025,12:49:19,Credit Card,55.1,0.19,10.57,5.4
THIRD-301995,P,Coventry,Member,Male,Personal Care,17.52,2,1.69,37.16,05/05/2025,21:41:06,Cash,35.39,0.21,7.5,6.8
THIRD-301996,P,Coventry,Member,Female,Dairy & Eggs,1.72,3,0.25,5.46,07/07/2025,13:31:32,Credit Card,5.2,0.07,0.37,8.2
THIRD-301997,N,Leicester,Member,Male,Snacks,4.42,2,0.43,9.38,23/04/2025,13:02:27,Mobile Wallet,8.93,0.17,1.54,7.0
THIRD-301998,P,Coventry,Member,Male,Fresh Produce,2.16,6,0.62,13.76,21/09/2025,12:32:56,Mobile Wallet,13.1,0.08,1.06,8.6
THIRD-301999,P,Coventry,Member,Female,Health & Wellness,30.18,6,8.71,191.97,04/12/2025,15:59:27,Debit Card,182.83,0.24,44.3,6.8
THIRD-302000,N,Leicester,Member,Female,Bakery,2.06,1,0.1,2.18,15/03/2025,17:52:53,Credit Card,2.08,0.11,0.23,5.7
THIRD-302001,M,Nottingham,Member,Male,Personal Care,6.84,6,1.97,43.52,28/08/2025,11:47:01,Mobile Wallet,41.45,0.21,8.79,6.0
THIRD-302002,M,Nottingham,Normal,Male,Baby Products,45.17,1,2.17,47.88,26/08/2025,20:58:49,Debit Card,45.6,0.18,8.29,8.2
THIRD-302003,M,Nottingham,Member,Female,Dairy & Eggs,5.15,1,0.25,5.46,28/12/2025,10:35:51,Debit Card,5.2,0.07,0.37,5.6
THIRD-302004,N,Leicester,Normal,Male,Beverages,3.24,2,0.31,6.88,23/10/2025,18:51:35,Debit Card,6.55,0.13,0.86,5.5
THIRD-302005,M,Nottingham,Normal,Female,Personal Care,10.85,1,0.52,11.5,07/05/2025,18:22:26,Credit Card,10.95,0.21,2.32,6.7
THIRD-302006,M,Nottingham,Normal,Female,Dairy & Eggs,4.21,5,1.01,22.32,09/12/2025,14:43:38,Credit Card,21.26,0.07,1.51,8.4
THIRD-302007,P,Coventry,Member,Female,Household,15.48,6,4.46,98.43,26/04/2025,14:31:59,Cash,93.74,0.19,17.98,6.7
THIRD-302008,P,Coventry,Member,Male,Fresh Produce,11.15,3,1.61,35.46,14/03/2025,19:48:13,Cash,33.77,0.08,2.72,7.4
THIRD-302009,N,Leicester,Member,Male,Dairy & Eggs,7.32,11,3.87,85.38,09/07/2025,14:03:15,Debit Card,81.31,0.07,5.75,7.2
THIRD-302010,P,Coventry,Member,Male,Household,5.72,8,2.2,48.51,04/01/2025,21:10:53,Cash,46.2,0.19,8.86,7.6
THIRD-302011,P,Coventry,Member,Female,Dairy & Eggs,3.87,7,1.3,28.71,31/05/2025,14:47:28,Credit Card,27.34,0.07,1.93,8.1
THIRD-302012,N,Leicester,Normal,Male,Beverages,12.88,6,3.71,81.89,16/04/2025,14:18:12,Debit Card,77.99,0.13,10.24,6.4
THIRD-302013,P,Coventry,Normal,Male,Health & Wellness,17.72,4,3.41,75.15,05/07/2025,12:02:37,Credit Card,71.57,0.24,17.34,6.4
THIRD-302014,P,Coventry,Normal,Male,Frozen Foods,12.05,5,2.9,63.89,23/10/2025,15:11:36,Debit Card,60.85,0.1,6.15,7.6
THIRD-302015,M,Nottingham,Normal,Male,Frozen Foods,15.32,5,3.68,81.2,28/12/2025,14:55:47,Mobile Wallet,77.33,0.1,7.81,7.8
THIRD-302016,M,Nottingham,Member,Male,Frozen Foods,14.8,2,1.42,31.37,17/04/2025,17:57:51,Debit Card,29.88,0.1,3.02,7.7
THIRD-302017,M,Nottingham,Member,Female,Fresh Produce,2.98,10,1.44,31.65,16/10/2025,14:02:33,Debit Card,30.14,0.08,2.44,7.5
THIRD-302018,M,Nottingham,Member,Female,Beverages,5.25,6,1.52,33.41,28/03/2025,11:53:43,Debit Card,31.82,0.13,4.18,6.0
THIRD-302019,M,Nottingham,Normal,Female,Personal Care,18.31,7,6.16,135.9,05/04/2025,19:59:46,Debit Card,129.43,0.21,27.44,7.6
THIRD-302020,M,Nottingham,Member,Male,Snacks,1.63,9,0.71,15.58,30/04/2025,14:50:30,Cash,14.84,0.17,2.54,6.0
THIRD-302021,M,Nottingham,Member,Male,Snacks,5.06,7,1.7,37.58,18/08/2025,16:38:41,Debit Card,35.79,0.17,6.15,7.3
THIRD-302022,M,Nottingham,Normal,Male,Bakery,7.72,8,2.97,65.45,03/03/2025,15:12:01,Credit Card,62.33,0.11,6.92,7.2
THIRD-302023,P,Coventry,Normal,Female,Snacks,6.16,4,1.18,26.1,04/01/2025,15:40:53,Credit Card,24.86,0.17,4.27,4.9
THIRD-302024,N,Leicester,Member,Male,Frozen Foods,10.81,4,2.08,45.82,30/09/2025,13:40:30,Debit Card,43.64,0.1,4.41,6.0
THIRD-302025,M,Nottingham,Member,Male,Beverages,8.06,8,3.1,68.36,01/10/2025,12:23:52,Credit Card,65.1,0.13,8.54,6.0
THIRD-302026,M,Nottingham,Normal,Female,Bakery,4.23,5,1.02,22.44,09/07/2025,19:42:55,Cash,21.37,0.11,2.37,6.8
THIRD-302027,P,Coventry,Member,Male,Snacks,4.71,3,0.68,14.98,20/06/2025,19:29:44,Debit Card,14.27,0.17,2.45,6.0
THIRD-302028,M,Nottingham,Member,Female,Beverages,4.16,2,0.4,8.82,03/06/2025,11:29:51,Debit Card,8.4,0.13,1.1,8.8
THIRD-302029,M,Nottingham,Member,Male,Baby Products,38.06,5,9.15,201.76,18/05/2025,10:38:55,Mobile Wallet,192.15,0.18,34.92,5.2
THIRD-302030,N,Leicester,Member,Male,Fresh Produce,7.48,8,2.88,63.42,07/02/2025,14:38:46,Credit Card,60.4,0.08,4.88,7.9
THIRD-302031,P,Coventry,Member,Male,Household,20.54,10,9.88,217.75,06/11/2025,08:09:22,Credit Card,207.38,0.19,39.77,7.1
THIRD-302032,N,Leicester,Member,Female,Health & Wellness,27.9,7,9.39,207.06,28/10/2025,11:10:44,Mobile Wallet,197.2,0.24,47.77,7.0
THIRD-302033,P,Coventry,Normal,Female,Fresh Produce,11.46,5,2.76,60.75,08/04/2025,09:59:00,Credit Card,57.86,0.08,4.67,6.3
THIRD-302034,P,Coventry,Member,Male,Household,10.28,2,0.99,21.79,26/12/2025,17:40:17,Credit Card,20.75,0.19,3.98,6.6
THIRD-302035,P,Coventry,Normal,Female,Fresh Produce,10.13,5,2.44,53.7,18/02/2025,15:58:25,Debit Card,51.14,0.08,4.13,7.5
THIRD-302036,N,Leicester,Member,Male,Health & Wellness,17.68,8,6.8,149.94,22/10/2025,15:20:52,Debit Card,142.8,0.24,34.6,6.5
THIRD-302037,P,Coventry,Normal,Male,Dairy & Eggs,6.18,1,0.3,6.55,13/02/2025,20:49:42,Credit Card,6.24,0.07,0.45,5.8
THIRD-302038,M,Nottingham,Member,Female,Personal Care,25.71,8,9.89,218.03,08/06/2025,12:02:41,Debit Card,207.65,0.21,44.02,8.4
THIRD-302039,M,Nottingham,Normal,Female,Household,7.16,6,2.06,45.51,02/02/2025,16:30:18,Credit Card,43.34,0.19,8.31,6.0
THIRD-302040,M,Nottingham,Member,Male,Beverages,11.19,5,2.69,59.31,04/06/2025,13:22:33,Cash,56.49,0.13,7.41,5.2
THIRD-302041,N,Leicester,Member,Female,Health & Wellness,13.67,1,0.66,14.49,14/02/2025,17:00:51,Debit Card,13.8,0.24,3.34,7.9
THIRD-302042,P,Coventry,Member,Female,Bakery,8.95,5,2.15,47.46,26/09/2025,16:51:12,Mobile Wallet,45.2,0.11,5.02,7.6
THIRD-302043,P,Coventry,Normal,Male,Health & Wellness,26.04,6,7.51,165.64,11/08/2025,09:54:46,Debit Card,157.75,0.24,38.22,6.5
THIRD-302044,P,Coventry,Member,Male,Household,12.62,7,4.25,93.62,01/09/2025,19:58:24,Credit Card,89.16,0.19,17.1,6.1
THIRD-302045,P,Coventry,Normal,Male,Baby Products,18.51,4,3.56,78.5,15/10/2025,21:25:54,Mobile Wallet,74.76,0.18,13.59,9.2
THIRD-302046,M,Nottingham,Member,Male,Dairy & Eggs,7.43,10,3.57,78.72,14/05/2025,14:08:38,Credit Card,74.97,0.07,5.3,6.4
THIRD-302047,M,Nottingham,Member,Male,Fresh Produce,6.08,5,1.46,32.25,02/08/2025,17:54:04,Debit Card,30.71,0.08,2.48,5.7
THIRD-302048,M,Nottingham,Normal,Male,Snacks,0.98,3,0.14,3.11,16/01/2025,19:54:41,Cash,2.96,0.17,0.51,5.8
THIRD-302049,P,Coventry,Normal,Female,Personal Care,27.05,4,5.2,114.7,20/04/2025,18:07:06,Credit Card,109.24,0.21,23.16,6.9
THIRD-302050,N,Leicester,Member,Female,Fresh Produce,5.97,4,1.15,25.32,30/08/2025,16:02:43,Debit Card,24.11,0.08,1.95,8.5
THIRD-302051,N,Leicester,Member,Female,Beverages,2.24,8,0.86,18.96,23/07/2025,20:31:06,Mobile Wallet,18.06,0.13,2.37,6.1
THIRD-302052,P,Coventry,Member,Male,Dairy & Eggs,3.46,4,0.67,14.69,23/07/2025,12:27:58,Mobile Wallet,13.99,0.07,0.99,4.6
THIRD-302053,P,Coventry,Member,Male,Fresh Produce,9.86,3,1.42,31.35,10/06/2025,17:44:38,Cash,29.86,0.08,2.42,6.7
THIRD-302054,M,Nottingham,Member,Female,Household,7.96,4,1.53,33.74,01/01/2025,20:04:56,Cash,32.13,0.19,6.16,7.1
THIRD-302055,P,Coventry,Normal,Male,Health & Wellness,18.18,5,4.37,96.36,08/12/2025,12:19:01,Mobile Wallet,91.77,0.24,22.24,6.2
THIRD-302056,M,Nottingham,Normal,Male,Fresh Produce,2.51,1,0.12,2.66,24/08/2025,20:08:31,Mobile Wallet,2.53,0.08,0.2,6.5
THIRD-302057,P,Coventry,Normal,Male,Bakery,10.89,6,3.14,69.26,17/06/2025,12:44:00,Credit Card,65.96,0.11,7.32,5.0
THIRD-302058,N,Leicester,Member,Male,Health & Wellness,19.58,2,1.88,41.52,27/09/2025,16:59:50,Debit Card,39.54,0.24,9.58,7.4
THIRD-302059,P,Coventry,Normal,Female,Baby Products,10.67,3,1.54,33.94,08/09/2025,11:39:02,Debit Card,32.32,0.18,5.87,8.4
THIRD-302060,N,Leicester,Member,Male,Frozen Foods,2.07,2,0.2,4.39,14/09/2025,14:29:25,Credit Card,4.18,0.1,0.42,7.6
THIRD-302061,P,Coventry,Normal,Male,Fresh Produce,9.45,12,5.45,120.26,05/05/2025,15:08:54,Credit Card,114.53,0.08,9.25,6.8
THIRD-302062,N,Leicester,Member,Female,Bakery,9.33,2,0.9,19.78,02/06/2025,20:25:38,Mobile Wallet,18.84,0.11,2.09,7.9
THIRD-302063,M,Nottingham,Member,Male,Household,28.45,11,15.05,331.81,13/11/2025,17:54:06,Mobile Wallet,316.01,0.19,60.61,6.9
THIRD-302064,P,Coventry,Member,Female,Dairy & Eggs,1.96,3,0.28,6.22,16/06/2025,16:10:42,Credit Card,5.92,0.07,0.41,6.9
THIRD-302065,P,Coventry,Member,Female,Health & Wellness,19.07,13,11.92,262.86,18/09/2025,14:12:21,Mobile Wallet,250.34,0.24,60.65,7.1
THIRD-302066,M,Nottingham,Normal,Male,Baby Products,25.29,2,2.43,53.62,27/05/2025,15:07:01,Debit Card,51.07,0.18,9.29,5.1
THIRD-302067,M,Nottingham,Member,Male,Health & Wellness,32.88,1,1.58,34.86,11/06/2025,15:32:50,Cash,33.2,0.24,8.05,5.5
THIRD-302068,N,Leicester,Member,Male,Snacks,3.02,10,1.45,31.97,17/09/2025,14:14:13,Debit Card,30.45,0.17,5.23,7.1
THIRD-302069,M,Nottingham,Member,Male,Fresh Produce,6.07,13,3.8,83.71,27/12/2025,10:02:31,Mobile Wallet,79.72,0.08,6.43,6.5
THIRD-302070,P,Coventry,Member,Female,Beverages,6.85,4,1.32,29.06,04/11/2025,12:27:04,Mobile Wallet,27.68,0.13,3.64,6.3
THIRD-302071,P,Coventry,Normal,Male,Fresh Produce,2.23,2,0.21,4.71,12/11/2025,18:26:33,Credit Card,4.49,0.08,0.36,6.3
THIRD-302072,M,Nottingham,Member,Female,Bakery,6.06,5,1.46,32.14,24/10/2025,10:25:11,Credit Card,30.61,0.11,3.4,6.5
THIRD-302073,M,Nottingham,Normal,Female,Beverages,13.44,8,5.17,113.96,11/05/2025,16:08:11,Debit Card,108.53,0.13,14.25,6.3
THIRD-302074,P,Coventry,Member,Female,Frozen Foods,6.33,2,0.61,13.43,01/08/2025,12:21:59,Debit Card,12.79,0.1,1.29,6.4
THIRD-302075,P,Coventry,Normal,Female,Baby Products,46.7,2,4.49,99.0,09/11/2025,11:33:48,Cash,94.29,0.18,17.13,8.2
THIRD-302076,M,Nottingham,Member,Female,Baby Products,42.41,6,12.23,269.76,21/06/2025,12:37:39,Debit Card,256.91,0.18,46.68,6.4
THIRD-302077,N,Leicester,Normal,Female,Personal Care,23.82,7,8.02,176.74,17/09/2025,14:58:57,Debit Card,168.32,0.21,35.68,7.9
THIRD-302078,N,Leicester,Normal,Male,Bakery,5.56,1,0.27,5.9,21/10/2025,16:20:54,Debit Card,5.62,0.11,0.63,4.0
THIRD-302079,M,Nottingham,Member,Male,Personal Care,11.42,9,4.94,108.95,27/04/2025,20:29:41,Mobile Wallet,103.76,0.21,22.0,5.7
THIRD-302080,N,Leicester,Normal,Male,Beverages,5.9,6,1.7,37.51,25/04/2025,09:50:59,Debit Card,35.72,0.13,4.69,7.2
THIRD-302081,N,Leicester,Normal,Female,Dairy & Eggs,3.16,4,0.61,13.41,16/04/2025,16:20:20,Debit Card,12.77,0.07,0.9,6.9
THIRD-302082,P,Coventry,Normal,Female,Fresh Produce,7.43,6,2.14,47.23,25/06/2025,20:20:03,Credit Card,44.98,0.08,3.64,8.1
THIRD-302083,M,Nottingham,Member,Male,Personal Care,25.53,1,1.23,27.07,11/03/2025,13:03:08,Mobile Wallet,25.78,0.21,5.47,6.8
THIRD-302084,P,Coventry,Member,Male,Beverages,17.01,1,0.82,18.04,07/11/2025,11:27:04,Credit Card,17.18,0.13,2.26,5.5
THIRD-302085,P,Coventry,Normal,Female,Fresh Produce,9.83,10,4.73,104.19,01/11/2025,19:58:17,Debit Card,99.22,0.08,8.01,5.8
THIRD-302086,P,Coventry,Member,Female,Fresh Produce,10.9,1,0.52,11.55,14/04/2025,11:18:52,Cash,11.0,0.08,0.89,6.0
THIRD-302087,N,Leicester,Normal,Female,Personal Care,10.43,2,1.0,22.11,20/08/2025,13:34:50,Cash,21.06,0.21,4.46,8.8
THIRD-302088,P,Coventry,Normal,Male,Snacks,3.41,9,1.48,32.55,28/03/2025,10:06:40,Mobile Wallet,31.0,0.17,5.32,7.3
THIRD-302089,P,Coventry,Normal,Male,Health & Wellness,33.89,3,4.89,107.79,25/08/2025,13:57:51,Debit Card,102.66,0.24,24.87,5.5
THIRD-302090,N,Leicester,Normal,Male,Snacks,1.51,5,0.36,7.99,24/01/2025,08:56:29,Debit Card,7.61,0.17,1.3,7.3
THIRD-302091,P,Coventry,Normal,Male,Baby Products,25.77,4,4.96,109.28,27/04/2025,19:43:27,Mobile Wallet,104.08,0.18,18.91,5.1
THIRD-302092,N,Leicester,Normal,Female,Dairy & Eggs,5.66,3,0.82,18.0,31/10/2025,10:01:56,Mobile Wallet,17.14,0.07,1.21,6.9
THIRD-302093,N,Leicester,Normal,Female,Beverages,10.69,6,3.08,68.0,08/09/2025,18:33:02,Debit Card,64.76,0.13,8.5,5.9
THIRD-302094,N,Leicester,Member,Male,Frozen Foods,14.57,7,4.9,108.12,02/08/2025,14:28:52,Credit Card,102.97,0.1,10.4,7.6
THIRD-302095,M,Nottingham,Normal,Male,Personal Care,11.81,6,3.41,75.15,28/01/2025,16:35:49,Mobile Wallet,71.57,0.21,15.17,6.5
THIRD-302096,M,Nottingham,Normal,Male,Fresh Produce,2.94,3,0.42,9.36,24/12/2025,18:09:39,Cash,8.91,0.08,0.72,5.5
THIRD-302097,N,Leicester,Normal,Female,Dairy & Eggs,2.27,3,0.33,7.21,02/01/2025,11:39:38,Credit Card,6.87,0.07,0.49,4.0
THIRD-302098,P,Coventry,Normal,Male,Dairy & Eggs,4.06,8,1.56,34.4,08/10/2025,19:36:04,Credit Card,32.76,0.07,2.31,4.9
THIRD-302099,N,Leicester,Normal,Female,Snacks,5.92,8,2.28,50.19,12/03/2025,08:43:35,Mobile Wallet,47.8,0.17,8.2,4.8
THIRD-302100,N,Leicester,Member,Female,Snacks,2.6,4,0.5,11.02,23/11/2025,14:26:14,Cash,10.5,0.17,1.8,6.0
THIRD-302101,M,Nottingham,Member,Female,Personal Care,5.57,1,0.27,5.91,06/01/2025,11:48:38,Credit Card,5.63,0.21,1.2,6.8
THIRD-302102,P,Coventry,Member,Female,Baby Products,32.97,4,6.34,139.8,14/09/2025,19:10:37,Debit Card,133.14,0.18,24.19,6.7
THIRD-302103,N,Leicester,Normal,Male,Snacks,4.24,5,1.02,22.49,21/02/2025,18:10:11,Credit Card,21.42,0.17,3.68,6.6
THIRD-302104,P,Coventry,Normal,Male,Dairy & Eggs,3.15,9,1.36,30.06,02/01/2025,19:50:43,Debit Card,28.63,0.07,2.02,6.1
THIRD-302105,N,Leicester,Normal,Female,Fresh Produce,2.57,10,1.24,27.24,04/03/2025,15:17:46,Credit Card,25.94,0.08,2.1,7.5
THIRD-302106,N,Leicester,Normal,Female,Frozen Foods,5.81,8,2.24,49.31,30/11/2025,15:02:52,Mobile Wallet,46.96,0.1,4.74,6.4
THIRD-302107,N,Leicester,Member,Female,Baby Products,38.32,2,3.69,81.26,22/12/2025,09:58:51,Mobile Wallet,77.39,0.18,14.07,7.2
THIRD-302108,N,Leicester,Normal,Male,Snacks,4.57,2,0.44,9.68,24/03/2025,15:38:22,Debit Card,9.22,0.17,1.58,8.9
THIRD-302109,P,Coventry,Normal,Female,Health & Wellness,35.56,2,3.42,75.39,17/03/2025,15:56:49,Mobile Wallet,71.8,0.24,17.39,5.6
THIRD-302110,M,Nottingham,Member,Female,Fresh Produce,6.34,3,0.92,20.18,25/08/2025,10:17:14,Credit Card,19.22,0.08,1.55,7.1
THIRD-302111,P,Coventry,Normal,Male,Snacks,1.82,10,0.88,19.3,03/09/2025,12:56:39,Debit Card,18.38,0.17,3.16,6.3
THIRD-302112,N,Leicester,Normal,Male,Household,15.92,2,1.53,33.76,24/07/2025,08:58:56,Credit Card,32.15,0.19,6.17,6.3
THIRD-302113,M,Nottingham,Normal,Female,Bakery,9.41,11,4.98,109.76,06/09/2025,17:42:15,Debit Card,104.53,0.11,11.61,6.2
THIRD-302114,P,Coventry,Normal,Female,Baby Products,27.34,5,6.57,144.92,11/05/2025,14:37:30,Credit Card,138.02,0.18,25.08,7.3
THIRD-302115,N,Leicester,Member,Female,Fresh Produce,6.6,5,1.59,35.01,23/05/2025,16:10:46,Credit Card,33.34,0.08,2.69,6.1
THIRD-302116,N,Leicester,Member,Male,Bakery,7.01,3,1.01,22.29,24/07/2025,14:39:27,Cash,21.23,0.11,2.35,5.3
THIRD-302117,N,Leicester,Member,Male,Household,23.62,2,2.27,50.07,17/05/2025,13:23:34,Mobile Wallet,47.69,0.19,9.15,6.8
THIRD-302118,P,Coventry,Normal,Female,Dairy & Eggs,3.68,4,0.71,15.61,03/09/2025,13:35:09,Debit Card,14.87,0.07,1.05,7.8
THIRD-302119,M,Nottingham,Normal,Female,Household,12.02,9,5.2,114.7,08/11/2025,11:11:47,Debit Card,109.24,0.19,20.96,6.9
THIRD-302120,N,Leicester,Member,Male,Fresh Produce,10.38,5,2.5,55.02,19/12/2025,16:54:53,Credit Card,52.4,0.08,4.23,7.7
THIRD-302121,N,Leicester,Member,Male,Frozen Foods,7.34,7,2.47,54.48,27/11/2025,12:10:42,Debit Card,51.89,0.1,5.24,9.0
THIRD-302122,M,Nottingham,Member,Female,Dairy & Eggs,2.53,8,0.97,21.43,06/07/2025,19:56:15,Debit Card,20.41,0.07,1.44,4.5
THIRD-302123,P,Coventry,Member,Male,Fresh Produce,7.57,2,0.73,16.05,01/03/2025,18:36:09,Mobile Wallet,15.29,0.08,1.23,7.5
THIRD-302124,P,Coventry,Member,Male,Fresh Produce,5.65,2,0.54,11.97,12/06/2025,15:42:12,Cash,11.4,0.08,0.92,6.9
THIRD-302125,P,Coventry,Member,Male,Dairy & Eggs,8.04,3,1.16,25.57,04/04/2025,15:00:53,Debit Card,24.35,0.07,1.72,7.1
THIRD-302126,M,Nottingham,Member,Male,Baby Products,18.04,4,3.47,76.51,22/12/2025,15:33:57,Debit Card,72.87,0.18,13.24,7.4
THIRD-302127,N,Leicester,Member,Female,Fresh Produce,4.95,2,0.48,10.5,14/02/2025,18:36:55,Cash,10.0,0.08,0.81,7.1
THIRD-302128,M,Nottingham,Normal,Female,Snacks,3.55,5,0.85,18.79,28/04/2025,10:38:28,Mobile Wallet,17.9,0.17,3.07,5.9
THIRD-302129,N,Leicester,Member,Male,Snacks,1.03,3,0.15,3.28,09/10/2025,21:01:39,Credit Card,3.12,0.17,0.53,7.1
THIRD-302130,N,Leicester,Member,Female,Household,23.57,2,2.27,49.97,16/04/2025,11:58:50,Debit Card,47.59,0.19,9.13,5.2
THIRD-302131,P,Coventry,Member,Male,Health & Wellness,22.1,4,4.25,93.71,31/10/2025,19:50:24,Credit Card,89.25,0.24,21.62,5.9
THIRD-302132,P,Coventry,Member,Female,Beverages,6.79,6,1.96,43.2,14/02/2025,08:28:19,Credit Card,41.14,0.13,5.4,5.1
THIRD-302133,P,Coventry,Member,Female,Health & Wellness,36.15,4,6.95,153.29,23/10/2025,18:54:26,Credit Card,145.99,0.24,35.37,8.0
THIRD-302134,M,Nottingham,Member,Female,Bakery,2.1,1,0.1,2.23,10/01/2025,10:22:31,Credit Card,2.12,0.11,0.23,5.9
THIRD-302135,P,Coventry,Member,Female,Fresh Produce,3.21,10,1.54,34.06,06/04/2025,13:25:48,Credit Card,32.44,0.08,2.62,8.4
THIRD-302136,M,Nottingham,Normal,Male,Beverages,10.22,2,0.98,21.67,06/08/2025,13:39:34,Credit Card,20.64,0.13,2.71,6.2
THIRD-302137,P,Coventry,Normal,Female,Bakery,2.23,5,0.54,11.8,22/07/2025,17:51:39,Mobile Wallet,11.24,0.11,1.25,7.7
THIRD-302138,N,Leicester,Normal,Female,Fresh Produce,7.42,9,3.21,70.75,26/01/2025,11:24:40,Debit Card,67.38,0.08,5.44,7.7
THIRD-302139,P,Coventry,Normal,Male,Personal Care,25.44,13,15.9,350.57,05/09/2025,18:40:17,Debit Card,333.88,0.21,70.79,5.8
THIRD-302140,N,Leicester,Normal,Female,Baby Products,17.37,9,7.52,165.71,10/02/2025,19:04:23,Credit Card,157.82,0.18,28.67,5.6
THIRD-302141,N,Leicester,Member,Male,Dairy & Eggs,2.19,1,0.11,2.33,15/04/2025,10:14:11,Credit Card,2.22,0.07,0.16,6.6
THIRD-302142,N,Leicester,Member,Female,Fresh Produce,9.86,9,4.27,94.07,23/04/2025,16:38:51,Debit Card,89.59,0.08,7.24,7.1
THIRD-302143,N,Leicester,Member,Female,Frozen Foods,7.84,3,1.13,24.94,17/11/2025,16:51:54,Credit Card,23.75,0.1,2.4,6.3
THIRD-302144,P,Coventry,Member,Female,Household,23.47,2,2.26,49.77,10/07/2025,09:30:23,Debit Card,47.4,0.19,9.09,7.0
THIRD-302145,N,Leicester,Member,Female,Dairy & Eggs,6.44,3,0.93,20.48,24/11/2025,13:20:31,Cash,19.5,0.07,1.38,8.4
THIRD-302146,N,Leicester,Member,Male,Snacks,0.98,7,0.33,7.26,15/12/2025,15:27:47,Credit Card,6.91,0.17,1.19,9.5
THIRD-302147,M,Nottingham,Member,Female,Dairy & Eggs,2.0,8,0.77,16.94,15/02/2025,18:04:13,Cash,16.13,0.07,1.14,6.9
THIRD-302148,N,Leicester,Member,Female,Fresh Produce,8.56,7,2.88,63.51,23/12/2025,17:35:30,Mobile Wallet,60.49,0.08,4.89,7.6
THIRD-302149,P,Coventry,Normal,Male,Snacks,1.41,1,0.07,1.5,25/02/2025,18:35:53,Credit Card,1.43,0.17,0.24,6.2
THIRD-302150,P,Coventry,Normal,Male,Fresh Produce,5.67,1,0.27,6.01,30/01/2025,15:42:40,Credit Card,5.72,0.08,0.47,8.8
THIRD-302151,N,Leicester,Member,Female,Personal Care,19.3,6,5.57,122.78,17/02/2025,18:30:01,Debit Card,116.93,0.21,24.79,8.0
THIRD-302152,P,Coventry,Normal,Female,Personal Care,3.4,7,1.14,25.23,08/05/2025,14:01:10,Mobile Wallet,24.03,0.21,5.1,7.0
THIRD-302153,P,Coventry,Normal,Male,Bakery,11.82,4,2.27,50.14,08/12/2025,11:12:03,Credit Card,47.75,0.11,5.3,7.3
THIRD-302154,P,Coventry,Member,Male,Frozen Foods,19.34,2,1.86,41.01,13/09/2025,16:29:34,Debit Card,39.06,0.1,3.94,6.9
THIRD-302155,P,Coventry,Normal,Female,Dairy & Eggs,6.32,1,0.3,6.7,25/02/2025,13:39:53,Credit Card,6.38,0.07,0.46,6.2
THIRD-302156,P,Coventry,Member,Female,Beverages,13.93,6,4.02,88.58,29/09/2025,15:22:50,Mobile Wallet,84.36,0.13,11.07,7.6
THIRD-302157,M,Nottingham,Normal,Male,Dairy & Eggs,7.75,1,0.37,8.21,25/05/2025,11:15:31,Debit Card,7.82,0.07,0.55,6.3
THIRD-302158,M,Nottingham,Normal,Male,Beverages,7.82,11,4.14,91.2,12/08/2025,10:59:12,Debit Card,86.86,0.13,11.4,5.3
THIRD-302159,P,Coventry,Normal,Male,Beverages,13.7,5,3.29,72.6,12/10/2025,17:01:46,Mobile Wallet,69.14,0.13,9.07,5.1
THIRD-302160,M,Nottingham,Normal,Female,Fresh Produce,10.91,8,4.2,92.53,30/11/2025,14:36:54,Credit Card,88.12,0.08,7.11,7.2
THIRD-302161,P,Coventry,Member,Male,Frozen Foods,5.2,1,0.25,5.51,13/02/2025,14:11:57,Cash,5.25,0.1,0.53,5.2
THIRD-302162,N,Leicester,Member,Male,Baby Products,18.57,11,9.82,216.59,29/01/2025,14:22:37,Credit Card,206.28,0.18,37.48,6.5
THIRD-302163,M,Nottingham,Member,Female,Household,13.32,5,3.2,70.61,26/05/2025,17:41:11,Cash,67.25,0.19,12.9,6.5
THIRD-302164,M,Nottingham,Member,Female,Baby Products,48.19,12,27.8,613.07,16/12/2025,16:10:37,Mobile Wallet,583.88,0.18,106.1,6.5
THIRD-302165,P,Coventry,Member,Male,Household,14.4,4,2.77,61.08,26/08/2025,13:22:34,Debit Card,58.17,0.19,11.16,6.8
THIRD-302166,N,Leicester,Member,Female,Personal Care,15.02,3,2.17,47.76,15/09/2025,08:40:55,Mobile Wallet,45.49,0.21,9.65,6.4
THIRD-302167,M,Nottingham,Normal,Male,Health & Wellness,25.79,5,6.2,136.71,23/06/2025,18:08:07,Debit Card,130.2,0.24,31.55,7.1
THIRD-302168,M,Nottingham,Member,Male,Fresh Produce,10.09,11,5.34,117.64,06/11/2025,12:36:34,Credit Card,112.04,0.08,9.05,7.1
THIRD-302169,M,Nottingham,Normal,Male,Frozen Foods,18.16,8,6.98,153.99,02/12/2025,09:29:51,Mobile Wallet,146.66,0.1,14.81,8.1
THIRD-302170,N,Leicester,Normal,Female,Frozen Foods,5.31,5,1.28,28.17,16/10/2025,18:58:45,Debit Card,26.83,0.1,2.71,6.3
THIRD-302171,P,Coventry,Normal,Female,Bakery,1.91,7,0.64,14.2,31/03/2025,19:58:00,Debit Card,13.52,0.11,1.51,7.4
THIRD-302172,M,Nottingham,Normal,Male,Snacks,5.51,7,1.86,40.91,08/08/2025,13:35:16,Credit Card,38.96,0.17,6.69,5.3
THIRD-302173,M,Nottingham,Normal,Female,Dairy & Eggs,3.11,9,1.35,29.67,01/07/2025,15:27:35,Debit Card,28.26,0.07,1.99,7.8
THIRD-302174,P,Coventry,Normal,Male,Beverages,4.77,5,1.15,25.31,28/07/2025,18:17:50,Mobile Wallet,24.1,0.13,3.16,4.7
THIRD-302175,P,Coventry,Member,Male,Beverages,8.32,7,2.8,61.74,09/02/2025,17:08:26,Cash,58.8,0.13,7.72,5.4
THIRD-302176,P,Coventry,Normal,Female,Dairy & Eggs,5.88,2,0.57,12.46,04/06/2025,10:38:10,Mobile Wallet,11.87,0.07,0.84,7.5
THIRD-302177,P,Coventry,Normal,Female,Snacks,3.84,1,0.18,4.06,17/10/2025,18:56:15,Debit Card,3.87,0.17,0.67,7.3
THIRD-302178,P,Coventry,Member,Female,Snacks,1.13,6,0.33,7.21,12/07/2025,13:44:21,Credit Card,6.87,0.17,1.18,5.3
THIRD-302179,P,Coventry,Normal,Female,Frozen Foods,5.94,5,1.43,31.48,21/11/2025,15:07:15,Debit Card,29.98,0.1,3.03,7.4
THIRD-302180,P,Coventry,Member,Female,Frozen Foods,15.98,8,6.15,135.57,22/06/2025,09:51:31,Credit Card,129.11,0.1,13.04,5.0
THIRD-302181,N,Leicester,Member,Male,Health & Wellness,23.46,3,3.38,74.61,30/12/2025,19:36:16,Cash,71.06,0.24,17.21,6.9
THIRD-302182,P,Coventry,Member,Male,Snacks,3.87,2,0.37,8.2,11/05/2025,17:38:51,Cash,7.81,0.17,1.34,4.8
THIRD-302183,P,Coventry,Member,Male,Frozen Foods,4.53,4,0.87,19.23,07/01/2025,19:26:44,Mobile Wallet,18.31,0.1,1.84,7.1
THIRD-302184,N,Leicester,Normal,Female,Fresh Produce,7.52,2,0.72,15.94,23/05/2025,15:39:40,Credit Card,15.18,0.08,1.23,6.0
THIRD-302185,N,Leicester,Normal,Male,Bakery,4.75,1,0.23,5.04,11/11/2025,11:01:21,Debit Card,4.8,0.11,0.53,5.5
THIRD-302186,M,Nottingham,Member,Female,Personal Care,16.42,2,1.58,34.82,29/04/2025,11:15:48,Credit Card,33.16,0.21,7.03,6.6
THIRD-302187,M,Nottingham,Member,Female,Beverages,12.99,1,0.62,13.77,30/09/2025,14:12:13,Debit Card,13.11,0.13,1.72,7.0
THIRD-302188,N,Leicester,Normal,Male,Personal Care,7.02,3,1.01,22.32,11/03/2025,18:06:37,Credit Card,21.26,0.21,4.5,6.3
THIRD-302189,N,Leicester,Member,Female,Household,14.57,4,2.8,61.78,22/07/2025,15:29:40,Debit Card,58.84,0.19,11.29,6.0
THIRD-302190,N,Leicester,Member,Male,Health & Wellness,37.32,1,1.79,39.55,04/09/2025,19:33:16,Cash,37.67,0.24,9.13,6.4
THIRD-302191,P,Coventry,Member,Male,Fresh Produce,6.54,12,3.77,83.21,09/03/2025,14:25:54,Credit Card,79.25,0.08,6.4,6.0
THIRD-302192,N,Leicester,Member,Female,Beverages,13.68,8,5.26,115.98,14/09/2025,17:05:28,Mobile Wallet,110.46,0.13,14.5,5.2
THIRD-302193,M,Nottingham,Normal,Female,Household,17.05,7,5.74,126.49,15/03/2025,15:56:47,Credit Card,120.47,0.19,23.11,7.6
THIRD-302194,P,Coventry,Member,Female,Frozen Foods,8.53,6,2.46,54.24,11/03/2025,14:10:35,Cash,51.66,0.1,5.22,8.5
THIRD-302195,P,Coventry,Normal,Female,Snacks,1.19,13,0.74,16.34,29/10/2025,12:17:54,Mobile Wallet,15.56,0.17,2.67,6.8
THIRD-302196,N,Leicester,Normal,Female,Fresh Produce,1.78,7,0.6,13.2,09/06/2025,20:33:13,Cash,12.57,0.08,1.02,6.6
THIRD-302197,P,Coventry,Normal,Female,Frozen Foods,16.55,5,3.98,87.71,10/11/2025,14:54:59,Cash,83.53,0.1,8.44,6.7
THIRD-302198,P,Coventry,Member,Female,Baby Products,12.75,12,7.36,162.2,07/06/2025,08:34:16,Mobile Wallet,154.48,0.18,28.07,7.6
THIRD-302199,N,Leicester,Member,Female,Bakery,1.99,5,0.48,10.53,21/01/2025,15:32:50,Debit Card,10.03,0.11,1.11,7.8
THIRD-302200,N,Leicester,Member,Male,Fresh Produce,3.5,3,0.51,11.15,05/04/2025,19:55:47,Cash,10.62,0.08,0.86,7.7
THIRD-302201,N,Leicester,Member,Male,Health & Wellness,34.11,4,6.56,144.65,24/02/2025,11:29:56,Credit Card,137.76,0.24,33.38,6.0
THIRD-302202,M,Nottingham,Normal,Female,Household,14.56,3,2.1,46.31,11/02/2025,10:01:44,Mobile Wallet,44.1,0.19,8.46,6.0
THIRD-302203,P,Coventry,Normal,Male,Household,26.22,8,10.08,222.35,14/11/2025,11:11:13,Credit Card,211.76,0.19,40.62,5.8
THIRD-302204,M,Nottingham,Member,Male,Snacks,1.01,3,0.15,3.21,18/10/2025,10:48:25,Cash,3.06,0.17,0.52,6.4
THIRD-302205,N,Leicester,Normal,Male,Fresh Produce,8.23,1,0.4,8.73,07/09/2025,15:06:32,Debit Card,8.31,0.08,0.67,6.2
THIRD-302206,N,Leicester,Normal,Male,Baby Products,32.92,10,15.83,348.95,27/01/2025,18:25:07,Mobile Wallet,332.32,0.18,60.39,7.0
THIRD-302207,N,Leicester,Member,Male,Frozen Foods,14.22,9,6.15,135.64,27/07/2025,14:51:23,Debit Card,129.18,0.1,13.04,5.7
THIRD-302208,P,Coventry,Member,Female,Personal Care,6.32,1,0.3,6.7,19/01/2025,17:23:48,Debit Card,6.38,0.21,1.36,7.4
THIRD-302209,P,Coventry,Normal,Female,Snacks,3.6,9,1.56,34.34,20/04/2025,14:52:59,Mobile Wallet,32.7,0.17,5.61,7.9
THIRD-302210,P,Coventry,Member,Female,Personal Care,4.65,13,2.91,64.07,09/08/2025,12:26:14,Cash,61.02,0.21,12.93,5.4
THIRD-302211,P,Coventry,Normal,Female,Dairy & Eggs,5.95,5,1.43,31.53,06/04/2025,17:57:36,Mobile Wallet,30.03,0.07,2.12,6.4
THIRD-302212,P,Coventry,Normal,Male,Beverages,10.26,8,3.95,87.06,06/12/2025,17:57:35,Credit Card,82.91,0.13,10.88,4.0
THIRD-302213,N,Leicester,Member,Male,Household,27.38,5,6.58,145.14,19/11/2025,15:18:42,Credit Card,138.23,0.19,26.51,6.4
THIRD-302214,P,Coventry,Member,Female,Fresh Produce,6.29,7,2.12,46.69,28/08/2025,10:03:36,Cash,44.47,0.08,3.59,8.2
THIRD-302215,P,Coventry,Member,Male,Dairy & Eggs,7.96,2,0.77,16.87,29/10/2025,11:16:42,Mobile Wallet,16.07,0.07,1.13,7.9
THIRD-302216,N,Leicester,Member,Male,Fresh Produce,4.27,10,2.06,45.32,11/05/2025,20:13:02,Credit Card,43.16,0.08,3.49,5.9
THIRD-302217,P,Coventry,Member,Female,Baby Products,33.58,6,9.69,213.6,03/01/2025,16:58:39,Credit Card,203.43,0.18,36.96,6.9
THIRD-302218,M,Nottingham,Normal,Female,Household,23.63,2,2.27,50.1,21/01/2025,12:48:55,Mobile Wallet,47.71,0.19,9.15,5.5
THIRD-302219,P,Coventry,Member,Female,Baby Products,35.24,6,10.16,224.11,13/02/2025,16:28:38,Debit Card,213.44,0.18,38.79,5.0
THIRD-302220,P,Coventry,Normal,Female,Snacks,4.68,3,0.68,14.89,24/10/2025,16:07:34,Credit Card,14.18,0.17,2.44,7.9
THIRD-302221,P,Coventry,Member,Male,Bakery,3.4,4,0.65,14.42,31/08/2025,20:10:04,Debit Card,13.73,0.11,1.53,5.9
THIRD-302222,P,Coventry,Normal,Male,Snacks,6.13,1,0.29,6.49,12/07/2025,18:07:15,Debit Card,6.18,0.17,1.06,6.1
THIRD-302223,P,Coventry,Member,Female,Personal Care,31.67,3,4.57,100.72,27/12/2025,15:23:11,Mobile Wallet,95.92,0.21,20.33,8.3
THIRD-302224,M,Nottingham,Normal,Female,Snacks,4.79,3,0.69,15.25,11/08/2025,14:00:39,Credit Card,14.52,0.17,2.49,5.7
THIRD-302225,M,Nottingham,Member,Male,Health & Wellness,8.95,3,1.29,28.48,09/11/2025,15:24:44,Debit Card,27.12,0.24,6.57,7.6
THIRD-302226,P,Coventry,Normal,Male,Bakery,9.98,1,0.48,10.58,06/07/2025,13:11:26,Credit Card,10.08,0.11,1.12,6.0
THIRD-302227,N,Leicester,Normal,Male,Beverages,5.45,6,1.57,34.66,10/03/2025,17:55:17,Credit Card,33.01,0.13,4.34,7.0
THIRD-302228,N,Leicester,Normal,Male,Snacks,2.86,2,0.28,6.07,23/12/2025,15:02:42,Mobile Wallet,5.78,0.17,1.0,5.8
THIRD-302229,N,Leicester,Member,Male,Beverages,12.65,3,1.82,40.21,17/03/2025,14:55:34,Mobile Wallet,38.3,0.13,5.02,6.9
THIRD-302230,P,Coventry,Normal,Male,Frozen Foods,9.71,8,3.74,82.38,13/03/2025,20:47:55,Debit Card,78.46,0.1,7.92,7.1
THIRD-302231,P,Coventry,Normal,Male,Personal Care,18.32,1,0.88,19.42,14/08/2025,09:59:07,Credit Card,18.5,0.21,3.92,7.0
THIRD-302232,N,Leicester,Member,Male,Baby Products,41.75,7,14.05,309.78,19/10/2025,17:53:55,Mobile Wallet,295.03,0.18,53.61,6.5
THIRD-302233,M,Nottingham,Member,Male,Snacks,2.88,10,1.39,30.54,23/01/2025,09:15:33,Credit Card,29.08,0.17,4.99,5.4
THIRD-302234,M,Nottingham,Member,Female,Personal Care,6.01,4,1.16,25.49,06/11/2025,14:09:58,Credit Card,24.28,0.21,5.15,4.3
THIRD-302235,N,Leicester,Member,Male,Bakery,5.78,1,0.28,6.13,05/11/2025,15:10:13,Credit Card,5.84,0.11,0.65,8.6
THIRD-302236,P,Coventry,Normal,Female,Fresh Produce,4.0,12,2.31,50.94,19/10/2025,16:08:33,Cash,48.51,0.08,3.92,6.1
THIRD-302237,M,Nottingham,Normal,Female,Fresh Produce,7.5,1,0.36,7.95,05/03/2025,14:38:47,Debit Card,7.57,0.08,0.61,5.7
THIRD-302238,N,Leicester,Normal,Female,Baby Products,35.91,7,12.09,266.49,25/07/2025,11:04:11,Debit Card,253.8,0.18,46.12,8.3
THIRD-302239,M,Nottingham,Normal,Female,Snacks,3.42,7,1.15,25.39,31/10/2025,11:31:46,Debit Card,24.18,0.17,4.16,5.9
THIRD-302240,P,Coventry,Normal,Male,Bakery,3.03,4,0.58,12.83,16/07/2025,12:28:59,Credit Card,12.22,0.11,1.36,7.3
THIRD-302241,P,Coventry,Member,Female,Bakery,4.1,3,0.59,13.03,29/12/2025,15:48:26,Mobile Wallet,12.41,0.11,1.38,6.7
THIRD-302242,M,Nottingham,Member,Female,Household,5.78,4,1.11,24.52,26/09/2025,16:20:57,Cash,23.35,0.19,4.48,8.6
THIRD-302243,P,Coventry,Normal,Female,Snacks,3.98,4,0.77,16.89,17/02/2025,13:51:05,Debit Card,16.09,0.17,2.76,6.7
THIRD-302244,M,Nottingham,Normal,Female,Household,16.48,4,3.17,69.9,16/11/2025,13:32:12,Credit Card,66.57,0.19,12.77,6.0
THIRD-302245,P,Coventry,Normal,Female,Snacks,4.92,5,1.18,26.07,06/12/2025,16:45:36,Debit Card,24.83,0.17,4.26,5.5
THIRD-302246,P,Coventry,Normal,Male,Personal Care,15.48,9,6.7,147.65,28/08/2025,17:07:52,Debit Card,140.62,0.21,29.81,6.4
THIRD-302247,N,Leicester,Member,Female,Frozen Foods,12.63,4,2.43,53.54,23/03/2025,12:26:57,Credit Card,50.99,0.1,5.15,5.7
THIRD-302248,P,Coventry,Normal,Female,Fresh Produce,3.45,8,1.33,29.28,19/07/2025,15:16:16,Debit Card,27.89,0.08,2.25,5.9
THIRD-302249,P,Coventry,Normal,Female,Household,7.2,7,2.42,53.4,21/06/2025,21:40:13,Mobile Wallet,50.86,0.19,9.75,7.5
THIRD-302250,P,Coventry,Member,Male,Fresh Produce,5.76,3,0.83,18.32,13/07/2025,11:33:13,Mobile Wallet,17.45,0.08,1.41,6.6
THIRD-302251,M,Nottingham,Normal,Male,Household,13.88,7,4.67,103.03,21/02/2025,18:48:59,Credit Card,98.12,0.19,18.83,5.2
THIRD-302252,N,Leicester,Member,Female,Beverages,7.85,7,2.64,58.26,03/12/2025,08:56:00,Cash,55.49,0.13,7.28,6.8
THIRD-302253,N,Leicester,Member,Male,Dairy & Eggs,5.46,1,0.26,5.79,14/04/2025,17:44:14,Credit Card,5.51,0.07,0.39,7.0
THIRD-302254,M,Nottingham,Member,Male,Bakery,1.78,3,0.26,5.66,13/12/2025,14:24:26,Credit Card,5.39,0.11,0.59,6.9
THIRD-302255,N,Leicester,Normal,Male,Bakery,6.18,4,1.19,26.2,25/09/2025,16:04:45,Credit Card,24.95,0.11,2.77,6.2
THIRD-302256,N,Leicester,Member,Male,Snacks,1.97,1,0.09,2.08,11/06/2025,18:04:41,Debit Card,1.98,0.17,0.34,5.0
THIRD-302257,N,Leicester,Normal,Female,Baby Products,27.46,6,7.92,174.64,24/12/2025,17:41:14,Debit Card,166.32,0.18,30.22,6.9
THIRD-302258,N,Leicester,Member,Male,Frozen Foods,4.7,7,1.58,34.88,01/05/2025,19:37:56,Credit Card,33.22,0.1,3.35,7.9
THIRD-302259,M,Nottingham,Member,Male,Fresh Produce,7.7,12,4.44,97.9,11/02/2025,18:57:08,Credit Card,93.24,0.08,7.53,6.1
THIRD-302260,P,Coventry,Member,Male,Dairy & Eggs,6.7,1,0.32,7.1,30/06/2025,18:59:41,Credit Card,6.76,0.07,0.48,5.9
THIRD-302261,N,Leicester,Normal,Female,Household,10.25,1,0.49,10.87,06/10/2025,08:55:15,Credit Card,10.35,0.19,1.98,5.2
THIRD-302262,P,Coventry,Normal,Female,Household,18.81,4,3.62,79.78,10/02/2025,13:46:56,Mobile Wallet,75.98,0.19,14.58,4.7
THIRD-302263,P,Coventry,Member,Female,Snacks,6.01,3,0.87,19.12,17/12/2025,15:03:08,Credit Card,18.21,0.17,3.13,7.9
THIRD-302264,N,Leicester,Member,Female,Personal Care,17.75,11,9.39,207.02,28/10/2025,15:26:13,Mobile Wallet,197.16,0.21,41.8,9.3
THIRD-302265,N,Leicester,Member,Female,Bakery,7.19,5,1.73,38.09,03/05/2025,14:34:49,Credit Card,36.28,0.11,4.03,7.7
THIRD-302266,M,Nottingham,Member,Male,Personal Care,22.56,7,7.59,167.39,27/06/2025,20:29:54,Credit Card,159.42,0.21,33.79,7.3
THIRD-302267,N,Leicester,Normal,Female,Frozen Foods,2.64,3,0.38,8.4,15/10/2025,12:41:52,Mobile Wallet,8.0,0.1,0.81,7.4
THIRD-302268,P,Coventry,Member,Male,Fresh Produce,3.91,2,0.38,8.3,02/08/2025,14:12:59,Mobile Wallet,7.9,0.08,0.64,7.3
THIRD-302269,M,Nottingham,Normal,Female,Health & Wellness,22.96,12,13.25,292.12,02/06/2025,12:36:29,Mobile Wallet,278.21,0.24,67.41,7.2
THIRD-302270,P,Coventry,Normal,Female,Frozen Foods,16.26,8,6.25,137.85,18/09/2025,18:05:32,Credit Card,131.29,0.1,13.25,6.2
THIRD-302271,P,Coventry,Normal,Female,Frozen Foods,7.6,5,1.83,40.3,31/01/2025,14:18:02,Cash,38.38,0.1,3.87,5.7
THIRD-302272,N,Leicester,Normal,Male,Baby Products,18.38,2,1.77,38.97,09/12/2025,10:45:54,Mobile Wallet,37.11,0.18,6.74,6.7
THIRD-302273,M,Nottingham,Member,Female,Beverages,6.43,1,0.31,6.81,23/02/2025,11:36:41,Debit Card,6.49,0.13,0.85,8.1
THIRD-302274,N,Leicester,Normal,Male,Bakery,1.89,3,0.27,6.02,26/08/2025,14:07:42,Credit Card,5.73,0.11,0.64,5.0
THIRD-302275,M,Nottingham,Member,Female,Bakery,6.97,3,1.01,22.17,09/10/2025,19:32:11,Mobile Wallet,21.11,0.11,2.34,6.0
THIRD-302276,P,Coventry,Normal,Male,Personal Care,11.99,5,2.88,63.56,09/02/2025,14:18:18,Credit Card,60.53,0.21,12.84,5.1
THIRD-302277,P,Coventry,Normal,Male,Dairy & Eggs,2.79,6,0.8,17.72,05/01/2025,08:26:07,Debit Card,16.88,0.07,1.2,7.3
THIRD-302278,P,Coventry,Member,Male,Fresh Produce,8.04,4,1.55,34.09,13/09/2025,14:46:47,Credit Card,32.47,0.08,2.62,7.5
THIRD-302279,M,Nottingham,Normal,Female,Bakery,3.24,6,0.94,20.64,17/10/2025,08:02:09,Credit Card,19.66,0.11,2.18,5.8
THIRD-302280,M,Nottingham,Member,Male,Bakery,1.49,3,0.21,4.73,12/03/2025,17:17:33,Credit Card,4.5,0.11,0.5,7.3
THIRD-302281,N,Leicester,Member,Male,Fresh Produce,4.61,1,0.22,4.88,12/07/2025,14:17:26,Credit Card,4.65,0.08,0.37,7.3
THIRD-302282,P,Coventry,Normal,Female,Bakery,9.11,9,3.94,86.92,02/01/2025,15:55:20,Credit Card,82.78,0.11,9.19,7.8
THIRD-302283,P,Coventry,Normal,Male,Dairy & Eggs,7.04,6,2.03,44.78,20/02/2025,16:58:07,Credit Card,42.65,0.07,3.01,5.6
THIRD-302284,N,Leicester,Member,Male,Dairy & Eggs,2.55,5,0.61,13.5,06/03/2025,18:35:16,Credit Card,12.86,0.07,0.91,6.6
THIRD-302285,P,Coventry,Normal,Female,Snacks,3.68,3,0.53,11.71,20/10/2025,18:21:17,Credit Card,11.15,0.17,1.92,6.4
THIRD-302286,N,Leicester,Member,Male,Dairy & Eggs,3.7,5,0.89,19.62,08/04/2025,18:10:49,Credit Card,18.69,0.07,1.33,5.2
THIRD-302287,N,Leicester,Member,Female,Fresh Produce,4.98,11,2.63,58.09,02/03/2025,13:51:42,Debit Card,55.32,0.08,4.47,4.8
THIRD-302288,P,Coventry,Normal,Male,Baby Products,20.78,5,5.0,110.15,29/09/2025,17:05:33,Credit Card,104.9,0.18,19.06,6.2
THIRD-302289,N,Leicester,Member,Female,Beverages,5.69,7,1.91,42.21,10/10/2025,19:13:34,Mobile Wallet,40.2,0.13,5.28,5.4
THIRD-302290,M,Nottingham,Member,Female,Fresh Produce,3.95,7,1.33,29.33,22/03/2025,19:27:38,Cash,27.93,0.08,2.26,8.4
THIRD-302291,N,Leicester,Member,Male,Personal Care,23.02,2,2.21,48.79,04/12/2025,10:38:02,Cash,46.47,0.21,9.85,6.4
THIRD-302292,N,Leicester,Normal,Male,Baby Products,34.53,1,1.66,36.6,10/04/2025,14:17:59,Mobile Wallet,34.86,0.18,6.34,7.2
THIRD-302293,N,Leicester,Normal,Male,Household,11.32,7,3.81,83.97,01/03/2025,11:12:21,Credit Card,79.97,0.19,15.34,7.2
THIRD-302294,P,Coventry,Member,Male,Snacks,4.96,9,2.15,47.33,21/04/2025,11:44:09,Mobile Wallet,45.08,0.17,7.74,7.0
THIRD-302295,P,Coventry,Member,Female,Household,17.18,2,1.65,36.42,15/02/2025,13:29:28,Credit Card,34.69,0.19,6.66,4.9
THIRD-302296,M,Nottingham,Normal,Male,Dairy & Eggs,6.96,4,1.34,29.51,16/11/2025,15:56:30,Cash,28.1,0.07,1.98,6.1
THIRD-302297,N,Leicester,Member,Male,Personal Care,26.83,1,1.29,28.44,03/12/2025,11:18:42,Cash,27.09,0.21,5.75,8.0
THIRD-302298,P,Coventry,Member,Male,Baby Products,40.28,1,1.94,42.7,09/05/2025,17:31:35,Mobile Wallet,40.67,0.18,7.39,5.4
THIRD-302299,N,Leicester,Normal,Male,Household,8.53,4,1.64,36.16,13/08/2025,15:19:12,Debit Card,34.44,0.19,6.6,7.6
THIRD-302300,M,Nottingham,Normal,Male,Snacks,5.86,3,0.84,18.62,03/01/2025,14:40:41,Credit Card,17.73,0.17,3.04,6.3
THIRD-302301,M,Nottingham,Member,Female,Snacks,3.93,4,0.76,16.67,11/10/2025,10:28:36,Mobile Wallet,15.88,0.17,2.72,8.1
THIRD-302302,P,Coventry,Member,Male,Dairy & Eggs,4.0,5,0.96,21.22,01/12/2025,19:34:31,Mobile Wallet,20.21,0.07,1.43,6.5
THIRD-302303,P,Coventry,Member,Male,Beverages,12.48,7,4.2,92.61,15/06/2025,09:15:39,Debit Card,88.2,0.13,11.58,9.2
THIRD-302304,P,Coventry,Normal,Female,Household,26.61,1,1.28,28.21,17/11/2025,09:10:29,Debit Card,26.87,0.19,5.15,6.3
THIRD-302305,M,Nottingham,Member,Female,Snacks,5.97,1,0.29,6.33,06/12/2025,09:21:00,Debit Card,6.03,0.17,1.04,8.0
THIRD-302306,N,Leicester,Member,Female,Health & Wellness,17.66,3,2.55,56.16,09/11/2025,10:45:48,Debit Card,53.49,0.24,12.96,9.3
THIRD-302307,P,Coventry,Normal,Male,Snacks,1.3,5,0.31,6.89,11/11/2025,13:54:38,Debit Card,6.56,0.17,1.12,6.0
THIRD-302308,P,Coventry,Member,Male,Fresh Produce,8.66,1,0.42,9.19,23/02/2025,13:59:09,Mobile Wallet,8.75,0.08,0.71,6.5
THIRD-302309,N,Leicester,Normal,Male,Household,21.8,1,1.05,23.11,26/07/2025,18:58:45,Credit Card,22.01,0.19,4.22,5.8
THIRD-302310,P,Coventry,Member,Male,Health & Wellness,10.92,4,2.1,46.31,23/05/2025,10:35:29,Mobile Wallet,44.1,0.24,10.68,7.4
THIRD-302311,P,Coventry,Normal,Male,Snacks,1.89,1,0.09,2.01,10/08/2025,13:51:48,Credit Card,1.91,0.17,0.33,4.0
THIRD-302312,M,Nottingham,Member,Male,Dairy & Eggs,2.62,9,1.13,25.0,24/08/2025,20:02:49,Debit Card,23.81,0.07,1.69,7.3
THIRD-302313,N,Leicester,Member,Male,Beverages,3.88,6,1.12,24.68,20/10/2025,10:50:06,Cash,23.5,0.13,3.08,5.8
THIRD-302314,M,Nottingham,Member,Female,Personal Care,18.35,3,2.65,58.35,03/08/2025,15:29:39,Credit Card,55.57,0.21,11.78,7.1
THIRD-302315,P,Coventry,Member,Female,Beverages,4.6,9,1.99,43.86,03/01/2025,14:26:34,Credit Card,41.77,0.13,5.48,6.9
THIRD-302316,N,Leicester,Normal,Male,Bakery,10.49,6,3.03,66.75,20/12/2025,12:33:50,Cash,63.57,0.11,7.06,6.9
THIRD-302317,P,Coventry,Member,Female,Health & Wellness,22.94,5,5.52,121.61,09/07/2025,16:43:29,Debit Card,115.82,0.24,28.06,6.3
THIRD-302318,P,Coventry,Member,Female,Frozen Foods,8.07,10,3.88,85.55,20/09/2025,12:32:58,Mobile Wallet,81.48,0.1,8.23,7.4
THIRD-302319,P,Coventry,Normal,Male,Fresh Produce,9.1,9,3.94,86.82,10/12/2025,18:56:06,Debit Card,82.69,0.08,6.68,7.1
THIRD-302320,N,Leicester,Normal,Female,Dairy & Eggs,6.32,8,2.43,53.62,10/04/2025,12:05:44,Mobile Wallet,51.07,0.07,3.6,6.7
THIRD-302321,P,Coventry,Normal,Female,Household,20.69,2,1.99,43.86,03/01/2025,10:28:23,Cash,41.77,0.19,8.01,7.4
THIRD-302322,N,Leicester,Normal,Male,Personal Care,5.74,11,3.04,66.95,10/05/2025,20:04:19,Credit Card,63.76,0.21,13.52,7.0
THIRD-302323,N,Leicester,Member,Female,Snacks,5.84,3,0.84,18.58,12/04/2025,16:34:34,Credit Card,17.7,0.17,3.04,5.9
THIRD-302324,N,Leicester,Normal,Female,Personal Care,14.48,5,3.48,76.73,21/11/2025,16:22:28,Debit Card,73.08,0.21,15.5,5.9
THIRD-302325,M,Nottingham,Member,Female,Health & Wellness,24.07,9,10.41,229.6,01/01/2025,16:02:09,Mobile Wallet,218.67,0.24,52.98,7.4
THIRD-302326,M,Nottingham,Member,Female,Baby Products,15.03,2,1.45,31.87,19/04/2025,19:16:43,Debit Card,30.34,0.18,5.51,7.2
THIRD-302327,M,Nottingham,Member,Female,Beverages,5.65,1,0.27,5.98,20/10/2025,16:36:01,Cash,5.7,0.13,0.75,6.1
THIRD-302328,N,Leicester,Member,Female,Baby Products,24.0,1,1.15,25.44,02/01/2025,12:04:38,Credit Card,24.23,0.18,4.4,6.7
THIRD-302329,M,Nottingham,Member,Male,Baby Products,19.57,1,0.94,20.75,22/02/2025,20:15:17,Cash,19.76,0.18,3.59,6.1
THIRD-302330,N,Leicester,Member,Male,Dairy & Eggs,6.4,1,0.31,6.78,03/02/2025,13:07:35,Credit Card,6.46,0.07,0.46,6.4
THIRD-302331,M,Nottingham,Member,Male,Baby Products,13.46,2,1.29,28.53,11/05/2025,18:59:34,Debit Card,27.17,0.18,4.94,7.2
THIRD-302332,P,Coventry,Member,Male,Fresh Produce,3.11,5,0.75,16.48,30/10/2025,12:20:51,Cash,15.7,0.08,1.27,6.3
THIRD-302333,P,Coventry,Normal,Male,Beverages,10.44,1,0.5,11.07,23/11/2025,14:29:54,Mobile Wallet,10.54,0.13,1.39,6.3
THIRD-302334,P,Coventry,Normal,Female,Fresh Produce,6.2,5,1.49,32.85,12/06/2025,16:23:43,Mobile Wallet,31.29,0.08,2.52,6.7
THIRD-302335,N,Leicester,Normal,Male,Household,14.78,9,6.39,140.99,22/09/2025,15:42:22,Cash,134.28,0.19,25.76,7.4
THIRD-302336,P,Coventry,Normal,Female,Baby Products,15.24,5,3.66,80.76,30/07/2025,14:34:12,Cash,76.91,0.18,13.97,6.5
THIRD-302337,P,Coventry,Member,Male,Fresh Produce,5.65,5,1.36,29.94,01/02/2025,16:44:13,Credit Card,28.51,0.08,2.3,5.9
THIRD-302338,N,Leicester,Member,Female,Beverages,12.49,1,0.6,13.24,11/03/2025,20:50:22,Mobile Wallet,12.61,0.13,1.65,7.3
THIRD-302339,M,Nottingham,Normal,Female,Dairy & Eggs,4.61,6,1.33,29.31,03/01/2025,13:12:24,Mobile Wallet,27.91,0.07,1.97,6.9
THIRD-302340,N,Leicester,Normal,Male,Beverages,10.75,4,2.07,45.6,27/12/2025,17:00:06,Debit Card,43.43,0.13,5.7,6.3
THIRD-302341,N,Leicester,Member,Female,Frozen Foods,5.57,9,2.41,53.18,16/08/2025,17:03:08,Debit Card,50.65,0.1,5.11,5.8
THIRD-302342,M,Nottingham,Member,Male,Bakery,4.97,11,2.63,57.97,19/05/2025,14:25:40,Debit Card,55.21,0.11,6.13,6.9
THIRD-302343,P,Coventry,Member,Female,Frozen Foods,2.41,2,0.23,5.11,03/02/2025,17:34:05,Mobile Wallet,4.87,0.1,0.49,8.9
THIRD-302344,N,Leicester,Normal,Male,Snacks,2.07,4,0.4,8.78,30/10/2025,12:48:15,Mobile Wallet,8.36,0.17,1.43,7.2
THIRD-302345,N,Leicester,Member,Female,Fresh Produce,1.58,3,0.23,5.03,16/08/2025,16:47:24,Mobile Wallet,4.79,0.08,0.38,7.7
THIRD-302346,M,Nottingham,Normal,Female,Health & Wellness,33.01,3,4.76,104.98,23/08/2025,15:13:28,Debit Card,99.98,0.24,24.22,7.2
THIRD-302347,P,Coventry,Normal,Female,Health & Wellness,16.23,5,3.9,86.05,18/08/2025,18:35:48,Debit Card,81.95,0.24,19.85,5.3
THIRD-302348,N,Leicester,Member,Male,Personal Care,14.5,3,2.09,46.11,26/06/2025,14:17:07,Credit Card,43.91,0.21,9.31,6.2
THIRD-302349,P,Coventry,Normal,Male,Baby Products,39.23,2,3.77,83.17,01/09/2025,09:27:49,Credit Card,79.21,0.18,14.39,5.8
THIRD-302350,N,Leicester,Normal,Male,Bakery,2.98,4,0.57,12.65,08/03/2025,19:21:26,Credit Card,12.05,0.11,1.34,8.3
THIRD-302351,N,Leicester,Member,Male,Health & Wellness,22.32,6,6.44,141.96,25/08/2025,13:59:04,Mobile Wallet,135.2,0.24,32.75,7.9
THIRD-302352,P,Coventry,Member,Male,Bakery,7.3,5,1.76,38.7,15/02/2025,11:29:54,Debit Card,36.86,0.11,4.09,4.7
THIRD-302353,N,Leicester,Member,Female,Beverages,3.88,5,0.93,20.56,21/03/2025,11:41:34,Mobile Wallet,19.58,0.13,2.57,8.5
THIRD-302354,M,Nottingham,Member,Female,Bakery,4.77,11,2.52,55.66,10/05/2025,14:12:11,Debit Card,53.01,0.11,5.88,7.8
THIRD-302355,M,Nottingham,Member,Male,Frozen Foods,14.42,6,4.16,91.75,25/09/2025,18:34:46,Debit Card,87.38,0.1,8.82,6.2
THIRD-302356,N,Leicester,Member,Male,Baby Products,4.58,9,1.98,43.66,07/09/2025,14:19:44,Mobile Wallet,41.58,0.18,7.56,5.2
THIRD-302357,P,Coventry,Normal,Female,Dairy & Eggs,3.79,7,1.27,28.09,20/04/2025,14:25:51,Debit Card,26.75,0.07,1.89,7.3
THIRD-302358,M,Nottingham,Normal,Male,Snacks,3.35,8,1.29,28.4,16/10/2025,15:58:35,Debit Card,27.05,0.17,4.64,6.8
THIRD-302359,P,Coventry,Normal,Female,Bakery,5.29,2,0.51,11.22,13/10/2025,20:20:01,Credit Card,10.69,0.11,1.19,5.7
THIRD-302360,P,Coventry,Member,Male,Fresh Produce,6.46,6,1.86,41.08,05/11/2025,21:56:28,Credit Card,39.12,0.08,3.16,6.3
THIRD-302361,M,Nottingham,Member,Female,Frozen Foods,11.59,3,1.67,36.84,27/04/2025,14:08:29,Cash,35.09,0.1,3.54,6.1
THIRD-302362,P,Coventry,Normal,Male,Health & Wellness,9.32,1,0.45,9.88,26/08/2025,17:41:55,Debit Card,9.41,0.24,2.28,7.5
THIRD-302363,P,Coventry,Normal,Female,Personal Care,29.79,5,7.16,157.88,19/06/2025,21:16:27,Mobile Wallet,150.36,0.21,31.87,5.6
THIRD-302364,M,Nottingham,Member,Male,Beverages,4.53,6,1.31,28.84,25/07/2025,10:44:14,Mobile Wallet,27.47,0.13,3.6,6.4
THIRD-302365,M,Nottingham,Member,Male,Personal Care,2.67,10,1.29,28.34,15/06/2025,20:00:45,Credit Card,26.98,0.21,5.72,5.8
THIRD-302366,P,Coventry,Normal,Female,Health & Wellness,39.67,10,19.07,420.49,21/08/2025,13:16:29,Mobile Wallet,400.47,0.24,97.03,5.2
THIRD-302367,N,Leicester,Member,Male,Health & Wellness,8.34,1,0.4,8.84,04/01/2025,21:51:28,Credit Card,8.42,0.24,2.04,7.4
THIRD-302368,N,Leicester,Normal,Male,Dairy & Eggs,3.38,7,1.14,25.08,01/06/2025,15:00:47,Mobile Wallet,23.89,0.07,1.69,6.1
THIRD-302369,P,Coventry,Member,Male,Bakery,3.86,3,0.56,12.27,13/09/2025,11:18:37,Debit Card,11.69,0.11,1.29,7.3
THIRD-302370,M,Nottingham,Member,Female,Bakery,11.46,1,0.55,12.15,12/12/2025,19:45:10,Mobile Wallet,11.57,0.11,1.28,5.5
THIRD-302371,P,Coventry,Normal,Female,Fresh Produce,5.35,2,0.51,11.33,18/05/2025,13:23:18,Credit Card,10.79,0.08,0.87,6.3
THIRD-302372,M,Nottingham,Member,Male,Baby Products,17.23,11,9.11,200.95,01/08/2025,18:44:19,Mobile Wallet,191.38,0.18,34.78,6.0
THIRD-302373,P,Coventry,Member,Female,Personal Care,10.42,8,4.01,88.38,07/05/2025,17:33:49,Debit Card,84.17,0.21,17.84,5.6
THIRD-302374,P,Coventry,Normal,Female,Beverages,13.05,5,3.14,69.18,26/06/2025,17:55:29,Debit Card,65.89,0.13,8.65,4.5
THIRD-302375,P,Coventry,Member,Female,Baby Products,43.91,1,2.11,46.55,17/10/2025,18:19:30,Credit Card,44.33,0.18,8.06,5.7
THIRD-302376,P,Coventry,Normal,Female,Household,23.18,6,6.69,147.45,05/01/2025,15:08:10,Debit Card,140.43,0.19,26.93,6.9
THIRD-302377,M,Nottingham,Member,Female,Bakery,3.29,7,1.11,24.39,19/10/2025,14:55:46,Credit Card,23.23,0.11,2.58,7.0
THIRD-302378,P,Coventry,Normal,Male,Personal Care,6.73,4,1.29,28.53,08/01/2025,20:15:41,Credit Card,27.17,0.21,5.76,6.2
THIRD-302379,M,Nottingham,Normal,Male,Fresh Produce,7.43,4,1.43,31.49,24/10/2025,19:24:21,Cash,29.99,0.08,2.42,4.7
THIRD-302380,M,Nottingham,Member,Male,Household,20.7,4,3.98,87.76,21/11/2025,14:02:43,Credit Card,83.58,0.19,16.03,6.6
THIRD-302381,P,Coventry,Normal,Female,Dairy & Eggs,7.33,3,1.06,23.32,21/02/2025,10:01:14,Credit Card,22.21,0.07,1.57,6.8
THIRD-302382,N,Leicester,Member,Male,Snacks,2.59,5,0.62,13.72,12/09/2025,15:48:26,Mobile Wallet,13.07,0.17,2.25,8.7
THIRD-302383,P,Coventry,Normal,Male,Dairy & Eggs,1.98,9,0.86,18.86,11/10/2025,12:00:47,Debit Card,17.96,0.07,1.27,7.2
THIRD-302384,M,Nottingham,Member,Female,Baby Products,11.1,10,5.34,117.64,31/01/2025,12:51:37,Credit Card,112.04,0.18,20.36,5.8
THIRD-302385,N,Leicester,Normal,Male,Frozen Foods,2.16,7,0.73,16.05,28/11/2025,13:15:33,Debit Card,15.29,0.1,1.55,6.5
THIRD-302386,P,Coventry,Normal,Male,Fresh Produce,6.95,1,0.33,7.36,12/07/2025,14:58:56,Cash,7.01,0.08,0.56,6.6
THIRD-302387,N,Leicester,Member,Female,Health & Wellness,14.9,4,2.87,63.2,31/12/2025,16:09:16,Cash,60.19,0.24,14.59,5.4
THIRD-302388,N,Leicester,Normal,Male,Dairy & Eggs,4.24,4,0.82,18.0,21/02/2025,14:14:49,Mobile Wallet,17.14,0.07,1.21,6.7
THIRD-302389,N,Leicester,Normal,Male,Baby Products,20.5,1,0.99,21.74,21/02/2025,13:22:39,Mobile Wallet,20.7,0.18,3.76,6.6
THIRD-302390,N,Leicester,Member,Female,Beverages,8.96,4,1.72,38.01,18/10/2025,16:06:02,Debit Card,36.2,0.13,4.75,7.0
THIRD-302391,M,Nottingham,Member,Female,Beverages,10.11,8,3.89,85.73,27/05/2025,11:37:38,Cash,81.65,0.13,10.72,7.4
THIRD-302392,N,Leicester,Normal,Male,Bakery,3.47,2,0.33,7.36,21/01/2025,17:36:08,Debit Card,7.01,0.11,0.77,6.5
THIRD-302393,M,Nottingham,Member,Female,Beverages,14.2,2,1.37,30.1,28/05/2025,11:14:34,Credit Card,28.67,0.13,3.76,7.1
THIRD-302394,N,Leicester,Member,Female,Bakery,3.66,2,0.35,7.76,02/10/2025,15:58:24,Credit Card,7.39,0.11,0.82,6.1
THIRD-302395,P,Coventry,Member,Female,Fresh Produce,2.92,5,0.7,15.49,03/08/2025,15:25:35,Cash,14.75,0.08,1.19,6.0
THIRD-302396,M,Nottingham,Member,Female,Snacks,1.06,3,0.15,3.37,17/09/2025,15:40:46,Credit Card,3.21,0.17,0.55,6.6
THIRD-302397,M,Nottingham,Normal,Male,Personal Care,25.8,4,4.96,109.41,12/11/2025,15:33:49,Credit Card,104.2,0.21,22.09,8.2
THIRD-302398,M,Nottingham,Normal,Male,Baby Products,5.13,10,2.46,54.35,09/02/2025,09:26:55,Debit Card,51.76,0.18,9.4,7.7
THIRD-302399,M,Nottingham,Member,Female,Beverages,6.73,6,1.94,42.8,30/11/2025,13:25:39,Cash,40.76,0.13,5.35,7.0
THIRD-302400,N,Leicester,Member,Male,Baby Products,16.76,1,0.81,17.78,25/06/2025,08:10:50,Credit Card,16.93,0.18,3.07,5.3
THIRD-302401,P,Coventry,Normal,Male,Beverages,10.15,4,1.95,43.04,29/06/2025,20:08:19,Debit Card,40.99,0.13,5.38,7.3
THIRD-302402,P,Coventry,Normal,Male,Frozen Foods,4.63,12,2.67,58.87,16/12/2025,21:12:50,Cash,56.07,0.1,5.66,6.0
THIRD-302403,N,Leicester,Member,Female,Dairy & Eggs,7.37,7,2.48,54.72,31/10/2025,11:09:28,Debit Card,52.11,0.07,3.68,7.5
THIRD-302404,P,Coventry,Normal,Female,Baby Products,36.11,9,15.62,344.51,25/07/2025,17:38:13,Debit Card,328.1,0.18,59.62,5.6
THIRD-302405,P,Coventry,Member,Female,Dairy & Eggs,5.87,1,0.28,6.22,28/03/2025,17:48:03,Debit Card,5.92,0.07,0.41,5.6
THIRD-302406,M,Nottingham,Member,Male,Baby Products,22.7,12,13.1,288.81,16/06/2025,19:26:53,Mobile Wallet,275.06,0.18,49.98,5.8
THIRD-302407,P,Coventry,Member,Female,Bakery,6.96,6,2.01,44.26,21/09/2025,18:12:38,Mobile Wallet,42.15,0.11,4.69,6.8
THIRD-302408,M,Nottingham,Normal,Male,Fresh Produce,1.87,1,0.09,1.98,06/12/2025,10:13:53,Cash,1.89,0.08,0.15,5.0
THIRD-302409,M,Nottingham,Normal,Female,Bakery,10.0,11,5.29,116.67,16/06/2025,18:38:35,Debit Card,111.11,0.11,12.34,5.7
THIRD-302410,M,Nottingham,Normal,Female,Health & Wellness,31.72,2,3.05,67.25,22/09/2025,12:50:37,Mobile Wallet,64.05,0.24,15.52,6.4
THIRD-302411,M,Nottingham,Member,Male,Fresh Produce,3.16,9,1.37,30.17,28/01/2025,18:30:17,Debit Card,28.73,0.08,2.32,7.9
THIRD-302412,M,Nottingham,Normal,Male,Household,17.53,2,1.69,37.18,06/09/2025,15:43:41,Debit Card,35.41,0.19,6.79,6.2
THIRD-302413,N,Leicester,Normal,Male,Baby Products,5.39,3,0.78,17.14,08/01/2025,17:32:38,Cash,16.32,0.18,2.97,8.0
THIRD-302414,M,Nottingham,Member,Female,Health & Wellness,30.04,8,11.55,254.72,08/04/2025,21:18:07,Cash,242.59,0.24,58.78,7.5
THIRD-302415,N,Leicester,Normal,Male,Dairy & Eggs,5.72,4,1.1,24.26,02/01/2025,21:22:38,Credit Card,23.1,0.07,1.63,7.7
THIRD-302416,M,Nottingham,Normal,Female,Health & Wellness,20.2,8,7.77,171.29,18/01/2025,16:12:12,Debit Card,163.13,0.24,39.53,7.0
THIRD-302417,M,Nottingham,Normal,Male,Bakery,3.62,6,1.04,23.02,25/04/2025,16:19:18,Debit Card,21.92,0.11,2.44,7.0
THIRD-302418,M,Nottingham,Member,Male,Bakery,8.61,7,2.9,63.9,15/08/2025,10:28:00,Debit Card,60.86,0.11,6.76,6.0
THIRD-302419,M,Nottingham,Member,Female,Beverages,6.61,3,0.95,21.03,25/12/2025,14:37:25,Credit Card,20.03,0.13,2.63,5.9
THIRD-302420,N,Leicester,Normal,Male,Snacks,5.43,3,0.78,17.26,27/10/2025,11:31:49,Credit Card,16.44,0.17,2.82,7.4
THIRD-302421,M,Nottingham,Normal,Male,Personal Care,17.28,4,3.32,73.29,24/06/2025,19:16:17,Debit Card,69.8,0.21,14.8,5.7
THIRD-302422,M,Nottingham,Member,Male,Household,21.08,5,5.07,111.74,22/05/2025,11:43:21,Credit Card,106.42,0.19,20.42,6.4
THIRD-302423,M,Nottingham,Member,Female,Fresh Produce,9.19,8,3.54,77.97,10/07/2025,14:08:11,Debit Card,74.26,0.08,6.0,5.8
THIRD-302424,N,Leicester,Normal,Male,Frozen Foods,13.79,9,5.97,131.58,12/08/2025,17:24:37,Credit Card,125.31,0.1,12.65,6.4
THIRD-302425,P,Coventry,Normal,Male,Fresh Produce,10.75,1,0.52,11.4,13/11/2025,09:29:56,Debit Card,10.86,0.08,0.88,6.2
THIRD-302426,N,Leicester,Member,Female,Dairy & Eggs,4.07,5,0.98,21.56,26/03/2025,18:04:09,Credit Card,20.53,0.07,1.45,7.3
THIRD-302427,M,Nottingham,Normal,Male,Frozen Foods,17.62,7,5.93,130.74,17/11/2025,13:00:46,Debit Card,124.51,0.1,12.57,5.7
THIRD-302428,M,Nottingham,Member,Female,Frozen Foods,14.05,9,6.08,134.05,15/12/2025,17:48:32,Credit Card,127.67,0.1,12.89,6.8
THIRD-302429,M,Nottingham,Member,Female,Household,10.47,3,1.51,33.31,18/03/2025,13:57:59,Mobile Wallet,31.72,0.19,6.08,7.8
THIRD-302430,N,Leicester,Member,Female,Fresh Produce,8.24,2,0.79,17.46,12/05/2025,20:41:09,Debit Card,16.63,0.08,1.35,6.3
THIRD-302431,M,Nottingham,Normal,Female,Beverages,7.03,3,1.01,22.35,26/04/2025,17:52:07,Debit Card,21.29,0.13,2.8,6.6
THIRD-302432,N,Leicester,Member,Female,Beverages,1.2,8,0.46,10.14,18/03/2025,16:28:09,Credit Card,9.66,0.13,1.27,6.8
THIRD-302433,N,Leicester,Normal,Female,Bakery,2.59,5,0.62,13.72,12/02/2025,13:47:10,Debit Card,13.07,0.11,1.45,5.7
THIRD-302434,N,Leicester,Member,Female,Snacks,5.74,5,1.38,30.43,02/08/2025,13:02:25,Cash,28.98,0.17,4.97,6.6
THIRD-302435,M,Nottingham,Normal,Female,Bakery,6.94,3,1.0,22.06,07/08/2025,14:46:23,Mobile Wallet,21.01,0.11,2.33,7.1
THIRD-302436,P,Coventry,Member,Male,Bakery,4.87,5,1.17,25.8,07/05/2025,19:16:37,Debit Card,24.57,0.11,2.72,5.5
THIRD-302437,N,Leicester,Member,Female,Dairy & Eggs,6.59,3,0.95,20.97,01/04/2025,12:29:28,Cash,19.97,0.07,1.41,7.9
THIRD-302438,N,Leicester,Member,Male,Personal Care,15.58,6,4.49,99.09,05/12/2025,17:14:16,Cash,94.37,0.21,20.0,6.1
THIRD-302439,N,Leicester,Member,Male,Dairy & Eggs,3.18,5,0.77,16.87,09/07/2025,16:21:55,Mobile Wallet,16.07,0.07,1.13,7.9
THIRD-302440,M,Nottingham,Member,Male,Health & Wellness,22.8,5,5.48,120.83,21/01/2025,14:52:59,Credit Card,115.08,0.24,27.88,6.3
THIRD-302441,P,Coventry,Member,Male,Fresh Produce,7.98,5,1.92,42.28,19/02/2025,15:44:45,Debit Card,40.27,0.08,3.25,6.7
THIRD-302442,M,Nottingham,Normal,Male,Dairy & Eggs,6.15,2,0.59,13.03,26/11/2025,17:45:21,Credit Card,12.41,0.07,0.88,6.5
THIRD-302443,P,Coventry,Member,Female,Dairy & Eggs,6.3,2,0.61,13.37,28/03/2025,18:33:35,Debit Card,12.73,0.07,0.9,6.2
THIRD-302444,P,Coventry,Normal,Female,Bakery,4.46,11,2.36,52.03,18/03/2025,16:30:36,Credit Card,49.55,0.11,5.5,6.9
THIRD-302445,N,Leicester,Member,Male,Dairy & Eggs,6.95,7,2.34,51.56,07/02/2025,13:48:07,Credit Card,49.1,0.07,3.47,4.9
THIRD-302446,P,Coventry,Member,Male,Snacks,4.42,5,1.06,23.43,06/04/2025,13:40:37,Cash,22.31,0.17,3.83,5.7
THIRD-302447,N,Leicester,Member,Male,Dairy & Eggs,4.73,3,0.68,15.05,13/01/2025,09:42:01,Debit Card,14.33,0.07,1.02,8.7
THIRD-302448,M,Nottingham,Normal,Female,Fresh Produce,5.03,7,1.69,37.35,25/09/2025,11:37:32,Cash,35.57,0.08,2.87,8.4
THIRD-302449,N,Leicester,Normal,Female,Personal Care,11.96,3,1.73,38.04,20/08/2025,13:03:59,Mobile Wallet,36.22,0.21,7.68,6.3
THIRD-302450,N,Leicester,Normal,Female,Dairy & Eggs,6.43,9,2.78,61.32,09/05/2025,13:59:05,Credit Card,58.4,0.07,4.12,6.1
THIRD-302451,P,Coventry,Normal,Male,Fresh Produce,2.09,3,0.3,6.65,29/06/2025,18:18:45,Debit Card,6.33,0.08,0.51,6.4
THIRD-302452,P,Coventry,Normal,Female,Health & Wellness,17.26,2,1.66,36.6,04/11/2025,19:10:56,Mobile Wallet,34.86,0.24,8.45,5.9
THIRD-302453,P,Coventry,Normal,Female,Bakery,9.98,4,1.92,42.34,15/05/2025,15:36:46,Debit Card,40.32,0.11,4.47,6.6
THIRD-302454,P,Coventry,Normal,Male,Snacks,2.69,1,0.13,2.86,18/12/2025,15:14:13,Mobile Wallet,2.72,0.17,0.47,6.7
THIRD-302455,M,Nottingham,Member,Female,Personal Care,3.99,1,0.19,4.23,23/04/2025,15:22:56,Cash,4.03,0.21,0.86,7.6
THIRD-302456,M,Nottingham,Normal,Female,Frozen Foods,11.95,9,5.17,114.01,14/06/2025,18:39:45,Mobile Wallet,108.58,0.1,10.96,5.1
THIRD-302457,N,Leicester,Member,Female,Health & Wellness,17.93,3,2.59,57.03,06/06/2025,14:11:45,Debit Card,54.31,0.24,13.15,6.3
THIRD-302458,N,Leicester,Normal,Male,Health & Wellness,7.0,2,0.67,14.84,28/01/2025,15:09:16,Cash,14.13,0.24,3.42,9.1
THIRD-302459,P,Coventry,Member,Male,Dairy & Eggs,6.03,1,0.29,6.39,11/05/2025,13:06:19,Mobile Wallet,6.09,0.07,0.43,9.0
THIRD-302460,P,Coventry,Normal,Male,Baby Products,42.41,2,4.08,89.92,22/12/2025,18:21:30,Debit Card,85.64,0.18,15.56,5.6
THIRD-302461,M,Nottingham,Member,Female,Personal Care,13.43,10,6.46,142.34,06/10/2025,13:29:44,Credit Card,135.56,0.21,28.74,6.5
THIRD-302462,P,Coventry,Normal,Male,Frozen Foods,15.36,9,6.65,146.56,16/07/2025,11:16:04,Mobile Wallet,139.58,0.1,14.09,5.7
THIRD-302463,N,Leicester,Member,Male,Beverages,6.91,1,0.33,7.32,31/08/2025,12:21:11,Debit Card,6.97,0.13,0.91,5.7
THIRD-302464,N,Leicester,Member,Female,Baby Products,23.49,3,3.39,74.72,03/05/2025,14:30:36,Cash,71.16,0.18,12.93,6.1
THIRD-302465,P,Coventry,Member,Male,Bakery,4.28,8,1.65,36.34,07/10/2025,18:15:46,Credit Card,34.61,0.11,3.85,7.5
THIRD-302466,P,Coventry,Member,Female,Fresh Produce,7.49,6,2.16,47.63,28/05/2025,14:06:03,Debit Card,45.36,0.08,3.67,6.5
THIRD-302467,M,Nottingham,Member,Male,Snacks,5.62,6,1.62,35.72,06/02/2025,08:35:13,Credit Card,34.02,0.17,5.84,8.3
THIRD-302468,P,Coventry,Normal,Male,Beverages,14.54,3,2.1,46.24,09/09/2025,17:55:13,Debit Card,44.04,0.13,5.78,5.2
THIRD-302469,N,Leicester,Member,Female,Personal Care,12.52,5,3.01,66.37,08/12/2025,15:15:18,Mobile Wallet,63.21,0.21,13.4,6.4
THIRD-302470,N,Leicester,Member,Male,Health & Wellness,18.25,3,2.63,58.04,31/05/2025,15:27:49,Debit Card,55.28,0.24,13.4,6.1
THIRD-302471,N,Leicester,Member,Female,Health & Wellness,34.53,5,8.3,183.02,06/09/2025,13:44:17,Mobile Wallet,174.3,0.24,42.23,7.7
THIRD-302472,M,Nottingham,Normal,Female,Health & Wellness,10.15,8,3.9,86.08,27/10/2025,17:30:21,Mobile Wallet,81.98,0.24,19.86,4.9
THIRD-302473,N,Leicester,Member,Male,Fresh Produce,7.35,3,1.06,23.38,05/03/2025,10:34:36,Debit Card,22.27,0.08,1.8,7.1
THIRD-302474,N,Leicester,Normal,Female,Fresh Produce,5.66,3,0.82,18.0,24/05/2025,10:06:45,Debit Card,17.14,0.08,1.39,6.0
THIRD-302475,M,Nottingham,Normal,Male,Frozen Foods,17.46,5,4.2,92.56,27/03/2025,18:40:01,Mobile Wallet,88.15,0.1,8.9,5.6
THIRD-302476,N,Leicester,Normal,Male,Dairy & Eggs,5.25,7,1.77,38.98,03/08/2025,14:06:55,Mobile Wallet,37.12,0.07,2.62,6.0
THIRD-302477,P,Coventry,Normal,Male,Household,15.71,2,1.51,33.32,11/11/2025,14:28:38,Debit Card,31.73,0.19,6.08,7.1
THIRD-302478,P,Coventry,Normal,Female,Bakery,11.38,1,0.55,12.06,20/12/2025,21:17:30,Credit Card,11.49,0.11,1.27,6.7
THIRD-302479,P,Coventry,Normal,Male,Beverages,8.36,10,4.02,88.64,01/09/2025,12:02:08,Debit Card,84.42,0.13,11.08,5.0
THIRD-302480,P,Coventry,Normal,Female,Baby Products,43.04,1,2.07,45.62,29/10/2025,21:37:29,Credit Card,43.45,0.18,7.9,8.4
THIRD-302481,M,Nottingham,Normal,Male,Beverages,13.82,8,5.32,117.22,18/08/2025,10:16:21,Cash,111.64,0.13,14.65,6.1
THIRD-302482,N,Leicester,Member,Male,Personal Care,9.31,8,3.58,78.94,26/01/2025,15:47:09,Debit Card,75.18,0.21,15.94,6.9
THIRD-302483,N,Leicester,Member,Male,Beverages,6.71,5,1.61,35.55,18/06/2025,13:23:21,Cash,33.86,0.13,4.44,6.8
THIRD-302484,P,Coventry,Normal,Female,Dairy & Eggs,2.65,6,0.77,16.87,05/10/2025,10:56:18,Credit Card,16.07,0.07,1.13,8.2
THIRD-302485,N,Leicester,Normal,Female,Baby Products,17.37,4,3.34,73.65,10/10/2025,14:15:25,Credit Card,70.14,0.18,12.74,4.5
THIRD-302486,N,Leicester,Normal,Male,Health & Wellness,23.48,4,4.52,99.58,31/05/2025,16:08:15,Cash,94.84,0.24,22.98,6.8
THIRD-302487,P,Coventry,Member,Female,Snacks,5.36,3,0.77,17.03,11/10/2025,21:42:50,Debit Card,16.22,0.17,2.79,7.7
THIRD-302488,N,Leicester,Member,Female,Household,9.2,6,2.66,58.55,07/05/2025,10:37:58,Debit Card,55.76,0.19,10.7,7.8
THIRD-302489,N,Leicester,Normal,Female,Personal Care,28.92,1,1.39,30.66,05/11/2025,16:59:57,Debit Card,29.2,0.21,6.19,6.8
THIRD-302490,N,Leicester,Normal,Female,Snacks,2.11,7,0.71,15.67,27/04/2025,17:16:22,Credit Card,14.92,0.17,2.57,7.9
THIRD-302491,M,Nottingham,Normal,Male,Health & Wellness,4.24,8,1.63,35.98,03/01/2025,15:36:03,Cash,34.27,0.24,8.3,6.6
THIRD-302492,N,Leicester,Normal,Female,Personal Care,7.19,1,0.35,7.62,13/04/2025,12:09:38,Debit Card,7.26,0.21,1.54,6.4
THIRD-302493,N,Leicester,Member,Male,Beverages,2.54,2,0.24,5.38,27/03/2025,13:11:45,Debit Card,5.12,0.13,0.67,6.7
THIRD-302494,N,Leicester,Member,Female,Beverages,4.42,4,0.85,18.74,16/05/2025,12:39:58,Cash,17.85,0.13,2.34,6.7
THIRD-302495,N,Leicester,Member,Male,Frozen Foods,5.56,6,1.61,35.4,28/03/2025,20:34:00,Debit Card,33.71,0.1,3.4,6.3
THIRD-302496,M,Nottingham,Member,Male,Fresh Produce,3.76,5,0.91,19.96,30/07/2025,14:50:55,Mobile Wallet,19.01,0.08,1.54,8.7
THIRD-302497,N,Leicester,Normal,Male,Bakery,1.85,2,0.18,3.93,28/11/2025,18:06:37,Mobile Wallet,3.74,0.11,0.41,6.1
THIRD-302498,M,Nottingham,Member,Female,Dairy & Eggs,5.7,10,2.74,60.42,09/04/2025,14:13:29,Credit Card,57.54,0.07,4.07,7.3
THIRD-302499,M,Nottingham,Normal,Female,Baby Products,17.65,9,7.64,168.39,24/02/2025,12:44:15,Credit Card,160.37,0.18,29.14,5.9
THIRD-302500,N,Leicester,Normal,Male,Snacks,5.19,7,1.75,38.51,26/02/2025,12:41:24,Debit Card,36.68,0.17,6.3,4.1
THIRD-302501,M,Nottingham,Member,Male,Dairy & Eggs,3.84,5,0.92,20.34,11/09/2025,17:51:05,Cash,19.37,0.07,1.37,7.1
THIRD-302502,N,Leicester,Normal,Male,Personal Care,17.54,9,7.59,167.39,22/09/2025,19:03:32,Debit Card,159.42,0.21,33.79,7.0
THIRD-302503,N,Leicester,Normal,Male,Frozen Foods,17.22,5,4.14,91.29,25/08/2025,14:25:05,Credit Card,86.94,0.1,8.78,6.6
THIRD-302504,P,Coventry,Member,Male,Fresh Produce,3.95,8,1.52,33.52,03/08/2025,18:33:56,Credit Card,31.92,0.08,2.58,7.7
THIRD-302505,M,Nottingham,Member,Male,Bakery,6.2,8,2.38,52.56,28/12/2025,14:16:16,Debit Card,50.06,0.11,5.55,7.9
THIRD-302506,M,Nottingham,Normal,Female,Bakery,5.55,1,0.27,5.89,11/01/2025,13:43:50,Debit Card,5.61,0.11,0.63,6.1
THIRD-302507,P,Coventry,Member,Female,Snacks,2.19,2,0.21,4.65,04/01/2025,17:00:46,Cash,4.43,0.17,0.76,6.6
THIRD-302508,P,Coventry,Member,Male,Health & Wellness,34.42,3,4.96,109.47,09/01/2025,12:15:14,Debit Card,104.26,0.24,25.26,6.5
THIRD-302509,P,Coventry,Normal,Female,Health & Wellness,23.61,3,3.4,75.08,21/07/2025,12:54:34,Mobile Wallet,71.5,0.24,17.32,8.0
THIRD-302510,M,Nottingham,Member,Female,Baby Products,26.72,1,1.28,28.32,16/02/2025,21:37:26,Cash,26.97,0.18,4.9,7.0
THIRD-302511,N,Leicester,Member,Female,Bakery,7.27,10,3.5,77.07,16/04/2025,17:26:39,Credit Card,73.4,0.11,8.15,7.7
THIRD-302512,P,Coventry,Member,Male,Personal Care,12.91,3,1.86,41.04,14/01/2025,16:10:40,Mobile Wallet,39.09,0.21,8.29,8.2
THIRD-302513,P,Coventry,Member,Male,Frozen Foods,5.09,1,0.24,5.39,09/09/2025,12:44:14,Debit Card,5.13,0.1,0.52,5.6
THIRD-302514,N,Leicester,Normal,Female,Beverages,9.96,7,3.35,73.93,11/08/2025,17:49:01,Credit Card,70.41,0.13,9.24,7.0
THIRD-302515,M,Nottingham,Member,Male,Personal Care,28.78,7,9.68,213.54,17/12/2025,21:43:29,Credit Card,203.37,0.21,43.11,6.0
THIRD-302516,N,Leicester,Normal,Female,Fresh Produce,8.58,5,2.06,45.48,19/06/2025,11:50:42,Debit Card,43.31,0.08,3.5,6.2
THIRD-302517,P,Coventry,Normal,Female,Health & Wellness,36.78,9,15.92,350.96,16/09/2025,12:39:47,Mobile Wallet,334.25,0.24,80.98,7.0
THIRD-302518,N,Leicester,Member,Female,Fresh Produce,6.52,4,1.25,27.65,27/09/2025,18:21:57,Credit Card,26.33,0.08,2.13,6.6
THIRD-302519,P,Coventry,Normal,Female,Fresh Produce,9.53,1,0.46,10.1,18/10/2025,19:57:09,Credit Card,9.62,0.08,0.77,7.0
THIRD-302520,P,Coventry,Normal,Female,Frozen Foods,16.0,7,5.38,118.69,14/03/2025,11:25:10,Mobile Wallet,113.04,0.1,11.42,6.2
THIRD-302521,N,Leicester,Member,Female,Snacks,3.13,11,1.66,36.51,14/10/2025,12:40:22,Mobile Wallet,34.77,0.17,5.97,7.3
THIRD-302522,M,Nottingham,Normal,Male,Frozen Foods,4.24,5,1.02,22.49,25/05/2025,14:15:39,Credit Card,21.42,0.1,2.16,5.5
THIRD-302523,N,Leicester,Normal,Male,Dairy & Eggs,1.8,7,0.61,13.36,02/02/2025,18:45:44,Mobile Wallet,12.72,0.07,0.9,6.9
THIRD-302524,P,Coventry,Normal,Male,Beverages,14.86,2,1.43,31.51,31/05/2025,21:11:46,Mobile Wallet,30.01,0.13,3.94,5.4
THIRD-302525,M,Nottingham,Normal,Male,Personal Care,4.89,4,0.94,20.73,26/12/2025,08:05:38,Credit Card,19.74,0.21,4.19,6.8
THIRD-302526,P,Coventry,Member,Male,Personal Care,18.39,9,7.96,175.43,02/11/2025,16:28:52,Credit Card,167.08,0.21,35.43,6.6
THIRD-302527,P,Coventry,Member,Male,Snacks,2.33,8,0.9,19.76,11/02/2025,17:43:47,Debit Card,18.82,0.17,3.23,7.6
THIRD-302528,P,Coventry,Member,Female,Health & Wellness,40.62,2,3.91,86.13,02/10/2025,21:12:17,Cash,82.03,0.24,19.88,7.4
THIRD-302529,N,Leicester,Member,Male,Household,10.67,13,6.67,147.05,13/12/2025,11:10:42,Debit Card,140.05,0.19,26.86,7.4
THIRD-302530,P,Coventry,Normal,Female,Bakery,3.57,4,0.69,15.13,27/11/2025,15:37:28,Debit Card,14.41,0.11,1.6,5.1
THIRD-302531,N,Leicester,Member,Female,Personal Care,15.42,11,8.16,179.85,06/01/2025,20:46:33,Debit Card,171.29,0.21,36.32,6.9
THIRD-302532,M,Nottingham,Normal,Male,Bakery,8.55,2,0.82,18.12,14/09/2025,15:17:26,Debit Card,17.26,0.11,1.92,8.6
THIRD-302533,M,Nottingham,Normal,Female,Baby Products,34.5,3,4.98,109.71,28/03/2025,18:18:56,Debit Card,104.49,0.18,18.98,5.7
THIRD-302534,M,Nottingham,Normal,Female,Snacks,5.35,2,0.51,11.33,02/11/2025,11:39:41,Debit Card,10.79,0.17,1.86,5.7
THIRD-302535,P,Coventry,Member,Female,Dairy & Eggs,2.72,3,0.39,8.66,08/11/2025,16:27:29,Credit Card,8.25,0.07,0.58,7.2
THIRD-302536,P,Coventry,Member,Male,Dairy & Eggs,3.09,2,0.3,6.55,18/10/2025,17:39:32,Debit Card,6.24,0.07,0.45,7.3
THIRD-302537,M,Nottingham,Normal,Male,Dairy & Eggs,7.14,3,1.03,22.72,08/05/2025,19:27:58,Mobile Wallet,21.64,0.07,1.53,7.0
THIRD-302538,N,Leicester,Normal,Male,Personal Care,21.8,1,1.05,23.11,11/05/2025,12:48:18,Cash,22.01,0.21,4.66,6.3
THIRD-302539,M,Nottingham,Normal,Female,Baby Products,15.42,3,2.22,49.05,07/02/2025,13:10:04,Credit Card,46.71,0.18,8.49,5.8
THIRD-302540,P,Coventry,Member,Male,Frozen Foods,17.43,5,4.19,92.39,04/01/2025,17:06:55,Cash,87.99,0.1,8.88,5.4
THIRD-302541,P,Coventry,Normal,Male,Fresh Produce,5.28,5,1.27,28.0,30/11/2025,12:48:48,Cash,26.67,0.08,2.15,5.3
THIRD-302542,P,Coventry,Member,Male,Household,25.76,4,4.95,109.23,25/10/2025,19:27:59,Debit Card,104.03,0.19,19.96,4.8
THIRD-302543,M,Nottingham,Normal,Male,Household,24.02,1,1.16,25.47,28/06/2025,20:10:07,Debit Card,24.26,0.19,4.65,8.5
THIRD-302544,P,Coventry,Member,Female,Fresh Produce,2.0,5,0.48,10.58,20/10/2025,12:33:18,Credit Card,10.08,0.08,0.82,7.2
THIRD-302545,P,Coventry,Member,Female,Frozen Foods,5.42,1,0.26,5.74,02/12/2025,17:51:50,Mobile Wallet,5.47,0.1,0.55,6.6
THIRD-302546,M,Nottingham,Member,Male,Bakery,9.72,4,1.87,41.23,09/04/2025,18:53:28,Debit Card,39.27,0.11,4.36,8.9
THIRD-302547,N,Leicester,Member,Female,Dairy & Eggs,6.76,3,0.98,21.5,16/09/2025,18:45:39,Credit Card,20.48,0.07,1.45,5.2
THIRD-302548,N,Leicester,Normal,Male,Personal Care,14.94,1,0.72,15.84,24/02/2025,17:07:30,Credit Card,15.09,0.21,3.2,6.3
THIRD-302549,M,Nottingham,Member,Female,Fresh Produce,6.88,1,0.33,7.3,17/12/2025,18:51:13,Mobile Wallet,6.95,0.08,0.56,6.6
THIRD-302550,P,Coventry,Normal,Female,Personal Care,14.37,9,6.22,137.13,07/01/2025,17:23:50,Credit Card,130.6,0.21,27.69,5.3
THIRD-302551,P,Coventry,Member,Male,Fresh Produce,8.62,2,0.83,18.28,23/04/2025,13:12:00,Debit Card,17.41,0.08,1.41,7.6
THIRD-302552,M,Nottingham,Member,Male,Personal Care,11.81,1,0.57,12.53,02/02/2025,15:10:46,Credit Card,11.93,0.21,2.53,6.4
THIRD-302553,P,Coventry,Normal,Female,Baby Products,28.57,3,4.12,90.86,14/11/2025,19:03:32,Debit Card,86.53,0.18,15.72,4.1
THIRD-302554,M,Nottingham,Member,Female,Dairy & Eggs,5.2,3,0.75,16.54,23/01/2025,14:18:38,Cash,15.75,0.07,1.11,7.1
THIRD-302555,M,Nottingham,Member,Male,Snacks,2.8,2,0.27,5.93,01/12/2025,17:45:14,Cash,5.65,0.17,0.96,8.5
THIRD-302556,P,Coventry,Member,Female,Beverages,3.71,7,1.25,27.55,29/07/2025,18:20:46,Mobile Wallet,26.24,0.13,3.44,6.4
THIRD-302557,N,Leicester,Member,Male,Personal Care,10.75,5,2.59,57.0,08/08/2025,11:39:35,Cash,54.28,0.21,11.51,6.9
THIRD-302558,M,Nottingham,Member,Male,Snacks,4.9,1,0.24,5.2,23/07/2025,12:20:07,Mobile Wallet,4.95,0.17,0.85,5.5
THIRD-302559,N,Leicester,Member,Male,Snacks,2.26,9,0.98,21.54,04/12/2025,15:29:54,Debit Card,20.51,0.17,3.52,8.7
THIRD-302560,M,Nottingham,Member,Female,Baby Products,23.51,9,10.17,224.34,07/07/2025,11:06:47,Cash,213.66,0.18,38.83,7.1
THIRD-302561,M,Nottingham,Normal,Male,Personal Care,18.58,2,1.79,39.41,22/07/2025,20:26:31,Cash,37.53,0.21,7.96,6.0
THIRD-302562,P,Coventry,Member,Male,Household,11.55,4,2.22,48.99,10/12/2025,14:49:46,Credit Card,46.66,0.19,8.95,7.3
THIRD-302563,M,Nottingham,Member,Male,Frozen Foods,13.7,7,4.61,101.64,17/07/2025,18:29:52,Debit Card,96.8,0.1,9.77,6.2
THIRD-302564,P,Coventry,Normal,Male,Baby Products,22.67,3,3.27,72.1,16/06/2025,19:03:21,Credit Card,68.67,0.18,12.48,8.2
THIRD-302565,P,Coventry,Member,Female,Dairy & Eggs,4.25,6,1.23,27.06,09/02/2025,12:22:02,Debit Card,25.77,0.07,1.82,6.2
THIRD-302566,M,Nottingham,Normal,Female,Personal Care,25.14,4,4.83,106.59,29/08/2025,19:19:25,Cash,101.51,0.21,21.52,4.7
THIRD-302567,P,Coventry,Normal,Male,Baby Products,17.34,1,0.83,18.38,02/07/2025,20:49:36,Mobile Wallet,17.5,0.18,3.18,6.3
THIRD-302568,M,Nottingham,Member,Female,Beverages,4.1,4,0.79,17.38,11/07/2025,10:58:58,Debit Card,16.55,0.13,2.17,5.3
THIRD-302569,P,Coventry,Normal,Female,Fresh Produce,10.63,1,0.51,11.27,20/01/2025,12:50:44,Credit Card,10.73,0.08,0.87,6.3
THIRD-302570,M,Nottingham,Normal,Male,Beverages,4.64,8,1.78,39.33,24/09/2025,11:50:08,Cash,37.46,0.13,4.92,7.5
THIRD-302571,M,Nottingham,Normal,Female,Frozen Foods,3.07,8,1.18,26.02,07/02/2025,10:53:21,Cash,24.78,0.1,2.5,8.2
THIRD-302572,P,Coventry,Normal,Male,Personal Care,28.57,1,1.37,30.28,08/12/2025,16:59:10,Cash,28.84,0.21,6.12,6.4
THIRD-302573,P,Coventry,Member,Female,Baby Products,41.14,3,5.93,130.84,20/02/2025,13:58:42,Cash,124.61,0.18,22.64,5.4
THIRD-302574,M,Nottingham,Normal,Male,Bakery,5.76,11,3.05,67.19,12/02/2025,19:26:19,Mobile Wallet,63.99,0.11,7.1,5.2
THIRD-302575,N,Leicester,Member,Female,Beverages,11.48,6,3.31,73.03,17/03/2025,17:30:27,Mobile Wallet,69.55,0.13,9.13,6.0
THIRD-302576,N,Leicester,Member,Female,Dairy & Eggs,6.29,7,2.12,46.69,23/10/2025,17:00:27,Credit Card,44.47,0.07,3.14,5.6
THIRD-302577,M,Nottingham,Member,Male,Personal Care,22.27,9,9.63,212.44,05/08/2025,20:14:36,Debit Card,202.32,0.21,42.89,6.5
THIRD-302578,N,Leicester,Member,Male,Dairy & Eggs,3.14,3,0.45,9.99,01/04/2025,15:19:48,Debit Card,9.51,0.07,0.67,6.7
THIRD-302579,N,Leicester,Normal,Male,Baby Products,25.13,1,1.21,26.64,08/07/2025,20:35:12,Credit Card,25.37,0.18,4.61,6.3
THIRD-302580,P,Coventry,Normal,Male,Dairy & Eggs,5.54,2,0.53,11.75,30/03/2025,14:55:54,Debit Card,11.19,0.07,0.8,7.9
THIRD-302581,P,Coventry,Normal,Male,Bakery,5.98,7,2.01,44.37,26/10/2025,19:49:40,Credit Card,42.26,0.11,4.7,7.2
THIRD-302582,M,Nottingham,Member,Male,Frozen Foods,5.06,13,3.17,69.8,26/06/2025,10:58:52,Mobile Wallet,66.48,0.1,6.71,6.3
THIRD-302583,P,Coventry,Normal,Female,Household,8.55,6,2.47,54.38,14/03/2025,19:56:04,Mobile Wallet,51.79,0.19,9.93,7.7
THIRD-302584,P,Coventry,Normal,Female,Snacks,4.05,9,1.75,38.6,05/08/2025,13:31:52,Cash,36.76,0.17,6.31,7.7
THIRD-302585,P,Coventry,Normal,Female,Frozen Foods,4.13,5,0.99,21.88,15/12/2025,20:28:28,Mobile Wallet,20.84,0.1,2.11,7.7
THIRD-302586,M,Nottingham,Member,Female,Dairy & Eggs,6.61,6,1.91,42.07,11/04/2025,13:12:11,Credit Card,40.07,0.07,2.83,5.9
THIRD-302587,N,Leicester,Normal,Male,Beverages,9.59,9,4.15,91.49,28/08/2025,11:58:38,Debit Card,87.13,0.13,11.44,5.6
THIRD-302588,N,Leicester,Member,Male,Personal Care,19.43,4,3.74,82.38,10/03/2025,13:39:10,Credit Card,78.46,0.21,16.63,5.4
THIRD-302589,P,Coventry,Normal,Female,Personal Care,29.97,1,1.44,31.77,27/12/2025,16:16:37,Debit Card,30.26,0.21,6.41,4.0
THIRD-302590,P,Coventry,Member,Female,Snacks,3.91,8,1.5,33.16,03/02/2025,17:21:56,Credit Card,31.58,0.17,5.42,4.2
THIRD-302591,M,Nottingham,Member,Female,Health & Wellness,26.95,1,1.3,28.57,04/09/2025,10:08:16,Cash,27.21,0.24,6.59,7.8
THIRD-302592,M,Nottingham,Normal,Male,Snacks,4.4,9,1.9,41.97,30/09/2025,16:32:13,Cash,39.97,0.17,6.86,7.4
THIRD-302593,P,Coventry,Normal,Male,Dairy & Eggs,6.51,9,2.82,62.12,23/08/2025,12:52:05,Credit Card,59.16,0.07,4.18,6.4
THIRD-302594,N,Leicester,Normal,Male,Personal Care,23.63,2,2.27,50.1,24/04/2025,14:54:15,Mobile Wallet,47.71,0.21,10.11,6.1
THIRD-302595,N,Leicester,Normal,Female,Snacks,3.03,1,0.15,3.21,11/02/2025,09:01:54,Debit Card,3.06,0.17,0.52,4.1
THIRD-302596,N,Leicester,Normal,Female,Health & Wellness,35.6,5,8.56,188.7,15/02/2025,13:24:49,Credit Card,179.71,0.24,43.54,7.8
THIRD-302597,N,Leicester,Member,Female,Health & Wellness,32.93,7,11.08,244.34,29/10/2025,17:36:02,Credit Card,232.7,0.24,56.38,6.3
THIRD-302598,M,Nottingham,Normal,Male,Household,13.82,7,4.65,102.56,20/08/2025,14:02:33,Debit Card,97.68,0.19,18.74,5.2
THIRD-302599,M,Nottingham,Member,Female,Frozen Foods,11.37,11,6.01,132.55,08/01/2025,17:34:32,Mobile Wallet,126.24,0.1,12.74,7.4
THIRD-302600,N,Leicester,Member,Female,Frozen Foods,16.15,7,5.44,119.86,15/11/2025,19:26:16,Debit Card,114.15,0.1,11.52,6.6
THIRD-302601,P,Coventry,Member,Female,Beverages,6.56,1,0.32,6.96,08/01/2025,17:07:47,Cash,6.63,0.13,0.87,8.0
THIRD-302602,P,Coventry,Normal,Male,Fresh Produce,4.54,4,0.87,19.27,02/11/2025,12:39:58,Debit Card,18.35,0.08,1.48,6.3
THIRD-302603,N,Leicester,Normal,Male,Health & Wellness,15.22,2,1.46,32.26,07/08/2025,17:06:34,Debit Card,30.72,0.24,7.44,5.6
THIRD-302604,M,Nottingham,Normal,Female,Personal Care,13.98,4,2.69,59.27,11/12/2025,15:19:35,Credit Card,56.45,0.21,11.97,4.9
THIRD-302605,N,Leicester,Normal,Male,Bakery,2.2,3,0.32,7.01,07/03/2025,11:10:47,Mobile Wallet,6.68,0.11,0.74,4.9
THIRD-302606,M,Nottingham,Normal,Male,Baby Products,30.22,4,5.81,128.15,24/12/2025,15:30:49,Mobile Wallet,122.05,0.18,22.18,5.7
THIRD-302607,M,Nottingham,Member,Female,Household,14.18,10,6.82,150.28,07/01/2025,09:37:34,Mobile Wallet,143.12,0.19,27.45,7.4
THIRD-302608,P,Coventry,Normal,Male,Beverages,3.37,2,0.32,7.14,05/09/2025,13:42:24,Cash,6.8,0.13,0.89,7.3
THIRD-302609,M,Nottingham,Member,Female,Frozen Foods,17.25,5,4.15,91.46,15/06/2025,15:59:39,Mobile Wallet,87.1,0.1,8.79,7.6
THIRD-302610,N,Leicester,Normal,Female,Health & Wellness,16.64,3,2.4,52.92,08/12/2025,14:02:26,Mobile Wallet,50.4,0.24,12.21,5.0
THIRD-302611,M,Nottingham,Member,Female,Personal Care,22.88,4,4.4,97.02,09/04/2025,16:16:10,Debit Card,92.4,0.21,19.59,6.6
THIRD-302612,M,Nottingham,Member,Male,Dairy & Eggs,4.25,3,0.61,13.52,04/12/2025,15:31:01,Debit Card,12.88,0.07,0.91,7.7
THIRD-302613,M,Nottingham,Normal,Female,Beverages,1.35,3,0.2,4.3,14/06/2025,14:54:23,Credit Card,4.1,0.13,0.54,7.0
THIRD-302614,N,Leicester,Normal,Male,Frozen Foods,2.6,4,0.5,11.02,18/06/2025,16:10:26,Credit Card,10.5,0.1,1.06,5.1
THIRD-302615,N,Leicester,Normal,Female,Bakery,6.19,8,2.38,52.48,15/08/2025,17:39:23,Cash,49.98,0.11,5.55,6.4
THIRD-302616,M,Nottingham,Member,Male,Health & Wellness,13.51,2,1.3,28.64,22/10/2025,10:03:02,Credit Card,27.28,0.24,6.61,7.0
THIRD-302617,P,Coventry,Member,Female,Personal Care,18.67,3,2.69,59.37,04/06/2025,12:42:54,Mobile Wallet,56.54,0.21,11.99,6.4
THIRD-302618,M,Nottingham,Normal,Male,Personal Care,23.44,9,10.14,223.65,20/03/2025,19:35:18,Debit Card,213.0,0.21,45.16,6.5
THIRD-302619,N,Leicester,Member,Male,Personal Care,23.96,2,2.3,50.8,28/07/2025,20:40:03,Debit Card,48.38,0.21,10.26,7.1
THIRD-302620,P,Coventry,Member,Female,Household,4.37,5,1.05,23.15,27/09/2025,11:36:16,Debit Card,22.05,0.19,4.23,8.1
THIRD-302621,P,Coventry,Member,Male,Household,16.47,6,4.75,104.78,13/08/2025,17:22:22,Mobile Wallet,99.79,0.19,19.14,6.3
THIRD-302622,M,Nottingham,Member,Female,Snacks,3.22,3,0.47,10.26,24/01/2025,19:41:36,Debit Card,9.76,0.17,1.67,6.5
THIRD-302623,N,Leicester,Normal,Male,Household,20.72,11,10.96,241.58,15/11/2025,16:10:41,Credit Card,230.08,0.19,44.13,7.2
THIRD-302624,N,Leicester,Member,Female,Snacks,5.23,8,2.01,44.36,24/03/2025,21:08:10,Mobile Wallet,42.25,0.17,7.25,7.2
THIRD-302625,P,Coventry,Normal,Male,Baby Products,8.21,1,0.39,8.69,09/06/2025,14:12:14,Cash,8.28,0.18,1.51,5.0
THIRD-302626,N,Leicester,Member,Male,Bakery,2.54,9,1.1,24.21,12/04/2025,09:34:40,Credit Card,23.06,0.11,2.57,8.7
THIRD-302627,N,Leicester,Normal,Male,Baby Products,19.23,4,3.7,81.54,02/02/2025,08:37:57,Debit Card,77.66,0.18,14.11,5.1
THIRD-302628,M,Nottingham,Normal,Female,Snacks,3.46,6,1.0,22.03,03/09/2025,13:43:29,Debit Card,20.98,0.17,3.6,6.5
THIRD-302629,M,Nottingham,Member,Male,Frozen Foods,10.72,2,1.03,22.73,14/08/2025,17:30:13,Mobile Wallet,21.65,0.1,2.18,6.8
THIRD-302630,N,Leicester,Normal,Female,Bakery,6.98,7,2.35,51.79,17/09/2025,17:30:40,Debit Card,49.32,0.11,5.48,7.3
THIRD-302631,N,Leicester,Normal,Male,Personal Care,6.74,6,1.94,42.86,17/08/2025,15:16:41,Credit Card,40.82,0.21,8.65,5.6
THIRD-302632,N,Leicester,Member,Male,Bakery,6.99,2,0.67,14.82,04/06/2025,19:13:09,Credit Card,14.11,0.11,1.57,6.2
THIRD-302633,P,Coventry,Member,Male,Fresh Produce,2.59,10,1.25,27.46,16/01/2025,11:10:08,Cash,26.14,0.08,2.11,6.8
THIRD-302634,M,Nottingham,Normal,Female,Health & Wellness,9.72,13,6.08,134.01,20/04/2025,11:17:39,Credit Card,127.63,0.24,30.92,7.4
THIRD-302635,P,Coventry,Normal,Male,Baby Products,6.73,4,1.29,28.53,01/05/2025,12:09:25,Credit Card,27.17,0.18,4.94,7.2
THIRD-302636,P,Coventry,Member,Male,Frozen Foods,9.82,8,3.78,83.26,19/12/2025,18:59:38,Credit Card,79.3,0.1,8.0,8.7
THIRD-302637,M,Nottingham,Normal,Female,Frozen Foods,6.44,7,2.17,47.78,29/11/2025,17:09:21,Mobile Wallet,45.5,0.1,4.59,8.3
THIRD-302638,M,Nottingham,Normal,Male,Dairy & Eggs,5.34,5,1.28,28.28,29/05/2025,17:33:48,Cash,26.93,0.07,1.91,5.5
THIRD-302639,N,Leicester,Normal,Male,Fresh Produce,7.73,1,0.37,8.19,09/05/2025,16:18:48,Credit Card,7.8,0.08,0.63,6.2
THIRD-302640,N,Leicester,Member,Male,Health & Wellness,13.78,1,0.66,14.61,12/07/2025,14:56:23,Mobile Wallet,13.91,0.24,3.37,8.5
THIRD-302641,P,Coventry,Normal,Male,Personal Care,25.58,8,9.84,216.97,14/05/2025,10:41:12,Mobile Wallet,206.64,0.21,43.81,8.4
THIRD-302642,M,Nottingham,Normal,Male,Beverages,7.25,1,0.35,7.69,27/10/2025,15:53:01,Credit Card,7.32,0.13,0.96,6.9
THIRD-302643,M,Nottingham,Member,Male,Snacks,5.39,6,1.55,34.26,04/01/2025,10:22:39,Debit Card,32.63,0.17,5.6,7.0
THIRD-302644,P,Coventry,Normal,Male,Household,19.8,2,1.9,41.98,22/12/2025,16:43:54,Cash,39.98,0.19,7.67,7.5
THIRD-302645,N,Leicester,Normal,Female,Beverages,7.11,6,2.05,45.24,25/01/2025,13:42:15,Mobile Wallet,43.09,0.13,5.66,7.0
THIRD-302646,P,Coventry,Member,Female,Personal Care,26.88,1,1.29,28.5,07/12/2025,19:56:32,Credit Card,27.14,0.21,5.76,5.8
THIRD-302647,P,Coventry,Member,Male,Frozen Foods,15.69,4,3.02,66.55,17/04/2025,21:48:30,Credit Card,63.38,0.1,6.4,7.1
THIRD-302648,N,Leicester,Member,Female,Household,5.84,10,2.81,61.96,03/02/2025,12:51:05,Mobile Wallet,59.01,0.19,11.32,7.6
THIRD-302649,N,Leicester,Member,Male,Personal Care,16.72,9,7.24,159.56,15/04/2025,18:25:36,Debit Card,151.96,0.21,32.21,5.2
THIRD-302650,M,Nottingham,Member,Male,Health & Wellness,41.05,2,3.95,87.03,19/08/2025,12:26:21,Credit Card,82.89,0.24,20.09,6.8
THIRD-302651,N,Leicester,Member,Male,Frozen Foods,12.73,10,6.12,134.95,07/09/2025,18:38:10,Mobile Wallet,128.52,0.1,12.97,6.3
THIRD-302652,M,Nottingham,Normal,Female,Household,12.77,1,0.61,13.53,30/11/2025,11:10:34,Debit Card,12.89,0.19,2.47,7.9
THIRD-302653,M,Nottingham,Member,Male,Baby Products,11.72,5,2.82,62.13,23/04/2025,11:36:00,Credit Card,59.17,0.18,10.75,6.0
THIRD-302654,M,Nottingham,Member,Female,Baby Products,35.66,3,5.14,113.41,14/04/2025,12:11:08,Credit Card,108.01,0.18,19.63,8.0
THIRD-302655,P,Coventry,Member,Female,Frozen Foods,10.95,4,2.11,46.44,30/04/2025,21:42:37,Debit Card,44.23,0.1,4.46,6.6
THIRD-302656,P,Coventry,Normal,Male,Snacks,6.07,1,0.29,6.44,23/05/2025,16:06:43,Mobile Wallet,6.13,0.17,1.05,9.2
THIRD-302657,M,Nottingham,Normal,Female,Fresh Produce,11.19,9,4.84,106.76,18/06/2025,21:28:52,Mobile Wallet,101.68,0.08,8.22,7.2
THIRD-302658,P,Coventry,Normal,Male,Bakery,2.59,2,0.25,5.49,25/07/2025,18:53:05,Mobile Wallet,5.23,0.11,0.58,6.9
THIRD-302659,N,Leicester,Member,Male,Frozen Foods,17.84,9,7.72,170.17,31/08/2025,12:52:25,Mobile Wallet,162.07,0.1,16.37,7.5
THIRD-302660,N,Leicester,Normal,Female,Fresh Produce,11.94,5,2.87,63.28,30/12/2025,18:24:51,Debit Card,60.27,0.08,4.87,7.4
THIRD-302661,P,Coventry,Normal,Male,Household,10.14,1,0.49,10.75,20/10/2025,20:18:55,Cash,10.24,0.19,1.96,7.7
THIRD-302662,P,Coventry,Member,Female,Snacks,6.8,2,0.65,14.42,13/08/2025,14:17:18,Debit Card,13.73,0.17,2.35,6.7
THIRD-302663,N,Leicester,Member,Female,Dairy & Eggs,4.42,5,1.06,23.43,16/12/2025,17:44:00,Mobile Wallet,22.31,0.07,1.58,7.6
THIRD-302664,P,Coventry,Normal,Male,Bakery,9.01,7,3.03,66.83,02/07/2025,17:47:16,Cash,63.65,0.11,7.07,7.8
THIRD-302665,N,Leicester,Member,Female,Baby Products,7.16,3,1.03,22.75,16/07/2025,16:29:07,Credit Card,21.67,0.18,3.94,8.3
THIRD-302666,P,Coventry,Member,Female,Frozen Foods,14.02,2,1.35,29.73,23/01/2025,17:34:06,Debit Card,28.31,0.1,2.86,5.0
THIRD-302667,M,Nottingham,Member,Female,Health & Wellness,8.35,12,4.82,106.24,11/01/2025,17:15:50,Cash,101.18,0.24,24.52,7.7
THIRD-302668,P,Coventry,Member,Female,Dairy & Eggs,8.72,3,1.26,27.72,16/07/2025,09:44:16,Debit Card,26.4,0.07,1.87,7.0
THIRD-302669,P,Coventry,Member,Female,Personal Care,14.94,5,3.59,79.21,28/12/2025,14:21:11,Debit Card,75.44,0.21,16.0,4.5
THIRD-302670,M,Nottingham,Member,Male,Personal Care,18.82,1,0.91,19.96,28/08/2025,19:34:30,Debit Card,19.01,0.21,4.03,6.3
THIRD-302671,P,Coventry,Normal,Female,Fresh Produce,9.37,3,1.35,29.8,13/02/2025,21:33:42,Debit Card,28.38,0.08,2.29,5.8
THIRD-302672,M,Nottingham,Member,Female,Frozen Foods,10.29,5,2.47,54.52,24/06/2025,14:08:55,Mobile Wallet,51.92,0.1,5.25,9.3
THIRD-302673,P,Coventry,Normal,Female,Health & Wellness,35.04,1,1.68,37.14,23/01/2025,09:51:39,Debit Card,35.37,0.24,8.58,7.3
THIRD-302674,P,Coventry,Normal,Male,Fresh Produce,7.59,1,0.36,8.04,25/05/2025,16:53:17,Credit Card,7.66,0.08,0.61,4.0
THIRD-302675,N,Leicester,Member,Female,Health & Wellness,20.38,2,1.96,43.22,26/10/2025,16:17:09,Credit Card,41.16,0.24,9.97,8.1
THIRD-302676,M,Nottingham,Normal,Male,Health & Wellness,20.94,8,8.05,177.54,18/07/2025,18:24:01,Debit Card,169.09,0.24,40.97,6.8
THIRD-302677,M,Nottingham,Normal,Male,Baby Products,36.75,2,3.53,77.92,22/01/2025,14:25:47,Debit Card,74.21,0.18,13.48,6.6
THIRD-302678,N,Leicester,Normal,Male,Beverages,8.3,7,2.79,61.58,22/11/2025,13:29:51,Cash,58.65,0.13,7.7,6.9
THIRD-302679,P,Coventry,Member,Female,Beverages,14.03,5,3.37,74.36,21/08/2025,19:16:33,Cash,70.82,0.13,9.3,8.0
THIRD-302680,P,Coventry,Member,Male,Fresh Produce,2.6,2,0.25,5.51,24/04/2025,11:28:00,Mobile Wallet,5.25,0.08,0.42,7.1
THIRD-302681,M,Nottingham,Normal,Male,Beverages,7.16,2,0.69,15.17,10/04/2025,16:23:34,Cash,14.45,0.13,1.9,7.2
THIRD-302682,P,Coventry,Normal,Male,Beverages,12.43,3,1.79,39.52,30/10/2025,11:42:39,Debit Card,37.64,0.13,4.94,5.2
THIRD-302683,P,Coventry,Member,Female,Fresh Produce,6.01,4,1.16,25.49,07/02/2025,13:03:26,Debit Card,24.28,0.08,1.96,6.2
THIRD-302684,N,Leicester,Normal,Female,Frozen Foods,8.11,7,2.73,60.2,07/01/2025,19:41:12,Credit Card,57.33,0.1,5.79,7.4
THIRD-302685,N,Leicester,Member,Male,Household,13.78,5,3.31,73.04,15/06/2025,11:43:38,Credit Card,69.56,0.19,13.35,7.3
THIRD-302686,M,Nottingham,Member,Male,Fresh Produce,2.78,7,0.93,20.6,19/01/2025,10:58:38,Cash,19.62,0.08,1.59,6.2
THIRD-302687,N,Leicester,Normal,Male,Health & Wellness,28.16,4,5.42,119.43,22/03/2025,18:29:43,Debit Card,113.74,0.24,27.56,5.5
THIRD-302688,N,Leicester,Member,Female,Snacks,3.16,4,0.61,13.41,03/07/2025,09:07:02,Credit Card,12.77,0.17,2.19,5.9
THIRD-302689,M,Nottingham,Member,Male,Bakery,8.63,2,0.83,18.3,16/03/2025,12:58:23,Credit Card,17.43,0.11,1.94,7.3
THIRD-302690,N,Leicester,Normal,Male,Dairy & Eggs,3.72,3,0.54,11.84,19/02/2025,12:03:55,Debit Card,11.28,0.07,0.8,6.9
THIRD-302691,M,Nottingham,Member,Male,Health & Wellness,30.89,9,13.37,294.7,31/07/2025,13:23:01,Mobile Wallet,280.67,0.24,68.0,6.3
THIRD-302692,P,Coventry,Normal,Male,Dairy & Eggs,4.73,7,1.59,35.11,24/02/2025,18:04:33,Mobile Wallet,33.44,0.07,2.36,7.1
THIRD-302693,P,Coventry,Normal,Male,Snacks,5.64,2,0.54,11.95,16/03/2025,17:59:46,Debit Card,11.38,0.17,1.95,5.7
THIRD-302694,N,Leicester,Normal,Female,Beverages,13.71,2,1.32,29.06,08/11/2025,12:03:53,Debit Card,27.68,0.13,3.64,6.5
THIRD-302695,P,Coventry,Normal,Male,Personal Care,7.65,4,1.47,32.46,14/01/2025,10:13:23,Credit Card,30.91,0.21,6.55,5.0
THIRD-302696,P,Coventry,Member,Female,Baby Products,48.01,5,11.54,254.46,19/07/2025,11:30:13,Cash,242.34,0.18,44.03,5.1
THIRD-302697,N,Leicester,Normal,Male,Health & Wellness,7.46,7,2.51,55.34,26/06/2025,10:32:38,Cash,52.7,0.24,12.77,8.5
THIRD-302698,M,Nottingham,Member,Male,Health & Wellness,29.84,6,8.61,189.79,08/01/2025,11:46:59,Debit Card,180.75,0.24,43.79,6.3
THIRD-302699,M,Nottingham,Member,Male,Baby Products,30.69,13,19.18,422.95,01/06/2025,12:50:16,Mobile Wallet,402.81,0.18,73.19,7.5
THIRD-302700,N,Leicester,Member,Female,Snacks,2.0,3,0.29,6.35,17/05/2025,16:52:25,Cash,6.05,0.17,1.04,7.6
THIRD-302701,M,Nottingham,Normal,Female,Bakery,3.66,5,0.88,19.4,15/02/2025,19:04:48,Mobile Wallet,18.48,0.11,2.06,7.0
THIRD-302702,P,Coventry,Member,Male,Household,22.54,3,3.25,71.67,11/07/2025,17:45:06,Mobile Wallet,68.26,0.19,13.09,4.9
THIRD-302703,N,Leicester,Normal,Male,Bakery,5.95,1,0.29,6.31,06/04/2025,11:36:30,Mobile Wallet,6.01,0.11,0.67,7.2
THIRD-302704,M,Nottingham,Member,Male,Frozen Foods,16.8,7,5.65,124.64,15/05/2025,13:46:41,Debit Card,118.7,0.1,11.98,6.8
THIRD-302705,M,Nottingham,Member,Male,Health & Wellness,9.33,1,0.45,9.89,08/02/2025,14:35:11,Mobile Wallet,9.42,0.24,2.28,7.1
THIRD-302706,N,Leicester,Member,Female,Bakery,2.49,5,0.6,13.18,20/02/2025,18:35:11,Cash,12.55,0.11,1.39,5.1
THIRD-302707,P,Coventry,Member,Male,Snacks,1.18,12,0.68,14.95,18/06/2025,15:26:02,Mobile Wallet,14.24,0.17,2.45,7.6
THIRD-302708,N,Leicester,Normal,Male,Baby Products,8.07,5,1.94,42.78,24/06/2025,16:24:24,Debit Card,40.74,0.18,7.4,5.1
THIRD-302709,P,Coventry,Normal,Male,Fresh Produce,12.36,4,2.38,52.4,09/12/2025,15:57:04,Debit Card,49.9,0.08,4.03,8.0
THIRD-302710,M,Nottingham,Normal,Male,Health & Wellness,29.82,2,2.87,63.22,26/09/2025,11:11:46,Debit Card,60.21,0.24,14.59,5.5
THIRD-302711,N,Leicester,Member,Female,Baby Products,18.69,3,2.7,59.44,13/01/2025,19:41:23,Credit Card,56.61,0.18,10.28,6.2
THIRD-302712,P,Coventry,Normal,Male,Personal Care,26.22,7,8.82,194.55,13/12/2025,11:39:34,Debit Card,185.29,0.21,39.28,7.0
THIRD-302713,P,Coventry,Member,Male,Frozen Foods,17.45,8,6.71,148.0,20/11/2025,14:02:56,Debit Card,140.95,0.1,14.23,5.1
THIRD-302714,P,Coventry,Normal,Male,Snacks,4.7,13,2.94,64.79,25/09/2025,12:04:02,Debit Card,61.7,0.17,10.59,4.4
THIRD-302715,P,Coventry,Member,Male,Baby Products,17.98,1,0.86,19.06,22/03/2025,11:29:59,Debit Card,18.15,0.18,3.3,8.4
THIRD-302716,N,Leicester,Member,Female,Personal Care,11.74,3,1.69,37.34,13/11/2025,10:22:04,Debit Card,35.56,0.21,7.54,8.9
THIRD-302717,P,Coventry,Member,Female,Personal Care,13.23,2,1.27,28.05,20/04/2025,21:08:27,Debit Card,26.71,0.21,5.66,8.2
THIRD-302718,P,Coventry,Member,Male,Baby Products,15.98,11,8.45,186.4,18/02/2025,14:16:09,Debit Card,177.52,0.18,32.26,4.8
THIRD-302719,N,Leicester,Member,Male,Personal Care,8.92,2,0.86,18.92,02/01/2025,13:50:52,Debit Card,18.02,0.21,3.82,5.8
THIRD-302720,N,Leicester,Normal,Male,Frozen Foods,7.82,4,1.5,33.16,27/05/2025,18:30:05,Mobile Wallet,31.58,0.1,3.19,7.4
THIRD-302721,P,Coventry,Normal,Male,Baby Products,7.69,2,0.74,16.3,23/10/2025,14:47:44,Credit Card,15.52,0.18,2.82,5.9
THIRD-302722,N,Leicester,Member,Female,Personal Care,20.4,1,0.98,21.63,08/06/2025,13:07:18,Cash,20.6,0.21,4.37,5.4
THIRD-302723,P,Coventry,Normal,Male,Household,4.58,11,2.42,53.36,07/05/2025,17:48:26,Debit Card,50.82,0.19,9.75,5.6
THIRD-302724,M,Nottingham,Normal,Male,Fresh Produce,9.89,6,2.85,62.91,31/10/2025,14:24:09,Cash,59.91,0.08,4.83,5.5
THIRD-302725,M,Nottingham,Normal,Male,Baby Products,16.34,10,7.86,173.21,29/01/2025,16:58:06,Debit Card,164.96,0.18,29.98,5.5
THIRD-302726,M,Nottingham,Member,Female,Dairy & Eggs,2.79,1,0.13,2.95,21/05/2025,11:55:26,Debit Card,2.81,0.07,0.2,8.1
THIRD-302727,M,Nottingham,Member,Female,Bakery,8.67,2,0.83,18.39,11/11/2025,17:00:17,Mobile Wallet,17.51,0.11,1.94,7.7
THIRD-302728,N,Leicester,Member,Male,Health & Wellness,27.42,9,11.87,261.66,18/11/2025,14:42:02,Credit Card,249.2,0.24,60.38,9.3
THIRD-302729,N,Leicester,Normal,Female,Bakery,2.45,5,0.59,13.01,25/06/2025,18:21:09,Cash,12.39,0.11,1.38,6.3
THIRD-302730,M,Nottingham,Member,Female,Snacks,5.1,6,1.47,32.41,19/08/2025,09:19:35,Debit Card,30.87,0.17,5.3,5.3
THIRD-302731,P,Coventry,Normal,Male,Snacks,3.76,4,0.72,15.96,24/07/2025,18:58:38,Credit Card,15.2,0.17,2.61,6.2
THIRD-302732,N,Leicester,Member,Male,Snacks,3.79,6,1.09,24.08,05/11/2025,18:19:45,Debit Card,22.93,0.17,3.93,6.6
THIRD-302733,M,Nottingham,Member,Male,Frozen Foods,14.24,1,0.68,15.09,02/05/2025,10:55:59,Mobile Wallet,14.37,0.1,1.45,9.3
THIRD-302734,P,Coventry,Member,Male,Fresh Produce,10.03,5,2.41,53.14,04/04/2025,11:27:45,Debit Card,50.61,0.08,4.09,6.7
THIRD-302735,N,Leicester,Normal,Male,Baby Products,32.18,6,9.28,204.67,03/03/2025,20:49:04,Debit Card,194.92,0.18,35.43,6.3
THIRD-302736,N,Leicester,Normal,Female,Household,6.65,1,0.32,7.05,12/06/2025,18:43:50,Credit Card,6.71,0.19,1.28,6.5
THIRD-302737,N,Leicester,Normal,Female,Frozen Foods,8.01,4,1.54,33.96,04/06/2025,14:33:40,Cash,32.34,0.1,3.26,5.9
THIRD-302738,N,Leicester,Member,Male,Baby Products,6.23,9,2.7,59.44,26/06/2025,12:09:33,Debit Card,56.61,0.18,10.28,5.3
THIRD-302739,N,Leicester,Normal,Male,Bakery,2.28,7,0.77,16.9,21/02/2025,17:41:57,Debit Card,16.1,0.11,1.79,5.4
THIRD-302740,P,Coventry,Member,Female,Beverages,7.44,1,0.36,7.89,09/04/2025,12:00:54,Debit Card,7.51,0.13,0.99,5.8
THIRD-302741,P,Coventry,Member,Male,Health & Wellness,7.4,1,0.36,7.85,03/01/2025,17:44:32,Credit Card,7.48,0.24,1.81,6.1
THIRD-302742,P,Coventry,Normal,Male,Dairy & Eggs,6.23,1,0.3,6.6,20/01/2025,18:21:03,Mobile Wallet,6.29,0.07,0.45,4.9
THIRD-302743,M,Nottingham,Member,Male,Baby Products,11.19,3,1.61,35.58,26/03/2025,09:11:35,Credit Card,33.89,0.18,6.16,7.4
THIRD-302744,M,Nottingham,Normal,Male,Personal Care,16.05,9,6.94,153.1,02/06/2025,11:43:51,Cash,145.81,0.21,30.91,5.7
THIRD-302745,P,Coventry,Normal,Female,Baby Products,41.85,1,2.01,44.36,16/09/2025,14:25:31,Credit Card,42.25,0.18,7.67,7.4
THIRD-302746,P,Coventry,Normal,Male,Snacks,6.01,7,2.02,44.6,21/07/2025,15:57:38,Debit Card,42.48,0.17,7.29,6.6
THIRD-302747,M,Nottingham,Member,Female,Health & Wellness,18.22,4,3.5,77.26,29/04/2025,17:25:39,Cash,73.58,0.24,17.83,6.1
THIRD-302748,N,Leicester,Normal,Male,Beverages,1.51,1,0.07,1.6,28/08/2025,12:26:31,Debit Card,1.52,0.13,0.2,6.8
THIRD-302749,P,Coventry,Member,Female,Household,18.95,4,3.64,80.35,08/10/2025,18:04:41,Mobile Wallet,76.52,0.19,14.68,6.2
THIRD-302750,P,Coventry,Normal,Female,Bakery,2.74,7,0.92,20.3,03/09/2025,21:23:05,Credit Card,19.33,0.11,2.15,5.5
THIRD-302751,M,Nottingham,Normal,Male,Household,18.74,1,0.9,19.87,04/10/2025,14:57:48,Credit Card,18.92,0.19,3.63,7.5
THIRD-302752,P,Coventry,Normal,Male,Frozen Foods,7.84,10,3.77,83.13,19/01/2025,20:34:52,Credit Card,79.17,0.1,7.99,6.1
THIRD-302753,N,Leicester,Normal,Female,Bakery,1.78,3,0.26,5.66,23/12/2025,21:52:03,Debit Card,5.39,0.11,0.59,6.7
THIRD-302754,M,Nottingham,Normal,Male,Baby Products,22.9,6,6.61,145.67,26/12/2025,13:55:17,Credit Card,138.73,0.18,25.21,6.7
THIRD-302755,P,Coventry,Normal,Female,Personal Care,12.73,9,5.51,121.45,10/04/2025,21:47:36,Credit Card,115.67,0.21,24.52,7.8
THIRD-302756,M,Nottingham,Member,Female,Dairy & Eggs,2.59,2,0.25,5.49,23/09/2025,10:20:48,Debit Card,5.23,0.07,0.37,5.5
THIRD-302757,P,Coventry,Member,Female,Health & Wellness,18.36,3,2.65,58.38,21/01/2025,08:47:47,Credit Card,55.6,0.24,13.47,6.5
THIRD-302758,N,Leicester,Member,Male,Baby Products,24.45,1,1.18,25.92,14/02/2025,17:18:42,Debit Card,24.69,0.18,4.48,7.1
THIRD-302759,N,Leicester,Normal,Male,Baby Products,22.61,5,5.44,119.85,20/08/2025,12:50:52,Cash,114.14,0.18,20.74,5.9
THIRD-302760,M,Nottingham,Normal,Male,Baby Products,23.35,7,7.86,173.26,15/09/2025,17:06:23,Mobile Wallet,165.01,0.18,29.99,7.5
THIRD-302761,N,Leicester,Member,Male,Household,15.28,6,4.41,97.18,30/08/2025,12:02:53,Credit Card,92.55,0.19,17.76,6.2
THIRD-302762,N,Leicester,Normal,Male,Bakery,3.73,4,0.72,15.83,22/05/2025,08:35:34,Credit Card,15.08,0.11,1.67,6.3
THIRD-302763,P,Coventry,Member,Male,Household,16.28,3,2.35,51.76,12/12/2025,14:47:06,Cash,49.3,0.19,9.46,4.8
THIRD-302764,P,Coventry,Normal,Male,Dairy & Eggs,4.41,1,0.21,4.67,20/10/2025,15:05:59,Debit Card,4.45,0.07,0.32,5.1
THIRD-302765,M,Nottingham,Normal,Female,Household,27.88,2,2.68,59.12,04/11/2025,16:54:17,Cash,56.3,0.19,10.8,4.5
THIRD-302766,P,Coventry,Normal,Female,Baby Products,27.19,3,3.92,86.46,15/08/2025,18:10:33,Credit Card,82.34,0.18,14.97,5.7
THIRD-302767,P,Coventry,Normal,Male,Frozen Foods,7.82,2,0.75,16.58,30/10/2025,11:57:07,Debit Card,15.79,0.1,1.59,6.2
THIRD-302768,M,Nottingham,Member,Female,Dairy & Eggs,1.49,5,0.36,7.89,01/03/2025,19:24:16,Debit Card,7.51,0.07,0.53,6.6
THIRD-302769,M,Nottingham,Normal,Female,Snacks,3.04,3,0.44,9.66,12/01/2025,13:52:59,Credit Card,9.2,0.17,1.58,6.4
THIRD-302770,P,Coventry,Normal,Male,Fresh Produce,7.19,7,2.42,53.33,28/09/2025,21:25:28,Debit Card,50.79,0.08,4.1,6.1
THIRD-302771,M,Nottingham,Member,Male,Fresh Produce,9.3,2,0.89,19.71,18/12/2025,13:12:32,Credit Card,18.77,0.08,1.52,8.2
THIRD-302772,N,Leicester,Member,Female,Baby Products,32.36,2,3.11,68.62,27/10/2025,13:14:49,Mobile Wallet,65.35,0.18,11.87,6.3
THIRD-302773,M,Nottingham,Member,Female,Frozen Foods,9.73,4,1.87,41.28,24/08/2025,13:11:52,Mobile Wallet,39.31,0.1,3.96,7.5
THIRD-302774,M,Nottingham,Member,Male,Household,13.41,9,5.8,127.9,22/02/2025,16:20:03,Mobile Wallet,121.81,0.19,23.36,5.6
THIRD-302775,M,Nottingham,Member,Female,Fresh Produce,6.75,11,3.57,78.71,21/02/2025,19:54:42,Cash,74.96,0.08,6.05,6.7
THIRD-302776,M,Nottingham,Normal,Female,Beverages,3.72,2,0.36,7.9,01/10/2025,17:22:56,Cash,7.52,0.13,0.99,6.1
THIRD-302777,P,Coventry,Normal,Female,Frozen Foods,8.57,3,1.24,27.26,18/08/2025,11:53:25,Debit Card,25.96,0.1,2.62,7.6
THIRD-302778,P,Coventry,Normal,Male,Health & Wellness,32.05,4,6.16,135.91,09/11/2025,16:53:44,Mobile Wallet,129.44,0.24,31.37,7.2
THIRD-302779,M,Nottingham,Member,Male,Bakery,6.48,1,0.31,6.87,31/01/2025,14:03:32,Debit Card,6.54,0.11,0.73,6.7
THIRD-302780,N,Leicester,Member,Female,Frozen Foods,17.98,2,1.73,38.13,12/07/2025,19:29:49,Debit Card,36.31,0.1,3.67,5.7
THIRD-302781,M,Nottingham,Normal,Male,Frozen Foods,6.66,5,1.6,35.28,16/06/2025,11:44:33,Cash,33.6,0.1,3.39,6.7
THIRD-302782,N,Leicester,Normal,Female,Health & Wellness,27.88,2,2.68,59.12,25/11/2025,17:38:51,Credit Card,56.3,0.24,13.64,6.3
THIRD-302783,M,Nottingham,Normal,Male,Fresh Produce,1.67,8,0.64,14.2,22/09/2025,15:24:24,Credit Card,13.52,0.08,1.09,4.9
THIRD-302784,P,Coventry,Member,Male,Dairy & Eggs,8.7,6,2.51,55.37,05/11/2025,15:47:46,Debit Card,52.73,0.07,3.73,7.5
THIRD-302785,M,Nottingham,Member,Male,Household,15.8,1,0.76,16.75,30/05/2025,16:48:23,Debit Card,15.95,0.19,3.06,6.4
THIRD-302786,M,Nottingham,Normal,Female,Snacks,3.98,7,1.34,29.56,12/01/2025,13:09:02,Debit Card,28.15,0.17,4.83,6.1
THIRD-302787,P,Coventry,Normal,Male,Baby Products,5.28,3,0.76,16.8,18/04/2025,15:44:26,Debit Card,16.0,0.18,2.9,5.3
THIRD-302788,P,Coventry,Member,Male,Personal Care,20.01,4,3.85,84.85,24/03/2025,16:48:27,Debit Card,80.81,0.21,17.13,7.1
THIRD-302789,P,Coventry,Normal,Female,Fresh Produce,6.09,8,2.34,51.68,12/12/2025,20:55:55,Debit Card,49.22,0.08,3.98,7.5
THIRD-302790,M,Nottingham,Member,Male,Dairy & Eggs,7.79,4,1.5,33.03,23/08/2025,21:42:08,Debit Card,31.46,0.07,2.23,6.1
THIRD-302791,M,Nottingham,Normal,Male,Fresh Produce,3.24,6,0.94,20.64,17/06/2025,14:58:34,Credit Card,19.66,0.08,1.59,8.9
THIRD-302792,P,Coventry,Member,Female,Frozen Foods,18.31,6,5.28,116.49,25/11/2025,17:17:41,Cash,110.94,0.1,11.2,6.3
THIRD-302793,N,Leicester,Member,Female,Snacks,1.12,11,0.59,13.09,03/04/2025,17:19:08,Mobile Wallet,12.47,0.17,2.14,7.3
THIRD-302794,N,Leicester,Member,Female,Dairy & Eggs,7.11,2,0.68,15.08,18/04/2025,19:03:14,Credit Card,14.36,0.07,1.02,5.9
THIRD-302795,P,Coventry,Normal,Female,Baby Products,40.8,2,3.92,86.5,24/03/2025,14:47:31,Credit Card,82.38,0.18,14.97,8.4
THIRD-302796,P,Coventry,Normal,Male,Personal Care,26.73,5,6.43,141.68,26/03/2025,11:25:57,Cash,134.93,0.21,28.6,7.9
THIRD-302797,M,Nottingham,Member,Male,Personal Care,22.8,5,5.48,120.83,01/10/2025,21:42:40,Credit Card,115.08,0.21,24.4,7.2
THIRD-302798,P,Coventry,Normal,Male,Dairy & Eggs,2.29,5,0.55,12.13,12/12/2025,18:37:22,Mobile Wallet,11.55,0.07,0.82,4.2
THIRD-302799,N,Leicester,Member,Male,Personal Care,3.1,9,1.34,29.57,23/01/2025,11:22:55,Debit Card,28.16,0.21,5.97,6.5
THIRD-302800,N,Leicester,Member,Female,Beverages,12.3,4,2.37,52.17,07/11/2025,19:28:59,Credit Card,49.69,0.13,6.52,5.9
THIRD-302801,M,Nottingham,Normal,Male,Baby Products,28.3,4,5.44,119.99,15/02/2025,17:54:09,Debit Card,114.28,0.18,20.77,6.6
THIRD-302802,N,Leicester,Member,Male,Household,11.35,1,0.55,12.03,21/11/2025,16:56:20,Cash,11.46,0.19,2.19,6.8
THIRD-302803,N,Leicester,Member,Female,Fresh Produce,6.06,5,1.46,32.14,13/05/2025,16:42:40,Cash,30.61,0.08,2.47,9.0
THIRD-302804,M,Nottingham,Normal,Female,Household,18.79,10,9.04,199.23,04/02/2025,16:12:32,Debit Card,189.74,0.19,36.39,6.6
THIRD-302805,P,Coventry,Member,Male,Dairy & Eggs,4.56,12,2.63,57.95,19/04/2025,15:30:21,Debit Card,55.19,0.07,3.9,6.6
THIRD-302806,M,Nottingham,Member,Male,Personal Care,18.43,4,3.54,78.14,29/12/2025,11:36:45,Credit Card,74.42,0.21,15.77,5.1
THIRD-302807,M,Nottingham,Member,Female,Health & Wellness,12.74,2,1.23,27.02,25/10/2025,11:14:07,Debit Card,25.72,0.24,6.23,6.6
THIRD-302808,P,Coventry,Normal,Male,Health & Wellness,38.18,10,18.36,404.73,19/12/2025,20:49:05,Debit Card,385.46,0.24,93.39,6.5
THIRD-302809,P,Coventry,Member,Male,Bakery,10.47,1,0.5,11.1,09/05/2025,12:37:03,Cash,10.57,0.11,1.18,6.9
THIRD-302810,N,Leicester,Member,Female,Frozen Foods,17.87,11,9.45,208.35,14/12/2025,12:50:19,Debit Card,198.43,0.1,20.03,6.0
THIRD-302811,P,Coventry,Member,Female,Dairy & Eggs,3.58,3,0.52,11.38,19/06/2025,18:28:12,Cash,10.84,0.07,0.76,7.1
THIRD-302812,N,Leicester,Normal,Male,Fresh Produce,7.14,1,0.34,7.57,21/07/2025,18:15:08,Cash,7.21,0.08,0.58,6.9
THIRD-302813,M,Nottingham,Member,Female,Fresh Produce,3.53,4,0.68,14.95,29/05/2025,14:31:42,Debit Card,14.24,0.08,1.14,8.3
THIRD-302814,P,Coventry,Normal,Male,Beverages,11.86,5,2.85,62.84,09/01/2025,15:22:04,Credit Card,59.85,0.13,7.85,5.3
THIRD-302815,P,Coventry,Normal,Male,Snacks,0.69,11,0.36,8.0,17/05/2025,20:54:37,Credit Card,7.62,0.17,1.3,7.9
THIRD-302816,M,Nottingham,Member,Male,Dairy & Eggs,3.98,6,1.15,25.34,19/09/2025,15:07:10,Credit Card,24.13,0.07,1.71,7.9
THIRD-302817,M,Nottingham,Member,Male,Frozen Foods,3.6,1,0.17,3.81,14/07/2025,13:09:23,Debit Card,3.63,0.1,0.37,7.5
THIRD-302818,N,Leicester,Normal,Female,Snacks,4.51,4,0.87,19.14,30/01/2025,16:08:28,Credit Card,18.23,0.17,3.13,7.1
THIRD-302819,N,Leicester,Member,Male,Frozen Foods,9.16,2,0.88,19.42,11/03/2025,12:34:55,Debit Card,18.5,0.1,1.87,7.8
THIRD-302820,P,Coventry,Member,Female,Beverages,6.79,5,1.63,35.99,21/04/2025,14:04:50,Debit Card,34.28,0.13,4.49,8.1
THIRD-302821,N,Leicester,Member,Male,Bakery,4.84,8,1.86,41.01,25/05/2025,16:44:48,Credit Card,39.06,0.11,4.34,7.5
THIRD-302822,N,Leicester,Member,Female,Bakery,1.54,4,0.3,6.53,27/11/2025,16:07:39,Mobile Wallet,6.22,0.11,0.69,6.8
THIRD-302823,N,Leicester,Member,Male,Bakery,4.49,3,0.65,14.29,22/07/2025,11:58:34,Credit Card,13.61,0.11,1.52,8.2
THIRD-302824,P,Coventry,Normal,Male,Bakery,7.07,10,3.4,74.97,04/02/2025,21:23:33,Mobile Wallet,71.4,0.11,7.93,7.1
THIRD-302825,N,Leicester,Normal,Female,Household,14.26,1,0.69,15.12,07/11/2025,12:36:17,Credit Card,14.4,0.19,2.76,5.2
THIRD-302826,P,Coventry,Normal,Male,Beverages,8.25,13,5.15,113.65,27/08/2025,14:48:47,Credit Card,108.24,0.13,14.2,4.8
THIRD-302827,N,Leicester,Normal,Male,Snacks,3.21,1,0.15,3.4,21/02/2025,15:13:45,Credit Card,3.24,0.17,0.56,5.8
THIRD-302828,P,Coventry,Normal,Female,Personal Care,3.42,9,1.48,32.64,22/12/2025,13:33:40,Debit Card,31.09,0.21,6.59,4.9
THIRD-302829,P,Coventry,Member,Female,Beverages,8.48,10,4.08,89.86,01/03/2025,14:35:11,Debit Card,85.58,0.13,11.24,6.0
THIRD-302830,P,Coventry,Normal,Female,Health & Wellness,10.35,1,0.5,10.97,08/12/2025,20:10:09,Mobile Wallet,10.45,0.24,2.53,5.9
THIRD-302831,M,Nottingham,Member,Female,Snacks,1.66,7,0.56,12.35,11/03/2025,12:41:43,Debit Card,11.76,0.17,2.01,6.1
THIRD-302832,N,Leicester,Member,Female,Personal Care,19.05,1,0.92,20.2,01/12/2025,10:46:52,Mobile Wallet,19.24,0.21,4.08,6.8
THIRD-302833,N,Leicester,Member,Female,Snacks,5.14,2,0.49,10.89,22/12/2025,17:41:34,Mobile Wallet,10.37,0.17,1.78,6.5
THIRD-302834,N,Leicester,Member,Male,Frozen Foods,17.21,3,2.48,54.74,03/05/2025,14:39:20,Mobile Wallet,52.13,0.1,5.26,7.4
THIRD-302835,N,Leicester,Member,Male,Baby Products,20.74,3,2.99,65.95,11/11/2025,09:24:26,Credit Card,62.81,0.18,11.42,6.0
THIRD-302836,P,Coventry,Normal,Male,Baby Products,39.82,4,7.66,168.86,29/09/2025,17:31:00,Credit Card,160.82,0.18,29.22,8.1
THIRD-302837,P,Coventry,Member,Female,Fresh Produce,10.62,5,2.55,56.28,17/10/2025,17:06:53,Credit Card,53.6,0.08,4.32,5.5
THIRD-302838,P,Coventry,Normal,Female,Fresh Produce,3.9,8,1.5,33.08,07/02/2025,14:09:08,Debit Card,31.5,0.08,2.54,7.4
THIRD-302839,P,Coventry,Member,Male,Snacks,6.09,2,0.59,12.93,20/01/2025,18:04:22,Credit Card,12.31,0.17,2.11,8.4
THIRD-302840,P,Coventry,Normal,Male,Household,5.67,2,0.55,12.02,31/08/2025,13:50:20,Cash,11.44,0.19,2.19,7.2
THIRD-302841,P,Coventry,Normal,Male,Fresh Produce,11.0,3,1.59,35.0,02/01/2025,16:58:32,Mobile Wallet,33.33,0.08,2.69,7.9
THIRD-302842,N,Leicester,Member,Female,Beverages,6.47,4,1.24,27.43,01/09/2025,10:03:24,Mobile Wallet,26.12,0.13,3.42,6.9
THIRD-302843,P,Coventry,Member,Female,Snacks,2.64,7,0.89,19.6,09/08/2025,12:05:15,Debit Card,18.67,0.17,3.2,6.7
THIRD-302844,M,Nottingham,Member,Female,Frozen Foods,3.3,9,1.43,31.46,18/01/2025,21:18:49,Credit Card,29.96,0.1,3.02,5.9
THIRD-302845,M,Nottingham,Normal,Female,Dairy & Eggs,2.6,3,0.38,8.27,12/06/2025,13:42:50,Credit Card,7.88,0.07,0.56,6.8
THIRD-302846,M,Nottingham,Normal,Female,Health & Wellness,15.55,6,4.49,98.9,05/04/2025,16:09:27,Credit Card,94.18,0.24,22.82,7.0
THIRD-302847,P,Coventry,Member,Female,Frozen Foods,2.89,3,0.42,9.2,08/09/2025,16:30:29,Debit Card,8.76,0.1,0.88,8.9
THIRD-302848,N,Leicester,Normal,Male,Bakery,8.66,1,0.42,9.19,29/09/2025,16:36:24,Debit Card,8.75,0.11,0.98,5.3
THIRD-302849,M,Nottingham,Member,Male,Dairy & Eggs,6.17,12,3.56,78.46,06/10/2025,08:18:24,Credit Card,74.72,0.07,5.28,5.8
THIRD-302850,N,Leicester,Member,Female,Household,7.85,7,2.64,58.26,13/04/2025,10:19:00,Credit Card,55.49,0.19,10.64,6.8
THIRD-302851,M,Nottingham,Normal,Female,Snacks,4.04,8,1.55,34.22,04/10/2025,14:12:29,Debit Card,32.59,0.17,5.6,6.4
THIRD-302852,P,Coventry,Normal,Female,Dairy & Eggs,4.31,5,1.03,22.82,13/01/2025,14:30:35,Credit Card,21.74,0.07,1.54,6.1
THIRD-302853,N,Leicester,Normal,Male,Bakery,6.86,1,0.33,7.28,02/01/2025,12:08:43,Debit Card,6.93,0.11,0.77,5.2
THIRD-302854,N,Leicester,Member,Male,Health & Wellness,32.04,5,7.7,169.84,01/12/2025,11:30:33,Mobile Wallet,161.75,0.24,39.19,7.5
THIRD-302855,N,Leicester,Normal,Female,Fresh Produce,4.13,5,0.99,21.88,29/03/2025,15:10:12,Mobile Wallet,20.84,0.08,1.69,7.2
THIRD-302856,N,Leicester,Member,Female,Frozen Foods,15.41,3,2.22,49.01,14/05/2025,14:23:03,Credit Card,46.68,0.1,4.72,6.1
THIRD-302857,P,Coventry,Normal,Male,Personal Care,21.41,7,7.21,158.91,29/01/2025,15:53:46,Mobile Wallet,151.34,0.21,32.09,5.2
THIRD-302858,P,Coventry,Normal,Male,Frozen Foods,11.54,10,5.55,122.38,27/06/2025,18:20:07,Credit Card,116.55,0.1,11.77,6.5
THIRD-302859,N,Leicester,Member,Female,Dairy & Eggs,3.44,8,1.32,29.19,04/06/2025,17:26:40,Credit Card,27.8,0.07,1.96,6.1
THIRD-302860,N,Leicester,Normal,Female,Personal Care,12.74,2,1.23,27.02,23/04/2025,13:45:56,Debit Card,25.72,0.21,5.45,5.8
THIRD-302861,P,Coventry,Member,Male,Personal Care,31.1,12,17.94,395.58,08/12/2025,11:22:25,Cash,376.74,0.21,79.87,8.8
THIRD-302862,N,Leicester,Member,Male,Dairy & Eggs,5.97,5,1.44,31.65,07/06/2025,11:59:04,Credit Card,30.14,0.07,2.13,7.1
THIRD-302863,M,Nottingham,Normal,Male,Household,8.05,6,2.32,51.2,17/08/2025,13:59:49,Credit Card,48.76,0.19,9.35,5.5
THIRD-302864,N,Leicester,Normal,Female,Household,16.91,2,1.63,35.86,18/05/2025,15:39:08,Credit Card,34.15,0.19,6.55,8.2
THIRD-302865,P,Coventry,Normal,Female,Beverages,12.0,2,1.15,25.44,29/01/2025,08:06:14,Credit Card,24.23,0.13,3.18,6.4
THIRD-302866,P,Coventry,Normal,Female,Health & Wellness,10.8,4,2.08,45.78,13/03/2025,11:01:49,Mobile Wallet,43.6,0.24,10.56,6.6
THIRD-302867,N,Leicester,Member,Male,Household,15.48,11,8.18,180.45,15/09/2025,15:49:51,Mobile Wallet,171.86,0.19,32.97,6.5
THIRD-302868,N,Leicester,Member,Male,Health & Wellness,30.12,2,2.9,63.86,11/05/2025,14:19:32,Debit Card,60.82,0.24,14.73,6.1
THIRD-302869,M,Nottingham,Member,Male,Bakery,7.66,7,2.58,56.88,20/06/2025,20:42:39,Mobile Wallet,54.17,0.11,6.01,5.6
THIRD-302870,N,Leicester,Normal,Female,Dairy & Eggs,4.36,6,1.26,27.72,28/02/2025,13:23:23,Debit Card,26.4,0.07,1.87,5.4
THIRD-302871,M,Nottingham,Member,Female,Household,7.77,11,4.11,90.59,02/10/2025,17:43:08,Credit Card,86.28,0.19,16.55,5.7
THIRD-302872,M,Nottingham,Normal,Male,Bakery,1.48,5,0.35,7.82,30/08/2025,13:31:57,Credit Card,7.46,0.11,0.83,4.6
THIRD-302873,N,Leicester,Member,Female,Baby Products,11.84,4,2.28,50.19,05/07/2025,11:12:50,Mobile Wallet,47.8,0.18,8.68,7.1
THIRD-302874,P,Coventry,Normal,Female,Health & Wellness,28.42,3,4.1,90.39,09/01/2025,13:26:29,Mobile Wallet,86.09,0.24,20.86,5.3
THIRD-302875,M,Nottingham,Member,Male,Health & Wellness,21.4,1,1.03,22.69,17/06/2025,18:40:50,Mobile Wallet,21.61,0.24,5.24,6.5
THIRD-302876,M,Nottingham,Member,Female,Dairy & Eggs,3.85,6,1.11,24.48,25/04/2025,10:37:30,Debit Card,23.31,0.07,1.64,5.8
THIRD-302877,P,Coventry,Normal,Male,Baby Products,15.37,1,0.74,16.3,27/07/2025,09:49:56,Mobile Wallet,15.52,0.18,2.82,4.6
THIRD-302878,P,Coventry,Member,Female,Household,23.26,8,8.95,197.31,26/03/2025,14:30:44,Credit Card,187.91,0.19,36.04,5.8
THIRD-302879,P,Coventry,Normal,Female,Beverages,12.41,9,5.37,118.38,17/03/2025,19:14:59,Credit Card,112.74,0.13,14.8,6.5
THIRD-302880,M,Nottingham,Member,Female,Bakery,4.77,8,1.84,40.49,23/05/2025,20:28:37,Debit Card,38.56,0.11,4.28,7.1
THIRD-302881,M,Nottingham,Normal,Male,Household,24.27,2,2.33,51.46,11/12/2025,09:44:05,Cash,49.01,0.19,9.4,6.6
THIRD-302882,P,Coventry,Normal,Female,Baby Products,26.81,3,3.87,85.27,26/01/2025,17:01:54,Cash,81.21,0.18,14.76,5.2
THIRD-302883,N,Leicester,Normal,Male,Household,23.68,2,2.28,50.21,23/09/2025,14:05:18,Debit Card,47.82,0.19,9.17,6.7
THIRD-302884,M,Nottingham,Member,Male,Household,9.14,3,1.32,29.07,24/09/2025,20:25:19,Debit Card,27.69,0.19,5.31,6.5
THIRD-302885,M,Nottingham,Member,Female,Fresh Produce,6.16,1,0.3,6.53,13/08/2025,09:16:36,Credit Card,6.22,0.08,0.5,6.0
THIRD-302886,P,Coventry,Normal,Female,Health & Wellness,37.02,8,14.24,313.99,01/12/2025,15:47:36,Credit Card,299.04,0.24,72.45,5.8
THIRD-302887,M,Nottingham,Normal,Female,Bakery,7.17,5,1.72,37.98,06/10/2025,12:21:52,Cash,36.17,0.11,4.02,5.6
THIRD-302888,N,Leicester,Member,Male,Frozen Foods,11.44,6,3.3,72.76,15/10/2025,15:21:07,Debit Card,69.3,0.1,7.0,6.0
THIRD-302889,P,Coventry,Member,Male,Bakery,7.79,7,2.62,57.8,01/10/2025,16:16:54,Cash,55.05,0.11,6.12,8.0
THIRD-302890,N,Leicester,Normal,Male,Health & Wellness,22.03,9,9.53,210.16,01/11/2025,17:03:23,Debit Card,200.15,0.24,48.5,6.2
THIRD-302891,M,Nottingham,Member,Female,Dairy & Eggs,5.92,8,2.28,50.19,03/09/2025,18:38:29,Mobile Wallet,47.8,0.07,3.38,7.0
THIRD-302892,P,Coventry,Normal,Male,Frozen Foods,7.18,5,1.73,38.04,16/02/2025,12:34:51,Mobile Wallet,36.22,0.1,3.66,7.8
THIRD-302893,M,Nottingham,Normal,Female,Snacks,3.13,2,0.3,6.64,02/02/2025,19:21:06,Cash,6.32,0.17,1.08,5.5
THIRD-302894,M,Nottingham,Member,Male,Snacks,1.46,2,0.14,3.09,19/10/2025,19:12:43,Mobile Wallet,2.94,0.17,0.51,8.5
THIRD-302895,P,Coventry,Member,Male,Dairy & Eggs,1.53,3,0.22,4.86,11/02/2025,08:54:18,Credit Card,4.63,0.07,0.33,6.7
THIRD-302896,P,Coventry,Member,Male,Bakery,9.13,2,0.88,19.36,27/03/2025,21:32:20,Debit Card,18.44,0.11,2.05,5.7
THIRD-302897,M,Nottingham,Member,Female,Bakery,2.42,8,0.93,20.55,22/02/2025,14:21:38,Credit Card,19.57,0.11,2.17,7.1
THIRD-302898,N,Leicester,Normal,Female,Household,18.76,1,0.9,19.89,25/08/2025,10:28:21,Cash,18.94,0.19,3.64,5.3
THIRD-302899,P,Coventry,Normal,Male,Household,25.27,2,2.43,53.58,05/07/2025,11:09:19,Debit Card,51.03,0.19,9.78,7.6
THIRD-302900,P,Coventry,Member,Female,Fresh Produce,3.84,4,0.74,16.28,04/04/2025,13:51:46,Cash,15.5,0.08,1.25,6.1
THIRD-302901,M,Nottingham,Normal,Female,Frozen Foods,12.0,6,3.46,76.34,08/04/2025,08:14:55,Debit Card,72.7,0.1,7.34,7.0
THIRD-302902,M,Nottingham,Member,Female,Household,7.12,2,0.69,15.11,30/06/2025,12:49:13,Debit Card,14.38,0.19,2.76,5.4
THIRD-302903,P,Coventry,Member,Male,Frozen Foods,6.53,5,1.57,34.62,06/01/2025,13:39:58,Credit Card,32.97,0.1,3.33,8.0
THIRD-302904,N,Leicester,Normal,Female,Dairy & Eggs,7.1,4,1.37,30.12,08/06/2025,17:50:45,Debit Card,28.69,0.07,2.02,7.0
THIRD-302905,N,Leicester,Normal,Female,Health & Wellness,25.95,7,8.73,192.55,15/01/2025,14:02:07,Mobile Wallet,183.38,0.24,44.44,5.8
THIRD-302906,N,Leicester,Normal,Male,Snacks,1.2,1,0.06,1.27,15/11/2025,20:09:17,Debit Card,1.21,0.17,0.21,5.7
THIRD-302907,P,Coventry,Normal,Male,Health & Wellness,21.92,5,5.27,116.2,15/12/2025,09:57:15,Credit Card,110.67,0.24,26.82,6.0
THIRD-302908,M,Nottingham,Normal,Female,Personal Care,13.69,3,1.97,43.52,18/07/2025,15:53:25,Mobile Wallet,41.45,0.21,8.79,6.4
THIRD-302909,M,Nottingham,Member,Male,Personal Care,8.01,1,0.39,8.49,26/01/2025,12:22:49,Credit Card,8.09,0.21,1.72,6.9
THIRD-302910,N,Leicester,Member,Male,Baby Products,9.72,7,3.27,72.16,08/02/2025,12:43:47,Mobile Wallet,68.72,0.18,12.49,8.6
THIRD-302911,N,Leicester,Member,Male,Snacks,2.59,2,0.25,5.49,23/10/2025,15:16:28,Mobile Wallet,5.23,0.17,0.9,5.7
THIRD-302912,N,Leicester,Normal,Female,Bakery,9.26,1,0.45,9.82,28/11/2025,11:49:48,Credit Card,9.35,0.11,1.04,5.9
THIRD-302913,M,Nottingham,Member,Female,Health & Wellness,24.01,4,4.62,101.83,03/04/2025,15:25:27,Credit Card,96.98,0.24,23.5,6.3
THIRD-302914,M,Nottingham,Normal,Male,Beverages,13.71,11,7.25,159.84,04/02/2025,15:27:55,Mobile Wallet,152.23,0.13,19.98,7.4
THIRD-302915,N,Leicester,Member,Male,Dairy & Eggs,4.49,4,0.86,19.05,04/05/2025,12:31:03,Debit Card,18.14,0.07,1.28,7.4
THIRD-302916,P,Coventry,Normal,Male,Household,28.6,4,5.5,121.28,28/12/2025,14:06:39,Debit Card,115.5,0.19,22.15,5.8
THIRD-302917,M,Nottingham,Normal,Male,Snacks,3.86,7,1.3,28.63,04/01/2025,17:27:17,Credit Card,27.27,0.17,4.67,8.6
THIRD-302918,N,Leicester,Member,Female,Beverages,10.86,1,0.52,11.51,03/11/2025,20:13:33,Mobile Wallet,10.96,0.13,1.44,6.2
THIRD-302919,M,Nottingham,Member,Male,Baby Products,33.05,3,4.77,105.12,16/10/2025,15:55:13,Credit Card,100.11,0.18,18.19,6.3
THIRD-302920,P,Coventry,Normal,Male,Household,14.64,2,1.41,31.05,09/05/2025,17:22:05,Debit Card,29.57,0.19,5.67,7.3
THIRD-302921,M,Nottingham,Normal,Male,Fresh Produce,6.61,2,0.64,14.03,18/07/2025,18:31:46,Credit Card,13.36,0.08,1.08,8.4
THIRD-302922,P,Coventry,Member,Female,Beverages,15.55,4,2.99,65.93,01/12/2025,10:36:32,Credit Card,62.79,0.13,8.24,7.1
THIRD-302923,P,Coventry,Normal,Male,Bakery,7.71,10,3.71,81.7,01/02/2025,19:12:18,Cash,77.8,0.11,8.64,5.1
THIRD-302924,M,Nottingham,Member,Male,Fresh Produce,1.28,1,0.06,1.35,06/01/2025,17:05:27,Credit Card,1.29,0.08,0.11,6.4
THIRD-302925,N,Leicester,Member,Female,Bakery,4.76,4,0.92,20.2,23/01/2025,16:10:16,Credit Card,19.24,0.11,2.14,6.2
THIRD-302926,M,Nottingham,Member,Male,Health & Wellness,12.52,7,4.21,92.91,29/12/2025,16:35:21,Debit Card,88.49,0.24,21.44,8.7
THIRD-302927,M,Nottingham,Member,Female,Snacks,5.25,4,1.01,22.27,25/01/2025,19:44:07,Debit Card,21.21,0.17,3.64,7.1
THIRD-302928,M,Nottingham,Normal,Male,Baby Products,22.19,9,9.6,211.74,28/05/2025,15:13:39,Mobile Wallet,201.66,0.18,36.64,7.0
THIRD-302929,P,Coventry,Member,Female,Snacks,5.23,4,1.01,22.19,15/04/2025,20:02:22,Credit Card,21.13,0.17,3.63,7.0
THIRD-302930,N,Leicester,Normal,Male,Dairy & Eggs,5.64,7,1.9,41.83,21/02/2025,17:05:49,Credit Card,39.84,0.07,2.82,4.5
THIRD-302931,M,Nottingham,Member,Male,Bakery,6.19,7,2.08,45.92,03/06/2025,14:25:09,Debit Card,43.73,0.11,4.85,6.9
THIRD-302932,M,Nottingham,Normal,Female,Bakery,2.25,11,1.19,26.2,20/11/2025,11:01:20,Mobile Wallet,24.95,0.11,2.77,7.1
THIRD-302933,M,Nottingham,Normal,Female,Frozen Foods,11.65,2,1.12,24.7,01/09/2025,15:59:37,Mobile Wallet,23.52,0.1,2.37,7.6
THIRD-302934,M,Nottingham,Normal,Female,Bakery,5.42,3,0.78,17.23,01/09/2025,12:52:10,Credit Card,16.41,0.11,1.82,6.7
THIRD-302935,M,Nottingham,Normal,Male,Bakery,8.62,8,3.32,73.12,12/06/2025,20:33:50,Credit Card,69.64,0.11,7.74,5.6
THIRD-302936,N,Leicester,Normal,Female,Baby Products,18.82,2,1.81,39.91,27/01/2025,16:58:54,Debit Card,38.01,0.18,6.91,6.0
THIRD-302937,N,Leicester,Member,Female,Beverages,2.98,3,0.43,9.49,23/11/2025,13:17:54,Debit Card,9.04,0.13,1.19,6.4
THIRD-302938,N,Leicester,Normal,Female,Fresh Produce,4.85,7,1.63,35.96,16/03/2025,21:27:12,Credit Card,34.25,0.08,2.77,6.0
THIRD-302939,M,Nottingham,Member,Female,Beverages,12.74,4,2.45,54.02,03/12/2025,14:27:52,Mobile Wallet,51.45,0.13,6.75,7.0
THIRD-302940,P,Coventry,Member,Female,Fresh Produce,5.37,9,2.32,51.2,27/12/2025,19:47:57,Mobile Wallet,48.76,0.08,3.94,8.1
THIRD-302941,N,Leicester,Normal,Male,Household,13.8,5,3.32,73.15,09/03/2025,15:27:35,Debit Card,69.67,0.19,13.37,5.6
THIRD-302942,M,Nottingham,Member,Female,Health & Wellness,13.84,1,0.67,14.68,04/08/2025,17:17:53,Credit Card,13.98,0.24,3.38,7.5
THIRD-302943,N,Leicester,Normal,Female,Snacks,0.72,5,0.17,3.8,23/06/2025,13:32:49,Credit Card,3.62,0.17,0.63,6.0
THIRD-302944,N,Leicester,Normal,Male,Bakery,8.24,3,1.19,26.2,01/08/2025,09:49:29,Cash,24.95,0.11,2.77,9.4
THIRD-302945,P,Coventry,Normal,Male,Bakery,4.6,5,1.11,24.37,21/06/2025,15:35:47,Credit Card,23.2,0.11,2.58,6.5
THIRD-302946,P,Coventry,Normal,Male,Snacks,6.72,2,0.65,14.25,14/07/2025,16:33:21,Debit Card,13.57,0.17,2.33,7.1
THIRD-302947,N,Leicester,Normal,Male,Fresh Produce,5.61,7,1.89,41.6,21/01/2025,15:11:58,Credit Card,39.62,0.08,3.2,6.9
THIRD-302948,M,Nottingham,Normal,Female,Snacks,6.55,4,1.26,27.78,23/12/2025,11:17:03,Debit Card,26.46,0.17,4.54,5.7
THIRD-302949,M,Nottingham,Member,Female,Fresh Produce,4.25,9,1.84,40.58,17/12/2025,13:29:16,Mobile Wallet,38.65,0.08,3.12,7.4
THIRD-302950,P,Coventry,Member,Female,Beverages,15.18,12,8.76,193.16,21/08/2025,12:56:02,Debit Card,183.96,0.13,24.15,5.3
THIRD-302951,P,Coventry,Member,Female,Baby Products,5.84,2,0.56,12.39,30/07/2025,13:12:05,Credit Card,11.8,0.18,2.14,8.3
THIRD-302952,N,Leicester,Normal,Female,Health & Wellness,27.91,1,1.34,29.59,23/10/2025,18:12:20,Cash,28.18,0.24,6.83,5.7
THIRD-302953,N,Leicester,Member,Female,Dairy & Eggs,4.09,1,0.2,4.34,23/12/2025,21:45:59,Credit Card,4.13,0.07,0.3,7.9
THIRD-302954,M,Nottingham,Normal,Male,Fresh Produce,2.1,8,0.81,17.82,22/08/2025,14:17:31,Debit Card,16.97,0.08,1.37,6.7
THIRD-302955,P,Coventry,Normal,Male,Baby Products,5.86,7,1.97,43.45,06/02/2025,18:30:39,Credit Card,41.38,0.18,7.52,6.2
THIRD-302956,N,Leicester,Member,Female,Household,18.1,5,4.35,95.92,21/05/2025,15:00:50,Mobile Wallet,91.35,0.19,17.52,6.6
THIRD-302957,N,Leicester,Normal,Female,Health & Wellness,25.43,1,1.22,26.95,27/11/2025,18:15:34,Cash,25.67,0.24,6.22,5.5
THIRD-302958,M,Nottingham,Member,Female,Dairy & Eggs,2.79,5,0.67,14.77,06/09/2025,13:07:53,Debit Card,14.07,0.07,1.0,7.5
THIRD-302959,P,Coventry,Normal,Male,Beverages,1.2,13,0.75,16.48,05/08/2025,20:35:47,Debit Card,15.7,0.13,2.06,6.8
THIRD-302960,M,Nottingham,Normal,Female,Dairy & Eggs,8.06,7,2.71,59.81,16/12/2025,20:35:35,Credit Card,56.96,0.07,4.03,8.0
THIRD-302961,N,Leicester,Member,Male,Bakery,6.94,6,2.0,44.12,13/07/2025,11:32:27,Debit Card,42.02,0.11,4.66,7.3
THIRD-302962,P,Coventry,Member,Male,Dairy & Eggs,2.02,3,0.29,6.42,15/02/2025,16:49:20,Credit Card,6.11,0.07,0.43,5.5
THIRD-302963,P,Coventry,Normal,Male,Beverages,11.14,1,0.54,11.81,23/06/2025,16:03:25,Debit Card,11.25,0.13,1.47,7.1
THIRD-302964,P,Coventry,Member,Male,Dairy & Eggs,7.56,2,0.73,16.03,28/07/2025,14:04:11,Debit Card,15.27,0.07,1.08,5.1
THIRD-302965,P,Coventry,Member,Male,Bakery,3.8,3,0.55,12.08,13/03/2025,18:20:39,Cash,11.5,0.11,1.27,7.6
THIRD-302966,P,Coventry,Member,Male,Bakery,1.81,5,0.43,9.59,10/01/2025,11:40:34,Debit Card,9.14,0.11,1.02,8.2
THIRD-302967,N,Leicester,Member,Female,Personal Care,19.33,5,4.65,102.48,03/10/2025,15:09:52,Cash,97.6,0.21,20.69,6.1
THIRD-302968,M,Nottingham,Member,Male,Frozen Foods,4.26,12,2.46,54.24,11/05/2025,18:11:34,Cash,51.66,0.1,5.22,6.6
THIRD-302969,M,Nottingham,Normal,Female,Personal Care,26.41,7,8.89,195.95,28/11/2025,15:04:20,Credit Card,186.62,0.21,39.56,7.0
THIRD-302970,M,Nottingham,Normal,Male,Bakery,6.25,12,3.61,79.52,11/01/2025,15:48:11,Credit Card,75.73,0.11,8.41,8.1
THIRD-302971,P,Coventry,Normal,Male,Health & Wellness,6.0,5,1.44,31.8,08/07/2025,17:45:33,Cash,30.29,0.24,7.34,6.4
THIRD-302972,M,Nottingham,Normal,Male,Fresh Produce,4.87,5,1.17,25.8,11/05/2025,12:53:08,Mobile Wallet,24.57,0.08,1.98,8.1
THIRD-302973,N,Leicester,Normal,Male,Fresh Produce,4.02,2,0.39,8.54,13/12/2025,14:09:57,Mobile Wallet,8.13,0.08,0.66,5.3
THIRD-302974,P,Coventry,Member,Female,Bakery,3.34,4,0.64,14.15,14/12/2025,15:10:59,Debit Card,13.48,0.11,1.49,7.0
THIRD-302975,N,Leicester,Normal,Female,Health & Wellness,17.79,3,2.57,56.6,16/09/2025,08:18:38,Mobile Wallet,53.9,0.24,13.06,7.0
THIRD-302976,M,Nottingham,Member,Male,Household,10.18,1,0.49,10.79,09/09/2025,20:24:31,Debit Card,10.28,0.19,1.97,5.6
THIRD-302977,M,Nottingham,Normal,Male,Health & Wellness,8.26,1,0.4,8.76,15/09/2025,14:11:28,Cash,8.34,0.24,2.02,5.4
THIRD-302978,M,Nottingham,Member,Male,Snacks,5.57,3,0.8,17.72,23/03/2025,19:39:35,Credit Card,16.88,0.17,2.89,6.5
THIRD-302979,M,Nottingham,Normal,Female,Dairy & Eggs,3.69,1,0.18,3.92,20/09/2025,14:07:32,Cash,3.73,0.07,0.26,6.7
THIRD-302980,N,Leicester,Member,Male,Household,6.47,5,1.56,34.29,27/12/2025,14:05:17,Credit Card,32.66,0.19,6.26,7.5
THIRD-302981,M,Nottingham,Normal,Male,Household,8.89,2,0.86,18.86,21/07/2025,12:16:02,Cash,17.96,0.19,3.44,6.0
THIRD-302982,P,Coventry,Member,Male,Bakery,4.19,9,1.81,39.98,07/07/2025,14:17:59,Cash,38.08,0.11,4.23,6.7
THIRD-302983,M,Nottingham,Normal,Female,Frozen Foods,12.45,4,2.39,52.78,17/10/2025,16:05:18,Mobile Wallet,50.27,0.1,5.08,4.8
THIRD-302984,M,Nottingham,Member,Male,Household,5.43,3,0.78,17.26,25/07/2025,17:05:39,Debit Card,16.44,0.19,3.16,7.6
THIRD-302985,M,Nottingham,Member,Male,Dairy & Eggs,5.75,5,1.38,30.48,12/11/2025,19:08:05,Cash,29.03,0.07,2.06,4.9
THIRD-302986,N,Leicester,Normal,Female,Snacks,4.9,11,2.59,57.12,03/04/2025,13:25:11,Credit Card,54.4,0.17,9.34,6.6
THIRD-302987,N,Leicester,Normal,Male,Bakery,2.01,2,0.19,4.25,07/07/2025,15:07:24,Credit Card,4.05,0.11,0.45,6.0
THIRD-302988,P,Coventry,Member,Female,Personal Care,11.28,2,1.08,23.92,09/10/2025,19:36:14,Mobile Wallet,22.78,0.21,4.83,8.6
THIRD-302989,P,Coventry,Member,Female,Household,12.74,8,4.9,108.05,05/04/2025,10:06:09,Debit Card,102.9,0.19,19.74,6.6
THIRD-302990,M,Nottingham,Normal,Male,Beverages,6.84,9,2.96,65.29,09/07/2025,10:58:28,Credit Card,62.18,0.13,8.16,8.3
THIRD-302991,N,Leicester,Normal,Female,Fresh Produce,3.95,8,1.52,33.52,01/08/2025,12:39:04,Debit Card,31.92,0.08,2.58,5.8
THIRD-302992,N,Leicester,Member,Female,Frozen Foods,10.93,8,4.2,92.69,30/05/2025,19:06:00,Mobile Wallet,88.28,0.1,8.91,7.4
THIRD-302993,P,Coventry,Normal,Female,Bakery,1.89,1,0.09,2.01,26/07/2025,14:05:58,Cash,1.91,0.11,0.21,7.4
THIRD-302994,P,Coventry,Normal,Male,Bakery,7.62,8,2.93,64.65,23/04/2025,10:11:21,Mobile Wallet,61.57,0.11,6.84,7.6
THIRD-302995,M,Nottingham,Normal,Male,Dairy & Eggs,4.92,2,0.47,10.43,17/07/2025,13:10:45,Credit Card,9.93,0.07,0.7,5.4
THIRD-302996,P,Coventry,Normal,Female,Household,3.59,2,0.35,7.61,17/05/2025,14:25:32,Debit Card,7.25,0.19,1.39,4.6
THIRD-302997,N,Leicester,Normal,Female,Snacks,4.6,3,0.66,14.62,05/05/2025,18:53:17,Debit Card,13.92,0.17,2.39,8.3
THIRD-302998,P,Coventry,Normal,Male,Personal Care,28.07,6,8.1,178.54,14/07/2025,13:24:06,Mobile Wallet,170.04,0.21,36.05,6.8
THIRD-302999,M,Nottingham,Normal,Male,Dairy & Eggs,1.96,8,0.75,16.58,13/11/2025,15:17:41,Credit Card,15.79,0.07,1.11,4.8
THIRD-303000,N,Leicester,Normal,Female,Fresh Produce,5.28,2,0.51,11.2,10/12/2025,17:12:42,Debit Card,10.67,0.08,0.86,6.2
THIRD-303001,P,Coventry,Normal,Male,Beverages,10.82,11,5.72,126.13,03/06/2025,20:13:30,Debit Card,120.12,0.13,15.76,5.7
THIRD-303002,N,Leicester,Member,Female,Personal Care,22.43,5,5.39,118.9,09/10/2025,15:50:12,Debit Card,113.24,0.21,24.01,8.7
THIRD-303003,N,Leicester,Member,Male,Dairy & Eggs,4.94,10,2.38,52.37,11/07/2025,19:37:50,Cash,49.88,0.07,3.53,5.2
THIRD-303004,N,Leicester,Normal,Female,Fresh Produce,8.39,7,2.82,62.28,29/12/2025,17:52:40,Debit Card,59.31,0.08,4.79,5.1
THIRD-303005,M,Nottingham,Normal,Female,Frozen Foods,2.19,3,0.32,6.98,24/09/2025,20:40:07,Mobile Wallet,6.65,0.1,0.67,7.3
THIRD-303006,M,Nottingham,Normal,Male,Household,15.29,3,2.21,48.63,29/04/2025,13:05:55,Credit Card,46.31,0.19,8.88,6.4
THIRD-303007,M,Nottingham,Member,Male,Dairy & Eggs,1.67,1,0.08,1.77,26/01/2025,11:05:11,Cash,1.69,0.07,0.12,7.7
THIRD-303008,N,Leicester,Member,Male,Frozen Foods,11.69,3,1.69,37.18,20/02/2025,11:06:07,Mobile Wallet,35.41,0.1,3.57,7.0
THIRD-303009,P,Coventry,Member,Female,Health & Wellness,34.31,8,13.2,290.98,29/03/2025,21:21:45,Cash,277.12,0.24,67.14,5.6
THIRD-303010,M,Nottingham,Member,Male,Household,14.53,1,0.7,15.4,22/08/2025,09:47:33,Credit Card,14.67,0.19,2.81,6.9
THIRD-303011,P,Coventry,Normal,Female,Dairy & Eggs,2.11,3,0.3,6.71,13/09/2025,16:16:44,Credit Card,6.39,0.07,0.46,7.2
THIRD-303012,M,Nottingham,Normal,Male,Snacks,5.68,5,1.37,30.1,23/09/2025,14:57:45,Credit Card,28.67,0.17,4.92,7.6
THIRD-303013,P,Coventry,Member,Female,Snacks,5.72,9,2.48,54.58,19/09/2025,09:20:42,Cash,51.98,0.17,8.93,6.8
THIRD-303014,N,Leicester,Member,Female,Health & Wellness,27.04,1,1.3,28.67,06/05/2025,17:50:37,Credit Card,27.3,0.24,6.61,7.2
THIRD-303015,N,Leicester,Normal,Female,Personal Care,9.18,8,3.53,77.88,19/03/2025,10:57:16,Debit Card,74.17,0.21,15.72,7.0
THIRD-303016,M,Nottingham,Member,Female,Frozen Foods,4.87,3,0.7,15.48,06/08/2025,14:30:13,Debit Card,14.74,0.1,1.48,6.9
THIRD-303017,M,Nottingham,Member,Female,Personal Care,27.18,4,5.23,115.24,27/07/2025,20:11:19,Debit Card,109.75,0.21,23.27,7.1
THIRD-303018,N,Leicester,Member,Female,Beverages,12.85,1,0.62,13.63,26/02/2025,16:00:10,Debit Card,12.98,0.13,1.71,5.9
THIRD-303019,P,Coventry,Member,Female,Dairy & Eggs,7.37,7,2.48,54.72,13/06/2025,14:12:13,Debit Card,52.11,0.07,3.68,7.7
THIRD-303020,P,Coventry,Member,Male,Health & Wellness,17.22,9,7.45,164.31,31/03/2025,12:20:17,Credit Card,156.49,0.24,37.92,7.2
THIRD-303021,N,Leicester,Normal,Male,Snacks,3.87,6,1.12,24.61,10/08/2025,11:21:11,Debit Card,23.44,0.17,4.02,6.5
THIRD-303022,N,Leicester,Member,Female,Health & Wellness,25.33,1,1.22,26.86,16/10/2025,10:31:05,Credit Card,25.58,0.24,6.2,6.6
THIRD-303023,M,Nottingham,Normal,Male,Bakery,1.73,1,0.08,1.83,08/07/2025,15:23:47,Debit Card,1.74,0.11,0.19,5.6
THIRD-303024,N,Leicester,Member,Female,Household,5.61,4,1.08,23.77,28/10/2025,20:05:16,Credit Card,22.64,0.19,4.35,6.3
THIRD-303025,N,Leicester,Member,Male,Household,4.16,8,1.6,35.28,10/02/2025,15:24:49,Debit Card,33.6,0.19,6.44,7.5
THIRD-303026,M,Nottingham,Normal,Male,Fresh Produce,6.04,10,2.91,64.06,03/11/2025,15:36:06,Cash,61.0,0.08,4.93,6.6
THIRD-303027,N,Leicester,Normal,Male,Fresh Produce,10.32,4,1.98,43.74,04/12/2025,11:00:17,Cash,41.66,0.08,3.36,6.2
THIRD-303028,M,Nottingham,Member,Male,Household,17.39,9,7.52,165.9,22/09/2025,18:16:03,Cash,158.0,0.19,30.31,7.4
THIRD-303029,P,Coventry,Normal,Male,Health & Wellness,14.5,3,2.09,46.11,05/04/2025,15:14:09,Mobile Wallet,43.91,0.24,10.64,6.3
THIRD-303030,N,Leicester,Normal,Male,Baby Products,38.82,2,3.73,82.31,08/04/2025,08:56:08,Credit Card,78.39,0.18,14.25,7.0
THIRD-303031,M,Nottingham,Member,Female,Fresh Produce,1.29,5,0.31,6.84,16/04/2025,13:34:16,Credit Card,6.51,0.08,0.53,7.1
THIRD-303032,N,Leicester,Member,Female,Health & Wellness,37.21,4,7.16,157.79,22/03/2025,17:20:40,Mobile Wallet,150.28,0.24,36.41,7.7
THIRD-303033,P,Coventry,Member,Female,Health & Wellness,26.9,4,5.17,114.08,29/12/2025,15:22:17,Credit Card,108.65,0.24,26.33,6.4
THIRD-303034,P,Coventry,Member,Male,Beverages,9.67,5,2.33,51.27,05/12/2025,20:46:46,Debit Card,48.82,0.13,6.4,7.8
THIRD-303035,P,Coventry,Normal,Male,Health & Wellness,4.34,2,0.42,9.2,11/05/2025,20:50:30,Debit Card,8.76,0.24,2.12,7.3
THIRD-303036,P,Coventry,Member,Female,Snacks,1.32,6,0.38,8.4,30/01/2025,17:33:07,Credit Card,8.0,0.17,1.38,6.0
THIRD-303037,P,Coventry,Member,Male,Personal Care,14.03,5,3.37,74.36,11/01/2025,20:12:04,Credit Card,70.82,0.21,15.01,5.3
THIRD-303038,P,Coventry,Member,Male,Fresh Produce,3.95,3,0.57,12.57,04/01/2025,15:55:02,Mobile Wallet,11.97,0.08,0.96,5.4
THIRD-303039,M,Nottingham,Normal,Male,Dairy & Eggs,3.13,5,0.75,16.59,31/12/2025,14:29:15,Debit Card,15.8,0.07,1.11,4.9
THIRD-303040,M,Nottingham,Normal,Male,Fresh Produce,8.58,4,1.65,36.38,09/12/2025,19:19:47,Credit Card,34.65,0.08,2.8,6.2
THIRD-303041,M,Nottingham,Normal,Male,Health & Wellness,17.96,5,4.32,95.2,21/05/2025,15:14:44,Credit Card,90.67,0.24,21.96,6.4
THIRD-303042,N,Leicester,Normal,Female,Frozen Foods,9.2,7,3.1,68.3,09/02/2025,17:44:31,Cash,65.05,0.1,6.57,6.4
THIRD-303043,P,Coventry,Normal,Male,Frozen Foods,2.98,2,0.29,6.33,25/11/2025,13:49:33,Credit Card,6.03,0.1,0.6,7.0
THIRD-303044,M,Nottingham,Member,Male,Fresh Produce,4.3,7,1.45,31.88,13/04/2025,15:18:54,Mobile Wallet,30.36,0.08,2.45,6.6
THIRD-303045,M,Nottingham,Member,Female,Snacks,3.65,7,1.23,27.09,01/12/2025,09:26:43,Cash,25.8,0.17,4.43,6.5
THIRD-303046,M,Nottingham,Normal,Male,Snacks,4.89,11,2.59,57.0,23/05/2025,12:53:10,Credit Card,54.28,0.17,9.32,6.9
THIRD-303047,N,Leicester,Normal,Male,Baby Products,43.48,2,4.18,92.19,21/12/2025,09:07:34,Credit Card,87.8,0.18,15.95,6.3
THIRD-303048,P,Coventry,Member,Male,Health & Wellness,24.86,6,7.17,158.1,24/02/2025,21:25:57,Debit Card,150.57,0.24,36.49,7.3
THIRD-303049,P,Coventry,Member,Male,Dairy & Eggs,1.59,5,0.38,8.43,07/10/2025,08:26:33,Credit Card,8.03,0.07,0.57,6.5
THIRD-303050,M,Nottingham,Normal,Male,Frozen Foods,10.14,3,1.46,32.25,10/11/2025,17:51:54,Debit Card,30.71,0.1,3.11,7.5
THIRD-303051,P,Coventry,Member,Male,Dairy & Eggs,6.86,7,2.31,50.94,01/10/2025,13:15:20,Debit Card,48.51,0.07,3.42,6.8
THIRD-303052,N,Leicester,Member,Male,Dairy & Eggs,7.18,2,0.69,15.21,16/05/2025,17:51:31,Debit Card,14.49,0.07,1.03,6.0
THIRD-303053,M,Nottingham,Normal,Male,Personal Care,26.95,5,6.48,142.83,16/08/2025,12:31:41,Debit Card,136.03,0.21,28.84,5.3
THIRD-303054,M,Nottingham,Member,Male,Health & Wellness,21.85,4,4.2,92.65,12/08/2025,16:46:54,Debit Card,88.24,0.24,21.38,8.1
THIRD-303055,N,Leicester,Member,Female,Dairy & Eggs,6.83,8,2.63,57.95,13/02/2025,18:08:07,Credit Card,55.19,0.07,3.9,5.8
THIRD-303056,N,Leicester,Member,Male,Snacks,4.52,9,1.96,43.17,03/01/2025,13:35:08,Debit Card,41.11,0.17,7.06,5.3
THIRD-303057,P,Coventry,Normal,Male,Fresh Produce,2.56,13,1.6,35.26,04/07/2025,16:51:33,Mobile Wallet,33.58,0.08,2.71,7.8
THIRD-303058,M,Nottingham,Member,Male,Beverages,13.3,1,0.64,14.1,03/09/2025,21:42:57,Debit Card,13.43,0.13,1.76,6.5
THIRD-303059,N,Leicester,Member,Female,Snacks,2.7,3,0.39,8.6,20/06/2025,17:45:49,Debit Card,8.19,0.17,1.41,6.6
THIRD-303060,M,Nottingham,Normal,Male,Fresh Produce,7.48,4,1.44,31.71,02/08/2025,11:26:55,Credit Card,30.2,0.08,2.44,5.9
THIRD-303061,N,Leicester,Normal,Female,Bakery,6.26,3,0.9,19.91,10/01/2025,17:54:56,Debit Card,18.96,0.11,2.11,6.1
THIRD-303062,M,Nottingham,Normal,Female,Beverages,6.49,8,2.5,55.04,10/12/2025,20:22:06,Cash,52.42,0.13,6.88,7.1
THIRD-303063,N,Leicester,Normal,Male,Beverages,10.73,4,2.06,45.51,14/03/2025,10:25:43,Cash,43.34,0.13,5.69,7.5
THIRD-303064,M,Nottingham,Member,Female,Health & Wellness,13.19,6,3.8,83.87,25/05/2025,11:55:38,Debit Card,79.88,0.24,19.36,7.7
THIRD-303065,N,Leicester,Member,Male,Health & Wellness,10.86,9,4.7,103.59,19/06/2025,19:31:45,Mobile Wallet,98.66,0.24,23.9,6.6
THIRD-303066,M,Nottingham,Member,Male,Beverages,16.38,9,7.09,156.28,20/11/2025,17:57:33,Cash,148.84,0.13,19.54,6.1
THIRD-303067,P,Coventry,Normal,Female,Health & Wellness,33.26,8,12.79,282.06,16/12/2025,11:17:21,Credit Card,268.63,0.24,65.08,7.4
THIRD-303068,M,Nottingham,Normal,Female,Personal Care,4.15,7,1.4,30.8,08/12/2025,13:16:43,Credit Card,29.33,0.21,6.22,7.4
THIRD-303069,M,Nottingham,Member,Male,Dairy & Eggs,6.32,2,0.61,13.41,04/05/2025,15:51:51,Mobile Wallet,12.77,0.07,0.9,6.5
THIRD-303070,P,Coventry,Member,Male,Snacks,2.22,12,1.28,28.18,22/05/2025,10:15:48,Credit Card,26.84,0.17,4.61,6.1
THIRD-303071,N,Leicester,Member,Female,Household,6.07,2,0.58,12.87,15/07/2025,12:47:45,Debit Card,12.26,0.19,2.35,7.9
THIRD-303072,N,Leicester,Member,Female,Personal Care,20.0,2,1.92,42.4,10/06/2025,14:39:55,Credit Card,40.38,0.21,8.56,6.7
THIRD-303073,P,Coventry,Member,Male,Baby Products,5.5,10,2.65,58.33,24/06/2025,10:01:55,Credit Card,55.54,0.18,10.09,8.3
THIRD-303074,P,Coventry,Member,Male,Personal Care,15.93,7,5.36,118.23,13/06/2025,16:11:52,Credit Card,112.6,0.21,23.87,6.8
THIRD-303075,N,Leicester,Member,Male,Beverages,8.01,10,3.85,84.89,08/09/2025,12:50:31,Credit Card,80.85,0.13,10.61,6.0
THIRD-303076,M,Nottingham,Normal,Female,Beverages,9.07,10,4.36,96.14,20/09/2025,18:33:35,Debit Card,91.56,0.13,12.02,6.1
THIRD-303077,N,Leicester,Member,Male,Fresh Produce,4.47,10,2.15,47.41,04/07/2025,18:45:33,Mobile Wallet,45.15,0.08,3.65,5.6
THIRD-303078,N,Leicester,Normal,Male,Bakery,3.44,2,0.33,7.3,11/02/2025,15:56:44,Credit Card,6.95,0.11,0.77,6.1
THIRD-303079,M,Nottingham,Normal,Female,Baby Products,11.19,4,2.15,47.45,22/01/2025,15:05:28,Credit Card,45.19,0.18,8.22,7.2
THIRD-303080,N,Leicester,Member,Male,Frozen Foods,17.06,1,0.82,18.08,05/03/2025,17:13:22,Credit Card,17.22,0.1,1.74,7.1
THIRD-303081,N,Leicester,Normal,Male,Household,10.88,6,3.14,69.2,31/12/2025,18:43:07,Debit Card,65.9,0.19,12.64,5.2
THIRD-303082,M,Nottingham,Member,Male,Beverages,2.56,8,0.98,21.69,12/03/2025,13:39:18,Debit Card,20.66,0.13,2.71,6.0
THIRD-303083,P,Coventry,Member,Male,Snacks,5.7,12,3.29,72.5,17/01/2025,12:03:56,Mobile Wallet,69.05,0.17,11.85,6.2
THIRD-303084,M,Nottingham,Normal,Male,Snacks,1.15,1,0.06,1.23,03/03/2025,14:16:39,Credit Card,1.17,0.17,0.2,7.1
THIRD-303085,N,Leicester,Normal,Male,Baby Products,4.94,3,0.71,15.71,17/05/2025,16:35:50,Credit Card,14.96,0.18,2.71,6.5
THIRD-303086,N,Leicester,Member,Male,Fresh Produce,4.09,2,0.39,8.66,24/10/2025,11:12:01,Debit Card,8.25,0.08,0.67,6.4
THIRD-303087,M,Nottingham,Normal,Female,Health & Wellness,36.77,12,21.22,467.82,20/10/2025,19:25:14,Mobile Wallet,445.54,0.24,107.95,4.9
THIRD-303088,M,Nottingham,Member,Male,Bakery,1.85,1,0.09,1.96,05/06/2025,21:17:48,Debit Card,1.87,0.11,0.21,5.7
THIRD-303089,M,Nottingham,Member,Male,Household,17.91,3,2.58,56.95,12/11/2025,19:12:30,Cash,54.24,0.19,10.41,5.5
THIRD-303090,P,Coventry,Member,Male,Baby Products,16.8,2,1.61,35.61,14/09/2025,12:17:24,Debit Card,33.92,0.18,6.16,8.0
THIRD-303091,M,Nottingham,Member,Female,Household,15.3,3,2.21,48.66,04/10/2025,08:13:47,Debit Card,46.34,0.19,8.88,6.5
THIRD-303092,M,Nottingham,Member,Female,Bakery,7.62,3,1.1,24.24,06/10/2025,12:19:48,Credit Card,23.09,0.11,2.57,5.7
THIRD-303093,N,Leicester,Normal,Female,Frozen Foods,11.94,2,1.15,25.32,28/12/2025,17:35:30,Mobile Wallet,24.11,0.1,2.44,5.4
THIRD-303094,P,Coventry,Member,Female,Baby Products,4.91,2,0.47,10.41,30/01/2025,13:41:26,Debit Card,9.91,0.18,1.8,5.0
THIRD-303095,N,Leicester,Member,Female,Baby Products,14.7,2,1.41,31.15,09/06/2025,17:21:38,Mobile Wallet,29.67,0.18,5.4,5.8
THIRD-303096,N,Leicester,Member,Female,Bakery,5.03,4,0.97,21.35,14/07/2025,20:35:04,Debit Card,20.33,0.11,2.26,4.7
THIRD-303097,P,Coventry,Member,Male,Health & Wellness,9.66,5,2.32,51.21,04/05/2025,14:54:40,Debit Card,48.77,0.24,11.82,9.5
THIRD-303098,N,Leicester,Normal,Female,Dairy & Eggs,1.88,1,0.09,2.0,04/02/2025,08:14:30,Mobile Wallet,1.9,0.07,0.14,6.4
THIRD-303099,N,Leicester,Normal,Male,Beverages,11.36,6,3.28,72.24,25/01/2025,14:06:27,Debit Card,68.8,0.13,9.03,6.5
THIRD-303100,M,Nottingham,Member,Male,Beverages,6.55,1,0.32,6.95,19/02/2025,12:27:33,Credit Card,6.62,0.13,0.87,7.9
THIRD-303101,M,Nottingham,Normal,Male,Frozen Foods,5.32,4,1.02,22.58,26/03/2025,13:58:12,Credit Card,21.5,0.1,2.17,6.8
THIRD-303102,M,Nottingham,Normal,Male,Snacks,2.45,5,0.59,13.01,16/04/2025,14:13:23,Mobile Wallet,12.39,0.17,2.13,5.1
THIRD-303103,P,Coventry,Member,Female,Snacks,4.68,6,1.35,29.77,17/07/2025,17:30:33,Debit Card,28.35,0.17,4.87,7.4
THIRD-303104,M,Nottingham,Member,Male,Health & Wellness,15.92,1,0.77,16.88,19/11/2025,14:50:26,Cash,16.08,0.24,3.89,6.2
THIRD-303105,P,Coventry,Member,Male,Frozen Foods,2.43,3,0.35,7.74,11/12/2025,14:25:21,Credit Card,7.37,0.1,0.74,7.2
THIRD-303106,P,Coventry,Normal,Male,Baby Products,19.99,2,1.92,42.38,22/08/2025,17:04:05,Debit Card,40.36,0.18,7.34,6.9
THIRD-303107,P,Coventry,Normal,Female,Health & Wellness,21.76,3,3.14,69.2,28/05/2025,15:47:44,Mobile Wallet,65.9,0.24,15.96,6.8
THIRD-303108,M,Nottingham,Member,Male,Snacks,3.58,1,0.17,3.79,19/06/2025,12:34:27,Mobile Wallet,3.61,0.17,0.61,5.5
THIRD-303109,M,Nottingham,Normal,Male,Snacks,4.26,4,0.82,18.08,06/04/2025,14:16:34,Cash,17.22,0.17,2.96,6.4
THIRD-303110,P,Coventry,Normal,Male,Snacks,2.01,1,0.1,2.13,01/04/2025,16:50:22,Mobile Wallet,2.03,0.17,0.35,6.5
THIRD-303111,M,Nottingham,Normal,Female,Health & Wellness,13.95,2,1.34,29.57,19/03/2025,20:30:16,Cash,28.16,0.24,6.83,7.4
THIRD-303112,M,Nottingham,Normal,Female,Bakery,6.51,3,0.94,20.71,20/01/2025,21:54:55,Mobile Wallet,19.72,0.11,2.19,8.5
THIRD-303113,N,Leicester,Member,Male,Personal Care,15.76,4,3.03,66.81,09/04/2025,18:34:09,Mobile Wallet,63.63,0.21,13.49,8.1
THIRD-303114,M,Nottingham,Normal,Male,Fresh Produce,6.26,4,1.2,26.54,15/10/2025,11:31:24,Cash,25.28,0.08,2.05,7.1
THIRD-303115,N,Leicester,Normal,Male,Dairy & Eggs,3.69,2,0.35,7.82,11/10/2025,18:23:09,Debit Card,7.46,0.07,0.53,7.1
THIRD-303116,N,Leicester,Member,Female,Health & Wellness,41.84,13,26.15,576.6,11/12/2025,10:02:57,Credit Card,549.14,0.24,133.05,6.5
THIRD-303117,P,Coventry,Normal,Male,Frozen Foods,3.44,1,0.17,3.65,25/08/2025,21:14:22,Debit Card,3.48,0.1,0.35,6.3
THIRD-303118,P,Coventry,Normal,Female,Fresh Produce,9.25,8,3.56,78.41,30/07/2025,18:38:03,Mobile Wallet,74.68,0.08,6.03,5.5
THIRD-303119,N,Leicester,Member,Female,Dairy & Eggs,3.94,6,1.14,25.07,30/01/2025,17:36:56,Mobile Wallet,23.88,0.07,1.69,7.7
THIRD-303120,N,Leicester,Normal,Female,Frozen Foods,8.86,3,1.28,28.18,01/10/2025,18:19:11,Debit Card,26.84,0.1,2.71,6.0
THIRD-303121,N,Leicester,Member,Male,Beverages,10.54,3,1.52,33.51,05/09/2025,16:51:21,Credit Card,31.91,0.13,4.19,7.5
THIRD-303122,P,Coventry,Normal,Male,Household,10.47,2,1.01,22.21,17/07/2025,17:18:26,Credit Card,21.15,0.19,4.06,6.3
THIRD-303123,M,Nottingham,Member,Female,Health & Wellness,14.08,1,0.68,14.93,07/05/2025,15:27:34,Debit Card,14.22,0.24,3.44,6.5
THIRD-303124,P,Coventry,Member,Female,Personal Care,17.89,3,2.58,56.89,05/03/2025,13:44:48,Credit Card,54.18,0.21,11.49,6.2
THIRD-303125,P,Coventry,Normal,Male,Personal Care,23.96,8,9.22,203.22,01/05/2025,12:47:50,Credit Card,193.54,0.21,41.03,7.0
THIRD-303126,M,Nottingham,Normal,Female,Beverages,13.41,7,4.51,99.48,19/05/2025,13:20:00,Mobile Wallet,94.74,0.13,12.43,7.2
THIRD-303127,M,Nottingham,Normal,Male,Snacks,1.54,2,0.15,3.27,16/02/2025,11:01:35,Debit Card,3.11,0.17,0.53,7.0
THIRD-303128,P,Coventry,Member,Male,Household,8.8,11,4.65,102.6,26/01/2025,14:51:19,Debit Card,97.71,0.19,18.74,6.9
THIRD-303129,N,Leicester,Normal,Female,Dairy & Eggs,4.47,7,1.51,33.19,28/11/2025,11:31:52,Cash,31.61,0.07,2.24,7.9
THIRD-303130,M,Nottingham,Member,Male,Fresh Produce,6.36,2,0.61,13.49,25/02/2025,17:45:15,Debit Card,12.85,0.08,1.04,6.3
THIRD-303131,M,Nottingham,Member,Male,Bakery,8.13,1,0.39,8.62,25/12/2025,16:37:34,Mobile Wallet,8.21,0.11,0.91,7.4
THIRD-303132,N,Leicester,Member,Female,Health & Wellness,24.78,11,13.11,289.0,06/11/2025,12:36:26,Credit Card,275.24,0.24,66.68,7.3
THIRD-303133,N,Leicester,Member,Female,Household,23.52,2,2.26,49.88,05/11/2025,16:04:54,Credit Card,47.5,0.19,9.12,8.0
THIRD-303134,P,Coventry,Normal,Male,Baby Products,14.63,1,0.7,15.51,20/02/2025,10:16:35,Credit Card,14.77,0.18,2.68,6.7
THIRD-303135,M,Nottingham,Normal,Female,Baby Products,7.7,2,0.74,16.32,16/06/2025,12:25:49,Debit Card,15.54,0.18,2.82,6.0
THIRD-303136,N,Leicester,Normal,Female,Frozen Foods,6.42,10,3.09,68.03,18/03/2025,10:42:24,Credit Card,64.79,0.1,6.54,8.9
THIRD-303137,P,Coventry,Normal,Male,Personal Care,28.57,2,2.75,60.57,26/05/2025,15:59:10,Credit Card,57.69,0.21,12.23,5.6
THIRD-303138,M,Nottingham,Member,Female,Snacks,3.06,4,0.59,12.97,31/08/2025,17:00:33,Debit Card,12.35,0.17,2.12,7.1
THIRD-303139,P,Coventry,Member,Female,Household,17.48,2,1.68,37.06,09/12/2025,15:13:21,Credit Card,35.3,0.19,6.77,6.7
THIRD-303140,N,Leicester,Normal,Female,Health & Wellness,19.44,13,12.15,267.88,15/09/2025,13:28:09,Debit Card,255.12,0.24,61.81,8.6
THIRD-303141,P,Coventry,Member,Male,Snacks,1.18,4,0.23,4.99,14/11/2025,18:41:36,Debit Card,4.75,0.17,0.82,7.4
THIRD-303142,N,Leicester,Normal,Male,Snacks,4.18,2,0.4,8.86,23/06/2025,13:57:52,Debit Card,8.44,0.17,1.45,5.8
THIRD-303143,M,Nottingham,Member,Female,Fresh Produce,2.87,8,1.1,24.34,12/03/2025,16:28:29,Credit Card,23.18,0.08,1.88,6.7
THIRD-303144,M,Nottingham,Normal,Male,Household,7.45,7,2.51,55.26,09/07/2025,10:26:27,Mobile Wallet,52.63,0.19,10.09,6.0
THIRD-303145,M,Nottingham,Member,Female,Dairy & Eggs,4.66,4,0.9,19.76,21/11/2025,18:25:05,Debit Card,18.82,0.07,1.33,6.2
THIRD-303146,M,Nottingham,Normal,Female,Beverages,10.76,7,3.62,79.87,15/10/2025,17:42:55,Debit Card,76.07,0.13,9.99,7.9
THIRD-303147,M,Nottingham,Member,Female,Frozen Foods,17.79,1,0.86,18.87,13/08/2025,09:17:55,Debit Card,17.97,0.1,1.81,4.3
THIRD-303148,M,Nottingham,Normal,Male,Beverages,6.48,11,3.43,75.56,09/10/2025,18:51:09,Credit Card,71.96,0.13,9.44,7.8
THIRD-303149,N,Leicester,Normal,Female,Dairy & Eggs,4.41,6,1.27,28.05,28/02/2025,18:22:37,Mobile Wallet,26.71,0.07,1.89,6.8
THIRD-303150,P,Coventry,Normal,Male,Baby Products,24.94,3,3.6,79.32,26/12/2025,17:33:42,Debit Card,75.54,0.18,13.73,5.6
THIRD-303151,P,Coventry,Normal,Female,Bakery,11.8,3,1.7,37.54,01/11/2025,16:39:29,Mobile Wallet,35.75,0.11,3.98,4.7
THIRD-303152,P,Coventry,Member,Female,Fresh Produce,4.1,4,0.79,17.38,22/09/2025,12:51:31,Credit Card,16.55,0.08,1.34,6.9
THIRD-303153,N,Leicester,Normal,Male,Frozen Foods,5.36,1,0.26,5.68,23/12/2025,12:26:46,Debit Card,5.41,0.1,0.55,7.6
THIRD-303154,N,Leicester,Member,Female,Beverages,2.54,6,0.73,16.14,06/07/2025,13:49:35,Mobile Wallet,15.37,0.13,2.01,8.9
THIRD-303155,N,Leicester,Member,Male,Snacks,2.64,6,0.76,16.8,12/07/2025,17:36:40,Mobile Wallet,16.0,0.17,2.75,7.8
THIRD-303156,P,Coventry,Normal,Female,Personal Care,17.35,1,0.83,18.39,27/06/2025,16:25:17,Credit Card,17.51,0.21,3.71,5.6
THIRD-303157,N,Leicester,Normal,Male,Beverages,9.89,2,0.95,20.97,12/02/2025,21:49:28,Credit Card,19.97,0.13,2.62,6.1
THIRD-303158,M,Nottingham,Member,Male,Baby Products,6.8,9,2.94,64.89,11/03/2025,20:40:55,Cash,61.8,0.18,11.23,7.6
THIRD-303159,M,Nottingham,Member,Male,Baby Products,10.9,2,1.05,23.11,01/03/2025,14:47:46,Mobile Wallet,22.01,0.18,4.0,6.2
THIRD-303160,N,Leicester,Normal,Male,Beverages,3.36,4,0.65,14.25,16/04/2025,21:36:09,Credit Card,13.57,0.13,1.78,8.4
THIRD-303161,N,Leicester,Member,Male,Beverages,2.68,8,1.03,22.75,26/05/2025,14:17:15,Debit Card,21.67,0.13,2.84,7.1
THIRD-303162,P,Coventry,Normal,Male,Personal Care,8.86,1,0.43,9.4,12/03/2025,14:33:42,Credit Card,8.95,0.21,1.9,6.9
THIRD-303163,M,Nottingham,Normal,Male,Bakery,9.56,3,1.38,30.4,09/04/2025,15:06:27,Cash,28.95,0.11,3.21,5.4
THIRD-303164,N,Leicester,Member,Male,Health & Wellness,19.22,5,4.62,101.87,08/01/2025,15:35:34,Mobile Wallet,97.02,0.24,23.51,6.2
THIRD-303165,N,Leicester,Member,Female,Bakery,5.08,2,0.49,10.76,21/05/2025,18:50:38,Credit Card,10.25,0.11,1.13,8.3
THIRD-303166,P,Coventry,Normal,Female,Bakery,9.55,6,2.75,60.72,13/10/2025,13:41:35,Cash,57.83,0.11,6.42,8.4
THIRD-303167,N,Leicester,Member,Male,Personal Care,18.67,4,3.59,79.16,26/04/2025,13:34:12,Cash,75.39,0.21,15.98,6.2
THIRD-303168,N,Leicester,Member,Male,Frozen Foods,15.41,3,2.22,49.01,03/09/2025,16:41:21,Mobile Wallet,46.68,0.1,4.72,8.6
THIRD-303169,N,Leicester,Member,Female,Baby Products,33.63,4,6.47,142.62,08/08/2025,17:30:10,Credit Card,135.83,0.18,24.68,7.8
THIRD-303170,N,Leicester,Member,Female,Beverages,10.87,12,6.27,138.25,28/04/2025,21:57:54,Debit Card,131.67,0.13,17.28,9.4
THIRD-303171,M,Nottingham,Member,Female,Personal Care,14.81,5,3.56,78.5,01/04/2025,13:00:59,Credit Card,74.76,0.21,15.85,6.4
THIRD-303172,M,Nottingham,Member,Male,Health & Wellness,30.73,5,7.39,162.9,25/07/2025,20:09:51,Cash,155.14,0.24,37.59,7.6
THIRD-303173,N,Leicester,Member,Female,Dairy & Eggs,4.88,1,0.23,5.17,23/06/2025,15:23:50,Debit Card,4.92,0.07,0.35,6.2
THIRD-303174,P,Coventry,Member,Male,Snacks,6.55,7,2.21,48.63,30/03/2025,21:22:53,Debit Card,46.31,0.17,7.95,6.9
THIRD-303175,P,Coventry,Normal,Male,Dairy & Eggs,6.15,3,0.89,19.55,03/02/2025,13:53:46,Credit Card,18.62,0.07,1.31,6.5
THIRD-303176,N,Leicester,Member,Female,Beverages,10.14,2,0.98,21.5,07/10/2025,15:44:28,Debit Card,20.48,0.13,2.69,8.1
THIRD-303177,P,Coventry,Normal,Female,Frozen Foods,11.76,1,0.57,12.47,09/09/2025,15:10:36,Cash,11.88,0.1,1.2,5.3
THIRD-303178,M,Nottingham,Normal,Female,Bakery,2.18,2,0.21,4.63,01/04/2025,16:20:53,Credit Card,4.41,0.11,0.49,7.5
THIRD-303179,P,Coventry,Normal,Male,Household,8.93,1,0.43,9.47,23/01/2025,14:26:38,Debit Card,9.02,0.19,1.73,6.1
THIRD-303180,N,Leicester,Normal,Male,Snacks,4.57,12,2.63,58.08,27/02/2025,11:59:30,Credit Card,55.31,0.17,9.5,5.8
THIRD-303181,M,Nottingham,Member,Female,Baby Products,19.48,1,0.94,20.65,23/07/2025,09:45:49,Debit Card,19.67,0.18,3.57,5.1
THIRD-303182,M,Nottingham,Member,Male,Frozen Foods,6.23,2,0.6,13.21,02/01/2025,12:03:43,Credit Card,12.58,0.1,1.27,6.2
THIRD-303183,N,Leicester,Normal,Male,Health & Wellness,27.9,7,9.39,207.06,21/10/2025,13:47:49,Mobile Wallet,197.2,0.24,47.77,6.5
THIRD-303184,M,Nottingham,Member,Female,Health & Wellness,35.71,3,5.15,113.58,09/11/2025,12:13:16,Debit Card,108.17,0.24,26.2,6.6
THIRD-303185,N,Leicester,Normal,Male,Frozen Foods,7.27,6,2.1,46.24,13/02/2025,17:37:30,Debit Card,44.04,0.1,4.44,6.0
THIRD-303186,M,Nottingham,Member,Female,Health & Wellness,20.43,1,0.98,21.65,13/02/2025,11:28:35,Debit Card,20.62,0.24,4.99,5.5
THIRD-303187,N,Leicester,Member,Male,Household,7.29,6,2.1,46.37,20/11/2025,12:28:11,Mobile Wallet,44.16,0.19,8.47,8.2
THIRD-303188,M,Nottingham,Member,Male,Snacks,4.57,7,1.54,33.88,18/03/2025,18:47:21,Credit Card,32.27,0.17,5.53,7.7
THIRD-303189,N,Leicester,Member,Male,Fresh Produce,7.29,4,1.4,30.91,08/01/2025,13:23:31,Credit Card,29.44,0.08,2.37,5.6
THIRD-303190,M,Nottingham,Member,Male,Bakery,3.61,4,0.69,15.3,30/04/2025,17:54:35,Cash,14.57,0.11,1.62,7.0
THIRD-303191,P,Coventry,Member,Male,Beverages,6.43,8,2.47,54.51,28/05/2025,10:16:31,Credit Card,51.91,0.13,6.82,7.3
THIRD-303192,P,Coventry,Member,Male,Health & Wellness,3.76,2,0.36,7.98,13/02/2025,16:32:57,Mobile Wallet,7.6,0.24,1.84,7.7
THIRD-303193,P,Coventry,Normal,Female,Fresh Produce,8.42,1,0.41,8.94,15/04/2025,15:27:12,Debit Card,8.51,0.08,0.69,6.1
THIRD-303194,P,Coventry,Member,Female,Snacks,1.57,3,0.23,5.0,21/09/2025,17:24:41,Debit Card,4.76,0.17,0.82,5.8
THIRD-303195,N,Leicester,Normal,Female,Bakery,1.78,2,0.17,3.77,16/09/2025,12:38:26,Credit Card,3.59,0.11,0.4,6.4
THIRD-303196,N,Leicester,Normal,Female,Fresh Produce,1.56,5,0.38,8.27,14/11/2025,08:50:08,Debit Card,7.88,0.08,0.64,8.4
THIRD-303197,N,Leicester,Member,Female,Dairy & Eggs,5.95,7,2.0,44.14,08/02/2025,19:35:31,Cash,42.04,0.07,2.97,7.8
THIRD-303198,M,Nottingham,Member,Female,Frozen Foods,17.83,5,4.29,94.49,08/07/2025,13:38:52,Debit Card,89.99,0.1,9.08,7.3
THIRD-303199,P,Coventry,Normal,Male,Health & Wellness,42.47,1,2.04,45.02,10/09/2025,09:38:28,Credit Card,42.88,0.24,10.39,5.4
THIRD-303200,N,Leicester,Normal,Male,Bakery,4.66,7,1.57,34.58,07/02/2025,10:58:30,Mobile Wallet,32.93,0.11,3.66,5.6
THIRD-303201,N,Leicester,Member,Male,Beverages,6.69,8,2.57,56.71,26/01/2025,08:05:50,Debit Card,54.01,0.13,7.09,6.4
THIRD-303202,N,Leicester,Member,Male,Fresh Produce,11.81,12,6.82,150.3,27/12/2025,10:25:08,Credit Card,143.14,0.08,11.56,7.5
THIRD-303203,P,Coventry,Member,Female,Dairy & Eggs,4.32,1,0.21,4.58,11/11/2025,10:31:17,Mobile Wallet,4.36,0.07,0.31,7.4
THIRD-303204,P,Coventry,Member,Female,Dairy & Eggs,9.33,2,0.9,19.78,17/11/2025,11:22:03,Debit Card,18.84,0.07,1.34,6.1
THIRD-303205,N,Leicester,Normal,Female,Frozen Foods,14.8,6,4.27,94.13,08/04/2025,13:55:05,Credit Card,89.65,0.1,9.05,4.3
THIRD-303206,N,Leicester,Normal,Male,Baby Products,16.33,12,9.42,207.71,24/07/2025,11:21:06,Debit Card,197.82,0.18,35.94,5.1
THIRD-303207,N,Leicester,Normal,Male,Fresh Produce,4.87,2,0.47,10.32,09/03/2025,11:09:15,Mobile Wallet,9.83,0.08,0.8,5.9
THIRD-303208,N,Leicester,Normal,Female,Beverages,5.7,3,0.82,18.12,29/12/2025,14:57:50,Credit Card,17.26,0.13,2.27,7.1
THIRD-303209,N,Leicester,Member,Female,Bakery,9.34,2,0.9,19.8,18/09/2025,21:54:10,Debit Card,18.86,0.11,2.1,7.1
THIRD-303210,M,Nottingham,Member,Male,Frozen Foods,4.82,3,0.69,15.31,10/09/2025,19:07:14,Debit Card,14.58,0.1,1.47,6.9
THIRD-303211,N,Leicester,Member,Male,Household,6.93,1,0.33,7.34,09/04/2025,09:15:23,Credit Card,6.99,0.19,1.35,7.5
THIRD-303212,N,Leicester,Member,Male,Dairy & Eggs,5.81,3,0.84,18.49,16/04/2025,16:03:27,Credit Card,17.61,0.07,1.24,6.9
THIRD-303213,P,Coventry,Member,Male,Beverages,8.4,4,1.62,35.64,24/04/2025,14:42:09,Debit Card,33.94,0.13,4.45,7.2
THIRD-303214,P,Coventry,Member,Female,Personal Care,21.51,9,9.31,205.2,29/01/2025,18:38:02,Credit Card,195.43,0.21,41.44,7.6
THIRD-303215,N,Leicester,Member,Female,Beverages,1.1,6,0.32,7.01,12/07/2025,13:46:52,Credit Card,6.68,0.13,0.88,6.3
THIRD-303216,M,Nottingham,Normal,Female,Beverages,0.99,6,0.29,6.29,19/01/2025,21:00:39,Debit Card,5.98,0.13,0.78,6.6
THIRD-303217,P,Coventry,Member,Male,Bakery,6.79,3,0.98,21.6,18/08/2025,14:53:15,Credit Card,20.57,0.11,2.28,6.3
THIRD-303218,N,Leicester,Member,Female,Household,8.44,1,0.41,8.96,01/01/2025,13:40:39,Mobile Wallet,8.53,0.19,1.63,7.1
THIRD-303219,N,Leicester,Normal,Male,Snacks,2.9,3,0.42,9.23,13/02/2025,14:26:36,Credit Card,8.79,0.17,1.51,5.3
THIRD-303220,P,Coventry,Member,Female,Household,21.44,2,2.06,45.46,18/10/2025,20:16:54,Credit Card,43.3,0.19,8.31,7.6
THIRD-303221,M,Nottingham,Normal,Female,Beverages,2.11,7,0.71,15.67,25/07/2025,19:12:21,Debit Card,14.92,0.13,1.96,5.3
THIRD-303222,M,Nottingham,Normal,Male,Fresh Produce,4.19,7,1.41,31.1,10/09/2025,16:49:27,Credit Card,29.62,0.08,2.4,5.2
THIRD-303223,M,Nottingham,Normal,Female,Baby Products,42.24,4,8.12,179.13,07/11/2025,15:24:50,Credit Card,170.6,0.18,31.01,6.0
THIRD-303224,P,Coventry,Member,Female,Beverages,4.95,6,1.43,31.49,04/07/2025,16:04:32,Cash,29.99,0.13,3.93,5.7
THIRD-303225,N,Leicester,Member,Female,Bakery,3.65,3,0.53,11.61,26/06/2025,15:26:00,Credit Card,11.06,0.11,1.23,7.7
THIRD-303226,M,Nottingham,Member,Male,Frozen Foods,1.89,7,0.64,14.05,10/05/2025,16:23:14,Debit Card,13.38,0.1,1.35,6.7
THIRD-303227,N,Leicester,Normal,Female,Frozen Foods,11.9,5,2.86,63.06,25/02/2025,19:51:13,Mobile Wallet,60.06,0.1,6.06,4.6
THIRD-303228,M,Nottingham,Normal,Female,Health & Wellness,37.34,8,14.36,316.64,23/08/2025,15:41:59,Debit Card,301.56,0.24,73.07,6.1
THIRD-303229,P,Coventry,Member,Female,Dairy & Eggs,4.23,4,0.81,17.94,29/10/2025,10:02:32,Credit Card,17.09,0.07,1.21,6.1
THIRD-303230,M,Nottingham,Member,Male,Personal Care,15.28,8,5.88,129.57,11/03/2025,10:39:31,Credit Card,123.4,0.21,26.16,6.5
THIRD-303231,M,Nottingham,Normal,Female,Bakery,7.17,7,2.41,53.17,17/08/2025,12:33:42,Debit Card,50.64,0.11,5.63,7.6
THIRD-303232,N,Leicester,Normal,Male,Household,11.24,7,3.78,83.42,13/04/2025,16:22:29,Credit Card,79.45,0.19,15.24,6.3
THIRD-303233,P,Coventry,Member,Male,Bakery,3.93,6,1.13,25.0,14/06/2025,11:55:49,Credit Card,23.81,0.11,2.64,7.8
THIRD-303234,N,Leicester,Member,Male,Fresh Produce,9.52,2,0.92,20.18,18/03/2025,21:28:56,Mobile Wallet,19.22,0.08,1.55,7.9
THIRD-303235,N,Leicester,Member,Female,Snacks,2.79,2,0.27,5.91,16/03/2025,16:19:55,Debit Card,5.63,0.17,0.96,7.6
THIRD-303236,P,Coventry,Normal,Male,Snacks,2.37,12,1.37,30.17,31/10/2025,08:37:09,Cash,28.73,0.17,4.93,6.5
THIRD-303237,P,Coventry,Normal,Male,Snacks,3.88,5,0.93,20.56,08/03/2025,17:29:15,Mobile Wallet,19.58,0.17,3.36,5.1
THIRD-303238,N,Leicester,Member,Female,Frozen Foods,15.9,5,3.82,84.28,28/09/2025,17:54:32,Credit Card,80.27,0.1,8.11,6.1
THIRD-303239,M,Nottingham,Normal,Male,Household,15.33,6,4.42,97.5,28/06/2025,20:28:28,Credit Card,92.86,0.19,17.81,5.4
THIRD-303240,P,Coventry,Member,Female,Bakery,10.11,9,4.37,96.44,26/08/2025,18:38:20,Debit Card,91.85,0.11,10.2,8.4
THIRD-303241,N,Leicester,Member,Male,Health & Wellness,30.27,5,7.28,160.47,24/08/2025,12:15:10,Credit Card,152.83,0.24,37.03,6.4
THIRD-303242,P,Coventry,Normal,Female,Bakery,8.12,1,0.39,8.61,29/04/2025,08:06:43,Debit Card,8.2,0.11,0.91,7.6
THIRD-303243,N,Leicester,Normal,Male,Fresh Produce,9.11,6,2.63,57.95,11/03/2025,18:48:08,Debit Card,55.19,0.08,4.45,4.8
THIRD-303244,N,Leicester,Normal,Male,Baby Products,42.31,6,12.2,269.09,20/10/2025,10:37:50,Credit Card,256.28,0.18,46.57,6.0
THIRD-303245,N,Leicester,Normal,Male,Personal Care,25.98,5,6.25,137.71,28/10/2025,19:52:53,Credit Card,131.15,0.21,27.8,5.1
THIRD-303246,M,Nottingham,Member,Male,Personal Care,17.7,11,9.36,206.41,13/02/2025,15:14:35,Debit Card,196.58,0.21,41.68,7.7
THIRD-303247,P,Coventry,Normal,Male,Beverages,9.95,5,2.39,52.75,21/11/2025,16:55:15,Cash,50.24,0.13,6.59,5.3
THIRD-303248,P,Coventry,Member,Female,Household,20.63,5,4.96,109.37,22/01/2025,16:52:23,Debit Card,104.16,0.19,19.98,5.1
THIRD-303249,M,Nottingham,Normal,Female,Bakery,1.54,8,0.59,13.05,20/02/2025,13:30:08,Debit Card,12.43,0.11,1.38,5.9
THIRD-303250,P,Coventry,Member,Female,Snacks,5.57,3,0.8,17.72,23/10/2025,10:08:46,Mobile Wallet,16.88,0.17,2.89,6.1
THIRD-303251,N,Leicester,Normal,Male,Frozen Foods,9.93,3,1.43,31.58,06/02/2025,17:06:25,Debit Card,30.08,0.1,3.04,6.8
THIRD-303252,M,Nottingham,Member,Male,Household,10.48,1,0.5,11.11,15/07/2025,12:13:23,Cash,10.58,0.19,2.04,7.9
THIRD-303253,N,Leicester,Member,Female,Beverages,12.12,3,1.75,38.54,28/08/2025,16:12:23,Credit Card,36.7,0.13,4.81,6.8
THIRD-303254,P,Coventry,Member,Female,Dairy & Eggs,5.94,2,0.57,12.59,05/06/2025,12:04:23,Debit Card,11.99,0.07,0.85,6.7
THIRD-303255,M,Nottingham,Member,Female,Snacks,5.77,3,0.83,18.35,08/03/2025,12:15:33,Cash,17.48,0.17,3.0,5.8
THIRD-303256,N,Leicester,Member,Male,Dairy & Eggs,3.93,2,0.38,8.34,02/08/2025,16:34:58,Debit Card,7.94,0.07,0.56,6.0
THIRD-303257,M,Nottingham,Member,Female,Household,22.45,10,10.8,238.04,21/01/2025,11:02:32,Debit Card,226.7,0.19,43.48,6.4
THIRD-303258,P,Coventry,Member,Female,Beverages,6.66,6,1.92,42.34,22/08/2025,13:22:13,Debit Card,40.32,0.13,5.29,7.1
THIRD-303259,N,Leicester,Member,Female,Dairy & Eggs,4.99,5,1.2,26.46,05/07/2025,16:54:17,Debit Card,25.2,0.07,1.78,6.4
THIRD-303260,N,Leicester,Normal,Male,Frozen Foods,10.7,3,1.54,34.03,29/12/2025,15:05:52,Mobile Wallet,32.41,0.1,3.28,7.5
THIRD-303261,N,Leicester,Member,Male,Beverages,1.25,12,0.72,15.88,21/06/2025,14:57:38,Cash,15.12,0.13,1.98,7.2
THIRD-303262,N,Leicester,Normal,Female,Beverages,7.72,4,1.48,32.72,13/01/2025,14:17:13,Cash,31.16,0.13,4.09,7.3
THIRD-303263,P,Coventry,Normal,Male,Household,3.43,9,1.49,32.75,22/01/2025,18:40:12,Debit Card,31.18,0.19,5.98,7.2
THIRD-303264,M,Nottingham,Member,Female,Baby Products,28.3,10,13.61,300.0,23/10/2025,13:38:35,Credit Card,285.71,0.18,51.92,5.4
THIRD-303265,P,Coventry,Member,Female,Beverages,10.85,5,2.61,57.5,15/08/2025,19:51:00,Debit Card,54.76,0.13,7.19,5.6
THIRD-303266,M,Nottingham,Normal,Female,Fresh Produce,2.6,8,1.0,22.05,31/10/2025,19:07:37,Mobile Wallet,21.0,0.08,1.7,8.2
THIRD-303267,M,Nottingham,Member,Male,Household,12.7,8,4.88,107.69,16/12/2025,18:01:59,Debit Card,102.56,0.19,19.67,5.2
THIRD-303268,M,Nottingham,Normal,Male,Frozen Foods,7.08,4,1.36,30.03,11/03/2025,17:48:02,Mobile Wallet,28.6,0.1,2.88,5.3
THIRD-303269,P,Coventry,Member,Female,Baby Products,33.47,1,1.61,35.48,27/02/2025,19:50:27,Mobile Wallet,33.79,0.18,6.14,6.2
THIRD-303270,P,Coventry,Member,Female,Bakery,4.61,5,1.11,24.42,21/08/2025,18:29:23,Credit Card,23.26,0.11,2.59,6.5
THIRD-303271,M,Nottingham,Normal,Male,Baby Products,6.69,13,4.18,92.16,12/07/2025,13:11:06,Credit Card,87.77,0.18,15.95,5.9
THIRD-303272,P,Coventry,Member,Female,Fresh Produce,8.84,7,2.98,65.6,14/03/2025,12:55:23,Debit Card,62.48,0.08,5.05,6.5
THIRD-303273,P,Coventry,Member,Female,Household,13.36,8,5.14,113.34,03/11/2025,19:16:17,Mobile Wallet,107.94,0.19,20.7,6.1
THIRD-303274,M,Nottingham,Member,Male,Bakery,3.31,7,1.11,24.54,05/05/2025,19:03:32,Mobile Wallet,23.37,0.11,2.6,6.9
THIRD-303275,M,Nottingham,Normal,Female,Baby Products,15.42,4,2.97,65.4,14/08/2025,20:15:53,Mobile Wallet,62.29,0.18,11.32,6.1
THIRD-303276,P,Coventry,Member,Female,Snacks,3.78,10,1.81,40.02,21/06/2025,16:07:58,Debit Card,38.12,0.17,6.54,5.9
THIRD-303277,P,Coventry,Member,Male,Household,16.29,2,1.57,34.53,08/02/2025,08:20:41,Credit Card,32.89,0.19,6.31,6.7
THIRD-303278,M,Nottingham,Member,Male,Baby Products,33.79,8,13.0,286.57,20/03/2025,10:09:40,Debit Card,272.92,0.18,49.6,8.2
THIRD-303279,P,Coventry,Member,Male,Baby Products,34.27,4,6.59,145.31,06/10/2025,18:02:03,Mobile Wallet,138.39,0.18,25.14,8.5
THIRD-303280,P,Coventry,Member,Female,Health & Wellness,19.48,4,3.75,82.6,29/06/2025,15:11:25,Credit Card,78.67,0.24,19.06,8.2
THIRD-303281,M,Nottingham,Member,Female,Personal Care,21.36,6,6.16,135.87,12/09/2025,18:01:45,Mobile Wallet,129.4,0.21,27.43,6.7
THIRD-303282,N,Leicester,Member,Female,Dairy & Eggs,5.49,7,1.85,40.75,08/05/2025,13:20:09,Mobile Wallet,38.81,0.07,2.75,7.5
THIRD-303283,M,Nottingham,Member,Female,Bakery,7.95,9,3.44,75.81,08/03/2025,10:38:07,Credit Card,72.2,0.11,8.01,6.6
THIRD-303284,N,Leicester,Normal,Female,Household,23.18,6,6.69,147.45,13/08/2025,18:48:47,Credit Card,140.43,0.19,26.93,6.0
THIRD-303285,N,Leicester,Member,Female,Frozen Foods,6.4,7,2.15,47.46,07/09/2025,20:33:13,Mobile Wallet,45.2,0.1,4.56,6.2
THIRD-303286,P,Coventry,Normal,Male,Frozen Foods,8.68,4,1.67,36.82,06/03/2025,17:20:37,Mobile Wallet,35.07,0.1,3.54,5.3
THIRD-303287,M,Nottingham,Member,Female,Dairy & Eggs,3.03,5,0.73,16.04,27/08/2025,20:53:00,Mobile Wallet,15.28,0.07,1.08,4.9
THIRD-303288,N,Leicester,Member,Male,Fresh Produce,6.91,1,0.33,7.32,18/06/2025,20:23:46,Credit Card,6.97,0.08,0.56,6.1
THIRD-303289,P,Coventry,Member,Male,Beverages,11.07,7,3.72,82.11,18/03/2025,14:49:35,Cash,78.2,0.13,10.26,5.5
THIRD-303290,P,Coventry,Member,Male,Personal Care,7.63,2,0.73,16.18,26/11/2025,15:03:48,Cash,15.41,0.21,3.26,6.7
THIRD-303291,M,Nottingham,Normal,Male,Dairy & Eggs,7.77,4,1.49,32.94,29/04/2025,14:11:24,Debit Card,31.37,0.07,2.22,7.8
THIRD-303292,M,Nottingham,Member,Female,Beverages,1.93,7,0.65,14.35,10/10/2025,10:29:19,Credit Card,13.67,0.13,1.79,8.2
THIRD-303293,M,Nottingham,Normal,Female,Beverages,6.52,1,0.31,6.91,31/10/2025,12:11:05,Mobile Wallet,6.58,0.13,0.87,6.5
THIRD-303294,P,Coventry,Normal,Male,Frozen Foods,10.51,7,3.54,78.03,12/04/2025,12:40:39,Debit Card,74.31,0.1,7.5,5.4
THIRD-303295,M,Nottingham,Member,Male,Baby Products,37.39,3,5.39,118.9,05/06/2025,18:55:27,Debit Card,113.24,0.18,20.57,6.3
THIRD-303296,P,Coventry,Member,Female,Snacks,3.0,3,0.43,9.52,06/02/2025,16:56:18,Credit Card,9.07,0.17,1.56,7.1
THIRD-303297,M,Nottingham,Member,Female,Frozen Foods,5.27,8,2.03,44.72,27/08/2025,14:43:31,Credit Card,42.59,0.1,4.3,6.5
THIRD-303298,P,Coventry,Normal,Female,Bakery,5.71,6,1.65,36.32,25/02/2025,13:35:42,Debit Card,34.59,0.11,3.84,5.5
THIRD-303299,M,Nottingham,Member,Male,Frozen Foods,14.32,7,4.82,106.27,02/10/2025,12:02:01,Credit Card,101.21,0.1,10.22,7.2
THIRD-303300,M,Nottingham,Normal,Male,Snacks,1.24,8,0.48,10.5,19/01/2025,15:41:10,Debit Card,10.0,0.17,1.72,5.3
THIRD-303301,P,Coventry,Member,Male,Beverages,15.02,10,7.22,159.2,09/09/2025,10:59:24,Credit Card,151.62,0.13,19.9,7.5
THIRD-303302,N,Leicester,Normal,Male,Personal Care,13.36,3,1.93,42.5,07/03/2025,18:06:23,Cash,40.48,0.21,8.59,7.0
THIRD-303303,P,Coventry,Normal,Female,Household,7.22,3,1.04,22.95,05/05/2025,14:20:01,Mobile Wallet,21.86,0.19,4.2,7.3
THIRD-303304,P,Coventry,Member,Female,Beverages,11.06,6,3.19,70.32,26/04/2025,18:52:30,Credit Card,66.97,0.13,8.79,6.2
THIRD-303305,N,Leicester,Member,Male,Baby Products,18.92,3,2.73,60.16,16/07/2025,17:38:27,Credit Card,57.3,0.18,10.41,6.3
THIRD-303306,M,Nottingham,Member,Male,Fresh Produce,4.56,1,0.22,4.83,27/06/2025,14:38:57,Debit Card,4.6,0.08,0.37,7.4
THIRD-303307,M,Nottingham,Member,Female,Fresh Produce,4.91,3,0.71,15.61,25/04/2025,15:01:24,Mobile Wallet,14.87,0.08,1.2,7.8
THIRD-303308,M,Nottingham,Normal,Female,Frozen Foods,8.62,7,2.9,63.98,02/09/2025,13:57:43,Credit Card,60.93,0.1,6.15,7.4
THIRD-303309,M,Nottingham,Normal,Male,Bakery,4.16,3,0.6,13.23,01/05/2025,15:48:06,Cash,12.6,0.11,1.4,7.1
THIRD-303310,M,Nottingham,Normal,Male,Frozen Foods,10.68,6,3.08,67.94,17/07/2025,14:35:50,Mobile Wallet,64.7,0.1,6.53,7.3
THIRD-303311,M,Nottingham,Member,Male,Health & Wellness,31.63,5,7.6,167.63,09/02/2025,19:32:43,Mobile Wallet,159.65,0.24,38.68,5.1
THIRD-303312,P,Coventry,Normal,Female,Personal Care,22.58,1,1.09,23.94,12/06/2025,15:46:35,Cash,22.8,0.21,4.83,6.5
THIRD-303313,N,Leicester,Member,Male,Dairy & Eggs,6.75,2,0.65,14.31,03/05/2025,15:08:12,Mobile Wallet,13.63,0.07,0.96,8.2
THIRD-303314,M,Nottingham,Normal,Female,Household,11.78,3,1.7,37.47,02/01/2025,21:46:27,Credit Card,35.69,0.19,6.85,6.8
THIRD-303315,M,Nottingham,Normal,Male,Snacks,0.79,4,0.15,3.35,26/03/2025,18:34:31,Mobile Wallet,3.19,0.17,0.55,6.8
THIRD-303316,M,Nottingham,Normal,Male,Snacks,5.64,4,1.08,23.9,02/12/2025,20:20:31,Debit Card,22.76,0.17,3.91,4.2
THIRD-303317,P,Coventry,Member,Female,Fresh Produce,1.75,13,1.09,24.08,08/10/2025,12:55:51,Credit Card,22.93,0.08,1.86,5.7
THIRD-303318,P,Coventry,Member,Female,Household,17.95,7,6.04,133.2,12/11/2025,20:18:45,Cash,126.86,0.19,24.34,7.7
THIRD-303319,N,Leicester,Member,Male,Dairy & Eggs,3.05,9,1.32,29.07,04/07/2025,19:01:30,Credit Card,27.69,0.07,1.96,6.5
THIRD-303320,N,Leicester,Normal,Male,Household,17.89,8,6.88,151.7,01/01/2025,14:21:10,Debit Card,144.48,0.19,27.71,5.6
THIRD-303321,M,Nottingham,Member,Female,Fresh Produce,8.48,5,2.04,44.93,14/09/2025,15:25:16,Credit Card,42.79,0.08,3.46,5.5
THIRD-303322,M,Nottingham,Normal,Male,Frozen Foods,16.58,5,3.99,87.87,10/08/2025,20:41:15,Mobile Wallet,83.68,0.1,8.45,7.0
THIRD-303323,M,Nottingham,Normal,Male,Health & Wellness,24.63,7,8.29,182.75,23/05/2025,18:02:02,Cash,174.05,0.24,42.17,5.2
THIRD-303324,P,Coventry,Member,Female,Household,7.35,1,0.35,7.79,02/03/2025,19:48:59,Credit Card,7.42,0.19,1.42,6.0
THIRD-303325,M,Nottingham,Normal,Female,Personal Care,20.96,1,1.01,22.22,12/01/2025,12:20:52,Cash,21.16,0.21,4.48,7.4
THIRD-303326,P,Coventry,Member,Male,Fresh Produce,3.13,6,0.9,19.91,24/11/2025,13:21:14,Credit Card,18.96,0.08,1.53,7.4
THIRD-303327,P,Coventry,Member,Male,Frozen Foods,2.62,3,0.38,8.34,30/10/2025,16:26:40,Credit Card,7.94,0.1,0.81,7.0
THIRD-303328,M,Nottingham,Normal,Male,Dairy & Eggs,3.34,5,0.8,17.69,13/01/2025,16:54:01,Credit Card,16.85,0.07,1.19,7.6
THIRD-303329,N,Leicester,Normal,Male,Dairy & Eggs,4.57,9,1.98,43.56,19/11/2025,11:16:48,Credit Card,41.49,0.07,2.94,4.4
THIRD-303330,P,Coventry,Normal,Female,Household,12.02,10,5.78,127.45,17/11/2025,11:49:21,Cash,121.38,0.19,23.28,7.8
THIRD-303331,M,Nottingham,Member,Female,Household,4.76,2,0.46,10.1,23/04/2025,16:23:52,Debit Card,9.62,0.19,1.84,5.3
THIRD-303332,N,Leicester,Member,Male,Fresh Produce,9.13,11,4.83,106.48,23/06/2025,11:19:59,Mobile Wallet,101.41,0.08,8.19,6.6
THIRD-303333,M,Nottingham,Normal,Female,Bakery,2.0,2,0.19,4.23,02/03/2025,18:46:47,Debit Card,4.03,0.11,0.45,6.0
THIRD-303334,M,Nottingham,Normal,Male,Health & Wellness,16.38,2,1.58,34.73,27/03/2025,09:44:47,Mobile Wallet,33.08,0.24,8.01,5.7
THIRD-303335,N,Leicester,Member,Male,Health & Wellness,18.26,2,1.76,38.72,11/03/2025,16:20:17,Mobile Wallet,36.88,0.24,8.94,7.1
THIRD-303336,P,Coventry,Member,Male,Health & Wellness,17.04,9,7.37,162.53,04/09/2025,20:27:12,Credit Card,154.79,0.24,37.5,9.9
THIRD-303337,M,Nottingham,Normal,Female,Dairy & Eggs,1.44,9,0.62,13.69,08/02/2025,12:57:12,Credit Card,13.04,0.07,0.92,5.3
THIRD-303338,N,Leicester,Member,Male,Dairy & Eggs,8.0,2,0.77,16.96,04/11/2025,20:23:41,Debit Card,16.15,0.07,1.14,6.6
THIRD-303339,M,Nottingham,Member,Female,Baby Products,31.0,4,5.96,131.46,12/09/2025,12:34:33,Credit Card,125.2,0.18,22.75,6.5
THIRD-303340,P,Coventry,Normal,Female,Snacks,4.16,3,0.6,13.23,21/07/2025,17:40:04,Credit Card,12.6,0.17,2.16,6.5
THIRD-303341,P,Coventry,Normal,Male,Baby Products,38.56,8,14.83,327.04,01/05/2025,14:38:42,Cash,311.47,0.18,56.6,7.6
THIRD-303342,N,Leicester,Member,Male,Baby Products,6.51,6,1.88,41.41,04/08/2025,17:19:55,Mobile Wallet,39.44,0.18,7.17,7.6
THIRD-303343,M,Nottingham,Normal,Female,Household,22.57,5,5.43,119.63,05/05/2025,09:05:17,Cash,113.93,0.19,21.86,4.8
THIRD-303344,P,Coventry,Member,Male,Bakery,9.01,5,2.17,47.74,27/12/2025,09:29:58,Mobile Wallet,45.46,0.11,5.05,6.4
THIRD-303345,M,Nottingham,Normal,Female,Dairy & Eggs,2.93,2,0.28,6.22,23/04/2025,11:35:23,Debit Card,5.92,0.07,0.41,7.2
THIRD-303346,N,Leicester,Member,Female,Baby Products,48.44,6,13.97,308.12,28/12/2025,16:37:28,Credit Card,293.45,0.18,53.33,7.9
THIRD-303347,M,Nottingham,Member,Male,Frozen Foods,11.86,2,1.14,25.14,01/11/2025,14:34:36,Debit Card,23.94,0.1,2.42,6.2
THIRD-303348,P,Coventry,Member,Male,Bakery,5.69,4,1.09,24.12,01/08/2025,13:33:44,Mobile Wallet,22.97,0.11,2.55,6.8
THIRD-303349,P,Coventry,Member,Male,Snacks,6.05,4,1.16,25.66,18/07/2025,13:07:38,Debit Card,24.44,0.17,4.2,6.0
THIRD-303350,N,Leicester,Normal,Female,Dairy & Eggs,2.07,2,0.2,4.39,07/02/2025,16:44:57,Cash,4.18,0.07,0.3,5.9
THIRD-303351,N,Leicester,Member,Female,Dairy & Eggs,6.07,2,0.58,12.87,02/02/2025,18:17:56,Credit Card,12.26,0.07,0.87,8.9
THIRD-303352,P,Coventry,Normal,Male,Fresh Produce,8.59,6,2.48,54.64,25/03/2025,12:58:30,Mobile Wallet,52.04,0.08,4.2,6.3
THIRD-303353,M,Nottingham,Normal,Female,Dairy & Eggs,6.98,9,3.02,66.58,01/01/2025,15:15:41,Debit Card,63.41,0.07,4.48,7.1
THIRD-303354,P,Coventry,Member,Male,Bakery,6.04,5,1.45,32.02,11/01/2025,13:59:02,Debit Card,30.5,0.11,3.39,5.7
THIRD-303355,P,Coventry,Normal,Female,Frozen Foods,11.36,2,1.09,24.08,04/01/2025,11:06:31,Credit Card,22.93,0.1,2.31,6.9
THIRD-303356,P,Coventry,Normal,Female,Bakery,3.18,1,0.15,3.37,28/05/2025,11:48:19,Cash,3.21,0.11,0.36,7.6
THIRD-303357,M,Nottingham,Member,Male,Dairy & Eggs,5.6,7,1.88,41.52,14/08/2025,10:39:05,Cash,39.54,0.07,2.8,5.7
THIRD-303358,P,Coventry,Normal,Male,Bakery,6.13,13,3.83,84.42,15/11/2025,13:59:27,Debit Card,80.4,0.11,8.93,7.1
THIRD-303359,M,Nottingham,Normal,Male,Baby Products,22.05,7,7.42,163.61,20/06/2025,13:51:31,Mobile Wallet,155.82,0.18,28.31,5.0
THIRD-303360,N,Leicester,Normal,Female,Snacks,2.94,6,0.85,18.72,06/12/2025,16:13:53,Credit Card,17.83,0.17,3.06,6.5
THIRD-303361,P,Coventry,Member,Female,Frozen Foods,18.31,6,5.28,116.49,04/03/2025,14:04:44,Debit Card,110.94,0.1,11.2,6.2
THIRD-303362,M,Nottingham,Normal,Male,Bakery,4.12,3,0.59,13.09,26/03/2025,15:33:45,Credit Card,12.47,0.11,1.39,6.1
THIRD-303363,M,Nottingham,Normal,Male,Baby Products,18.23,11,9.64,212.59,31/07/2025,13:19:34,Credit Card,202.47,0.18,36.79,6.2
THIRD-303364,P,Coventry,Member,Male,Beverages,6.92,7,2.33,51.32,17/02/2025,13:57:54,Mobile Wallet,48.88,0.13,6.41,6.4
THIRD-303365,N,Leicester,Member,Female,Dairy & Eggs,6.09,2,0.59,12.93,18/02/2025,12:51:52,Mobile Wallet,12.31,0.07,0.87,5.4
THIRD-303366,N,Leicester,Member,Female,Baby Products,41.49,2,3.99,87.96,16/08/2025,17:33:46,Cash,83.77,0.18,15.22,6.3
THIRD-303367,P,Coventry,Normal,Male,Snacks,1.41,5,0.34,7.5,15/02/2025,17:16:03,Mobile Wallet,7.14,0.17,1.23,6.9
THIRD-303368,M,Nottingham,Normal,Male,Fresh Produce,1.91,6,0.55,12.17,31/05/2025,19:14:19,Debit Card,11.59,0.08,0.93,4.8
THIRD-303369,M,Nottingham,Member,Female,Fresh Produce,1.31,1,0.06,1.39,09/09/2025,15:42:03,Credit Card,1.32,0.08,0.11,7.1
THIRD-303370,N,Leicester,Member,Female,Snacks,3.48,11,1.84,40.62,06/08/2025,19:19:44,Credit Card,38.69,0.17,6.64,6.4
THIRD-303371,M,Nottingham,Normal,Female,Household,20.45,4,3.93,86.7,21/04/2025,13:26:20,Credit Card,82.57,0.19,15.84,6.9
THIRD-303372,M,Nottingham,Normal,Male,Bakery,7.89,7,2.66,58.58,22/10/2025,17:26:48,Mobile Wallet,55.79,0.11,6.19,6.5
THIRD-303373,P,Coventry,Member,Female,Bakery,8.87,6,2.56,56.43,30/08/2025,19:02:31,Mobile Wallet,53.74,0.11,5.97,7.8
THIRD-303374,N,Leicester,Member,Male,Dairy & Eggs,5.44,7,1.83,40.36,25/01/2025,16:08:13,Credit Card,38.44,0.07,2.71,6.8
THIRD-303375,M,Nottingham,Normal,Female,Frozen Foods,10.54,4,2.03,44.68,22/12/2025,15:15:12,Mobile Wallet,42.55,0.1,4.29,7.4
THIRD-303376,M,Nottingham,Normal,Female,Dairy & Eggs,6.71,1,0.32,7.11,07/08/2025,15:00:37,Credit Card,6.77,0.07,0.48,5.4
THIRD-303377,P,Coventry,Member,Male,Baby Products,14.96,3,2.16,47.56,19/11/2025,11:20:59,Credit Card,45.3,0.18,8.24,6.8
THIRD-303378,P,Coventry,Member,Female,Frozen Foods,15.62,6,4.51,99.36,10/03/2025,21:19:33,Credit Card,94.63,0.1,9.55,8.6
THIRD-303379,M,Nottingham,Normal,Male,Dairy & Eggs,6.86,3,0.99,21.83,07/10/2025,17:04:26,Debit Card,20.79,0.07,1.47,7.0
THIRD-303380,P,Coventry,Member,Female,Household,13.49,4,2.59,57.19,21/06/2025,11:42:22,Cash,54.47,0.19,10.45,8.8
THIRD-303381,M,Nottingham,Normal,Female,Baby Products,9.28,1,0.45,9.84,25/10/2025,14:49:28,Debit Card,9.37,0.18,1.71,6.8
THIRD-303382,M,Nottingham,Member,Female,Baby Products,15.08,2,1.45,31.97,24/07/2025,18:47:47,Credit Card,30.45,0.18,5.53,7.8
THIRD-303383,P,Coventry,Member,Male,Fresh Produce,13.25,7,4.46,98.32,28/11/2025,09:24:33,Credit Card,93.64,0.08,7.56,6.3
THIRD-303384,N,Leicester,Normal,Female,Baby Products,29.33,1,1.41,31.09,17/10/2025,09:07:40,Debit Card,29.61,0.18,5.38,5.7
THIRD-303385,N,Leicester,Normal,Male,Personal Care,6.62,9,2.87,63.21,02/03/2025,14:12:48,Debit Card,60.2,0.21,12.76,6.8
THIRD-303386,P,Coventry,Normal,Male,Household,10.85,4,2.09,46.0,01/01/2025,11:39:58,Credit Card,43.81,0.19,8.41,6.3
THIRD-303387,N,Leicester,Member,Female,Baby Products,28.0,6,8.08,178.08,12/09/2025,11:40:01,Credit Card,169.6,0.18,30.81,5.6
THIRD-303388,P,Coventry,Normal,Female,Dairy & Eggs,4.85,7,1.63,35.96,08/09/2025,14:58:55,Cash,34.25,0.07,2.42,8.3
THIRD-303389,M,Nottingham,Member,Male,Baby Products,14.84,3,2.14,47.2,27/09/2025,14:35:37,Mobile Wallet,44.95,0.18,8.17,6.3
THIRD-303390,N,Leicester,Normal,Female,Fresh Produce,6.41,8,2.46,54.33,12/06/2025,20:32:31,Mobile Wallet,51.74,0.08,4.18,5.5
THIRD-303391,N,Leicester,Member,Male,Frozen Foods,9.38,2,0.9,19.89,24/03/2025,13:34:47,Mobile Wallet,18.94,0.1,1.91,6.7
THIRD-303392,P,Coventry,Member,Male,Health & Wellness,15.38,7,5.18,114.15,19/08/2025,21:21:40,Debit Card,108.71,0.24,26.34,4.5
THIRD-303393,M,Nottingham,Member,Female,Baby Products,36.14,12,20.85,459.74,16/03/2025,11:54:53,Debit Card,437.85,0.18,79.56,7.6
THIRD-303394,P,Coventry,Normal,Male,Snacks,2.89,7,0.97,21.45,27/06/2025,15:42:44,Mobile Wallet,20.43,0.17,3.51,6.1
THIRD-303395,P,Coventry,Member,Male,Dairy & Eggs,6.23,7,2.1,46.23,29/05/2025,09:25:20,Cash,44.03,0.07,3.12,7.9
THIRD-303396,P,Coventry,Normal,Female,Fresh Produce,5.28,2,0.51,11.2,25/06/2025,13:44:10,Cash,10.67,0.08,0.86,4.5
THIRD-303397,M,Nottingham,Normal,Female,Snacks,4.01,3,0.58,12.77,10/08/2025,10:19:13,Debit Card,12.16,0.17,2.09,5.3
THIRD-303398,N,Leicester,Member,Male,Dairy & Eggs,5.7,3,0.82,18.12,29/07/2025,10:51:27,Cash,17.26,0.07,1.22,7.2
THIRD-303399,P,Coventry,Normal,Female,Dairy & Eggs,4.95,7,1.67,36.74,05/02/2025,19:23:50,Mobile Wallet,34.99,0.07,2.47,6.0
THIRD-303400,M,Nottingham,Normal,Male,Personal Care,9.99,11,5.29,116.55,03/07/2025,14:24:53,Credit Card,111.0,0.21,23.53,5.8
THIRD-303401,M,Nottingham,Member,Male,Frozen Foods,16.54,1,0.8,17.54,06/04/2025,19:28:18,Debit Card,16.7,0.1,1.69,5.8
THIRD-303402,P,Coventry,Member,Male,Household,7.97,5,1.92,42.23,24/03/2025,19:03:48,Credit Card,40.21,0.19,7.72,8.2
THIRD-303403,N,Leicester,Normal,Male,Frozen Foods,14.92,2,1.44,31.65,12/01/2025,13:37:12,Mobile Wallet,30.14,0.1,3.04,7.5
THIRD-303404,N,Leicester,Normal,Female,Personal Care,20.11,4,3.87,85.29,25/02/2025,12:10:21,Credit Card,81.23,0.21,17.23,6.4
THIRD-303405,P,Coventry,Member,Female,Bakery,3.01,8,1.16,25.49,09/11/2025,16:50:24,Mobile Wallet,24.28,0.11,2.69,9.4
THIRD-303406,M,Nottingham,Member,Female,Household,21.75,2,2.09,46.11,29/06/2025,13:57:56,Mobile Wallet,43.91,0.19,8.43,7.8
THIRD-303407,N,Leicester,Member,Male,Household,9.39,6,2.71,59.73,05/08/2025,19:34:42,Credit Card,56.89,0.19,10.91,7.1
THIRD-303408,P,Coventry,Normal,Male,Frozen Foods,3.42,11,1.81,39.9,14/12/2025,12:19:02,Credit Card,38.0,0.1,3.84,6.4
THIRD-303409,N,Leicester,Member,Male,Baby Products,37.55,9,16.25,358.3,15/11/2025,13:27:12,Mobile Wallet,341.24,0.18,62.01,7.6
THIRD-303410,N,Leicester,Normal,Male,Bakery,2.42,3,0.35,7.71,09/10/2025,21:10:04,Cash,7.34,0.11,0.82,6.3
THIRD-303411,P,Coventry,Member,Female,Household,20.32,10,9.77,215.43,21/04/2025,15:23:53,Debit Card,205.17,0.19,39.36,8.1
THIRD-303412,N,Leicester,Member,Female,Household,7.96,4,1.53,33.74,05/06/2025,16:46:04,Debit Card,32.13,0.19,6.16,7.6
THIRD-303413,P,Coventry,Member,Female,Fresh Produce,7.22,5,1.74,38.26,06/06/2025,18:19:47,Debit Card,36.44,0.08,2.95,5.7
THIRD-303414,N,Leicester,Member,Male,Frozen Foods,4.05,7,1.36,30.02,04/03/2025,12:27:11,Credit Card,28.59,0.1,2.88,6.2
THIRD-303415,N,Leicester,Normal,Male,Personal Care,23.97,6,6.92,152.48,21/05/2025,14:08:04,Credit Card,145.22,0.21,30.78,6.5
THIRD-303416,N,Leicester,Member,Female,Health & Wellness,14.56,7,4.9,108.05,21/07/2025,10:48:32,Cash,102.9,0.24,24.93,7.6
THIRD-303417,M,Nottingham,Normal,Male,Beverages,12.71,6,3.67,80.84,18/01/2025,18:43:51,Cash,76.99,0.13,10.1,7.0
THIRD-303418,N,Leicester,Normal,Female,Personal Care,10.69,1,0.51,11.33,22/12/2025,14:42:15,Debit Card,10.79,0.21,2.29,5.7
THIRD-303419,M,Nottingham,Normal,Male,Bakery,6.15,11,3.25,71.67,17/02/2025,16:12:16,Cash,68.26,0.11,7.58,7.6
THIRD-303420,P,Coventry,Member,Female,Fresh Produce,3.09,4,0.59,13.09,07/09/2025,10:46:24,Credit Card,12.47,0.08,1.01,7.9
THIRD-303421,P,Coventry,Normal,Male,Baby Products,8.53,12,4.92,108.49,12/03/2025,12:50:24,Mobile Wallet,103.32,0.18,18.77,5.2
THIRD-303422,M,Nottingham,Member,Male,Snacks,3.52,7,1.18,26.08,05/09/2025,21:11:10,Debit Card,24.84,0.17,4.26,5.7
THIRD-303423,N,Leicester,Normal,Male,Household,6.54,6,1.89,41.61,28/01/2025,14:36:43,Credit Card,39.63,0.19,7.6,5.5
THIRD-303424,M,Nottingham,Member,Male,Personal Care,5.39,3,0.78,17.14,20/07/2025,14:30:43,Credit Card,16.32,0.21,3.46,5.9
THIRD-303425,M,Nottingham,Member,Female,Snacks,1.77,7,0.6,13.12,13/03/2025,15:37:19,Debit Card,12.5,0.17,2.14,7.6
THIRD-303426,N,Leicester,Normal,Female,Beverages,5.15,2,0.5,10.92,13/08/2025,16:18:38,Cash,10.4,0.13,1.37,7.5
THIRD-303427,N,Leicester,Normal,Female,Health & Wellness,7.88,2,0.76,16.72,11/11/2025,19:16:49,Debit Card,15.92,0.24,3.86,5.1
THIRD-303428,N,Leicester,Member,Male,Dairy & Eggs,2.16,4,0.42,9.18,09/11/2025,17:29:38,Debit Card,8.74,0.07,0.61,7.3
THIRD-303429,P,Coventry,Member,Female,Beverages,13.24,1,0.64,14.04,14/04/2025,18:42:14,Mobile Wallet,13.37,0.13,1.75,8.3
THIRD-303430,P,Coventry,Member,Female,Frozen Foods,17.11,6,4.94,108.82,16/12/2025,16:54:48,Credit Card,103.64,0.1,10.46,7.7
THIRD-303431,M,Nottingham,Member,Male,Baby Products,44.08,4,8.48,186.9,12/04/2025,12:03:50,Cash,178.0,0.18,32.34,6.3
THIRD-303432,M,Nottingham,Member,Male,Dairy & Eggs,3.98,11,2.11,46.45,02/05/2025,17:40:21,Mobile Wallet,44.24,0.07,3.13,5.8
THIRD-303433,M,Nottingham,Member,Male,Snacks,1.75,2,0.17,3.71,09/08/2025,18:24:48,Mobile Wallet,3.53,0.17,0.6,8.4
THIRD-303434,N,Leicester,Normal,Male,Household,22.98,1,1.11,24.37,24/01/2025,11:48:33,Debit Card,23.2,0.19,4.45,7.5
THIRD-303435,M,Nottingham,Member,Female,Household,10.81,3,1.56,34.37,03/08/2025,21:30:43,Mobile Wallet,32.73,0.19,6.28,6.9
THIRD-303436,M,Nottingham,Normal,Male,Beverages,14.27,1,0.69,15.13,14/07/2025,16:34:38,Debit Card,14.41,0.13,1.89,6.2
THIRD-303437,P,Coventry,Member,Male,Fresh Produce,9.08,6,2.62,57.75,17/12/2025,09:44:29,Debit Card,55.0,0.08,4.44,6.8
THIRD-303438,N,Leicester,Member,Male,Health & Wellness,16.07,5,3.86,85.17,22/11/2025,17:03:17,Debit Card,81.11,0.24,19.65,5.7
THIRD-303439,N,Leicester,Member,Female,Frozen Foods,16.4,5,3.94,86.93,12/04/2025,15:25:56,Mobile Wallet,82.79,0.1,8.35,5.4
THIRD-303440,P,Coventry,Normal,Female,Bakery,6.77,6,1.95,43.06,30/03/2025,17:13:06,Mobile Wallet,41.01,0.11,4.56,5.2
THIRD-303441,M,Nottingham,Normal,Female,Frozen Foods,4.91,5,1.18,26.02,16/05/2025,14:33:45,Credit Card,24.78,0.1,2.5,5.9
THIRD-303442,N,Leicester,Normal,Female,Baby Products,40.01,4,7.69,169.65,16/10/2025,16:33:50,Credit Card,161.57,0.18,29.36,6.7
THIRD-303443,N,Leicester,Member,Male,Baby Products,5.46,4,1.05,23.15,26/09/2025,12:46:52,Credit Card,22.05,0.18,4.01,5.7
THIRD-303444,N,Leicester,Normal,Female,Household,9.5,2,0.91,20.13,04/09/2025,15:55:05,Mobile Wallet,19.17,0.19,3.68,6.4
THIRD-303445,P,Coventry,Member,Male,Frozen Foods,13.71,8,5.27,116.25,20/04/2025,19:24:15,Cash,110.71,0.1,11.17,7.0
THIRD-303446,N,Leicester,Member,Male,Snacks,2.52,3,0.36,8.0,26/01/2025,17:08:39,Cash,7.62,0.17,1.3,7.0
THIRD-303447,M,Nottingham,Normal,Female,Bakery,5.69,2,0.55,12.06,07/04/2025,19:14:29,Credit Card,11.49,0.11,1.27,6.1
THIRD-303448,N,Leicester,Normal,Male,Snacks,2.64,9,1.14,25.2,10/06/2025,08:51:52,Credit Card,24.0,0.17,4.12,8.3
THIRD-303449,N,Leicester,Normal,Male,Household,11.43,1,0.55,12.12,06/05/2025,12:18:02,Credit Card,11.54,0.19,2.22,4.0
THIRD-303450,M,Nottingham,Normal,Female,Personal Care,22.8,8,8.77,193.34,13/07/2025,14:08:46,Credit Card,184.13,0.21,39.04,6.2
THIRD-303451,N,Leicester,Normal,Female,Household,19.82,1,0.95,21.01,03/09/2025,11:14:00,Cash,20.01,0.19,3.84,6.5
THIRD-303452,N,Leicester,Normal,Female,Health & Wellness,11.76,2,1.13,24.94,06/10/2025,14:40:20,Credit Card,23.75,0.24,5.76,6.3
THIRD-303453,M,Nottingham,Member,Male,Baby Products,19.02,4,3.66,80.66,04/11/2025,13:42:21,Debit Card,76.82,0.18,13.96,7.1
THIRD-303454,N,Leicester,Normal,Female,Snacks,5.98,5,1.44,31.7,01/12/2025,21:05:24,Debit Card,30.19,0.17,5.18,6.4
THIRD-303455,P,Coventry,Normal,Male,Dairy & Eggs,3.68,5,0.89,19.52,10/05/2025,18:06:00,Debit Card,18.58,0.07,1.31,5.1
THIRD-303456,N,Leicester,Member,Female,Frozen Foods,6.82,5,1.64,36.16,25/06/2025,17:20:10,Cash,34.44,0.1,3.48,6.1
THIRD-303457,N,Leicester,Normal,Male,Health & Wellness,8.16,6,2.35,51.92,15/11/2025,16:15:23,Debit Card,49.46,0.24,11.98,7.2
THIRD-303458,P,Coventry,Normal,Male,Household,6.62,1,0.32,7.02,20/07/2025,16:09:16,Debit Card,6.69,0.19,1.28,6.9
THIRD-303459,M,Nottingham,Member,Male,Snacks,4.14,8,1.59,35.1,09/01/2025,16:42:46,Credit Card,33.43,0.17,5.73,8.7
THIRD-303460,M,Nottingham,Member,Male,Bakery,4.97,3,0.72,15.81,09/03/2025,09:05:54,Mobile Wallet,15.06,0.11,1.67,8.2
THIRD-303461,N,Leicester,Normal,Female,Personal Care,4.47,3,0.65,14.23,30/05/2025,11:17:59,Credit Card,13.55,0.21,2.87,7.6
THIRD-303462,P,Coventry,Normal,Female,Snacks,0.77,4,0.15,3.27,28/01/2025,17:20:31,Debit Card,3.11,0.17,0.53,4.5
THIRD-303463,N,Leicester,Normal,Female,Baby Products,13.03,7,4.39,96.7,18/06/2025,14:12:14,Credit Card,92.1,0.18,16.74,4.8
THIRD-303464,N,Leicester,Normal,Male,Health & Wellness,25.57,5,6.15,135.56,29/07/2025,08:28:18,Credit Card,129.1,0.24,31.28,6.1
THIRD-303465,M,Nottingham,Normal,Male,Household,21.41,5,5.15,113.5,11/02/2025,08:49:39,Credit Card,108.1,0.19,20.73,6.9
THIRD-303466,N,Leicester,Normal,Male,Beverages,10.88,6,3.14,69.2,04/12/2025,19:02:11,Cash,65.9,0.13,8.65,7.4
THIRD-303467,N,Leicester,Normal,Male,Snacks,2.31,1,0.11,2.45,07/05/2025,15:21:25,Mobile Wallet,2.33,0.17,0.4,7.5
THIRD-303468,M,Nottingham,Normal,Male,Health & Wellness,26.05,5,6.26,138.09,29/04/2025,17:32:51,Credit Card,131.51,0.24,31.86,6.1
THIRD-303469,M,Nottingham,Normal,Female,Health & Wellness,28.08,5,6.75,148.84,09/07/2025,13:55:55,Debit Card,141.75,0.24,34.34,4.8
THIRD-303470,N,Leicester,Member,Female,Dairy & Eggs,5.08,2,0.49,10.76,22/06/2025,16:37:51,Credit Card,10.25,0.07,0.72,6.4
THIRD-303471,P,Coventry,Member,Female,Beverages,12.06,6,3.48,76.73,26/12/2025,11:21:55,Mobile Wallet,73.08,0.13,9.59,6.1
THIRD-303472,P,Coventry,Normal,Female,Dairy & Eggs,6.56,4,1.26,27.83,09/03/2025,10:47:44,Credit Card,26.5,0.07,1.88,6.2
THIRD-303473,M,Nottingham,Normal,Male,Dairy & Eggs,4.89,4,0.94,20.73,11/02/2025,14:57:56,Mobile Wallet,19.74,0.07,1.4,4.6
THIRD-303474,N,Leicester,Normal,Male,Household,21.33,8,8.2,180.89,01/04/2025,10:15:07,Mobile Wallet,172.28,0.19,33.05,6.4
THIRD-303475,M,Nottingham,Normal,Male,Health & Wellness,20.33,4,3.91,86.22,30/10/2025,17:52:32,Credit Card,82.11,0.24,19.9,5.8
THIRD-303476,P,Coventry,Normal,Female,Frozen Foods,2.64,7,0.89,19.6,10/04/2025,14:12:19,Credit Card,18.67,0.1,1.89,6.5
THIRD-303477,P,Coventry,Member,Male,Fresh Produce,2.57,2,0.25,5.45,24/10/2025,14:20:27,Debit Card,5.19,0.08,0.42,7.8
THIRD-303478,N,Leicester,Member,Male,Fresh Produce,2.59,4,0.5,10.98,18/12/2025,10:35:56,Mobile Wallet,10.46,0.08,0.85,8.2
THIRD-303479,P,Coventry,Member,Female,Snacks,4.76,4,0.92,20.2,25/11/2025,12:16:25,Debit Card,19.24,0.17,3.3,6.7
THIRD-303480,P,Coventry,Member,Male,Snacks,6.04,2,0.58,12.81,23/07/2025,16:03:38,Mobile Wallet,12.2,0.17,2.1,6.9
THIRD-303481,P,Coventry,Normal,Female,Fresh Produce,5.98,1,0.29,6.34,11/05/2025,18:26:46,Cash,6.04,0.08,0.49,7.2
THIRD-303482,P,Coventry,Normal,Male,Snacks,6.19,10,2.98,65.6,29/09/2025,12:02:30,Credit Card,62.48,0.17,10.73,6.3
THIRD-303483,N,Leicester,Member,Male,Baby Products,36.29,3,5.23,115.4,18/02/2025,13:28:00,Cash,109.9,0.18,19.97,5.0
THIRD-303484,M,Nottingham,Normal,Male,Frozen Foods,8.14,8,3.13,69.06,08/07/2025,17:14:36,Credit Card,65.77,0.1,6.64,7.0
THIRD-303485,P,Coventry,Member,Female,Snacks,5.87,9,2.54,55.96,30/04/2025,10:21:21,Debit Card,53.3,0.17,9.15,6.7
THIRD-303486,P,Coventry,Member,Female,Dairy & Eggs,3.96,9,1.71,37.8,20/07/2025,16:22:20,Credit Card,36.0,0.07,2.54,7.1
THIRD-303487,N,Leicester,Normal,Male,Dairy & Eggs,6.79,9,2.94,64.8,28/01/2025,21:49:00,Cash,61.71,0.07,4.36,5.2
THIRD-303488,N,Leicester,Normal,Male,Snacks,5.03,2,0.48,10.67,03/05/2025,14:58:34,Debit Card,10.16,0.17,1.75,7.4
THIRD-303489,M,Nottingham,Normal,Female,Fresh Produce,5.26,6,1.52,33.47,08/07/2025,14:27:43,Debit Card,31.88,0.08,2.58,7.9
THIRD-303490,N,Leicester,Normal,Female,Health & Wellness,11.17,4,2.15,47.37,16/10/2025,20:41:40,Debit Card,45.11,0.24,10.93,6.0
THIRD-303491,M,Nottingham,Member,Female,Snacks,6.22,7,2.09,46.15,18/03/2025,13:50:22,Cash,43.95,0.17,7.55,6.3
THIRD-303492,N,Leicester,Normal,Male,Bakery,1.39,1,0.07,1.48,07/02/2025,17:05:26,Credit Card,1.41,0.11,0.16,5.7
THIRD-303493,N,Leicester,Normal,Male,Bakery,9.94,12,5.74,126.48,08/12/2025,14:26:25,Debit Card,120.46,0.11,13.38,6.3
THIRD-303494,P,Coventry,Normal,Female,Bakery,4.67,10,2.25,49.51,09/05/2025,20:32:37,Debit Card,47.14,0.11,5.24,6.8
THIRD-303495,M,Nottingham,Normal,Male,Dairy & Eggs,5.24,3,0.76,16.67,08/05/2025,14:07:44,Debit Card,15.88,0.07,1.12,7.3
THIRD-303496,P,Coventry,Normal,Male,Household,16.42,5,3.95,87.05,27/02/2025,18:28:07,Debit Card,82.9,0.19,15.9,7.3
THIRD-303497,P,Coventry,Normal,Female,Personal Care,26.54,1,1.28,28.14,18/01/2025,12:57:32,Credit Card,26.8,0.21,5.68,6.4
THIRD-303498,M,Nottingham,Member,Female,Household,5.66,1,0.27,6.0,28/05/2025,13:44:51,Cash,5.71,0.19,1.09,6.9
THIRD-303499,M,Nottingham,Normal,Male,Fresh Produce,9.42,1,0.45,9.99,06/04/2025,21:43:49,Credit Card,9.51,0.08,0.76,6.4
THIRD-303500,N,Leicester,Normal,Female,Frozen Foods,15.86,8,6.1,134.5,19/02/2025,10:15:54,Cash,128.1,0.1,12.93,7.0
THIRD-303501,M,Nottingham,Member,Male,Household,16.85,3,2.43,53.58,25/06/2025,18:02:20,Debit Card,51.03,0.19,9.78,6.3
THIRD-303502,P,Coventry,Member,Male,Bakery,3.78,6,1.09,24.01,07/10/2025,09:17:42,Debit Card,22.87,0.11,2.54,7.0
THIRD-303503,M,Nottingham,Member,Female,Bakery,7.06,7,2.38,52.41,10/12/2025,20:18:00,Mobile Wallet,49.91,0.11,5.54,7.8
THIRD-303504,M,Nottingham,Member,Male,Household,15.13,6,4.37,96.25,07/05/2025,19:13:38,Cash,91.66,0.19,17.59,7.4
THIRD-303505,P,Coventry,Normal,Male,Baby Products,41.94,1,2.02,44.47,10/06/2025,14:52:37,Debit Card,42.35,0.18,7.7,4.3
THIRD-303506,N,Leicester,Member,Male,Frozen Foods,10.72,11,5.67,125.03,04/11/2025,13:43:20,Credit Card,119.08,0.1,12.02,7.0
THIRD-303507,M,Nottingham,Member,Male,Fresh Produce,4.39,5,1.06,23.27,05/01/2025,12:11:46,Mobile Wallet,22.16,0.08,1.79,7.0
THIRD-303508,P,Coventry,Normal,Male,Bakery,8.87,8,3.41,75.23,10/05/2025,12:15:01,Debit Card,71.65,0.11,7.96,6.5
THIRD-303509,N,Leicester,Normal,Male,Health & Wellness,20.52,11,10.85,239.27,10/04/2025,09:36:32,Debit Card,227.88,0.24,55.22,6.4
THIRD-303510,P,Coventry,Normal,Female,Personal Care,17.5,6,5.05,111.33,19/04/2025,11:52:46,Mobile Wallet,106.03,0.21,22.48,7.0
THIRD-303511,M,Nottingham,Normal,Female,Snacks,5.2,5,1.25,27.56,11/09/2025,21:12:58,Credit Card,26.25,0.17,4.5,5.1
THIRD-303512,N,Leicester,Normal,Female,Fresh Produce,3.23,6,0.93,20.57,22/02/2025,18:04:47,Credit Card,19.59,0.08,1.58,7.2
THIRD-303513,M,Nottingham,Member,Female,Bakery,2.07,2,0.2,4.39,26/07/2025,10:50:59,Debit Card,4.18,0.11,0.47,7.2
THIRD-303514,N,Leicester,Normal,Male,Snacks,4.99,1,0.24,5.29,04/11/2025,13:04:56,Debit Card,5.04,0.17,0.87,5.7
THIRD-303515,N,Leicester,Member,Female,Health & Wellness,37.41,7,12.59,277.6,30/12/2025,13:12:03,Cash,264.38,0.24,64.06,6.1
THIRD-303516,N,Leicester,Member,Female,Personal Care,11.85,7,3.99,87.91,24/12/2025,18:48:43,Credit Card,83.72,0.21,17.74,6.5
THIRD-303517,N,Leicester,Member,Male,Bakery,6.82,1,0.33,7.23,12/06/2025,08:08:00,Cash,6.89,0.11,0.76,7.0
THIRD-303518,N,Leicester,Normal,Female,Beverages,5.86,8,2.25,49.65,06/12/2025,11:15:57,Debit Card,47.29,0.13,6.21,7.1
THIRD-303519,P,Coventry,Normal,Male,Snacks,5.82,6,1.68,37.04,23/11/2025,11:12:11,Credit Card,35.28,0.17,6.05,6.9
THIRD-303520,P,Coventry,Normal,Male,Frozen Foods,8.21,3,1.18,26.09,21/07/2025,15:29:42,Cash,24.85,0.1,2.51,7.1
THIRD-303521,N,Leicester,Member,Male,Household,24.36,4,4.68,103.28,12/07/2025,12:10:33,Cash,98.36,0.19,18.87,4.0
THIRD-303522,P,Coventry,Member,Female,Dairy & Eggs,1.98,5,0.48,10.48,14/06/2025,18:52:32,Credit Card,9.98,0.07,0.71,6.2
THIRD-303523,M,Nottingham,Normal,Female,Health & Wellness,30.28,7,10.19,224.73,17/10/2025,19:28:01,Mobile Wallet,214.03,0.24,51.86,6.9
THIRD-303524,P,Coventry,Member,Female,Frozen Foods,9.18,1,0.44,9.73,15/05/2025,17:53:58,Mobile Wallet,9.27,0.1,0.93,7.1
THIRD-303525,M,Nottingham,Member,Female,Beverages,4.4,12,2.54,55.96,20/09/2025,15:35:01,Credit Card,53.3,0.13,7.0,5.9
THIRD-303526,P,Coventry,Member,Female,Snacks,1.02,2,0.1,2.16,01/10/2025,14:19:19,Mobile Wallet,2.06,0.17,0.35,8.0
THIRD-303527,P,Coventry,Member,Male,Beverages,9.7,6,2.8,61.72,05/09/2025,13:00:22,Debit Card,58.78,0.13,7.72,5.8
THIRD-303528,N,Leicester,Member,Male,Snacks,5.53,2,0.53,11.73,29/01/2025,17:01:26,Credit Card,11.17,0.17,1.92,7.7
THIRD-303529,P,Coventry,Member,Female,Dairy & Eggs,8.27,7,2.78,61.35,22/09/2025,17:58:40,Debit Card,58.43,0.07,4.13,6.4
THIRD-303530,P,Coventry,Member,Female,Personal Care,13.75,4,2.64,58.3,09/07/2025,18:57:31,Debit Card,55.52,0.21,11.77,7.5
THIRD-303531,P,Coventry,Normal,Male,Household,18.01,6,5.2,114.58,06/08/2025,14:41:19,Mobile Wallet,109.12,0.19,20.92,5.9
THIRD-303532,P,Coventry,Normal,Female,Household,9.57,1,0.46,10.14,21/11/2025,16:54:17,Debit Card,9.66,0.19,1.86,5.8
THIRD-303533,M,Nottingham,Member,Male,Fresh Produce,11.14,9,4.82,106.27,13/08/2025,20:07:12,Cash,101.21,0.08,8.17,7.4
THIRD-303534,P,Coventry,Normal,Male,Snacks,6.16,7,2.07,45.69,07/05/2025,10:50:04,Mobile Wallet,43.51,0.17,7.46,6.8
THIRD-303535,N,Leicester,Member,Male,Frozen Foods,3.07,4,0.59,13.01,04/08/2025,13:00:09,Debit Card,12.39,0.1,1.25,6.8
THIRD-303536,M,Nottingham,Member,Female,Personal Care,16.21,3,2.34,51.57,25/01/2025,20:26:03,Cash,49.11,0.21,10.41,5.7
THIRD-303537,N,Leicester,Normal,Male,Frozen Foods,11.67,6,3.37,74.22,20/08/2025,17:10:23,Debit Card,70.69,0.1,7.13,5.6
THIRD-303538,N,Leicester,Member,Female,Bakery,7.91,8,3.04,67.12,25/05/2025,19:19:04,Credit Card,63.92,0.11,7.1,5.5
THIRD-303539,M,Nottingham,Normal,Male,Personal Care,5.09,11,2.69,59.3,21/09/2025,20:08:51,Credit Card,56.48,0.21,11.98,7.2
THIRD-303540,P,Coventry,Member,Female,Dairy & Eggs,3.96,8,1.52,33.6,14/03/2025,17:15:01,Cash,32.0,0.07,2.26,7.5
THIRD-303541,M,Nottingham,Member,Female,Fresh Produce,9.61,1,0.46,10.18,13/11/2025,20:46:19,Cash,9.7,0.08,0.78,7.4
THIRD-303542,M,Nottingham,Normal,Male,Household,16.71,6,4.82,106.3,01/08/2025,17:54:04,Mobile Wallet,101.24,0.19,19.42,8.8
THIRD-303543,N,Leicester,Normal,Female,Beverages,9.61,5,2.31,50.94,06/02/2025,13:49:03,Credit Card,48.51,0.13,6.37,4.5
THIRD-303544,M,Nottingham,Normal,Male,Beverages,7.12,7,2.4,52.87,26/06/2025,16:08:20,Debit Card,50.35,0.13,6.6,7.2
THIRD-303545,N,Leicester,Normal,Male,Personal Care,7.45,5,1.79,39.47,15/02/2025,10:13:11,Mobile Wallet,37.59,0.21,7.97,6.3
THIRD-303546,P,Coventry,Member,Male,Baby Products,16.45,6,4.75,104.65,03/07/2025,19:59:51,Debit Card,99.67,0.18,18.12,7.6
THIRD-303547,N,Leicester,Normal,Male,Dairy & Eggs,6.32,1,0.3,6.7,25/02/2025,19:17:42,Debit Card,6.38,0.07,0.46,6.4
THIRD-303548,N,Leicester,Normal,Female,Snacks,4.92,11,2.6,57.36,10/05/2025,15:28:13,Credit Card,54.63,0.17,9.38,7.0
THIRD-303549,M,Nottingham,Member,Female,Beverages,11.71,9,5.07,111.73,28/12/2025,18:10:57,Debit Card,106.41,0.13,13.96,7.5
THIRD-303550,M,Nottingham,Member,Male,Health & Wellness,5.43,5,1.31,28.78,31/05/2025,20:37:05,Credit Card,27.4,0.24,6.64,7.4
THIRD-303551,P,Coventry,Normal,Male,Snacks,6.26,6,1.81,39.83,09/04/2025,14:59:48,Debit Card,37.93,0.17,6.51,7.2
THIRD-303552,P,Coventry,Member,Male,Frozen Foods,5.72,4,1.1,24.26,11/08/2025,14:47:36,Mobile Wallet,23.1,0.1,2.33,6.8
THIRD-303553,P,Coventry,Member,Female,Dairy & Eggs,8.12,3,1.17,25.83,16/11/2025,18:21:20,Credit Card,24.6,0.07,1.74,6.3
THIRD-303554,P,Coventry,Member,Male,Frozen Foods,6.0,11,3.17,69.97,31/07/2025,13:42:50,Cash,66.64,0.1,6.73,5.0
THIRD-303555,M,Nottingham,Normal,Male,Household,10.24,8,3.94,86.88,30/04/2025,16:28:38,Mobile Wallet,82.74,0.19,15.87,6.0
THIRD-303556,N,Leicester,Normal,Male,Fresh Produce,3.69,7,1.24,27.39,14/09/2025,12:18:11,Debit Card,26.09,0.08,2.11,8.1
THIRD-303557,P,Coventry,Member,Female,Household,11.93,11,6.31,139.1,24/09/2025,19:53:30,Credit Card,132.48,0.19,25.41,6.8
THIRD-303558,M,Nottingham,Member,Female,Dairy & Eggs,5.19,11,2.74,60.51,06/01/2025,14:46:51,Credit Card,57.63,0.07,4.07,6.5
THIRD-303559,M,Nottingham,Normal,Male,Baby Products,9.42,4,1.81,39.95,19/03/2025,12:03:30,Cash,38.05,0.18,6.91,5.9
THIRD-303560,N,Leicester,Member,Female,Frozen Foods,6.43,5,1.54,34.06,07/10/2025,20:52:16,Credit Card,32.44,0.1,3.28,7.0
THIRD-303561,P,Coventry,Normal,Male,Fresh Produce,5.18,13,3.24,71.38,05/01/2025,19:30:06,Mobile Wallet,67.98,0.08,5.49,5.6
THIRD-303562,N,Leicester,Normal,Male,Beverages,13.35,5,3.21,70.78,26/06/2025,12:22:25,Debit Card,67.41,0.13,8.85,7.0
THIRD-303563,P,Coventry,Member,Male,Personal Care,23.81,1,1.14,25.23,21/01/2025,16:51:48,Credit Card,24.03,0.21,5.1,7.1
THIRD-303564,P,Coventry,Member,Male,Bakery,8.27,5,1.99,43.83,30/08/2025,12:26:56,Mobile Wallet,41.74,0.11,4.63,7.1
THIRD-303565,M,Nottingham,Normal,Female,Dairy & Eggs,5.15,2,0.5,10.92,05/02/2025,16:51:37,Cash,10.4,0.07,0.73,7.3
THIRD-303566,N,Leicester,Member,Male,Personal Care,14.11,1,0.68,14.96,02/07/2025,13:08:23,Cash,14.25,0.21,3.02,6.2
THIRD-303567,M,Nottingham,Normal,Female,Household,17.78,3,2.56,56.55,28/08/2025,18:17:44,Credit Card,53.86,0.19,10.34,6.5
THIRD-303568,N,Leicester,Normal,Male,Fresh Produce,9.16,2,0.88,19.42,22/01/2025,17:34:37,Mobile Wallet,18.5,0.08,1.49,6.8
THIRD-303569,P,Coventry,Normal,Female,Snacks,3.96,7,1.33,29.4,14/08/2025,13:14:51,Credit Card,28.0,0.17,4.8,7.8
THIRD-303570,M,Nottingham,Member,Female,Frozen Foods,17.95,8,6.9,152.23,01/07/2025,12:02:54,Debit Card,144.98,0.1,14.64,5.2
THIRD-303571,N,Leicester,Normal,Female,Baby Products,25.9,6,7.47,164.71,27/10/2025,18:25:57,Credit Card,156.87,0.18,28.5,4.9
THIRD-303572,M,Nottingham,Normal,Female,Frozen Foods,8.83,1,0.42,9.36,31/03/2025,19:55:50,Debit Card,8.91,0.1,0.9,6.5
THIRD-303573,M,Nottingham,Member,Female,Snacks,2.33,3,0.34,7.41,12/01/2025,16:28:08,Credit Card,7.06,0.17,1.21,5.8
THIRD-303574,N,Leicester,Member,Male,Dairy & Eggs,6.33,1,0.3,6.71,13/07/2025,08:36:41,Debit Card,6.39,0.07,0.46,5.2
THIRD-303575,P,Coventry,Normal,Male,Dairy & Eggs,3.95,9,1.71,37.71,05/07/2025,18:29:40,Debit Card,35.91,0.07,2.53,7.0
THIRD-303576,M,Nottingham,Normal,Female,Snacks,3.3,1,0.16,3.5,27/12/2025,12:14:08,Debit Card,3.33,0.17,0.57,6.3
THIRD-303577,N,Leicester,Member,Female,Bakery,5.43,5,1.31,28.78,15/01/2025,13:22:54,Debit Card,27.4,0.11,3.04,6.6
THIRD-303578,M,Nottingham,Normal,Female,Personal Care,3.43,3,0.5,10.92,04/07/2025,15:00:38,Credit Card,10.4,0.21,2.2,6.8
THIRD-303579,P,Coventry,Normal,Male,Personal Care,20.05,6,5.78,127.53,15/05/2025,18:12:43,Cash,121.46,0.21,25.75,4.6
THIRD-303580,N,Leicester,Member,Male,Dairy & Eggs,5.93,1,0.29,6.29,05/10/2025,18:09:03,Cash,5.98,0.07,0.42,7.7
THIRD-303581,N,Leicester,Member,Male,Frozen Foods,15.4,2,1.48,32.66,04/03/2025,13:37:16,Credit Card,31.1,0.1,3.14,6.2
THIRD-303582,P,Coventry,Member,Male,Dairy & Eggs,3.32,6,0.96,21.11,21/06/2025,18:46:45,Mobile Wallet,20.1,0.07,1.42,6.3
THIRD-303583,M,Nottingham,Member,Male,Snacks,3.33,1,0.16,3.53,06/11/2025,12:23:44,Credit Card,3.36,0.17,0.57,6.5
THIRD-303584,N,Leicester,Normal,Male,Fresh Produce,6.43,1,0.31,6.81,10/06/2025,19:52:07,Debit Card,6.49,0.08,0.52,6.1
THIRD-303585,P,Coventry,Member,Female,Dairy & Eggs,5.15,6,1.49,32.75,10/07/2025,13:04:49,Cash,31.18,0.07,2.2,7.2
THIRD-303586,N,Leicester,Normal,Female,Baby Products,13.66,7,4.6,101.34,18/08/2025,14:43:31,Credit Card,96.51,0.18,17.53,6.4
THIRD-303587,N,Leicester,Normal,Male,Frozen Foods,4.28,6,1.24,27.26,15/02/2025,12:19:39,Mobile Wallet,25.96,0.1,2.62,7.3
THIRD-303588,P,Coventry,Member,Female,Baby Products,7.65,7,2.58,56.81,30/03/2025,13:10:00,Debit Card,54.1,0.18,9.83,4.9
THIRD-303589,M,Nottingham,Member,Female,Snacks,2.54,8,0.98,21.52,13/04/2025,10:10:19,Debit Card,20.5,0.17,3.52,8.7
THIRD-303590,M,Nottingham,Member,Female,Baby Products,4.94,11,2.61,57.6,05/04/2025,09:50:16,Mobile Wallet,54.86,0.18,9.96,6.9
THIRD-303591,M,Nottingham,Normal,Female,Fresh Produce,3.0,3,0.43,9.52,11/12/2025,11:12:54,Credit Card,9.07,0.08,0.73,5.9
THIRD-303592,P,Coventry,Member,Female,Baby Products,19.81,7,6.67,147.02,09/09/2025,12:24:16,Credit Card,140.02,0.18,25.44,7.2
THIRD-303593,M,Nottingham,Normal,Female,Frozen Foods,13.73,8,5.28,116.42,13/03/2025,12:12:39,Debit Card,110.88,0.1,11.19,6.3
THIRD-303594,M,Nottingham,Normal,Male,Frozen Foods,3.64,10,1.75,38.59,01/01/2025,13:09:43,Credit Card,36.75,0.1,3.71,6.9
THIRD-303595,N,Leicester,Normal,Male,Dairy & Eggs,6.24,2,0.6,13.23,10/09/2025,19:08:24,Debit Card,12.6,0.07,0.89,7.9
THIRD-303596,P,Coventry,Member,Female,Frozen Foods,3.08,4,0.59,13.05,09/07/2025,19:28:52,Mobile Wallet,12.43,0.1,1.25,7.2
THIRD-303597,N,Leicester,Member,Female,Snacks,5.92,3,0.85,18.82,14/03/2025,16:36:34,Debit Card,17.92,0.17,3.07,6.5
THIRD-303598,M,Nottingham,Normal,Male,Health & Wellness,19.9,3,2.87,63.27,26/12/2025,18:05:44,Mobile Wallet,60.26,0.24,14.6,5.4
THIRD-303599,N,Leicester,Member,Female,Dairy & Eggs,2.14,8,0.82,18.17,06/04/2025,16:40:53,Cash,17.3,0.07,1.22,5.5
THIRD-303600,P,Coventry,Member,Female,Snacks,0.87,5,0.21,4.63,01/07/2025,17:22:34,Debit Card,4.41,0.17,0.75,7.6
THIRD-303601,N,Leicester,Member,Male,Health & Wellness,29.67,9,12.84,283.09,10/02/2025,16:03:42,Mobile Wallet,269.61,0.24,65.32,5.5
THIRD-303602,M,Nottingham,Member,Male,Snacks,3.71,10,1.79,39.36,10/09/2025,17:42:45,Mobile Wallet,37.49,0.17,6.43,7.1
THIRD-303603,M,Nottingham,Member,Female,Household,5.62,11,2.97,65.49,14/02/2025,16:11:30,Mobile Wallet,62.37,0.19,11.97,7.5
THIRD-303604,P,Coventry,Normal,Female,Dairy & Eggs,7.7,2,0.74,16.32,05/12/2025,20:28:57,Mobile Wallet,15.54,0.07,1.1,7.0
THIRD-303605,P,Coventry,Normal,Female,Beverages,6.01,3,0.87,19.12,06/05/2025,12:48:39,Debit Card,18.21,0.13,2.39,5.6
THIRD-303606,N,Leicester,Normal,Female,Frozen Foods,7.45,1,0.36,7.9,11/01/2025,14:01:27,Mobile Wallet,7.52,0.1,0.76,5.5
THIRD-303607,P,Coventry,Normal,Female,Personal Care,27.21,5,6.54,144.21,28/03/2025,15:49:13,Debit Card,137.34,0.21,29.12,7.1
THIRD-303608,M,Nottingham,Member,Male,Beverages,15.72,7,5.29,116.69,22/11/2025,15:05:21,Debit Card,111.13,0.13,14.59,6.7
THIRD-303609,N,Leicester,Member,Male,Dairy & Eggs,5.97,7,2.01,44.3,21/07/2025,20:13:00,Credit Card,42.19,0.07,2.98,5.6
THIRD-303610,M,Nottingham,Normal,Female,Personal Care,16.66,3,2.4,52.98,22/03/2025,09:45:36,Credit Card,50.46,0.21,10.7,6.6
THIRD-303611,M,Nottingham,Member,Male,Beverages,11.34,3,1.64,36.06,21/01/2025,16:00:30,Credit Card,34.34,0.13,4.5,7.2
THIRD-303612,N,Leicester,Normal,Female,Personal Care,8.61,2,0.83,18.26,14/10/2025,19:56:45,Cash,17.39,0.21,3.69,5.2
THIRD-303613,M,Nottingham,Normal,Female,Fresh Produce,3.69,7,1.24,27.39,24/04/2025,14:10:01,Debit Card,26.09,0.08,2.11,6.6
THIRD-303614,M,Nottingham,Normal,Female,Fresh Produce,7.6,1,0.37,8.06,03/05/2025,14:19:06,Debit Card,7.68,0.08,0.61,6.3
THIRD-303615,P,Coventry,Member,Female,Frozen Foods,8.04,2,0.77,17.04,01/01/2025,17:47:02,Debit Card,16.23,0.1,1.64,7.1
THIRD-303616,M,Nottingham,Member,Male,Frozen Foods,5.79,3,0.84,18.43,02/09/2025,13:13:29,Debit Card,17.55,0.1,1.77,5.6
THIRD-303617,M,Nottingham,Normal,Female,Frozen Foods,15.16,5,3.65,80.38,24/07/2025,19:29:38,Cash,76.55,0.1,7.73,6.4
THIRD-303618,N,Leicester,Member,Male,Bakery,7.07,6,2.04,44.98,31/03/2025,20:09:02,Mobile Wallet,42.84,0.11,4.76,6.6
THIRD-303619,N,Leicester,Normal,Female,Beverages,9.51,3,1.37,30.23,04/09/2025,10:36:36,Debit Card,28.79,0.13,3.77,5.9
THIRD-303620,M,Nottingham,Member,Female,Beverages,10.2,3,1.47,32.44,29/03/2025,13:10:49,Debit Card,30.9,0.13,4.06,6.3
THIRD-303621,P,Coventry,Normal,Female,Baby Products,29.19,11,15.44,340.42,27/03/2025,10:02:26,Credit Card,324.21,0.18,58.91,6.7
THIRD-303622,P,Coventry,Member,Female,Dairy & Eggs,9.52,5,2.29,50.44,23/12/2025,10:07:10,Debit Card,48.04,0.07,3.39,8.0
THIRD-303623,M,Nottingham,Member,Male,Household,10.12,2,0.97,21.45,04/12/2025,18:09:19,Debit Card,20.43,0.19,3.92,7.5
THIRD-303624,N,Leicester,Member,Male,Fresh Produce,4.22,8,1.62,35.8,04/09/2025,12:25:53,Debit Card,34.1,0.08,2.76,6.2
THIRD-303625,M,Nottingham,Normal,Female,Baby Products,38.12,11,20.16,444.48,28/05/2025,13:07:19,Debit Card,423.31,0.18,76.92,5.8
THIRD-303626,P,Coventry,Member,Female,Bakery,3.4,1,0.16,3.6,07/09/2025,14:18:03,Mobile Wallet,3.43,0.11,0.38,8.2
THIRD-303627,P,Coventry,Member,Male,Beverages,7.09,7,2.39,52.64,07/12/2025,13:19:36,Credit Card,50.13,0.13,6.58,5.6
THIRD-303628,P,Coventry,Normal,Female,Bakery,9.39,4,1.81,39.83,15/12/2025,09:49:22,Mobile Wallet,37.93,0.11,4.21,5.4
THIRD-303629,P,Coventry,Member,Female,Snacks,6.57,8,2.53,55.74,26/06/2025,15:02:25,Cash,53.09,0.17,9.12,6.9
THIRD-303630,M,Nottingham,Member,Male,Beverages,4.92,1,0.24,5.22,20/01/2025,11:43:23,Credit Card,4.97,0.13,0.65,7.3
THIRD-303631,N,Leicester,Member,Female,Frozen Foods,11.45,9,4.95,109.24,23/10/2025,16:54:15,Debit Card,104.04,0.1,10.5,5.8
THIRD-303632,P,Coventry,Member,Female,Fresh Produce,12.16,2,1.17,25.78,17/11/2025,15:33:30,Cash,24.55,0.08,1.98,6.4
THIRD-303633,P,Coventry,Member,Female,Snacks,4.4,2,0.42,9.32,28/06/2025,15:19:45,Mobile Wallet,8.88,0.17,1.53,7.3
THIRD-303634,N,Leicester,Normal,Female,Baby Products,36.06,4,6.93,152.89,29/09/2025,14:52:39,Credit Card,145.61,0.18,26.46,5.6
THIRD-303635,P,Coventry,Normal,Female,Personal Care,13.71,6,3.95,87.18,09/12/2025,13:01:33,Credit Card,83.03,0.21,17.61,6.0
THIRD-303636,M,Nottingham,Member,Male,Dairy & Eggs,5.57,4,1.07,23.64,26/09/2025,15:52:38,Credit Card,22.51,0.07,1.59,6.4
THIRD-303637,M,Nottingham,Member,Female,Bakery,6.83,5,1.64,36.21,22/06/2025,14:18:16,Cash,34.49,0.11,3.83,5.8
THIRD-303638,P,Coventry,Normal,Male,Baby Products,26.28,2,2.53,55.72,18/07/2025,17:57:08,Credit Card,53.07,0.18,9.65,4.9
THIRD-303639,P,Coventry,Member,Male,Personal Care,4.39,8,1.69,37.22,21/12/2025,15:21:20,Mobile Wallet,35.45,0.21,7.52,7.1
THIRD-303640,M,Nottingham,Member,Male,Snacks,5.37,4,1.03,22.75,07/01/2025,16:51:06,Mobile Wallet,21.67,0.17,3.72,6.0
THIRD-303641,M,Nottingham,Member,Male,Bakery,7.2,3,1.04,22.89,23/08/2025,18:07:49,Credit Card,21.8,0.11,2.42,6.3
THIRD-303642,N,Leicester,Normal,Female,Personal Care,22.33,2,2.15,47.34,26/01/2025,13:37:44,Cash,45.09,0.21,9.56,7.0
THIRD-303643,P,Coventry,Member,Male,Beverages,6.95,4,1.34,29.46,10/06/2025,12:27:16,Credit Card,28.06,0.13,3.68,6.5
THIRD-303644,M,Nottingham,Normal,Female,Fresh Produce,7.9,6,2.28,50.27,03/11/2025,14:48:10,Debit Card,47.88,0.08,3.87,6.9
THIRD-303645,P,Coventry,Member,Female,Snacks,0.7,4,0.13,2.95,28/10/2025,10:24:55,Credit Card,2.81,0.17,0.49,5.5
THIRD-303646,M,Nottingham,Member,Male,Fresh Produce,7.45,10,3.58,78.94,12/02/2025,08:17:56,Debit Card,75.18,0.08,6.07,6.9
THIRD-303647,M,Nottingham,Member,Male,Snacks,5.13,5,1.23,27.17,24/04/2025,18:44:04,Mobile Wallet,25.88,0.17,4.44,5.9
THIRD-303648,P,Coventry,Member,Male,Dairy & Eggs,7.91,5,1.9,41.95,04/05/2025,21:40:30,Credit Card,39.95,0.07,2.82,7.5
THIRD-303649,P,Coventry,Member,Male,Beverages,13.98,11,7.39,162.99,02/06/2025,14:20:49,Mobile Wallet,155.23,0.13,20.37,7.1
THIRD-303650,N,Leicester,Member,Female,Bakery,8.21,5,1.97,43.49,06/01/2025,19:47:02,Debit Card,41.42,0.11,4.6,5.8
THIRD-303651,P,Coventry,Member,Male,Frozen Foods,11.58,4,2.23,49.09,01/05/2025,17:15:07,Credit Card,46.75,0.1,4.72,6.3
THIRD-303652,P,Coventry,Normal,Female,Baby Products,34.3,3,4.95,109.08,02/07/2025,10:30:10,Credit Card,103.89,0.18,18.88,6.7
THIRD-303653,M,Nottingham,Member,Male,Dairy & Eggs,7.91,9,3.42,75.51,20/08/2025,19:40:56,Mobile Wallet,71.91,0.07,5.08,5.9
THIRD-303654,P,Coventry,Member,Male,Snacks,2.49,4,0.48,10.54,09/04/2025,11:04:16,Mobile Wallet,10.04,0.17,1.73,6.3
THIRD-303655,M,Nottingham,Normal,Male,Snacks,4.34,7,1.46,32.18,20/08/2025,15:53:50,Mobile Wallet,30.65,0.17,5.26,5.9
THIRD-303656,M,Nottingham,Normal,Male,Personal Care,24.91,4,4.79,105.62,13/05/2025,20:35:57,Credit Card,100.59,0.21,21.33,6.6
THIRD-303657,P,Coventry,Member,Male,Fresh Produce,9.86,2,0.95,20.91,19/08/2025,19:16:53,Debit Card,19.91,0.08,1.61,4.1
THIRD-303658,P,Coventry,Normal,Male,Personal Care,22.21,11,11.75,259.05,20/10/2025,13:52:30,Cash,246.71,0.21,52.3,6.8
THIRD-303659,M,Nottingham,Member,Male,Beverages,4.59,6,1.32,29.17,03/05/2025,15:17:38,Credit Card,27.78,0.13,3.65,7.8
THIRD-303660,M,Nottingham,Member,Male,Health & Wellness,34.69,9,15.01,331.01,27/09/2025,21:45:28,Credit Card,315.25,0.24,76.38,6.4
THIRD-303661,P,Coventry,Member,Female,Frozen Foods,2.49,9,1.08,23.72,27/04/2025,19:37:30,Mobile Wallet,22.59,0.1,2.28,6.9
THIRD-303662,N,Leicester,Normal,Female,Beverages,5.97,9,2.58,56.95,01/02/2025,16:40:52,Credit Card,54.24,0.13,7.12,7.5
THIRD-303663,M,Nottingham,Member,Male,Bakery,4.64,8,1.78,39.33,26/05/2025,11:52:44,Mobile Wallet,37.46,0.11,4.16,6.4
THIRD-303664,N,Leicester,Normal,Male,Dairy & Eggs,8.43,8,3.24,71.53,20/11/2025,12:08:25,Credit Card,68.12,0.07,4.81,6.7
THIRD-303665,M,Nottingham,Member,Male,Household,23.89,2,2.3,50.65,15/05/2025,18:30:42,Mobile Wallet,48.24,0.19,9.25,7.6
THIRD-303666,P,Coventry,Normal,Male,Personal Care,22.22,2,2.14,47.12,26/07/2025,15:11:54,Credit Card,44.88,0.21,9.52,6.2
THIRD-303667,M,Nottingham,Member,Male,Snacks,2.62,4,0.5,11.11,10/12/2025,20:07:34,Credit Card,10.58,0.17,1.81,6.4
THIRD-303668,P,Coventry,Normal,Male,Beverages,7.39,2,0.71,15.68,09/01/2025,18:24:35,Credit Card,14.93,0.13,1.96,7.2
THIRD-303669,N,Leicester,Normal,Male,Snacks,3.85,5,0.93,20.4,16/11/2025,15:25:11,Credit Card,19.42,0.17,3.34,7.7
THIRD-303670,P,Coventry,Normal,Male,Frozen Foods,9.32,2,0.9,19.76,11/06/2025,13:09:00,Mobile Wallet,18.82,0.1,1.9,4.9
THIRD-303671,N,Leicester,Normal,Female,Snacks,1.6,9,0.69,15.28,15/04/2025,10:49:55,Credit Card,14.55,0.17,2.5,5.8
THIRD-303672,N,Leicester,Normal,Male,Health & Wellness,6.22,2,0.6,13.19,07/08/2025,18:36:48,Debit Card,12.56,0.24,3.04,5.6
THIRD-303673,M,Nottingham,Normal,Male,Dairy & Eggs,7.75,12,4.47,98.56,27/08/2025,15:57:51,Credit Card,93.87,0.07,6.64,5.9
THIRD-303674,P,Coventry,Normal,Male,Fresh Produce,9.92,6,2.86,63.1,27/11/2025,16:21:54,Cash,60.1,0.08,4.85,8.2
THIRD-303675,N,Leicester,Normal,Male,Beverages,11.94,5,2.87,63.28,16/07/2025,15:21:44,Debit Card,60.27,0.13,7.91,7.5
THIRD-303676,M,Nottingham,Normal,Male,Dairy & Eggs,7.06,6,2.04,44.92,29/04/2025,20:45:03,Credit Card,42.78,0.07,3.02,6.1
THIRD-303677,N,Leicester,Normal,Female,Household,18.57,8,7.14,157.52,15/05/2025,18:19:14,Cash,150.02,0.19,28.78,6.0
THIRD-303678,N,Leicester,Member,Female,Health & Wellness,19.62,3,2.83,62.41,21/04/2025,21:23:01,Debit Card,59.44,0.24,14.41,4.8
THIRD-303679,N,Leicester,Member,Male,Household,21.23,10,10.21,225.03,20/08/2025,14:53:13,Cash,214.3,0.19,41.11,7.1
THIRD-303680,N,Leicester,Normal,Male,Personal Care,15.29,2,1.47,32.41,30/10/2025,19:00:31,Debit Card,30.87,0.21,6.54,5.1
THIRD-303681,N,Leicester,Normal,Male,Household,12.28,2,1.18,26.04,18/08/2025,19:06:15,Debit Card,24.8,0.19,4.76,5.9
THIRD-303682,P,Coventry,Member,Female,Snacks,1.12,7,0.38,8.34,06/09/2025,15:32:59,Debit Card,7.94,0.17,1.37,5.4
THIRD-303683,P,Coventry,Normal,Male,Fresh Produce,11.89,9,5.14,113.41,22/07/2025,13:07:21,Debit Card,108.01,0.08,8.72,4.3
THIRD-303684,M,Nottingham,Member,Male,Beverages,7.94,10,3.81,84.12,26/02/2025,13:44:40,Mobile Wallet,80.11,0.13,10.52,7.0
THIRD-303685,M,Nottingham,Normal,Female,Personal Care,19.64,6,5.66,124.89,06/05/2025,19:17:05,Mobile Wallet,118.94,0.21,25.22,6.6
THIRD-303686,N,Leicester,Member,Male,Dairy & Eggs,7.46,9,3.23,71.15,21/03/2025,15:28:05,Mobile Wallet,67.76,0.07,4.79,6.7
THIRD-303687,P,Coventry,Normal,Female,Beverages,13.72,4,2.64,58.17,13/06/2025,17:25:53,Debit Card,55.4,0.13,7.27,5.1
THIRD-303688,P,Coventry,Member,Male,Baby Products,27.11,4,5.21,114.96,15/10/2025,12:03:14,Mobile Wallet,109.49,0.18,19.9,7.3
THIRD-303689,N,Leicester,Member,Female,Fresh Produce,6.43,4,1.24,27.26,17/11/2025,18:18:36,Debit Card,25.96,0.08,2.1,7.2
THIRD-303690,P,Coventry,Normal,Male,Bakery,8.95,1,0.43,9.49,12/10/2025,21:12:12,Debit Card,9.04,0.11,1.01,8.0
THIRD-303691,N,Leicester,Member,Female,Household,8.91,2,0.86,18.9,17/02/2025,18:59:32,Mobile Wallet,18.0,0.19,3.46,8.5
THIRD-303692,M,Nottingham,Member,Female,Frozen Foods,14.15,3,2.04,45.01,20/06/2025,17:52:13,Mobile Wallet,42.87,0.1,4.32,5.4
THIRD-303693,M,Nottingham,Normal,Male,Dairy & Eggs,2.64,3,0.38,8.4,01/10/2025,17:14:37,Credit Card,8.0,0.07,0.56,6.2
THIRD-303694,P,Coventry,Normal,Female,Snacks,4.86,2,0.47,10.3,06/04/2025,16:46:38,Credit Card,9.81,0.17,1.69,6.6
THIRD-303695,N,Leicester,Member,Female,Beverages,5.68,5,1.37,30.1,15/04/2025,16:32:52,Debit Card,28.67,0.13,3.76,5.6
THIRD-303696,M,Nottingham,Normal,Male,Personal Care,6.84,2,0.66,14.51,04/08/2025,18:12:52,Debit Card,13.82,0.21,2.93,5.5
THIRD-303697,M,Nottingham,Member,Female,Baby Products,44.87,11,23.73,523.18,14/08/2025,12:45:39,Debit Card,498.27,0.18,90.55,6.9
THIRD-303698,N,Leicester,Normal,Female,Snacks,6.12,6,1.76,38.89,19/07/2025,18:37:24,Debit Card,37.04,0.17,6.36,5.7
THIRD-303699,M,Nottingham,Normal,Male,Personal Care,8.64,2,0.83,18.32,02/07/2025,16:16:15,Cash,17.45,0.21,3.7,6.0
THIRD-303700,M,Nottingham,Normal,Female,Household,13.4,6,3.86,85.2,14/12/2025,15:19:39,Debit Card,81.14,0.19,15.56,6.8
THIRD-303701,N,Leicester,Member,Male,Personal Care,21.63,4,4.16,91.73,16/11/2025,21:37:07,Credit Card,87.36,0.21,18.52,7.7
THIRD-303702,M,Nottingham,Member,Male,Snacks,7.1,10,3.42,75.31,23/12/2025,20:26:40,Debit Card,71.72,0.17,12.31,6.1
THIRD-303703,M,Nottingham,Normal,Female,Fresh Produce,2.76,9,1.19,26.29,13/12/2025,15:56:24,Mobile Wallet,25.04,0.08,2.02,7.5
THIRD-303704,P,Coventry,Member,Male,Health & Wellness,7.52,4,1.45,31.89,11/07/2025,16:59:23,Mobile Wallet,30.37,0.24,7.36,9.2
THIRD-303705,N,Leicester,Normal,Male,Baby Products,21.65,3,3.12,68.86,22/01/2025,12:46:59,Debit Card,65.58,0.18,11.91,6.5
THIRD-303706,M,Nottingham,Member,Male,Bakery,8.13,9,3.52,77.6,16/10/2025,12:19:31,Debit Card,73.9,0.11,8.2,7.8
THIRD-303707,P,Coventry,Normal,Female,Bakery,10.42,1,0.5,11.05,02/08/2025,11:48:18,Mobile Wallet,10.52,0.11,1.17,6.7
THIRD-303708,P,Coventry,Normal,Female,Personal Care,4.67,3,0.67,14.85,29/01/2025,12:24:06,Cash,14.14,0.21,3.0,6.0
THIRD-303709,P,Coventry,Normal,Male,Bakery,9.42,3,1.36,29.97,04/08/2025,14:21:58,Debit Card,28.54,0.11,3.17,6.0
THIRD-303710,N,Leicester,Normal,Female,Bakery,5.87,4,1.13,24.87,05/01/2025,14:28:17,Credit Card,23.69,0.11,2.63,7.2
THIRD-303711,P,Coventry,Member,Female,Dairy & Eggs,2.07,6,0.6,13.17,23/10/2025,08:13:15,Credit Card,12.54,0.07,0.89,6.9
THIRD-303712,N,Leicester,Member,Male,Snacks,3.17,2,0.3,6.72,04/08/2025,10:05:50,Cash,6.4,0.17,1.1,5.5
THIRD-303713,M,Nottingham,Normal,Female,Household,20.0,7,6.73,148.41,15/03/2025,18:25:24,Mobile Wallet,141.34,0.19,27.11,6.8
THIRD-303714,M,Nottingham,Normal,Male,Personal Care,8.55,7,2.88,63.44,25/06/2025,15:33:34,Cash,60.42,0.21,12.8,8.1
THIRD-303715,M,Nottingham,Member,Female,Bakery,7.04,2,0.68,14.93,06/03/2025,14:34:20,Debit Card,14.22,0.11,1.58,7.0
THIRD-303716,N,Leicester,Member,Female,Fresh Produce,1.46,8,0.56,12.35,29/01/2025,16:25:41,Credit Card,11.76,0.08,0.95,6.6
THIRD-303717,P,Coventry,Normal,Male,Snacks,3.5,4,0.67,14.86,30/06/2025,14:06:39,Credit Card,14.15,0.17,2.43,7.6
THIRD-303718,M,Nottingham,Normal,Male,Household,8.2,6,2.36,52.12,02/07/2025,11:26:59,Debit Card,49.64,0.19,9.52,8.3
THIRD-303719,M,Nottingham,Normal,Male,Frozen Foods,18.9,5,4.54,100.16,26/06/2025,12:26:34,Debit Card,95.39,0.1,9.62,7.6
THIRD-303720,M,Nottingham,Member,Female,Bakery,7.51,2,0.72,15.92,18/09/2025,09:57:47,Credit Card,15.16,0.11,1.69,6.0
THIRD-303721,P,Coventry,Normal,Female,Beverages,9.64,7,3.24,71.54,22/04/2025,16:27:07,Mobile Wallet,68.13,0.13,8.95,6.3
THIRD-303722,N,Leicester,Member,Male,Baby Products,38.25,3,5.52,121.65,14/02/2025,11:30:02,Mobile Wallet,115.86,0.18,21.05,7.7
THIRD-303723,N,Leicester,Normal,Female,Fresh Produce,2.94,9,1.27,28.08,08/11/2025,14:22:17,Debit Card,26.74,0.08,2.16,7.0
THIRD-303724,N,Leicester,Normal,Male,Dairy & Eggs,4.4,2,0.42,9.32,27/12/2025,13:20:12,Credit Card,8.88,0.07,0.63,7.0
THIRD-303725,M,Nottingham,Normal,Female,Bakery,7.52,5,1.81,39.86,26/09/2025,15:10:18,Credit Card,37.96,0.11,4.22,6.4
THIRD-303726,P,Coventry,Normal,Male,Bakery,5.02,6,1.45,31.95,17/06/2025,15:18:45,Mobile Wallet,30.43,0.11,3.38,7.3
THIRD-303727,P,Coventry,Member,Female,Beverages,12.97,3,1.87,41.24,19/04/2025,09:44:09,Credit Card,39.28,0.13,5.15,7.4
THIRD-303728,P,Coventry,Member,Male,Frozen Foods,4.23,8,1.63,35.9,08/12/2025,13:56:31,Debit Card,34.19,0.1,3.46,6.8
THIRD-303729,P,Coventry,Normal,Female,Snacks,5.17,3,0.75,16.44,22/04/2025,13:14:17,Debit Card,15.66,0.17,2.68,4.2
THIRD-303730,M,Nottingham,Member,Male,Fresh Produce,6.88,11,3.64,80.28,29/07/2025,12:02:38,Debit Card,76.46,0.08,6.18,6.7
THIRD-303731,P,Coventry,Member,Female,Dairy & Eggs,4.64,4,0.89,19.67,26/11/2025,15:23:48,Mobile Wallet,18.73,0.07,1.33,6.7
THIRD-303732,P,Coventry,Member,Male,Personal Care,27.44,8,10.55,232.67,08/09/2025,15:51:22,Credit Card,221.59,0.21,46.98,6.0
THIRD-303733,P,Coventry,Member,Female,Personal Care,18.18,1,0.87,19.27,13/11/2025,18:24:24,Debit Card,18.35,0.21,3.89,6.5
THIRD-303734,P,Coventry,Member,Female,Bakery,7.66,3,1.11,24.38,01/04/2025,15:32:03,Debit Card,23.22,0.11,2.58,8.4
THIRD-303735,N,Leicester,Normal,Female,Household,12.67,9,5.48,120.86,06/06/2025,18:47:06,Debit Card,115.1,0.19,22.08,6.4
THIRD-303736,P,Coventry,Member,Female,Frozen Foods,16.05,5,3.86,85.06,29/08/2025,15:26:51,Cash,81.01,0.1,8.18,8.0
THIRD-303737,M,Nottingham,Normal,Female,Bakery,6.83,4,1.31,28.97,14/09/2025,18:25:29,Debit Card,27.59,0.11,3.06,5.8
THIRD-303738,P,Coventry,Member,Male,Bakery,5.99,4,1.15,25.4,01/11/2025,14:26:15,Mobile Wallet,24.19,0.11,2.68,4.9
THIRD-303739,P,Coventry,Member,Male,Beverages,8.33,2,0.8,17.66,01/04/2025,15:27:27,Mobile Wallet,16.82,0.13,2.2,7.3
THIRD-303740,N,Leicester,Normal,Female,Frozen Foods,15.3,6,4.41,97.3,13/08/2025,09:48:38,Mobile Wallet,92.67,0.1,9.36,6.3
THIRD-303741,P,Coventry,Member,Male,Snacks,3.24,1,0.16,3.44,17/03/2025,14:08:08,Mobile Wallet,3.28,0.17,0.56,7.3
THIRD-303742,P,Coventry,Member,Male,Household,16.47,1,0.79,17.46,30/01/2025,08:47:32,Debit Card,16.63,0.19,3.19,7.6
THIRD-303743,N,Leicester,Normal,Female,Beverages,12.95,2,1.25,27.46,27/11/2025,14:30:08,Credit Card,26.14,0.13,3.43,6.7
THIRD-303744,P,Coventry,Normal,Female,Frozen Foods,6.22,9,2.69,59.34,10/03/2025,11:03:45,Credit Card,56.51,0.1,5.7,6.5
THIRD-303745,P,Coventry,Normal,Female,Dairy & Eggs,2.26,6,0.65,14.35,13/07/2025,15:41:50,Credit Card,13.67,0.07,0.96,6.3
THIRD-303746,M,Nottingham,Member,Female,Baby Products,36.03,1,1.73,38.19,09/02/2025,08:46:00,Cash,36.37,0.18,6.61,7.3
THIRD-303747,N,Leicester,Normal,Female,Household,14.9,6,4.3,94.79,11/06/2025,11:31:02,Mobile Wallet,90.28,0.19,17.32,7.1
THIRD-303748,M,Nottingham,Member,Male,Beverages,14.78,12,8.53,188.0,25/03/2025,14:27:15,Credit Card,179.05,0.13,23.5,8.2
THIRD-303749,P,Coventry,Normal,Male,Frozen Foods,11.87,5,2.85,62.9,20/01/2025,18:25:16,Cash,59.9,0.1,6.05,7.2
THIRD-303750,P,Coventry,Normal,Male,Dairy & Eggs,5.63,1,0.27,5.96,14/05/2025,20:21:57,Mobile Wallet,5.68,0.07,0.4,6.1
THIRD-303751,M,Nottingham,Normal,Female,Fresh Produce,4.94,1,0.24,5.24,21/09/2025,17:36:36,Debit Card,4.99,0.08,0.4,5.8
THIRD-303752,M,Nottingham,Member,Male,Beverages,4.08,2,0.39,8.64,16/02/2025,15:39:58,Mobile Wallet,8.23,0.13,1.08,6.2
THIRD-303753,N,Leicester,Normal,Male,Beverages,5.73,13,3.58,78.97,05/05/2025,19:01:53,Credit Card,75.21,0.13,9.87,5.3
THIRD-303754,N,Leicester,Member,Female,Baby Products,38.58,3,5.57,122.71,07/07/2025,21:31:08,Credit Card,116.86,0.18,21.23,6.7
THIRD-303755,P,Coventry,Member,Female,Frozen Foods,20.27,4,3.9,85.95,26/06/2025,18:20:30,Mobile Wallet,81.86,0.1,8.27,5.3
THIRD-303756,P,Coventry,Member,Male,Bakery,5.82,2,0.56,12.35,11/11/2025,13:53:39,Credit Card,11.76,0.11,1.3,7.1
THIRD-303757,M,Nottingham,Normal,Female,Health & Wellness,19.24,7,6.48,142.78,27/08/2025,09:42:23,Mobile Wallet,135.98,0.24,32.94,7.2
THIRD-303758,P,Coventry,Member,Female,Bakery,9.45,13,5.91,130.28,23/02/2025,16:34:29,Cash,124.08,0.11,13.78,6.6
THIRD-303759,M,Nottingham,Member,Female,Baby Products,40.9,2,3.93,86.72,17/12/2025,09:35:48,Debit Card,82.59,0.18,15.01,5.4
THIRD-303760,N,Leicester,Normal,Male,Beverages,10.32,2,0.99,21.87,31/05/2025,16:40:19,Cash,20.83,0.13,2.73,7.7
THIRD-303761,M,Nottingham,Member,Female,Beverages,13.58,6,3.92,86.39,20/03/2025,21:51:58,Debit Card,82.28,0.13,10.8,6.0
THIRD-303762,N,Leicester,Normal,Female,Beverages,9.26,10,4.45,98.12,12/02/2025,16:39:32,Mobile Wallet,93.45,0.13,12.26,7.0
THIRD-303763,M,Nottingham,Normal,Male,Personal Care,15.23,5,3.66,80.7,10/08/2025,11:19:17,Debit Card,76.86,0.21,16.29,8.6
THIRD-303764,N,Leicester,Member,Female,Household,9.73,2,0.94,20.64,29/04/2025,20:26:16,Credit Card,19.66,0.19,3.77,7.3
THIRD-303765,N,Leicester,Normal,Male,Beverages,12.9,1,0.62,13.67,22/07/2025,14:06:34,Credit Card,13.02,0.13,1.71,7.0
THIRD-303766,N,Leicester,Normal,Male,Snacks,3.37,6,0.97,21.43,17/02/2025,15:34:02,Cash,20.41,0.17,3.5,6.8
THIRD-303767,N,Leicester,Normal,Male,Baby Products,43.22,4,8.31,183.28,10/08/2025,13:51:23,Debit Card,174.55,0.18,31.72,8.6
THIRD-303768,P,Coventry,Member,Female,Health & Wellness,19.06,13,11.91,262.71,28/04/2025,17:57:38,Credit Card,250.2,0.24,60.62,7.6
THIRD-303769,N,Leicester,Normal,Female,Snacks,1.58,10,0.76,16.76,03/03/2025,19:31:48,Credit Card,15.96,0.17,2.73,6.5
THIRD-303770,M,Nottingham,Normal,Male,Frozen Foods,17.6,11,9.31,205.2,04/09/2025,14:57:03,Debit Card,195.43,0.1,19.73,6.3
THIRD-303771,P,Coventry,Member,Male,Baby Products,44.41,1,2.14,47.08,10/05/2025,18:46:05,Debit Card,44.84,0.18,8.15,7.5
THIRD-303772,M,Nottingham,Normal,Female,Household,5.8,3,0.84,18.46,21/06/2025,19:07:17,Credit Card,17.58,0.19,3.37,7.2
THIRD-303773,P,Coventry,Member,Female,Baby Products,40.37,3,5.82,128.39,09/02/2025,19:40:02,Debit Card,122.28,0.18,22.22,5.5
THIRD-303774,P,Coventry,Member,Male,Frozen Foods,11.32,7,3.81,83.97,08/07/2025,17:47:13,Credit Card,79.97,0.1,8.08,7.3
THIRD-303775,P,Coventry,Normal,Female,Baby Products,26.14,2,2.51,55.41,11/07/2025,19:55:46,Mobile Wallet,52.77,0.18,9.59,7.3
THIRD-303776,M,Nottingham,Normal,Female,Fresh Produce,9.29,11,4.91,108.3,28/01/2025,16:56:42,Debit Card,103.14,0.08,8.33,6.0
THIRD-303777,P,Coventry,Member,Male,Household,20.69,4,3.98,87.72,12/09/2025,14:40:54,Credit Card,83.54,0.19,16.03,7.7
THIRD-303778,P,Coventry,Normal,Female,Health & Wellness,24.03,3,3.47,76.44,20/07/2025,09:42:39,Credit Card,72.8,0.24,17.64,6.4
THIRD-303779,M,Nottingham,Normal,Male,Household,18.16,3,2.62,57.75,13/05/2025,13:17:47,Debit Card,55.0,0.19,10.55,6.3
THIRD-303780,N,Leicester,Member,Female,Snacks,2.33,5,0.56,12.35,23/08/2025,15:35:31,Credit Card,11.76,0.17,2.01,8.1
THIRD-303781,N,Leicester,Member,Male,Bakery,8.46,3,1.22,26.89,27/06/2025,13:08:28,Debit Card,25.61,0.11,2.84,7.7
THIRD-303782,M,Nottingham,Member,Male,Personal Care,11.53,5,2.77,61.13,23/08/2025,17:26:04,Debit Card,58.22,0.21,12.34,8.1
THIRD-303783,N,Leicester,Member,Male,Baby Products,17.88,3,2.58,56.86,19/06/2025,19:31:22,Debit Card,54.15,0.18,9.84,7.1
THIRD-303784,P,Coventry,Normal,Female,Fresh Produce,11.62,1,0.56,12.32,15/04/2025,11:27:50,Mobile Wallet,11.73,0.08,0.94,8.0
THIRD-303785,M,Nottingham,Normal,Male,Bakery,5.8,10,2.79,61.52,18/04/2025,16:26:44,Debit Card,58.59,0.11,6.51,6.5
THIRD-303786,N,Leicester,Normal,Female,Personal Care,18.84,6,5.44,119.87,27/10/2025,10:10:14,Mobile Wallet,114.16,0.21,24.2,5.0
THIRD-303787,M,Nottingham,Member,Male,Frozen Foods,5.16,3,0.74,16.4,17/11/2025,16:45:40,Mobile Wallet,15.62,0.1,1.58,7.9
THIRD-303788,M,Nottingham,Member,Female,Personal Care,4.8,1,0.23,5.09,13/08/2025,14:18:10,Mobile Wallet,4.85,0.21,1.03,7.1
THIRD-303789,P,Coventry,Normal,Male,Fresh Produce,13.2,4,2.54,55.96,18/12/2025,15:39:19,Debit Card,53.3,0.08,4.3,4.1
THIRD-303790,N,Leicester,Member,Female,Health & Wellness,24.72,3,3.57,78.62,27/11/2025,15:15:56,Credit Card,74.88,0.24,18.14,5.8
THIRD-303791,M,Nottingham,Normal,Male,Bakery,8.2,9,3.55,78.19,08/09/2025,20:22:06,Mobile Wallet,74.47,0.11,8.27,7.7
THIRD-303792,N,Leicester,Member,Male,Personal Care,5.47,6,1.58,34.8,11/03/2025,16:10:42,Credit Card,33.14,0.21,7.03,7.9
THIRD-303793,M,Nottingham,Normal,Male,Household,21.09,4,4.06,89.44,31/10/2025,15:02:59,Mobile Wallet,85.18,0.19,16.33,6.2
THIRD-303794,M,Nottingham,Member,Male,Health & Wellness,22.74,10,10.94,241.12,02/10/2025,20:57:39,Credit Card,229.64,0.24,55.64,7.5
THIRD-303795,N,Leicester,Member,Male,Fresh Produce,8.21,5,1.97,43.49,16/03/2025,13:43:37,Mobile Wallet,41.42,0.08,3.35,6.7
THIRD-303796,M,Nottingham,Member,Female,Bakery,6.02,6,1.74,38.3,04/06/2025,16:53:38,Debit Card,36.48,0.11,4.05,6.4
THIRD-303797,M,Nottingham,Member,Male,Baby Products,40.47,3,5.84,128.7,08/09/2025,16:54:06,Mobile Wallet,122.57,0.18,22.27,7.7
THIRD-303798,N,Leicester,Member,Male,Personal Care,6.49,4,1.25,27.52,22/12/2025,11:52:23,Mobile Wallet,26.21,0.21,5.55,8.6
THIRD-303799,M,Nottingham,Normal,Male,Bakery,5.67,1,0.27,6.01,04/06/2025,12:25:03,Mobile Wallet,5.72,0.11,0.64,5.6
THIRD-303800,N,Leicester,Member,Female,Fresh Produce,5.35,5,1.29,28.34,16/04/2025,18:50:42,Credit Card,26.98,0.08,2.18,6.6
THIRD-303801,M,Nottingham,Member,Female,Dairy & Eggs,5.32,7,1.79,39.51,23/03/2025,20:16:41,Debit Card,37.63,0.07,2.66,6.0
THIRD-303802,M,Nottingham,Normal,Male,Fresh Produce,10.95,10,5.27,116.1,03/03/2025,20:46:49,Mobile Wallet,110.56,0.08,8.93,6.6
THIRD-303803,P,Coventry,Member,Female,Frozen Foods,7.28,6,2.1,46.31,06/05/2025,13:33:17,Debit Card,44.1,0.1,4.45,5.9
THIRD-303804,P,Coventry,Normal,Male,Snacks,1.81,2,0.17,3.83,18/10/2025,08:22:20,Mobile Wallet,3.65,0.17,0.63,7.8
THIRD-303805,N,Leicester,Normal,Male,Fresh Produce,5.89,2,0.57,12.48,14/04/2025,17:36:24,Mobile Wallet,11.89,0.08,0.96,6.7
THIRD-303806,P,Coventry,Normal,Male,Baby Products,42.95,3,6.2,136.6,05/09/2025,11:47:23,Cash,130.1,0.18,23.64,7.0
THIRD-303807,N,Leicester,Normal,Male,Fresh Produce,9.22,7,3.1,68.45,04/12/2025,13:33:22,Cash,65.19,0.08,5.27,4.6
THIRD-303808,M,Nottingham,Normal,Female,Health & Wellness,34.57,7,11.63,256.53,26/03/2025,18:51:52,Credit Card,244.31,0.24,59.19,7.2
THIRD-303809,P,Coventry,Normal,Female,Bakery,4.5,2,0.43,9.54,10/03/2025,18:17:19,Debit Card,9.09,0.11,1.01,6.2
THIRD-303810,M,Nottingham,Member,Male,Health & Wellness,25.31,6,7.3,161.01,19/12/2025,10:44:56,Mobile Wallet,153.34,0.24,37.15,6.5
THIRD-303811,M,Nottingham,Normal,Male,Personal Care,18.18,2,1.75,38.55,25/06/2025,12:34:24,Credit Card,36.71,0.21,7.78,5.1
THIRD-303812,M,Nottingham,Normal,Female,Fresh Produce,8.66,7,2.92,64.29,19/06/2025,18:16:23,Debit Card,61.23,0.08,4.94,7.6
THIRD-303813,N,Leicester,Normal,Male,Bakery,4.99,3,0.72,15.88,27/10/2025,20:08:33,Debit Card,15.12,0.11,1.67,5.5
THIRD-303814,M,Nottingham,Member,Female,Frozen Foods,11.87,7,3.99,88.05,18/11/2025,14:53:57,Mobile Wallet,83.86,0.1,8.47,7.0
THIRD-303815,M,Nottingham,Normal,Male,Frozen Foods,2.53,2,0.24,5.36,02/11/2025,15:07:51,Mobile Wallet,5.1,0.1,0.52,7.2
THIRD-303816,N,Leicester,Member,Female,Baby Products,33.78,9,14.62,322.29,11/12/2025,20:30:01,Credit Card,306.94,0.18,55.78,7.2
THIRD-303817,N,Leicester,Member,Male,Personal Care,12.86,3,1.86,40.92,05/04/2025,15:25:18,Debit Card,38.97,0.21,8.26,4.8
THIRD-303818,P,Coventry,Normal,Male,Personal Care,4.51,3,0.65,14.35,11/02/2025,08:42:19,Mobile Wallet,13.67,0.21,2.89,7.0
THIRD-303819,N,Leicester,Normal,Male,Household,10.74,3,1.55,34.17,23/10/2025,17:03:31,Credit Card,32.54,0.19,6.24,6.2
THIRD-303820,P,Coventry,Member,Female,Household,21.16,1,1.02,22.44,03/12/2025,11:07:16,Debit Card,21.37,0.19,4.1,7.5
THIRD-303821,N,Leicester,Normal,Male,Personal Care,19.61,5,4.71,103.96,05/05/2025,16:14:12,Credit Card,99.02,0.21,20.99,7.9
THIRD-303822,M,Nottingham,Member,Male,Beverages,12.96,5,3.12,68.69,02/01/2025,13:19:53,Credit Card,65.42,0.13,8.59,6.3
THIRD-303823,M,Nottingham,Member,Male,Snacks,3.65,3,0.53,11.61,07/02/2025,11:46:06,Credit Card,11.06,0.17,1.9,7.0
THIRD-303824,P,Coventry,Member,Male,Dairy & Eggs,7.91,2,0.76,16.78,10/09/2025,17:04:17,Mobile Wallet,15.98,0.07,1.13,7.0
THIRD-303825,P,Coventry,Normal,Female,Household,25.19,1,1.21,26.7,30/06/2025,14:46:39,Debit Card,25.43,0.19,4.88,6.7
THIRD-303826,P,Coventry,Member,Male,Fresh Produce,1.97,3,0.28,6.25,02/01/2025,09:05:55,Cash,5.95,0.08,0.48,6.0
THIRD-303827,M,Nottingham,Member,Female,Fresh Produce,9.17,10,4.41,97.24,26/02/2025,14:43:09,Mobile Wallet,92.61,0.08,7.48,5.9
THIRD-303828,M,Nottingham,Normal,Male,Frozen Foods,9.12,3,1.32,29.01,30/06/2025,10:12:25,Debit Card,27.63,0.1,2.79,6.6
THIRD-303829,N,Leicester,Normal,Male,Frozen Foods,10.14,6,2.93,64.5,19/07/2025,19:16:44,Credit Card,61.42,0.1,6.2,7.3
THIRD-303830,N,Leicester,Normal,Male,Personal Care,5.03,1,0.24,5.33,29/03/2025,09:55:59,Mobile Wallet,5.08,0.21,1.08,6.4
THIRD-303831,M,Nottingham,Normal,Male,Household,18.8,4,3.62,79.74,15/07/2025,14:24:27,Mobile Wallet,75.94,0.19,14.56,7.4
THIRD-303832,M,Nottingham,Member,Male,Health & Wellness,13.48,2,1.3,28.58,01/04/2025,17:17:43,Cash,27.22,0.24,6.59,5.9
THIRD-303833,M,Nottingham,Normal,Female,Health & Wellness,9.2,5,2.21,48.78,19/10/2025,17:09:11,Mobile Wallet,46.46,0.24,11.26,7.6
THIRD-303834,M,Nottingham,Normal,Female,Health & Wellness,20.13,2,1.94,42.69,02/01/2025,16:59:59,Debit Card,40.66,0.24,9.85,6.0
THIRD-303835,P,Coventry,Member,Male,Dairy & Eggs,9.48,3,1.37,30.17,22/11/2025,11:10:56,Debit Card,28.73,0.07,2.04,7.7
THIRD-303836,P,Coventry,Member,Male,Frozen Foods,13.28,12,7.66,168.95,25/08/2025,14:31:12,Mobile Wallet,160.9,0.1,16.24,7.1
THIRD-303837,P,Coventry,Member,Male,Health & Wellness,9.38,13,5.86,129.28,12/11/2025,14:04:30,Credit Card,123.12,0.24,29.83,6.3
THIRD-303838,P,Coventry,Member,Female,Personal Care,18.44,8,7.09,156.38,05/04/2025,16:26:55,Cash,148.93,0.21,31.58,7.3
THIRD-303839,N,Leicester,Normal,Female,Bakery,9.01,2,0.87,19.1,08/06/2025,20:37:42,Cash,18.19,0.11,2.02,6.9
THIRD-303840,P,Coventry,Normal,Female,Household,22.42,5,5.39,118.85,31/08/2025,09:49:25,Debit Card,113.19,0.19,21.71,5.6
THIRD-303841,N,Leicester,Member,Male,Beverages,5.27,6,1.52,33.54,12/10/2025,19:18:15,Debit Card,31.94,0.13,4.19,7.5
THIRD-303842,P,Coventry,Member,Male,Health & Wellness,26.56,3,3.83,84.47,11/12/2025,11:23:24,Debit Card,80.45,0.24,19.49,6.9
THIRD-303843,P,Coventry,Normal,Female,Health & Wellness,40.41,7,13.6,299.9,14/09/2025,13:56:02,Debit Card,285.62,0.24,69.2,7.3
THIRD-303844,N,Leicester,Normal,Female,Frozen Foods,4.51,1,0.22,4.79,08/06/2025,15:11:19,Mobile Wallet,4.56,0.1,0.46,6.2
THIRD-303845,P,Coventry,Normal,Male,Baby Products,34.87,6,10.06,221.8,01/02/2025,13:36:13,Debit Card,211.24,0.18,38.38,7.0
THIRD-303846,N,Leicester,Normal,Female,Personal Care,16.42,4,3.16,69.64,18/04/2025,10:01:56,Mobile Wallet,66.32,0.21,14.06,7.3
THIRD-303847,M,Nottingham,Member,Male,Bakery,1.99,6,0.57,12.63,10/05/2025,16:00:36,Credit Card,12.03,0.11,1.34,6.6
THIRD-303848,N,Leicester,Normal,Female,Fresh Produce,6.55,1,0.32,6.95,03/05/2025,14:40:45,Credit Card,6.62,0.08,0.53,6.2
THIRD-303849,M,Nottingham,Normal,Female,Bakery,1.91,8,0.74,16.23,16/01/2025,16:49:03,Credit Card,15.46,0.11,1.72,6.1
THIRD-303850,P,Coventry,Member,Male,Frozen Foods,6.51,5,1.57,34.51,25/08/2025,17:26:07,Mobile Wallet,32.86,0.1,3.32,7.7
THIRD-303851,M,Nottingham,Member,Male,Beverages,15.41,2,1.48,32.68,21/06/2025,13:26:47,Cash,31.12,0.13,4.08,7.6
THIRD-303852,P,Coventry,Normal,Female,Bakery,5.61,5,1.35,29.72,23/02/2025,20:48:28,Debit Card,28.3,0.11,3.14,6.8
THIRD-303853,P,Coventry,Member,Male,Fresh Produce,2.26,4,0.43,9.57,08/03/2025,21:05:53,Debit Card,9.11,0.08,0.73,6.2
THIRD-303854,M,Nottingham,Member,Male,Household,9.7,9,4.2,92.58,25/06/2025,12:50:38,Credit Card,88.17,0.19,16.91,5.8
THIRD-303855,N,Leicester,Member,Female,Health & Wellness,7.29,11,3.86,85.02,12/08/2025,19:12:12,Debit Card,80.97,0.24,19.62,7.0
THIRD-303856,M,Nottingham,Member,Female,Baby Products,40.97,6,11.82,260.57,07/05/2025,12:30:12,Mobile Wallet,248.16,0.18,45.09,6.4
THIRD-303857,P,Coventry,Member,Female,Household,8.1,5,1.95,42.94,24/09/2025,14:53:55,Credit Card,40.9,0.19,7.84,6.1
THIRD-303858,M,Nottingham,Member,Male,Frozen Foods,13.11,1,0.63,13.9,27/06/2025,18:02:10,Mobile Wallet,13.24,0.1,1.34,5.8
THIRD-303859,P,Coventry,Member,Male,Dairy & Eggs,3.76,3,0.54,11.97,16/09/2025,10:14:34,Mobile Wallet,11.4,0.07,0.81,9.0
THIRD-303860,M,Nottingham,Normal,Female,Bakery,1.46,7,0.49,10.8,24/02/2025,21:41:12,Mobile Wallet,10.29,0.11,1.14,5.3
THIRD-303861,N,Leicester,Normal,Male,Dairy & Eggs,3.16,4,0.61,13.41,14/04/2025,10:18:50,Cash,12.77,0.07,0.9,5.6
THIRD-303862,N,Leicester,Member,Male,Snacks,4.42,7,1.49,32.8,20/01/2025,17:00:16,Debit Card,31.24,0.17,5.36,8.2
THIRD-303863,P,Coventry,Normal,Female,Fresh Produce,5.02,6,1.45,31.95,02/12/2025,17:42:44,Debit Card,30.43,0.08,2.46,5.8
THIRD-303864,M,Nottingham,Member,Female,Health & Wellness,19.76,2,1.9,41.9,28/08/2025,20:15:22,Cash,39.9,0.24,9.67,5.6
THIRD-303865,N,Leicester,Member,Female,Fresh Produce,9.87,8,3.8,83.71,10/07/2025,17:50:46,Credit Card,79.72,0.08,6.43,6.3
THIRD-303866,P,Coventry,Normal,Male,Household,26.12,1,1.26,27.7,13/03/2025,14:40:13,Mobile Wallet,26.38,0.19,5.06,5.8
THIRD-303867,M,Nottingham,Member,Female,Personal Care,29.28,2,2.81,62.07,02/12/2025,15:55:29,Credit Card,59.12,0.21,12.53,7.3
THIRD-303868,M,Nottingham,Normal,Male,Snacks,2.62,1,0.13,2.78,15/08/2025,18:31:06,Credit Card,2.65,0.17,0.46,6.6
THIRD-303869,M,Nottingham,Member,Male,Baby Products,42.06,3,6.07,133.76,05/07/2025,09:31:44,Credit Card,127.39,0.18,23.15,6.9
THIRD-303870,N,Leicester,Normal,Male,Fresh Produce,8.48,1,0.41,8.99,06/03/2025,17:16:08,Debit Card,8.56,0.08,0.69,5.8
THIRD-303871,N,Leicester,Normal,Male,Health & Wellness,4.9,2,0.47,10.38,08/06/2025,21:08:50,Credit Card,9.89,0.24,2.4,8.5
THIRD-303872,P,Coventry,Member,Male,Frozen Foods,15.4,2,1.48,32.66,08/09/2025,12:54:45,Cash,31.1,0.1,3.14,6.7
THIRD-303873,M,Nottingham,Member,Female,Personal Care,25.25,1,1.21,26.76,07/06/2025,11:12:50,Credit Card,25.49,0.21,5.41,8.7
THIRD-303874,M,Nottingham,Normal,Female,Dairy & Eggs,5.53,1,0.27,5.87,19/12/2025,16:26:48,Mobile Wallet,5.59,0.07,0.39,6.3
THIRD-303875,P,Coventry,Normal,Male,Health & Wellness,11.52,10,5.54,122.16,13/12/2025,20:18:27,Mobile Wallet,116.34,0.24,28.19,5.8
THIRD-303876,M,Nottingham,Normal,Male,Frozen Foods,8.22,4,1.58,34.84,26/05/2025,15:42:25,Mobile Wallet,33.18,0.1,3.35,6.6
THIRD-303877,M,Nottingham,Normal,Male,Baby Products,16.65,13,10.41,229.47,14/03/2025,15:35:07,Mobile Wallet,218.54,0.18,39.71,6.9
THIRD-303878,M,Nottingham,Member,Female,Baby Products,16.1,4,3.1,68.27,04/07/2025,12:33:16,Mobile Wallet,65.02,0.18,11.82,5.5
THIRD-303879,M,Nottingham,Member,Male,Bakery,4.61,3,0.66,14.65,09/02/2025,19:33:09,Mobile Wallet,13.95,0.11,1.55,6.1
THIRD-303880,P,Coventry,Normal,Female,Fresh Produce,9.51,3,1.37,30.23,28/08/2025,14:07:43,Credit Card,28.79,0.08,2.32,7.6
THIRD-303881,P,Coventry,Member,Male,Dairy & Eggs,7.79,6,2.25,49.55,30/10/2025,11:43:29,Mobile Wallet,47.19,0.07,3.34,8.2
THIRD-303882,M,Nottingham,Normal,Male,Fresh Produce,7.83,1,0.38,8.31,20/10/2025,15:58:19,Credit Card,7.91,0.08,0.64,5.0
THIRD-303883,P,Coventry,Normal,Female,Dairy & Eggs,6.78,8,2.61,57.51,05/08/2025,13:07:25,Credit Card,54.77,0.07,3.87,6.4
THIRD-303884,M,Nottingham,Normal,Male,Personal Care,15.94,4,3.07,67.61,29/01/2025,14:51:23,Credit Card,64.39,0.21,13.65,6.3
THIRD-303885,N,Leicester,Normal,Female,Frozen Foods,8.83,4,1.7,37.44,28/09/2025,10:31:50,Debit Card,35.66,0.1,3.6,6.1
THIRD-303886,N,Leicester,Member,Female,Household,10.63,5,2.56,56.34,14/05/2025,14:01:50,Debit Card,53.66,0.19,10.29,8.1
THIRD-303887,N,Leicester,Member,Female,Baby Products,39.59,8,15.23,335.78,26/12/2025,18:12:10,Cash,319.79,0.18,58.11,7.4
THIRD-303888,M,Nottingham,Member,Female,Personal Care,18.54,8,7.13,157.26,26/08/2025,17:24:08,Debit Card,149.77,0.21,31.75,6.1
THIRD-303889,M,Nottingham,Normal,Female,Personal Care,21.31,11,11.27,248.49,08/09/2025,16:04:56,Debit Card,236.66,0.21,50.17,6.7
THIRD-303890,P,Coventry,Normal,Male,Personal Care,9.51,4,1.83,40.31,23/10/2025,13:00:05,Mobile Wallet,38.39,0.21,8.14,6.5
THIRD-303891,N,Leicester,Normal,Male,Frozen Foods,15.08,1,0.73,15.99,06/11/2025,16:38:21,Credit Card,15.23,0.1,1.54,8.3
THIRD-303892,N,Leicester,Member,Male,Beverages,5.87,7,1.97,43.52,09/06/2025,21:36:52,Debit Card,41.45,0.13,5.44,6.6
THIRD-303893,P,Coventry,Member,Female,Baby Products,25.93,8,9.97,219.88,22/03/2025,10:53:22,Debit Card,209.41,0.18,38.05,5.7
THIRD-303894,M,Nottingham,Member,Female,Health & Wellness,23.91,1,1.15,25.35,09/06/2025,13:28:36,Debit Card,24.14,0.24,5.85,6.1
THIRD-303895,P,Coventry,Member,Female,Household,22.7,12,13.1,288.81,19/04/2025,12:29:50,Mobile Wallet,275.06,0.19,52.76,6.9
THIRD-303896,N,Leicester,Normal,Male,Bakery,2.77,1,0.13,2.93,05/02/2025,20:06:03,Cash,2.79,0.11,0.31,6.4
THIRD-303897,N,Leicester,Normal,Female,Baby Products,14.04,5,3.38,74.42,14/03/2025,15:44:44,Debit Card,70.88,0.18,12.88,7.1
THIRD-303898,M,Nottingham,Normal,Female,Snacks,3.8,3,0.55,12.08,25/09/2025,20:39:20,Mobile Wallet,11.5,0.17,1.97,8.0
THIRD-303899,N,Leicester,Normal,Male,Household,10.3,2,0.99,21.83,17/05/2025,12:04:07,Debit Card,20.79,0.19,3.99,5.1
THIRD-303900,N,Leicester,Member,Female,Household,16.13,6,4.65,102.6,03/04/2025,15:35:51,Cash,97.71,0.19,18.74,7.5
THIRD-303901,N,Leicester,Member,Male,Fresh Produce,4.68,2,0.45,9.92,05/03/2025,11:09:46,Mobile Wallet,9.45,0.08,0.76,7.7
THIRD-303902,P,Coventry,Normal,Male,Bakery,5.25,1,0.25,5.56,22/01/2025,19:44:58,Mobile Wallet,5.3,0.11,0.59,5.6
THIRD-303903,N,Leicester,Normal,Female,Health & Wellness,31.58,3,4.56,100.45,17/01/2025,16:25:26,Mobile Wallet,95.67,0.24,23.18,8.5
THIRD-303904,M,Nottingham,Normal,Female,Health & Wellness,39.0,1,1.88,41.35,05/10/2025,18:46:44,Debit Card,39.38,0.24,9.54,5.2
THIRD-303905,P,Coventry,Normal,Male,Fresh Produce,4.32,1,0.21,4.58,13/06/2025,16:48:18,Mobile Wallet,4.36,0.08,0.35,5.1
THIRD-303906,M,Nottingham,Member,Male,Frozen Foods,9.58,8,3.68,81.23,11/10/2025,21:34:09,Credit Card,77.36,0.1,7.81,8.9
THIRD-303907,P,Coventry,Member,Male,Frozen Foods,12.3,8,4.73,104.34,24/11/2025,16:41:46,Credit Card,99.37,0.1,10.03,7.6
THIRD-303908,P,Coventry,Member,Female,Fresh Produce,6.41,4,1.23,27.16,30/01/2025,15:40:00,Mobile Wallet,25.87,0.08,2.09,5.8
THIRD-303909,P,Coventry,Normal,Male,Frozen Foods,17.05,3,2.46,54.21,29/03/2025,19:08:06,Credit Card,51.63,0.1,5.22,4.6
THIRD-303910,N,Leicester,Member,Female,Beverages,7.83,2,0.75,16.6,09/07/2025,18:31:45,Credit Card,15.81,0.13,2.08,8.0
THIRD-303911,P,Coventry,Member,Male,Fresh Produce,9.0,3,1.3,28.61,27/06/2025,11:22:24,Mobile Wallet,27.25,0.08,2.2,6.9
THIRD-303912,M,Nottingham,Member,Female,Bakery,3.17,1,0.15,3.36,13/03/2025,08:50:40,Cash,3.2,0.11,0.36,7.0
THIRD-303913,M,Nottingham,Member,Male,Baby Products,47.79,9,20.68,455.94,20/12/2025,16:08:52,Debit Card,434.23,0.18,78.91,7.5
THIRD-303914,P,Coventry,Member,Male,Health & Wellness,33.06,4,6.36,140.2,30/10/2025,16:57:16,Credit Card,133.52,0.24,32.35,7.7
THIRD-303915,M,Nottingham,Member,Male,Snacks,2.68,2,0.26,5.69,13/04/2025,19:16:49,Mobile Wallet,5.42,0.17,0.93,8.3
THIRD-303916,N,Leicester,Member,Male,Personal Care,7.2,13,4.5,99.18,24/02/2025,14:37:19,Debit Card,94.46,0.21,20.02,6.3
THIRD-303917,M,Nottingham,Member,Female,Baby Products,43.96,11,23.25,512.63,29/11/2025,11:04:43,Credit Card,488.22,0.18,88.71,5.9
THIRD-303918,N,Leicester,Member,Female,Snacks,4.11,3,0.59,13.06,03/07/2025,13:52:53,Cash,12.44,0.17,2.13,7.0
THIRD-303919,M,Nottingham,Normal,Male,Health & Wellness,12.03,11,6.36,140.31,23/11/2025,18:51:02,Mobile Wallet,133.63,0.24,32.37,7.4
THIRD-303920,M,Nottingham,Member,Female,Frozen Foods,15.85,2,1.52,33.6,17/05/2025,15:42:34,Credit Card,32.0,0.1,3.23,8.1
THIRD-303921,N,Leicester,Normal,Female,Fresh Produce,9.19,1,0.44,9.74,27/11/2025,16:03:37,Debit Card,9.28,0.08,0.75,5.9
THIRD-303922,N,Leicester,Member,Male,Dairy & Eggs,2.17,5,0.52,11.52,23/04/2025,13:31:29,Credit Card,10.97,0.07,0.77,5.8
THIRD-303923,P,Coventry,Normal,Male,Snacks,6.73,2,0.65,14.27,29/04/2025,12:15:27,Debit Card,13.59,0.17,2.33,4.6
THIRD-303924,P,Coventry,Member,Female,Dairy & Eggs,8.1,2,0.78,17.18,07/08/2025,18:20:44,Mobile Wallet,16.36,0.07,1.16,8.1
THIRD-303925,N,Leicester,Normal,Male,Beverages,3.14,7,1.06,23.31,18/08/2025,19:06:41,Credit Card,22.2,0.13,2.92,4.5
THIRD-303926,N,Leicester,Member,Male,Snacks,2.19,1,0.11,2.33,19/08/2025,13:32:38,Debit Card,2.22,0.17,0.38,7.6
THIRD-303927,M,Nottingham,Normal,Male,Dairy & Eggs,2.91,4,0.56,12.35,15/09/2025,20:17:38,Cash,11.76,0.07,0.83,5.7
THIRD-303928,M,Nottingham,Normal,Male,Personal Care,16.55,1,0.8,17.55,19/06/2025,18:31:45,Mobile Wallet,16.71,0.21,3.54,5.4
THIRD-303929,N,Leicester,Member,Male,Frozen Foods,3.87,4,0.74,16.4,12/01/2025,13:29:30,Debit Card,15.62,0.1,1.58,5.6
THIRD-303930,P,Coventry,Member,Female,Fresh Produce,6.23,5,1.5,33.02,13/03/2025,16:44:06,Credit Card,31.45,0.08,2.54,5.5
THIRD-303931,P,Coventry,Member,Male,Bakery,6.88,5,1.66,36.5,16/01/2025,17:20:29,Mobile Wallet,34.76,0.11,3.86,7.5
THIRD-303932,P,Coventry,Normal,Female,Fresh Produce,9.97,12,5.75,126.87,10/08/2025,09:53:08,Mobile Wallet,120.83,0.08,9.76,6.6
THIRD-303933,N,Leicester,Normal,Female,Personal Care,4.3,3,0.62,13.66,09/10/2025,16:55:52,Debit Card,13.01,0.21,2.76,6.5
THIRD-303934,M,Nottingham,Member,Male,Baby Products,7.8,6,2.25,49.61,04/08/2025,15:35:12,Mobile Wallet,47.25,0.18,8.59,6.6
THIRD-303935,M,Nottingham,Member,Male,Snacks,3.37,2,0.32,7.14,05/12/2025,16:18:10,Credit Card,6.8,0.17,1.17,7.1
THIRD-303936,N,Leicester,Member,Female,Household,9.86,5,2.37,52.26,01/04/2025,12:49:19,Debit Card,49.77,0.19,9.55,6.9
THIRD-303937,M,Nottingham,Member,Male,Health & Wellness,43.97,13,27.48,605.98,18/11/2025,18:03:27,Credit Card,577.12,0.24,139.82,7.0
THIRD-303938,P,Coventry,Normal,Male,Health & Wellness,16.85,3,2.43,53.58,11/10/2025,16:18:54,Debit Card,51.03,0.24,12.36,7.3
THIRD-303939,N,Leicester,Normal,Female,Health & Wellness,15.63,7,5.26,115.99,23/03/2025,12:44:31,Credit Card,110.47,0.24,26.76,6.8
THIRD-303940,N,Leicester,Member,Female,Fresh Produce,6.33,7,2.13,47.0,16/09/2025,08:52:21,Cash,44.76,0.08,3.61,7.6
THIRD-303941,N,Leicester,Member,Female,Household,6.24,5,1.5,33.08,08/07/2025,17:10:39,Credit Card,31.5,0.19,6.04,7.6
THIRD-303942,M,Nottingham,Member,Male,Snacks,1.84,5,0.44,9.75,22/03/2025,20:03:34,Debit Card,9.29,0.17,1.59,6.6
THIRD-303943,P,Coventry,Member,Male,Health & Wellness,16.2,9,7.01,154.59,23/01/2025,16:08:24,Credit Card,147.23,0.24,35.67,6.1
THIRD-303944,P,Coventry,Normal,Female,Fresh Produce,12.57,2,1.21,26.66,07/11/2025,14:41:57,Cash,25.39,0.08,2.05,6.0
THIRD-303945,P,Coventry,Normal,Female,Beverages,8.37,1,0.4,8.87,02/07/2025,10:40:52,Mobile Wallet,8.45,0.13,1.11,6.3
THIRD-303946,M,Nottingham,Normal,Male,Baby Products,14.44,2,1.39,30.61,15/03/2025,11:55:03,Mobile Wallet,29.15,0.18,5.3,7.0
THIRD-303947,M,Nottingham,Member,Female,Fresh Produce,2.93,4,0.56,12.43,06/09/2025,19:24:58,Mobile Wallet,11.84,0.08,0.95,7.5
THIRD-303948,M,Nottingham,Normal,Male,Personal Care,20.36,12,11.75,259.05,29/10/2025,13:18:13,Mobile Wallet,246.71,0.21,52.3,6.3
THIRD-303949,N,Leicester,Normal,Male,Frozen Foods,13.45,12,7.76,171.07,16/02/2025,20:01:21,Credit Card,162.92,0.1,16.45,7.2
THIRD-303950,N,Leicester,Member,Female,Personal Care,4.27,9,1.85,40.78,26/11/2025,20:21:54,Mobile Wallet,38.84,0.21,8.24,7.9
THIRD-303951,N,Leicester,Member,Female,Health & Wellness,17.91,5,4.3,94.92,22/08/2025,15:15:49,Credit Card,90.4,0.24,21.9,7.1
THIRD-303952,M,Nottingham,Normal,Male,Snacks,5.05,9,2.19,48.23,07/11/2025,15:16:39,Credit Card,45.93,0.17,7.89,6.4
THIRD-303953,M,Nottingham,Member,Male,Snacks,2.69,3,0.39,8.57,19/08/2025,12:28:07,Mobile Wallet,8.16,0.17,1.4,5.3
THIRD-303954,N,Leicester,Normal,Female,Personal Care,23.89,7,8.04,177.27,25/09/2025,16:10:44,Credit Card,168.83,0.21,35.8,7.3
THIRD-303955,N,Leicester,Normal,Female,Health & Wellness,32.6,6,9.4,207.38,09/10/2025,15:57:43,Mobile Wallet,197.5,0.24,47.85,5.6
THIRD-303956,N,Leicester,Normal,Male,Dairy & Eggs,3.66,1,0.18,3.88,05/09/2025,14:29:22,Credit Card,3.7,0.07,0.26,7.9
THIRD-303957,N,Leicester,Member,Male,Personal Care,15.14,5,3.64,80.26,20/05/2025,10:03:25,Credit Card,76.44,0.21,16.21,6.0
THIRD-303958,M,Nottingham,Member,Male,Beverages,12.12,3,1.75,38.54,25/07/2025,10:03:49,Credit Card,36.7,0.13,4.81,6.2
THIRD-303959,P,Coventry,Normal,Female,Baby Products,45.5,7,15.31,337.64,13/09/2025,12:17:18,Credit Card,321.56,0.18,58.43,6.2
THIRD-303960,P,Coventry,Normal,Female,Beverages,9.31,6,2.69,59.21,16/02/2025,18:06:25,Debit Card,56.39,0.13,7.4,5.9
THIRD-303961,M,Nottingham,Normal,Female,Bakery,6.34,9,2.75,60.53,11/08/2025,17:51:59,Credit Card,57.64,0.11,6.4,5.2
THIRD-303962,P,Coventry,Normal,Male,Frozen Foods,14.13,6,4.08,89.9,21/07/2025,10:55:13,Debit Card,85.62,0.1,8.64,5.9
THIRD-303963,P,Coventry,Member,Female,Dairy & Eggs,5.31,7,1.79,39.44,20/11/2025,18:25:20,Mobile Wallet,37.56,0.07,2.65,7.2
THIRD-303964,M,Nottingham,Normal,Female,Beverages,6.75,3,0.97,21.46,29/03/2025,20:10:54,Credit Card,20.44,0.13,2.68,7.3
THIRD-303965,M,Nottingham,Normal,Male,Household,22.76,9,9.85,217.11,21/07/2025,21:10:57,Debit Card,206.77,0.19,39.65,5.1
THIRD-303966,N,Leicester,Normal,Female,Bakery,6.04,9,2.61,57.64,13/01/2025,09:58:53,Credit Card,54.9,0.11,6.1,5.6
THIRD-303967,M,Nottingham,Normal,Female,Personal Care,11.85,4,2.28,50.23,31/08/2025,19:28:20,Debit Card,47.84,0.21,10.14,5.3
THIRD-303968,M,Nottingham,Normal,Male,Fresh Produce,4.43,1,0.21,4.69,28/10/2025,18:33:09,Debit Card,4.47,0.08,0.36,5.7
THIRD-303969,M,Nottingham,Member,Female,Baby Products,9.37,8,3.6,79.46,03/06/2025,18:14:20,Debit Card,75.68,0.18,13.75,7.8
THIRD-303970,M,Nottingham,Member,Female,Beverages,11.87,4,2.28,50.32,18/02/2025,17:33:38,Credit Card,47.92,0.13,6.29,6.1
THIRD-303971,M,Nottingham,Member,Male,Personal Care,25.76,12,14.86,327.71,12/07/2025,11:24:04,Mobile Wallet,312.1,0.21,66.17,6.4
THIRD-303972,M,Nottingham,Member,Male,Household,8.0,6,2.31,50.87,08/05/2025,17:25:39,Debit Card,48.45,0.19,9.3,5.5
THIRD-303973,P,Coventry,Normal,Female,Household,4.61,6,1.33,29.31,24/06/2025,11:19:01,Debit Card,27.91,0.19,5.35,6.3
THIRD-303974,N,Leicester,Member,Female,Dairy & Eggs,5.03,3,0.73,16.01,07/03/2025,18:44:01,Debit Card,15.25,0.07,1.08,6.0
THIRD-303975,P,Coventry,Normal,Male,Personal Care,6.51,9,2.82,62.12,24/06/2025,17:24:23,Credit Card,59.16,0.21,12.54,6.1
THIRD-303976,M,Nottingham,Normal,Male,Beverages,11.53,2,1.11,24.45,01/02/2025,13:01:01,Debit Card,23.29,0.13,3.05,8.6
THIRD-303977,N,Leicester,Normal,Female,Household,9.63,9,4.17,91.89,19/06/2025,10:47:45,Mobile Wallet,87.51,0.19,16.78,6.6
THIRD-303978,M,Nottingham,Normal,Female,Personal Care,22.28,8,8.57,188.93,01/04/2025,15:32:15,Credit Card,179.93,0.21,38.15,6.3
THIRD-303979,P,Coventry,Member,Female,Fresh Produce,9.11,4,1.75,38.63,10/05/2025,16:44:21,Debit Card,36.79,0.08,2.97,7.3
THIRD-303980,P,Coventry,Member,Male,Health & Wellness,23.0,7,7.74,170.71,13/02/2025,14:33:08,Cash,162.58,0.24,39.39,7.1
THIRD-303981,M,Nottingham,Normal,Female,Dairy & Eggs,2.36,1,0.11,2.5,14/02/2025,15:36:49,Debit Card,2.38,0.07,0.17,6.3
THIRD-303982,N,Leicester,Member,Female,Health & Wellness,19.29,3,2.78,61.35,04/03/2025,16:24:42,Debit Card,58.43,0.24,14.16,7.7
THIRD-303983,P,Coventry,Member,Female,Health & Wellness,39.35,6,11.35,250.31,10/06/2025,11:58:40,Credit Card,238.39,0.24,57.76,7.9
THIRD-303984,P,Coventry,Member,Male,Household,19.54,4,3.76,82.87,10/09/2025,19:30:57,Credit Card,78.92,0.19,15.14,6.5
THIRD-303985,P,Coventry,Normal,Female,Beverages,11.48,5,2.76,60.86,29/08/2025,19:40:19,Cash,57.96,0.13,7.61,4.9
THIRD-303986,P,Coventry,Member,Male,Household,16.07,5,3.86,85.17,26/06/2025,15:27:34,Debit Card,81.11,0.19,15.56,6.2
THIRD-303987,N,Leicester,Member,Female,Beverages,4.12,4,0.79,17.46,06/06/2025,18:43:48,Mobile Wallet,16.63,0.13,2.18,6.0
THIRD-303988,N,Leicester,Member,Female,Baby Products,36.92,7,12.43,273.98,18/04/2025,16:46:48,Debit Card,260.92,0.18,47.41,5.8
THIRD-303989,N,Leicester,Normal,Female,Baby Products,9.53,1,0.46,10.1,18/02/2025,17:34:40,Credit Card,9.62,0.18,1.75,6.3
THIRD-303990,M,Nottingham,Normal,Male,Health & Wellness,36.78,3,5.31,116.99,27/08/2025,09:22:40,Credit Card,111.42,0.24,27.0,7.5
THIRD-303991,N,Leicester,Normal,Female,Health & Wellness,26.06,3,3.76,82.89,11/10/2025,12:58:28,Credit Card,78.94,0.24,19.12,5.7
THIRD-303992,N,Leicester,Normal,Female,Dairy & Eggs,5.73,3,0.83,18.23,29/12/2025,15:09:21,Debit Card,17.36,0.07,1.23,7.2
THIRD-303993,M,Nottingham,Normal,Female,Household,4.04,3,0.58,12.83,07/03/2025,20:08:46,Debit Card,12.22,0.19,2.34,7.3
THIRD-303994,N,Leicester,Normal,Female,Personal Care,3.38,10,1.62,35.83,04/08/2025,15:13:47,Credit Card,34.12,0.21,7.24,7.0
THIRD-303995,M,Nottingham,Member,Female,Baby Products,17.45,7,5.87,129.5,25/05/2025,13:08:12,Cash,123.33,0.18,22.41,5.7
THIRD-303996,N,Leicester,Member,Male,Snacks,1.03,10,0.5,10.92,21/07/2025,13:24:28,Mobile Wallet,10.4,0.17,1.78,4.9
THIRD-303997,M,Nottingham,Normal,Female,Personal Care,16.04,7,5.4,119.01,03/07/2025,10:21:14,Mobile Wallet,113.34,0.21,24.03,5.5
THIRD-303998,M,Nottingham,Member,Female,Snacks,3.04,1,0.15,3.22,02/01/2025,11:33:26,Credit Card,3.07,0.17,0.53,8.4
THIRD-303999,M,Nottingham,Normal,Male,Personal Care,24.6,1,1.18,26.07,19/01/2025,20:54:14,Mobile Wallet,24.83,0.21,5.27,6.9
THIRD-304000,P,Coventry,Normal,Male,Snacks,3.44,8,1.32,29.19,06/07/2025,13:02:28,Credit Card,27.8,0.17,4.77,6.6
THIRD-304001,P,Coventry,Member,Male,Snacks,4.74,2,0.46,10.06,02/05/2025,17:07:24,Debit Card,9.58,0.17,1.64,5.0
THIRD-304002,P,Coventry,Member,Male,Snacks,1.15,3,0.17,3.68,13/06/2025,16:50:31,Credit Card,3.5,0.17,0.6,7.6
THIRD-304003,P,Coventry,Normal,Female,Beverages,7.99,5,1.92,42.34,04/12/2025,13:24:53,Debit Card,40.32,0.13,5.29,6.0
THIRD-304004,N,Leicester,Normal,Male,Beverages,7.3,9,3.16,69.66,07/09/2025,16:58:43,Debit Card,66.34,0.13,8.7,4.1
THIRD-304005,P,Coventry,Normal,Female,Personal Care,14.68,10,7.06,155.67,07/04/2025,18:14:28,Mobile Wallet,148.26,0.21,31.43,7.3
THIRD-304006,M,Nottingham,Normal,Male,Beverages,7.13,5,1.71,37.81,22/12/2025,16:15:08,Credit Card,36.02,0.13,4.73,7.2
THIRD-304007,M,Nottingham,Normal,Female,Personal Care,14.36,5,3.45,76.12,17/08/2025,17:04:57,Debit Card,72.5,0.21,15.37,8.1
THIRD-304008,N,Leicester,Normal,Male,Fresh Produce,9.9,11,5.24,115.46,22/04/2025,13:19:10,Cash,109.96,0.08,8.88,7.8
THIRD-304009,N,Leicester,Normal,Male,Health & Wellness,13.3,5,3.2,70.51,25/03/2025,17:24:42,Credit Card,67.15,0.24,16.27,6.6
THIRD-304010,P,Coventry,Normal,Female,Household,22.03,1,1.06,23.35,11/05/2025,10:57:54,Debit Card,22.24,0.19,4.26,8.0
THIRD-304011,N,Leicester,Normal,Male,Dairy & Eggs,4.87,5,1.17,25.8,19/07/2025,14:32:22,Credit Card,24.57,0.07,1.74,6.1
THIRD-304012,M,Nottingham,Member,Female,Beverages,2.45,8,0.94,20.81,05/03/2025,20:44:45,Debit Card,19.82,0.13,2.6,8.2
THIRD-304013,P,Coventry,Normal,Female,Beverages,15.38,1,0.74,16.31,10/07/2025,14:13:09,Credit Card,15.53,0.13,2.04,5.2
THIRD-304014,P,Coventry,Normal,Female,Snacks,4.28,2,0.41,9.08,25/10/2025,09:22:58,Debit Card,8.65,0.17,1.48,8.8
THIRD-304015,P,Coventry,Member,Female,Household,4.01,9,1.74,38.3,12/11/2025,14:48:00,Debit Card,36.48,0.19,7.0,6.1
THIRD-304016,M,Nottingham,Normal,Male,Frozen Foods,12.14,10,5.84,128.67,31/12/2025,10:47:15,Debit Card,122.54,0.1,12.37,7.5
THIRD-304017,M,Nottingham,Member,Female,Household,19.82,3,2.86,63.04,26/01/2025,16:21:23,Credit Card,60.04,0.19,11.51,6.7
THIRD-304018,P,Coventry,Normal,Male,Personal Care,23.12,5,5.56,122.55,02/12/2025,15:22:56,Cash,116.71,0.21,24.74,6.0
THIRD-304019,P,Coventry,Member,Female,Dairy & Eggs,6.4,2,0.62,13.57,05/11/2025,19:53:48,Debit Card,12.92,0.07,0.91,5.8
THIRD-304020,N,Leicester,Member,Male,Dairy & Eggs,3.13,3,0.45,9.95,10/06/2025,14:31:27,Credit Card,9.48,0.07,0.67,7.0
THIRD-304021,M,Nottingham,Normal,Female,Bakery,7.78,2,0.75,16.5,31/01/2025,15:37:04,Credit Card,15.71,0.11,1.75,6.3
THIRD-304022,P,Coventry,Normal,Male,Beverages,8.36,1,0.4,8.86,13/03/2025,19:44:57,Debit Card,8.44,0.13,1.11,6.0
THIRD-304023,N,Leicester,Member,Male,Snacks,3.7,5,0.89,19.62,28/10/2025,18:32:07,Debit Card,18.69,0.17,3.21,5.7
THIRD-304024,M,Nottingham,Normal,Female,Snacks,5.79,1,0.28,6.14,01/09/2025,12:43:25,Debit Card,5.85,0.17,1.01,6.9
THIRD-304025,M,Nottingham,Member,Male,Health & Wellness,22.69,3,3.27,72.17,26/10/2025,15:03:03,Credit Card,68.73,0.24,16.65,8.0
THIRD-304026,N,Leicester,Normal,Male,Household,18.02,7,6.07,133.75,01/03/2025,17:04:24,Credit Card,127.38,0.19,24.43,4.9
THIRD-304027,M,Nottingham,Normal,Female,Frozen Foods,5.73,8,2.2,48.59,18/08/2025,21:18:42,Mobile Wallet,46.28,0.1,4.67,6.1
THIRD-304028,P,Coventry,Normal,Male,Household,4.16,10,2.0,44.1,16/03/2025,17:38:04,Credit Card,42.0,0.19,8.06,6.1
THIRD-304029,M,Nottingham,Member,Male,Baby Products,25.59,6,7.38,162.79,19/12/2025,14:07:16,Mobile Wallet,155.04,0.18,28.17,7.6
THIRD-304030,P,Coventry,Normal,Female,Beverages,3.74,8,1.44,31.75,14/03/2025,13:08:04,Debit Card,30.24,0.13,3.96,5.2
THIRD-304031,N,Leicester,Member,Male,Fresh Produce,9.21,5,2.21,48.84,31/01/2025,09:15:48,Credit Card,46.52,0.08,3.75,8.3
THIRD-304032,M,Nottingham,Member,Male,Personal Care,31.44,1,1.51,33.33,05/11/2025,15:48:19,Cash,31.74,0.21,6.73,5.4
THIRD-304033,P,Coventry,Normal,Male,Household,25.16,7,8.47,186.69,10/07/2025,12:37:15,Credit Card,177.8,0.19,34.1,4.5
THIRD-304034,N,Leicester,Member,Female,Baby Products,37.35,7,12.57,277.14,11/04/2025,12:00:40,Debit Card,263.94,0.18,47.96,5.6
THIRD-304035,P,Coventry,Normal,Female,Personal Care,12.38,7,4.17,91.84,30/05/2025,14:22:48,Credit Card,87.46,0.21,18.54,7.1
THIRD-304036,N,Leicester,Normal,Male,Fresh Produce,4.85,8,1.86,41.1,09/01/2025,08:52:06,Mobile Wallet,39.14,0.08,3.16,6.7
THIRD-304037,N,Leicester,Member,Male,Beverages,9.95,1,0.48,10.55,28/07/2025,16:33:30,Credit Card,10.05,0.13,1.31,8.6
THIRD-304038,N,Leicester,Member,Female,Frozen Foods,10.51,1,0.51,11.15,21/09/2025,17:52:41,Debit Card,10.62,0.1,1.07,7.3
THIRD-304039,P,Coventry,Member,Female,Health & Wellness,13.11,2,1.26,27.8,15/07/2025,16:34:05,Debit Card,26.48,0.24,6.41,5.3
THIRD-304040,P,Coventry,Normal,Male,Dairy & Eggs,4.96,2,0.48,10.52,01/07/2025,17:56:50,Debit Card,10.02,0.07,0.71,7.6
THIRD-304041,P,Coventry,Normal,Female,Baby Products,27.2,8,10.46,230.64,12/08/2025,19:55:06,Credit Card,219.66,0.18,39.92,6.2
THIRD-304042,P,Coventry,Normal,Male,Frozen Foods,18.56,7,6.25,137.76,28/03/2025,11:27:41,Mobile Wallet,131.2,0.1,13.25,7.3
THIRD-304043,M,Nottingham,Normal,Female,Baby Products,17.66,4,3.4,74.89,04/03/2025,12:39:51,Credit Card,71.32,0.18,12.96,5.8
THIRD-304044,P,Coventry,Normal,Male,Bakery,6.82,1,0.33,7.23,25/08/2025,11:15:54,Cash,6.89,0.11,0.76,6.5
THIRD-304045,N,Leicester,Member,Male,Health & Wellness,9.05,4,1.74,38.37,10/12/2025,13:41:15,Mobile Wallet,36.54,0.24,8.85,7.0
THIRD-304046,P,Coventry,Member,Male,Household,9.29,8,3.57,78.76,09/04/2025,16:23:15,Debit Card,75.01,0.19,14.38,8.6
THIRD-304047,M,Nottingham,Normal,Female,Dairy & Eggs,4.7,3,0.68,14.95,11/06/2025,09:24:17,Cash,14.24,0.07,1.01,6.2
THIRD-304048,M,Nottingham,Member,Male,Baby Products,16.6,2,1.6,35.2,18/11/2025,14:37:16,Credit Card,33.52,0.18,6.1,8.8
THIRD-304049,P,Coventry,Normal,Female,Beverages,4.66,6,1.34,29.63,18/10/2025,18:02:20,Credit Card,28.22,0.13,3.7,5.4
THIRD-304050,P,Coventry,Normal,Male,Dairy & Eggs,3.32,6,0.96,21.11,18/04/2025,21:41:31,Cash,20.1,0.07,1.42,6.7
THIRD-304051,M,Nottingham,Normal,Female,Dairy & Eggs,1.63,12,0.94,20.77,21/01/2025,21:04:32,Cash,19.78,0.07,1.4,7.2
THIRD-304052,M,Nottingham,Member,Female,Personal Care,6.35,2,0.61,13.47,18/04/2025,11:36:21,Debit Card,12.83,0.21,2.72,7.3
THIRD-304053,N,Leicester,Member,Female,Dairy & Eggs,7.25,3,1.05,23.06,29/04/2025,15:11:31,Mobile Wallet,21.96,0.07,1.55,5.8
THIRD-304054,N,Leicester,Normal,Male,Baby Products,35.11,8,13.5,297.76,15/02/2025,12:06:26,Debit Card,283.58,0.18,51.53,5.2
THIRD-304055,N,Leicester,Normal,Female,Health & Wellness,17.18,9,7.43,163.92,08/07/2025,14:24:07,Debit Card,156.11,0.24,37.82,4.5
THIRD-304056,P,Coventry,Member,Male,Snacks,6.35,7,2.14,47.16,14/10/2025,10:58:34,Debit Card,44.91,0.17,7.71,6.9
THIRD-304057,P,Coventry,Normal,Male,Beverages,13.27,1,0.64,14.07,11/01/2025,13:07:40,Cash,13.4,0.13,1.76,7.4
THIRD-304058,N,Leicester,Member,Male,Dairy & Eggs,4.95,4,0.95,20.99,21/09/2025,15:18:37,Debit Card,19.99,0.07,1.41,7.5
THIRD-304059,P,Coventry,Member,Male,Health & Wellness,7.4,9,3.2,70.64,27/11/2025,09:32:51,Mobile Wallet,67.28,0.24,16.3,6.5
THIRD-304060,N,Leicester,Normal,Female,Baby Products,16.26,1,0.78,17.23,31/07/2025,21:30:56,Debit Card,16.41,0.18,2.98,7.3
THIRD-304061,P,Coventry,Normal,Male,Health & Wellness,30.62,7,10.3,227.2,17/10/2025,19:50:43,Debit Card,216.38,0.24,52.43,4.3
THIRD-304062,P,Coventry,Member,Male,Fresh Produce,10.7,5,2.57,56.72,08/09/2025,13:58:15,Debit Card,54.02,0.08,4.37,5.6
THIRD-304063,M,Nottingham,Normal,Female,Health & Wellness,24.97,12,14.41,317.66,04/01/2025,16:02:12,Debit Card,302.53,0.24,73.3,6.0
THIRD-304064,P,Coventry,Normal,Male,Dairy & Eggs,4.47,2,0.43,9.48,06/07/2025,16:10:22,Debit Card,9.03,0.07,0.64,5.6
THIRD-304065,N,Leicester,Normal,Male,Snacks,1.4,5,0.34,7.44,24/07/2025,15:09:41,Credit Card,7.09,0.17,1.22,6.3
THIRD-304066,P,Coventry,Normal,Male,Dairy & Eggs,5.66,6,1.63,35.98,18/07/2025,16:41:38,Mobile Wallet,34.27,0.07,2.42,7.3
THIRD-304067,N,Leicester,Normal,Female,Dairy & Eggs,6.08,7,2.05,45.15,13/10/2025,15:22:01,Debit Card,43.0,0.07,3.04,7.6
THIRD-304068,M,Nottingham,Member,Male,Frozen Foods,9.26,7,3.12,68.69,05/07/2025,16:35:23,Debit Card,65.42,0.1,6.6,7.0
THIRD-304069,M,Nottingham,Member,Female,Dairy & Eggs,6.18,6,1.78,39.29,24/03/2025,10:15:38,Credit Card,37.42,0.07,2.64,4.7
THIRD-304070,M,Nottingham,Normal,Male,Fresh Produce,3.1,1,0.15,3.29,09/08/2025,12:47:04,Credit Card,3.13,0.08,0.25,7.6
THIRD-304071,P,Coventry,Member,Male,Snacks,6.55,2,0.63,13.89,12/09/2025,10:18:28,Mobile Wallet,13.23,0.17,2.27,8.4
THIRD-304072,N,Leicester,Member,Female,Baby Products,15.87,4,3.05,67.29,17/01/2025,13:11:58,Mobile Wallet,64.09,0.18,11.65,6.3
THIRD-304073,N,Leicester,Normal,Male,Health & Wellness,21.46,11,11.35,250.19,24/03/2025,13:19:10,Mobile Wallet,238.28,0.24,57.73,8.1
THIRD-304074,N,Leicester,Normal,Male,Dairy & Eggs,5.6,4,1.08,23.73,06/07/2025,12:56:10,Cash,22.6,0.07,1.6,7.1
THIRD-304075,P,Coventry,Member,Female,Frozen Foods,18.67,9,8.08,178.11,28/01/2025,17:15:05,Cash,169.63,0.1,17.13,7.3
THIRD-304076,P,Coventry,Normal,Male,Bakery,5.89,5,1.42,31.21,13/02/2025,19:37:24,Mobile Wallet,29.72,0.11,3.3,7.0
THIRD-304077,M,Nottingham,Normal,Male,Baby Products,34.42,11,18.21,401.43,22/07/2025,18:35:11,Mobile Wallet,382.31,0.18,69.47,8.1
THIRD-304078,N,Leicester,Normal,Male,Fresh Produce,2.86,6,0.83,18.2,18/02/2025,18:19:54,Debit Card,17.32,0.08,1.4,7.8
THIRD-304079,P,Coventry,Member,Female,Beverages,13.72,3,1.98,43.63,22/12/2025,13:41:29,Credit Card,41.55,0.13,5.45,6.7
THIRD-304080,N,Leicester,Member,Female,Beverages,1.61,1,0.08,1.71,18/05/2025,19:46:43,Credit Card,1.63,0.13,0.21,6.5
THIRD-304081,N,Leicester,Normal,Male,Health & Wellness,37.78,5,9.08,200.27,05/10/2025,20:11:30,Mobile Wallet,190.73,0.24,46.22,5.3
THIRD-304082,M,Nottingham,Normal,Male,Baby Products,20.79,8,8.0,176.32,02/06/2025,18:29:43,Debit Card,167.92,0.18,30.52,5.4
THIRD-304083,P,Coventry,Member,Female,Dairy & Eggs,7.6,1,0.37,8.06,28/02/2025,20:15:27,Mobile Wallet,7.68,0.07,0.54,6.8
THIRD-304084,P,Coventry,Member,Male,Frozen Foods,15.24,4,2.93,64.61,31/01/2025,16:36:46,Mobile Wallet,61.53,0.1,6.21,6.4
THIRD-304085,M,Nottingham,Member,Male,Snacks,1.91,6,0.55,12.17,09/03/2025,08:28:37,Mobile Wallet,11.59,0.17,1.99,8.9
THIRD-304086,M,Nottingham,Normal,Male,Household,19.56,7,6.58,145.16,17/03/2025,18:59:02,Debit Card,138.25,0.19,26.52,6.7
THIRD-304087,N,Leicester,Member,Female,Household,17.56,1,0.84,18.61,01/05/2025,17:34:19,Mobile Wallet,17.72,0.19,3.4,7.3
THIRD-304088,M,Nottingham,Normal,Female,Household,8.46,5,2.03,44.81,01/02/2025,17:07:09,Debit Card,42.68,0.19,8.18,7.5
THIRD-304089,M,Nottingham,Normal,Female,Bakery,8.36,2,0.8,17.72,03/01/2025,20:18:37,Cash,16.88,0.11,1.88,4.6
THIRD-304090,P,Coventry,Member,Female,Household,12.29,11,6.5,143.35,09/09/2025,11:29:05,Mobile Wallet,136.52,0.19,26.18,9.6
THIRD-304091,N,Leicester,Normal,Male,Snacks,4.34,1,0.21,4.6,19/10/2025,10:44:05,Cash,4.38,0.17,0.75,4.9
THIRD-304092,M,Nottingham,Member,Male,Beverages,3.82,1,0.18,4.04,19/05/2025,12:33:33,Credit Card,3.85,0.13,0.51,7.5
THIRD-304093,P,Coventry,Normal,Male,Personal Care,27.46,4,5.28,116.42,21/11/2025,19:16:42,Credit Card,110.88,0.21,23.51,6.9
THIRD-304094,N,Leicester,Member,Female,Personal Care,14.25,4,2.74,60.42,09/03/2025,15:06:49,Debit Card,57.54,0.21,12.2,9.4
THIRD-304095,M,Nottingham,Normal,Female,Household,17.21,7,5.79,127.72,29/04/2025,12:43:06,Cash,121.64,0.19,23.33,6.3
THIRD-304096,P,Coventry,Member,Female,Fresh Produce,1.59,4,0.31,6.75,28/04/2025,11:59:31,Debit Card,6.43,0.08,0.52,6.9
THIRD-304097,N,Leicester,Member,Female,Personal Care,26.02,8,10.01,220.68,30/11/2025,18:50:42,Mobile Wallet,210.17,0.21,44.55,6.9
THIRD-304098,M,Nottingham,Normal,Female,Baby Products,27.77,8,10.68,235.49,19/01/2025,18:21:15,Cash,224.28,0.18,40.76,6.5
THIRD-304099,M,Nottingham,Member,Female,Personal Care,10.76,6,3.11,68.47,16/03/2025,15:39:04,Credit Card,65.2,0.21,13.82,6.2
THIRD-304100,M,Nottingham,Normal,Male,Baby Products,22.29,5,5.36,118.14,22/03/2025,11:18:13,Debit Card,112.51,0.18,20.45,6.0
THIRD-304101,N,Leicester,Normal,Female,Household,16.07,4,3.09,68.13,21/03/2025,10:20:53,Debit Card,64.89,0.19,12.44,6.0
THIRD-304102,M,Nottingham,Normal,Female,Dairy & Eggs,4.61,3,0.66,14.65,28/06/2025,14:19:22,Credit Card,13.95,0.07,0.99,5.4
THIRD-304103,N,Leicester,Member,Female,Household,18.19,9,7.87,173.54,03/09/2025,16:17:28,Cash,165.28,0.19,31.7,5.6
THIRD-304104,P,Coventry,Normal,Male,Frozen Foods,11.84,6,3.41,75.27,17/12/2025,09:52:39,Debit Card,71.69,0.1,7.24,6.8
THIRD-304105,P,Coventry,Member,Male,Dairy & Eggs,5.66,5,1.36,29.99,28/05/2025,21:49:20,Credit Card,28.56,0.07,2.01,8.6
THIRD-304106,N,Leicester,Normal,Male,Health & Wellness,33.63,1,1.62,35.66,30/05/2025,17:55:09,Cash,33.96,0.24,8.23,6.7
THIRD-304107,P,Coventry,Normal,Male,Health & Wellness,40.06,7,13.48,297.28,24/01/2025,10:05:43,Credit Card,283.12,0.24,68.59,5.4
THIRD-304108,N,Leicester,Member,Male,Snacks,3.85,8,1.48,32.63,06/05/2025,20:52:39,Cash,31.08,0.17,5.33,7.3
THIRD-304109,N,Leicester,Normal,Male,Snacks,1.61,3,0.23,5.12,16/01/2025,19:27:30,Credit Card,4.88,0.17,0.84,6.4
THIRD-304110,M,Nottingham,Normal,Female,Beverages,11.85,2,1.14,25.12,27/11/2025,17:53:40,Credit Card,23.92,0.13,3.14,6.6
THIRD-304111,M,Nottingham,Member,Male,Snacks,5.5,1,0.26,5.83,12/05/2025,16:58:46,Credit Card,5.55,0.17,0.95,7.2
THIRD-304112,N,Leicester,Normal,Male,Baby Products,10.87,5,2.61,57.6,08/01/2025,14:20:14,Debit Card,54.86,0.18,9.96,4.8
THIRD-304113,M,Nottingham,Member,Female,Fresh Produce,4.85,9,2.1,46.24,21/01/2025,17:28:48,Cash,44.04,0.08,3.56,5.4
THIRD-304114,M,Nottingham,Normal,Male,Personal Care,7.01,4,1.35,29.73,28/04/2025,16:30:30,Credit Card,28.31,0.21,6.0,5.7
THIRD-304115,N,Leicester,Member,Male,Household,4.65,4,0.89,19.71,13/11/2025,15:15:31,Debit Card,18.77,0.19,3.6,6.6
THIRD-304116,N,Leicester,Member,Male,Dairy & Eggs,2.32,4,0.45,9.84,11/07/2025,15:17:21,Mobile Wallet,9.37,0.07,0.66,6.6
THIRD-304117,N,Leicester,Member,Female,Snacks,5.15,1,0.25,5.46,02/09/2025,12:04:45,Mobile Wallet,5.2,0.17,0.89,6.6
THIRD-304118,P,Coventry,Normal,Female,Bakery,6.58,2,0.63,13.95,03/10/2025,09:50:32,Credit Card,13.29,0.11,1.47,8.0
THIRD-304119,M,Nottingham,Normal,Female,Baby Products,24.73,3,3.57,78.66,10/09/2025,15:16:49,Credit Card,74.91,0.18,13.61,7.3
THIRD-304120,M,Nottingham,Member,Female,Beverages,6.02,11,3.18,70.21,25/12/2025,11:57:06,Debit Card,66.87,0.13,8.78,7.8
THIRD-304121,N,Leicester,Normal,Female,Personal Care,9.28,5,2.23,49.17,29/10/2025,12:42:53,Credit Card,46.83,0.21,9.93,6.7
THIRD-304122,M,Nottingham,Member,Male,Bakery,3.22,9,1.4,30.76,15/05/2025,16:05:08,Debit Card,29.3,0.11,3.25,7.1
THIRD-304123,M,Nottingham,Normal,Male,Bakery,6.69,8,2.57,56.71,31/01/2025,17:58:11,Cash,54.01,0.11,6.0,6.1
THIRD-304124,M,Nottingham,Member,Female,Bakery,7.83,6,2.26,49.81,23/09/2025,12:32:56,Cash,47.44,0.11,5.27,7.0
THIRD-304125,N,Leicester,Normal,Female,Fresh Produce,3.71,2,0.36,7.88,25/03/2025,16:21:19,Debit Card,7.5,0.08,0.6,6.8
THIRD-304126,N,Leicester,Member,Male,Household,14.15,6,4.08,90.03,23/04/2025,09:37:09,Debit Card,85.74,0.19,16.45,6.6
THIRD-304127,P,Coventry,Normal,Female,Household,25.86,1,1.24,27.42,27/04/2025,20:06:46,Cash,26.11,0.19,5.01,5.8
THIRD-304128,N,Leicester,Member,Male,Fresh Produce,4.6,6,1.33,29.24,08/08/2025,15:44:52,Credit Card,27.85,0.08,2.25,8.0
THIRD-304129,N,Leicester,Normal,Male,Snacks,3.47,12,2.0,44.18,07/08/2025,14:11:20,Debit Card,42.08,0.17,7.22,5.1
THIRD-304130,N,Leicester,Member,Male,Frozen Foods,7.85,3,1.13,24.97,17/04/2025,20:35:42,Debit Card,23.78,0.1,2.41,9.5
THIRD-304131,M,Nottingham,Normal,Male,Snacks,4.57,3,0.66,14.52,14/07/2025,12:19:51,Credit Card,13.83,0.17,2.37,5.9
THIRD-304132,M,Nottingham,Normal,Female,Household,20.0,7,6.73,148.41,02/01/2025,10:30:53,Mobile Wallet,141.34,0.19,27.11,7.2
THIRD-304133,P,Coventry,Normal,Male,Bakery,6.64,1,0.32,7.04,05/10/2025,20:55:24,Mobile Wallet,6.7,0.11,0.74,5.8
THIRD-304134,P,Coventry,Normal,Male,Bakery,9.14,9,3.96,87.22,28/03/2025,18:45:40,Mobile Wallet,83.07,0.11,9.22,5.8
THIRD-304135,M,Nottingham,Member,Male,Frozen Foods,15.35,7,5.17,113.91,07/09/2025,15:56:10,Mobile Wallet,108.49,0.1,10.95,6.1
THIRD-304136,M,Nottingham,Normal,Female,Baby Products,23.52,5,5.66,124.7,03/03/2025,15:19:56,Mobile Wallet,118.76,0.18,21.58,6.7
THIRD-304137,M,Nottingham,Normal,Female,Frozen Foods,10.22,12,5.9,130.05,19/05/2025,18:34:01,Credit Card,123.86,0.1,12.51,5.8
THIRD-304138,P,Coventry,Normal,Female,Frozen Foods,14.87,12,8.58,189.19,28/04/2025,19:49:32,Debit Card,180.18,0.1,18.19,5.0
THIRD-304139,P,Coventry,Normal,Female,Snacks,2.0,9,0.86,19.05,18/12/2025,11:06:59,Mobile Wallet,18.14,0.17,3.12,7.1
THIRD-304140,M,Nottingham,Member,Female,Frozen Foods,3.05,6,0.88,19.38,12/10/2025,16:00:27,Cash,18.46,0.1,1.87,6.3
THIRD-304141,P,Coventry,Normal,Male,Frozen Foods,8.4,4,1.62,35.64,07/07/2025,18:27:17,Debit Card,33.94,0.1,3.42,7.4
THIRD-304142,N,Leicester,Normal,Female,Fresh Produce,3.23,5,0.78,17.15,03/11/2025,15:02:28,Debit Card,16.33,0.08,1.31,5.1
THIRD-304143,P,Coventry,Normal,Male,Personal Care,6.32,3,0.91,20.11,02/07/2025,19:29:39,Cash,19.15,0.21,4.06,7.0
THIRD-304144,P,Coventry,Member,Female,Household,4.21,3,0.61,13.4,26/09/2025,17:18:25,Debit Card,12.76,0.19,2.45,6.7
THIRD-304145,M,Nottingham,Member,Male,Fresh Produce,10.78,1,0.52,11.43,04/08/2025,11:48:50,Credit Card,10.89,0.08,0.88,5.8
THIRD-304146,N,Leicester,Normal,Female,Fresh Produce,4.68,3,0.68,14.89,02/06/2025,19:42:01,Mobile Wallet,14.18,0.08,1.14,5.2
THIRD-304147,M,Nottingham,Normal,Male,Bakery,4.69,2,0.45,9.94,24/10/2025,14:37:06,Debit Card,9.47,0.11,1.05,6.8
THIRD-304148,M,Nottingham,Normal,Male,Personal Care,20.91,4,4.02,88.68,08/07/2025,16:42:22,Cash,84.46,0.21,17.9,7.0
THIRD-304149,P,Coventry,Member,Male,Fresh Produce,2.42,2,0.23,5.13,18/09/2025,18:53:51,Debit Card,4.89,0.08,0.39,6.5
THIRD-304150,P,Coventry,Normal,Female,Baby Products,17.46,7,5.88,129.58,17/05/2025,15:18:28,Debit Card,123.41,0.18,22.43,6.6
THIRD-304151,M,Nottingham,Member,Male,Health & Wellness,27.81,3,4.01,88.44,27/08/2025,15:26:09,Credit Card,84.23,0.24,20.4,6.1
THIRD-304152,M,Nottingham,Normal,Female,Snacks,3.34,3,0.48,10.62,05/06/2025,11:48:50,Cash,10.11,0.17,1.74,6.4
THIRD-304153,P,Coventry,Normal,Male,Snacks,6.09,5,1.47,32.31,23/12/2025,13:27:42,Credit Card,30.76,0.17,5.28,5.0
THIRD-304154,M,Nottingham,Member,Male,Frozen Foods,9.86,7,3.32,73.16,22/10/2025,15:25:50,Debit Card,69.68,0.1,7.04,6.5
THIRD-304155,M,Nottingham,Member,Male,Health & Wellness,20.38,8,7.84,172.87,22/05/2025,15:20:52,Mobile Wallet,164.64,0.24,39.89,7.0
THIRD-304156,M,Nottingham,Member,Male,Beverages,3.61,7,1.21,26.78,14/05/2025,12:56:17,Debit Card,25.5,0.13,3.35,7.4
THIRD-304157,P,Coventry,Normal,Female,Fresh Produce,9.18,1,0.44,9.73,09/06/2025,21:34:22,Debit Card,9.27,0.08,0.75,5.0
THIRD-304158,P,Coventry,Normal,Female,Baby Products,12.47,5,3.0,66.1,19/04/2025,08:41:59,Credit Card,62.95,0.18,11.44,6.9
THIRD-304159,N,Leicester,Member,Male,Beverages,8.64,12,4.99,109.95,20/04/2025,15:13:31,Mobile Wallet,104.71,0.13,13.74,7.4
THIRD-304160,P,Coventry,Normal,Male,Personal Care,3.16,3,0.46,10.06,07/04/2025,19:53:27,Debit Card,9.58,0.21,2.04,5.8
THIRD-304161,P,Coventry,Member,Male,Bakery,2.19,3,0.32,6.98,28/12/2025,20:58:41,Debit Card,6.65,0.11,0.74,5.9
THIRD-304162,N,Leicester,Member,Male,Snacks,1.19,4,0.23,5.03,29/03/2025,15:42:24,Credit Card,4.79,0.17,0.83,5.1
THIRD-304163,M,Nottingham,Normal,Female,Beverages,6.32,1,0.3,6.7,27/04/2025,20:31:46,Debit Card,6.38,0.13,0.84,8.2
THIRD-304164,P,Coventry,Member,Male,Personal Care,8.53,2,0.82,18.08,19/05/2025,16:56:29,Cash,17.22,0.21,3.65,7.9
THIRD-304165,P,Coventry,Normal,Female,Beverages,14.28,5,3.43,75.68,29/10/2025,18:48:28,Credit Card,72.08,0.13,9.46,8.1
THIRD-304166,M,Nottingham,Member,Male,Frozen Foods,14.28,1,0.69,15.14,25/09/2025,15:12:53,Mobile Wallet,14.42,0.1,1.45,8.2
THIRD-304167,M,Nottingham,Member,Female,Health & Wellness,15.31,9,6.62,146.06,29/05/2025,11:14:55,Mobile Wallet,139.1,0.24,33.71,5.7
THIRD-304168,N,Leicester,Normal,Female,Fresh Produce,8.64,13,5.4,119.1,15/06/2025,09:09:37,Credit Card,113.43,0.08,9.16,8.5
THIRD-304169,N,Leicester,Normal,Female,Bakery,5.84,7,1.97,43.38,06/07/2025,10:17:39,Debit Card,41.31,0.11,4.59,7.1
THIRD-304170,N,Leicester,Normal,Male,Frozen Foods,18.61,2,1.79,39.45,28/12/2025,09:57:53,Cash,37.57,0.1,3.79,6.3
THIRD-304171,M,Nottingham,Member,Male,Health & Wellness,20.5,7,6.9,152.11,07/07/2025,21:03:19,Cash,144.87,0.24,35.1,4.7
THIRD-304172,M,Nottingham,Member,Male,Beverages,2.27,6,0.65,14.42,02/07/2025,14:47:19,Mobile Wallet,13.73,0.13,1.8,8.1
THIRD-304173,M,Nottingham,Normal,Female,Snacks,0.79,3,0.11,2.51,15/03/2025,11:41:11,Debit Card,2.39,0.17,0.41,7.3
THIRD-304174,N,Leicester,Member,Male,Snacks,4.71,5,1.13,24.97,04/06/2025,18:35:50,Debit Card,23.78,0.17,4.08,6.7
THIRD-304175,P,Coventry,Member,Female,Snacks,2.4,2,0.23,5.09,27/10/2025,12:19:05,Debit Card,4.85,0.17,0.84,5.4
THIRD-304176,N,Leicester,Normal,Male,Fresh Produce,3.76,2,0.36,7.98,11/12/2025,11:38:36,Debit Card,7.6,0.08,0.61,7.1
THIRD-304177,P,Coventry,Member,Female,Baby Products,27.6,2,2.65,58.52,01/05/2025,11:11:00,Cash,55.73,0.18,10.12,7.6
THIRD-304178,M,Nottingham,Member,Female,Frozen Foods,16.5,3,2.38,52.49,23/12/2025,13:10:54,Debit Card,49.99,0.1,5.05,9.0
THIRD-304179,P,Coventry,Member,Female,Frozen Foods,7.32,1,0.35,7.76,16/12/2025,15:31:08,Credit Card,7.39,0.1,0.74,6.8
THIRD-304180,M,Nottingham,Normal,Female,Baby Products,7.87,6,2.27,50.07,26/12/2025,09:35:33,Mobile Wallet,47.69,0.18,8.67,5.5
THIRD-304181,N,Leicester,Normal,Female,Dairy & Eggs,1.9,5,0.46,10.09,23/01/2025,19:15:28,Debit Card,9.61,0.07,0.68,6.1
THIRD-304182,N,Leicester,Member,Male,Beverages,8.08,5,1.94,42.83,23/04/2025,14:24:00,Debit Card,40.79,0.13,5.35,4.9
THIRD-304183,P,Coventry,Normal,Female,Health & Wellness,36.71,1,1.76,38.91,13/05/2025,11:14:01,Debit Card,37.06,0.24,8.98,7.2
THIRD-304184,N,Leicester,Member,Male,Frozen Foods,7.01,6,2.02,44.58,22/02/2025,15:37:10,Debit Card,42.46,0.1,4.28,6.5
THIRD-304185,N,Leicester,Normal,Male,Bakery,8.21,2,0.79,17.4,27/04/2025,09:21:28,Debit Card,16.57,0.11,1.84,7.1
THIRD-304186,M,Nottingham,Normal,Female,Dairy & Eggs,2.04,4,0.39,8.64,19/10/2025,17:03:11,Credit Card,8.23,0.07,0.58,5.3
THIRD-304187,P,Coventry,Normal,Female,Beverages,10.12,11,5.35,118.0,20/01/2025,21:07:37,Credit Card,112.38,0.13,14.74,6.5
THIRD-304188,P,Coventry,Member,Male,Personal Care,24.06,1,1.16,25.5,26/04/2025,13:12:38,Credit Card,24.29,0.21,5.15,6.1
THIRD-304189,M,Nottingham,Member,Male,Household,22.13,9,9.58,211.16,01/10/2025,08:12:17,Credit Card,201.1,0.19,38.57,6.9
THIRD-304190,P,Coventry,Member,Female,Baby Products,10.31,2,0.99,21.85,20/05/2025,15:06:13,Mobile Wallet,20.81,0.18,3.78,8.3
THIRD-304191,P,Coventry,Member,Female,Fresh Produce,7.07,1,0.34,7.5,01/02/2025,21:33:24,Debit Card,7.14,0.08,0.57,6.6
THIRD-304192,M,Nottingham,Normal,Male,Bakery,6.91,2,0.66,14.64,26/03/2025,13:43:23,Credit Card,13.94,0.11,1.55,6.6
THIRD-304193,P,Coventry,Member,Male,Beverages,1.09,2,0.11,2.32,12/02/2025,10:31:18,Mobile Wallet,2.2,0.13,0.29,6.4
THIRD-304194,N,Leicester,Normal,Male,Health & Wellness,22.48,9,9.73,214.53,10/01/2025,09:21:37,Debit Card,204.31,0.24,49.5,6.8
THIRD-304195,N,Leicester,Normal,Female,Personal Care,7.58,7,2.55,56.26,28/07/2025,12:44:38,Credit Card,53.58,0.21,11.36,5.8
THIRD-304196,N,Leicester,Member,Male,Household,22.32,1,1.07,23.66,28/09/2025,12:31:25,Credit Card,22.53,0.19,4.32,5.7
THIRD-304197,M,Nottingham,Normal,Female,Snacks,4.97,4,0.96,21.08,23/05/2025,13:10:52,Credit Card,20.08,0.17,3.44,7.5
THIRD-304198,M,Nottingham,Member,Female,Beverages,13.19,3,1.9,41.94,08/06/2025,11:47:50,Debit Card,39.94,0.13,5.25,6.0
THIRD-304199,P,Coventry,Normal,Male,Fresh Produce,7.74,5,1.86,41.01,27/12/2025,21:21:19,Debit Card,39.06,0.08,3.16,7.4
THIRD-304200,M,Nottingham,Member,Female,Household,13.44,8,5.17,113.96,11/10/2025,11:10:23,Cash,108.53,0.19,20.82,6.8
THIRD-304201,P,Coventry,Normal,Male,Baby Products,36.7,13,22.94,505.8,29/03/2025,16:35:33,Credit Card,481.71,0.18,87.53,7.8
THIRD-304202,P,Coventry,Normal,Male,Dairy & Eggs,4.28,4,0.82,18.17,23/09/2025,19:06:20,Credit Card,17.3,0.07,1.22,8.5
THIRD-304203,P,Coventry,Member,Male,Snacks,1.53,4,0.29,6.48,21/12/2025,12:14:22,Debit Card,6.17,0.17,1.06,7.2
THIRD-304204,N,Leicester,Normal,Male,Fresh Produce,7.12,8,2.74,60.42,01/07/2025,15:47:12,Credit Card,57.54,0.08,4.64,6.8
THIRD-304205,N,Leicester,Member,Female,Health & Wellness,14.88,1,0.72,15.78,15/07/2025,17:23:56,Credit Card,15.03,0.24,3.64,5.0
THIRD-304206,N,Leicester,Normal,Female,Health & Wellness,34.66,3,5.0,110.24,17/04/2025,18:27:10,Credit Card,104.99,0.24,25.44,7.0
THIRD-304207,M,Nottingham,Member,Female,Fresh Produce,1.47,6,0.42,9.32,23/10/2025,13:41:40,Credit Card,8.88,0.08,0.72,4.8
THIRD-304208,N,Leicester,Member,Male,Health & Wellness,24.35,6,7.02,154.85,14/07/2025,11:41:14,Debit Card,147.48,0.24,35.73,5.8
THIRD-304209,N,Leicester,Normal,Male,Personal Care,9.17,9,3.97,87.52,27/02/2025,15:52:36,Mobile Wallet,83.35,0.21,17.67,5.1
THIRD-304210,N,Leicester,Normal,Female,Household,23.43,2,2.25,49.68,09/06/2025,14:12:05,Credit Card,47.31,0.19,9.07,8.5
THIRD-304211,P,Coventry,Member,Female,Bakery,4.32,9,1.87,41.18,29/06/2025,11:49:48,Debit Card,39.22,0.11,4.36,6.0
THIRD-304212,M,Nottingham,Normal,Male,Frozen Foods,15.37,1,0.74,16.3,08/12/2025,13:14:24,Credit Card,15.52,0.1,1.57,5.5
THIRD-304213,M,Nottingham,Member,Female,Health & Wellness,15.98,10,7.68,169.45,26/04/2025,20:14:50,Debit Card,161.38,0.24,39.1,6.0
THIRD-304214,N,Leicester,Member,Female,Dairy & Eggs,1.84,7,0.62,13.66,19/05/2025,15:46:51,Credit Card,13.01,0.07,0.92,5.1
THIRD-304215,M,Nottingham,Normal,Male,Baby Products,9.11,5,2.19,48.29,03/06/2025,17:56:19,Debit Card,45.99,0.18,8.35,6.5
THIRD-304216,P,Coventry,Normal,Male,Baby Products,47.78,2,4.59,101.29,20/12/2025,11:37:12,Debit Card,96.47,0.18,17.53,6.4
THIRD-304217,P,Coventry,Normal,Female,Beverages,12.89,5,3.1,68.3,06/07/2025,20:24:37,Credit Card,65.05,0.13,8.53,6.7
THIRD-304218,N,Leicester,Normal,Female,Frozen Foods,17.37,5,4.17,92.05,23/03/2025,08:05:18,Mobile Wallet,87.68,0.1,8.85,5.9
THIRD-304219,P,Coventry,Member,Female,Household,30.12,1,1.45,31.93,14/12/2025,17:26:56,Cash,30.41,0.19,5.83,5.4
THIRD-304220,N,Leicester,Normal,Male,Baby Products,26.12,4,5.02,110.78,12/05/2025,16:58:26,Debit Card,105.5,0.18,19.18,6.1
THIRD-304221,P,Coventry,Member,Male,Household,19.43,6,5.6,123.56,23/08/2025,14:31:48,Credit Card,117.68,0.19,22.58,6.4
THIRD-304222,M,Nottingham,Normal,Male,Health & Wellness,4.33,7,1.46,32.11,27/02/2025,18:39:07,Debit Card,30.58,0.24,7.41,5.6
THIRD-304223,N,Leicester,Member,Male,Personal Care,3.21,9,1.39,30.66,26/01/2025,21:30:34,Debit Card,29.2,0.21,6.19,7.2
THIRD-304224,M,Nottingham,Normal,Male,Personal Care,7.78,7,2.62,57.73,30/05/2025,20:13:43,Mobile Wallet,54.98,0.21,11.66,5.9
THIRD-304225,N,Leicester,Normal,Male,Baby Products,27.25,1,1.31,28.89,24/04/2025,13:26:28,Mobile Wallet,27.51,0.18,5.0,6.2
THIRD-304226,M,Nottingham,Member,Female,Frozen Foods,13.64,6,3.94,86.79,22/07/2025,17:22:26,Cash,82.66,0.1,8.34,8.6
THIRD-304227,M,Nottingham,Member,Male,Snacks,0.75,2,0.07,1.59,12/09/2025,10:14:49,Cash,1.51,0.17,0.25,7.6
THIRD-304228,M,Nottingham,Normal,Female,Dairy & Eggs,4.71,9,2.04,44.95,01/08/2025,10:09:31,Debit Card,42.81,0.07,3.02,7.3
THIRD-304229,P,Coventry,Normal,Female,Personal Care,13.48,6,3.89,85.73,04/11/2025,12:18:06,Debit Card,81.65,0.21,17.31,6.2
THIRD-304230,M,Nottingham,Member,Male,Health & Wellness,15.65,11,8.28,182.52,16/01/2025,15:20:01,Credit Card,173.83,0.24,42.11,8.0
THIRD-304231,N,Leicester,Normal,Female,Snacks,1.13,2,0.11,2.4,03/07/2025,16:41:14,Credit Card,2.29,0.17,0.39,6.4
THIRD-304232,P,Coventry,Normal,Female,Fresh Produce,5.68,7,1.91,42.14,03/08/2025,15:59:13,Credit Card,40.13,0.08,3.24,6.2
THIRD-304233,N,Leicester,Normal,Female,Bakery,5.81,10,2.79,61.62,13/02/2025,18:04:48,Debit Card,58.7,0.11,6.52,6.9
THIRD-304234,M,Nottingham,Normal,Female,Personal Care,12.05,4,2.32,51.11,15/06/2025,13:20:44,Debit Card,48.68,0.21,10.32,6.1
THIRD-304235,M,Nottingham,Member,Male,Personal Care,24.92,3,3.59,79.24,16/05/2025,12:37:06,Credit Card,75.47,0.21,16.0,6.8
THIRD-304236,N,Leicester,Member,Female,Household,14.98,7,5.04,111.13,14/01/2025,13:22:48,Debit Card,105.84,0.19,20.3,8.6
THIRD-304237,N,Leicester,Member,Female,Household,17.57,5,4.22,93.1,19/07/2025,14:42:35,Cash,88.67,0.19,17.01,5.7
THIRD-304238,M,Nottingham,Normal,Male,Dairy & Eggs,4.97,2,0.48,10.54,23/11/2025,15:22:07,Credit Card,10.04,0.07,0.71,8.3
THIRD-304239,M,Nottingham,Normal,Male,Bakery,1.99,11,1.05,23.16,01/09/2025,17:29:43,Cash,22.06,0.11,2.45,6.1
THIRD-304240,N,Leicester,Normal,Female,Frozen Foods,15.65,4,3.01,66.37,13/05/2025,19:36:10,Mobile Wallet,63.21,0.1,6.38,5.8
THIRD-304241,N,Leicester,Member,Female,Bakery,3.4,10,1.64,36.06,01/06/2025,14:09:11,Cash,34.34,0.11,3.82,5.2
THIRD-304242,P,Coventry,Member,Female,Bakery,2.09,3,0.3,6.65,06/10/2025,12:52:06,Debit Card,6.33,0.11,0.7,7.2
THIRD-304243,P,Coventry,Normal,Female,Health & Wellness,26.14,9,11.31,249.35,10/03/2025,13:48:54,Credit Card,237.48,0.24,57.54,4.9
THIRD-304244,M,Nottingham,Member,Female,Snacks,3.58,5,0.86,18.96,08/08/2025,18:30:09,Credit Card,18.06,0.17,3.1,10.0
THIRD-304245,M,Nottingham,Member,Female,Health & Wellness,4.4,5,1.06,23.32,28/11/2025,19:10:14,Mobile Wallet,22.21,0.24,5.38,6.6
THIRD-304246,M,Nottingham,Normal,Male,Snacks,0.79,3,0.11,2.51,22/07/2025,17:06:54,Cash,2.39,0.17,0.41,6.8
THIRD-304247,P,Coventry,Normal,Female,Baby Products,19.87,11,10.51,231.76,23/03/2025,16:33:59,Debit Card,220.72,0.18,40.11,5.6
THIRD-304248,N,Leicester,Normal,Female,Bakery,9.44,1,0.45,10.01,27/10/2025,14:22:37,Cash,9.53,0.11,1.06,7.8
THIRD-304249,N,Leicester,Member,Male,Frozen Foods,4.78,6,1.38,30.43,23/02/2025,20:00:12,Mobile Wallet,28.98,0.1,2.93,6.8
THIRD-304250,M,Nottingham,Member,Female,Baby Products,13.22,11,6.99,154.14,09/12/2025,21:41:20,Cash,146.8,0.18,26.68,8.2
THIRD-304251,M,Nottingham,Member,Female,Bakery,7.44,4,1.43,31.53,14/02/2025,12:12:11,Debit Card,30.03,0.11,3.34,6.7
THIRD-304252,M,Nottingham,Member,Male,Frozen Foods,11.38,4,2.19,48.25,05/05/2025,18:33:59,Credit Card,45.95,0.1,4.64,6.8
THIRD-304253,N,Leicester,Member,Female,Snacks,1.4,2,0.14,2.98,13/09/2025,12:16:49,Mobile Wallet,2.84,0.17,0.49,6.4
THIRD-304254,P,Coventry,Member,Female,Snacks,1.07,5,0.26,5.68,28/06/2025,16:27:49,Credit Card,5.41,0.17,0.93,7.4
THIRD-304255,N,Leicester,Normal,Female,Frozen Foods,2.22,3,0.32,7.05,04/01/2025,08:16:06,Credit Card,6.71,0.1,0.68,6.2
THIRD-304256,M,Nottingham,Member,Male,Household,19.78,5,4.75,104.84,08/04/2025,19:54:25,Credit Card,99.86,0.19,19.15,5.8
THIRD-304257,P,Coventry,Normal,Male,Health & Wellness,42.67,9,18.46,407.12,22/05/2025,20:56:01,Mobile Wallet,387.73,0.24,93.94,9.3
THIRD-304258,N,Leicester,Member,Female,Baby Products,4.63,4,0.89,19.62,25/09/2025,13:22:51,Credit Card,18.69,0.18,3.39,7.0
THIRD-304259,M,Nottingham,Normal,Male,Snacks,5.69,8,2.19,48.25,03/12/2025,18:31:24,Cash,45.95,0.17,7.89,5.8
THIRD-304260,P,Coventry,Normal,Female,Baby Products,33.1,1,1.59,35.09,03/07/2025,20:37:16,Mobile Wallet,33.42,0.18,6.07,7.4
THIRD-304261,M,Nottingham,Member,Female,Fresh Produce,2.09,3,0.3,6.65,16/06/2025,21:28:31,Mobile Wallet,6.33,0.08,0.51,7.9
THIRD-304262,M,Nottingham,Member,Female,Household,20.91,4,4.02,88.68,14/04/2025,14:25:48,Debit Card,84.46,0.19,16.2,7.0
THIRD-304263,M,Nottingham,Normal,Male,Household,7.31,6,2.11,46.5,23/12/2025,17:01:04,Debit Card,44.29,0.19,8.49,6.4
THIRD-304264,P,Coventry,Member,Female,Bakery,9.8,6,2.83,62.32,28/01/2025,10:36:31,Debit Card,59.35,0.11,6.59,8.1
THIRD-304265,M,Nottingham,Member,Male,Baby Products,15.12,8,5.82,128.25,28/03/2025,17:15:25,Debit Card,122.14,0.18,22.2,4.5
THIRD-304266,M,Nottingham,Member,Male,Snacks,1.52,3,0.22,4.83,17/11/2025,15:54:25,Debit Card,4.6,0.17,0.78,6.3
THIRD-304267,N,Leicester,Normal,Female,Fresh Produce,4.07,2,0.39,8.62,29/03/2025,17:05:17,Mobile Wallet,8.21,0.08,0.67,4.4
THIRD-304268,P,Coventry,Member,Female,Frozen Foods,9.36,3,1.35,29.77,18/06/2025,16:07:34,Mobile Wallet,28.35,0.1,2.86,4.1
THIRD-304269,M,Nottingham,Normal,Female,Fresh Produce,10.52,2,1.01,22.31,27/09/2025,18:07:22,Debit Card,21.25,0.08,1.72,5.1
THIRD-304270,P,Coventry,Member,Male,Baby Products,13.88,5,3.34,73.59,12/03/2025,12:20:38,Credit Card,70.09,0.18,12.73,5.7
THIRD-304271,N,Leicester,Member,Female,Household,4.95,5,1.19,26.24,18/01/2025,09:00:00,Credit Card,24.99,0.19,4.79,5.9
THIRD-304272,P,Coventry,Member,Female,Beverages,5.91,9,2.56,56.36,26/09/2025,19:12:05,Credit Card,53.68,0.13,7.05,5.7
THIRD-304273,P,Coventry,Member,Female,Dairy & Eggs,8.2,2,0.79,17.38,03/03/2025,16:17:43,Mobile Wallet,16.55,0.07,1.17,7.3
THIRD-304274,N,Leicester,Member,Female,Bakery,4.06,1,0.2,4.3,17/10/2025,10:44:04,Credit Card,4.1,0.11,0.46,5.2
THIRD-304275,P,Coventry,Normal,Female,Bakery,7.65,3,1.1,24.34,25/06/2025,17:59:46,Cash,23.18,0.11,2.58,6.2
THIRD-304276,P,Coventry,Normal,Male,Bakery,8.59,11,4.54,100.17,04/04/2025,18:42:54,Debit Card,95.4,0.11,10.59,6.6
THIRD-304277,N,Leicester,Normal,Male,Beverages,5.26,1,0.25,5.58,03/09/2025,12:50:36,Debit Card,5.31,0.13,0.7,6.8
THIRD-304278,M,Nottingham,Normal,Male,Fresh Produce,11.08,8,4.26,93.93,22/04/2025,16:33:41,Debit Card,89.46,0.08,7.23,6.5
THIRD-304279,P,Coventry,Member,Male,Health & Wellness,13.31,6,3.84,84.67,09/02/2025,09:14:23,Debit Card,80.64,0.24,19.54,6.0
THIRD-304280,N,Leicester,Member,Male,Snacks,2.24,6,0.65,14.23,14/04/2025,21:25:02,Mobile Wallet,13.55,0.17,2.32,9.1
THIRD-304281,P,Coventry,Member,Female,Frozen Foods,16.8,7,5.65,124.64,17/11/2025,17:27:52,Mobile Wallet,118.7,0.1,11.98,6.5
THIRD-304282,M,Nottingham,Member,Male,Frozen Foods,9.53,7,3.21,70.7,24/09/2025,20:29:56,Debit Card,67.33,0.1,6.79,9.0
THIRD-304283,M,Nottingham,Member,Female,Household,18.66,8,7.18,158.23,13/04/2025,17:22:30,Mobile Wallet,150.7,0.19,28.91,6.6
THIRD-304284,N,Leicester,Normal,Male,Personal Care,14.75,8,5.67,125.07,14/12/2025,19:41:18,Credit Card,119.11,0.21,25.25,6.9
THIRD-304285,P,Coventry,Normal,Female,Beverages,11.8,3,1.7,37.54,12/12/2025,12:33:07,Credit Card,35.75,0.13,4.7,4.2
THIRD-304286,P,Coventry,Normal,Male,Personal Care,18.3,10,8.8,194.04,17/10/2025,17:22:53,Credit Card,184.8,0.21,39.18,5.1
THIRD-304287,N,Leicester,Normal,Male,Health & Wellness,6.81,2,0.66,14.45,21/11/2025,16:13:50,Credit Card,13.76,0.24,3.33,4.2
THIRD-304288,N,Leicester,Member,Female,Dairy & Eggs,4.88,7,1.64,36.19,11/03/2025,10:58:15,Credit Card,34.47,0.07,2.44,7.8
THIRD-304289,N,Leicester,Member,Male,Beverages,6.01,10,2.89,63.72,30/01/2025,16:46:41,Mobile Wallet,60.69,0.13,7.96,5.8
THIRD-304290,P,Coventry,Member,Female,Personal Care,21.27,2,2.04,45.09,09/08/2025,16:00:51,Cash,42.94,0.21,9.11,6.7
THIRD-304291,P,Coventry,Normal,Female,Beverages,7.34,2,0.71,15.57,20/09/2025,18:25:43,Credit Card,14.83,0.13,1.95,9.0
THIRD-304292,N,Leicester,Normal,Female,Household,21.5,2,2.07,45.58,02/07/2025,13:44:45,Debit Card,43.41,0.19,8.32,6.4
THIRD-304293,N,Leicester,Normal,Male,Personal Care,12.97,6,3.74,82.49,10/01/2025,15:18:20,Mobile Wallet,78.56,0.21,16.65,7.3
THIRD-304294,M,Nottingham,Member,Male,Fresh Produce,10.04,1,0.48,10.64,13/07/2025,08:10:42,Debit Card,10.13,0.08,0.82,6.5
THIRD-304295,M,Nottingham,Normal,Female,Baby Products,31.51,2,3.03,66.81,30/04/2025,12:47:05,Credit Card,63.63,0.18,11.56,7.2
THIRD-304296,M,Nottingham,Member,Male,Personal Care,10.43,7,3.51,77.41,10/09/2025,19:22:33,Debit Card,73.72,0.21,15.62,6.1
THIRD-304297,N,Leicester,Member,Male,Personal Care,19.64,2,1.89,41.63,27/09/2025,16:46:35,Debit Card,39.65,0.21,8.41,5.9
THIRD-304298,N,Leicester,Normal,Male,Beverages,12.34,2,1.19,26.18,03/02/2025,16:27:34,Credit Card,24.93,0.13,3.28,6.5
THIRD-304299,N,Leicester,Normal,Male,Household,13.71,2,1.32,29.06,09/07/2025,20:11:23,Mobile Wallet,27.68,0.19,5.31,6.5
THIRD-304300,M,Nottingham,Member,Male,Personal Care,19.68,4,3.78,83.43,10/05/2025,10:45:18,Mobile Wallet,79.46,0.21,16.84,5.7
THIRD-304301,P,Coventry,Member,Male,Personal Care,18.53,6,5.35,117.88,01/02/2025,13:59:36,Mobile Wallet,112.27,0.21,23.8,5.3
THIRD-304302,M,Nottingham,Normal,Male,Beverages,12.39,1,0.6,13.14,26/05/2025,18:48:54,Debit Card,12.51,0.13,1.64,4.0
THIRD-304303,P,Coventry,Member,Male,Snacks,3.62,2,0.35,7.68,14/09/2025,13:16:07,Debit Card,7.31,0.17,1.25,7.1
THIRD-304304,N,Leicester,Normal,Male,Health & Wellness,33.98,9,14.7,324.17,16/04/2025,15:54:09,Debit Card,308.73,0.24,74.8,5.4
THIRD-304305,P,Coventry,Member,Female,Beverages,5.75,4,1.11,24.39,23/03/2025,14:36:37,Mobile Wallet,23.23,0.13,3.05,6.9
THIRD-304306,M,Nottingham,Normal,Female,Personal Care,20.54,1,0.99,21.78,15/10/2025,10:05:18,Debit Card,20.74,0.21,4.4,5.0
THIRD-304307,P,Coventry,Member,Female,Baby Products,36.59,4,7.04,155.15,18/12/2025,13:11:04,Credit Card,147.76,0.18,26.85,8.6
THIRD-304308,P,Coventry,Normal,Male,Baby Products,17.98,7,6.05,133.43,09/09/2025,16:27:32,Mobile Wallet,127.08,0.18,23.1,7.3
THIRD-304309,M,Nottingham,Normal,Male,Snacks,4.43,2,0.43,9.4,07/01/2025,10:25:04,Mobile Wallet,8.95,0.17,1.54,5.9
THIRD-304310,P,Coventry,Member,Male,Personal Care,20.49,10,9.85,217.19,08/05/2025,21:06:57,Debit Card,206.85,0.21,43.85,8.5
THIRD-304311,M,Nottingham,Member,Female,Household,6.19,2,0.6,13.12,09/02/2025,10:08:15,Credit Card,12.5,0.19,2.4,6.1
THIRD-304312,M,Nottingham,Member,Female,Beverages,11.51,9,4.98,109.84,02/11/2025,16:48:02,Cash,104.61,0.13,13.73,6.9
THIRD-304313,N,Leicester,Normal,Male,Bakery,9.8,2,0.94,20.77,07/07/2025,15:37:03,Credit Card,19.78,0.11,2.19,6.2
THIRD-304314,M,Nottingham,Normal,Female,Fresh Produce,1.34,3,0.19,4.26,21/01/2025,18:27:57,Debit Card,4.06,0.08,0.33,5.8
THIRD-304315,P,Coventry,Normal,Female,Personal Care,15.65,2,1.51,33.19,05/11/2025,17:36:42,Debit Card,31.61,0.21,6.7,6.1
THIRD-304316,M,Nottingham,Member,Female,Bakery,7.74,11,4.09,90.23,18/05/2025,15:15:16,Debit Card,85.93,0.11,9.54,6.1
THIRD-304317,M,Nottingham,Member,Male,Dairy & Eggs,5.37,10,2.58,56.89,28/04/2025,14:46:10,Debit Card,54.18,0.07,3.83,8.0
THIRD-304318,M,Nottingham,Member,Male,Snacks,1.4,7,0.47,10.42,25/01/2025,16:01:02,Credit Card,9.92,0.17,1.71,8.5
THIRD-304319,P,Coventry,Normal,Female,Household,12.66,5,3.04,67.08,09/07/2025,11:52:18,Credit Card,63.89,0.19,12.25,6.0
THIRD-304320,N,Leicester,Member,Female,Dairy & Eggs,4.32,2,0.42,9.16,14/12/2025,09:30:59,Credit Card,8.72,0.07,0.61,6.7
THIRD-304321,M,Nottingham,Normal,Male,Frozen Foods,17.61,4,3.39,74.67,27/09/2025,17:43:18,Credit Card,71.11,0.1,7.18,8.6
THIRD-304322,N,Leicester,Normal,Female,Health & Wellness,10.39,1,0.5,11.01,27/01/2025,08:46:35,Debit Card,10.49,0.24,2.54,7.5
THIRD-304323,N,Leicester,Member,Male,Frozen Foods,4.88,5,1.17,25.85,04/12/2025,13:04:29,Credit Card,24.62,0.1,2.49,6.5
THIRD-304324,P,Coventry,Normal,Female,Fresh Produce,11.73,1,0.56,12.43,05/08/2025,17:39:37,Debit Card,11.84,0.08,0.95,6.0
THIRD-304325,P,Coventry,Normal,Male,Frozen Foods,5.0,2,0.48,10.6,03/01/2025,17:21:34,Mobile Wallet,10.1,0.1,1.02,6.2
THIRD-304326,P,Coventry,Normal,Female,Frozen Foods,7.22,8,2.78,61.22,02/06/2025,18:24:52,Mobile Wallet,58.3,0.1,5.88,6.9
THIRD-304327,M,Nottingham,Normal,Male,Dairy & Eggs,5.44,8,2.09,46.13,10/10/2025,17:59:49,Cash,43.93,0.07,3.11,7.7
THIRD-304328,M,Nottingham,Normal,Male,Health & Wellness,5.31,8,2.04,45.07,14/05/2025,14:56:45,Credit Card,42.92,0.24,10.4,9.8
THIRD-304329,M,Nottingham,Normal,Female,Frozen Foods,15.24,3,2.2,48.46,18/10/2025,19:46:57,Debit Card,46.15,0.1,4.66,7.3
THIRD-304330,M,Nottingham,Normal,Male,Fresh Produce,10.45,2,1.01,22.17,04/02/2025,08:46:04,Debit Card,21.11,0.08,1.71,7.4
THIRD-304331,M,Nottingham,Normal,Female,Household,13.46,2,1.29,28.53,13/07/2025,17:18:10,Mobile Wallet,27.17,0.19,5.22,7.3
THIRD-304332,N,Leicester,Normal,Female,Personal Care,6.95,11,3.67,81.01,14/11/2025,16:59:56,Credit Card,77.15,0.21,16.36,6.7
THIRD-304333,N,Leicester,Member,Male,Baby Products,42.14,7,14.18,312.71,25/03/2025,21:35:57,Cash,297.82,0.18,54.12,6.7
THIRD-304334,N,Leicester,Member,Female,Fresh Produce,9.15,2,0.88,19.4,05/02/2025,21:55:47,Debit Card,18.48,0.08,1.49,6.0
THIRD-304335,M,Nottingham,Member,Male,Fresh Produce,6.53,11,3.45,76.16,24/02/2025,14:50:55,Mobile Wallet,72.53,0.08,5.86,6.5
THIRD-304336,M,Nottingham,Normal,Male,Personal Care,8.3,7,2.79,61.58,13/10/2025,15:59:44,Mobile Wallet,58.65,0.21,12.43,6.2
THIRD-304337,P,Coventry,Member,Male,Bakery,3.0,1,0.14,3.17,25/12/2025,16:08:54,Mobile Wallet,3.02,0.11,0.34,7.4
THIRD-304338,M,Nottingham,Member,Female,Bakery,2.43,8,0.94,20.64,23/08/2025,20:11:47,Debit Card,19.66,0.11,2.18,6.9
THIRD-304339,N,Leicester,Normal,Female,Dairy & Eggs,2.75,2,0.26,5.82,14/07/2025,13:49:11,Debit Card,5.54,0.07,0.39,6.1
THIRD-304340,P,Coventry,Normal,Female,Household,15.19,8,5.84,128.86,11/09/2025,14:08:42,Mobile Wallet,122.72,0.19,23.54,6.2
THIRD-304341,M,Nottingham,Member,Female,Frozen Foods,14.68,2,1.41,31.13,05/10/2025,18:49:55,Mobile Wallet,29.65,0.1,2.99,6.5
THIRD-304342,N,Leicester,Member,Female,Dairy & Eggs,4.23,3,0.61,13.46,01/07/2025,16:54:54,Mobile Wallet,12.82,0.07,0.9,9.0
THIRD-304343,P,Coventry,Normal,Female,Dairy & Eggs,7.37,5,1.77,39.08,01/03/2025,16:18:46,Mobile Wallet,37.22,0.07,2.63,6.1
THIRD-304344,M,Nottingham,Normal,Male,Health & Wellness,23.02,5,5.53,121.99,28/07/2025,16:46:18,Mobile Wallet,116.18,0.24,28.15,6.7
THIRD-304345,P,Coventry,Member,Male,Fresh Produce,7.64,3,1.1,24.31,27/05/2025,17:44:16,Cash,23.15,0.08,1.87,7.8
THIRD-304346,P,Coventry,Normal,Male,Baby Products,25.01,1,1.2,26.51,15/07/2025,13:49:41,Debit Card,25.25,0.18,4.59,5.4
THIRD-304347,P,Coventry,Normal,Female,Snacks,4.13,8,1.59,35.02,15/10/2025,14:27:15,Credit Card,33.35,0.17,5.72,5.7
THIRD-304348,M,Nottingham,Member,Male,Bakery,4.53,4,0.87,19.23,25/07/2025,14:52:10,Debit Card,18.31,0.11,2.04,6.4
THIRD-304349,N,Leicester,Normal,Male,Health & Wellness,18.97,10,9.12,201.1,07/04/2025,15:19:01,Debit Card,191.52,0.24,46.41,6.9
THIRD-304350,M,Nottingham,Normal,Male,Beverages,7.06,12,4.07,89.83,24/03/2025,20:21:13,Mobile Wallet,85.55,0.13,11.23,7.7
THIRD-304351,P,Coventry,Normal,Female,Household,10.04,1,0.48,10.64,04/03/2025,18:54:24,Mobile Wallet,10.13,0.19,1.94,8.1
THIRD-304352,N,Leicester,Member,Female,Baby Products,40.62,8,15.62,344.51,09/12/2025,15:35:47,Debit Card,328.1,0.18,59.62,7.0
THIRD-304353,M,Nottingham,Member,Male,Frozen Foods,11.6,10,5.58,122.93,02/04/2025,18:12:43,Mobile Wallet,117.08,0.1,11.82,7.3
THIRD-304354,M,Nottingham,Member,Male,Baby Products,26.7,3,3.85,84.9,16/11/2025,12:44:22,Mobile Wallet,80.86,0.18,14.69,7.9
THIRD-304355,N,Leicester,Normal,Male,Beverages,2.65,6,0.77,16.87,25/05/2025,14:55:33,Mobile Wallet,16.07,0.13,2.11,5.6
THIRD-304356,M,Nottingham,Normal,Male,Snacks,1.53,1,0.07,1.62,11/06/2025,12:38:44,Debit Card,1.54,0.17,0.26,5.2
THIRD-304357,M,Nottingham,Member,Female,Snacks,4.82,2,0.46,10.21,04/02/2025,16:43:51,Mobile Wallet,9.72,0.17,1.66,8.4
THIRD-304358,M,Nottingham,Normal,Male,Dairy & Eggs,7.89,12,4.55,100.41,14/05/2025,14:12:59,Debit Card,95.63,0.07,6.76,8.2
THIRD-304359,P,Coventry,Member,Male,Bakery,5.44,1,0.26,5.76,15/01/2025,20:31:23,Mobile Wallet,5.49,0.11,0.61,6.8
THIRD-304360,P,Coventry,Member,Male,Health & Wellness,45.32,2,4.36,96.1,02/12/2025,13:55:45,Credit Card,91.52,0.24,22.18,7.0
THIRD-304361,M,Nottingham,Member,Male,Household,15.93,8,6.13,135.12,25/03/2025,19:05:05,Mobile Wallet,128.69,0.19,24.69,5.6
THIRD-304362,P,Coventry,Member,Female,Health & Wellness,46.68,4,8.98,197.92,08/11/2025,11:47:25,Mobile Wallet,188.5,0.24,45.66,7.6
THIRD-304363,P,Coventry,Normal,Female,Baby Products,36.98,2,3.56,78.41,23/01/2025,13:04:51,Debit Card,74.68,0.18,13.57,7.0
THIRD-304364,P,Coventry,Normal,Male,Personal Care,24.36,8,9.37,206.57,18/11/2025,16:53:34,Credit Card,196.73,0.21,41.71,6.9
THIRD-304365,P,Coventry,Member,Female,Frozen Foods,17.19,5,4.13,91.12,04/07/2025,17:49:35,Mobile Wallet,86.78,0.1,8.77,6.2
THIRD-304366,M,Nottingham,Normal,Male,Household,22.77,2,2.19,48.27,18/10/2025,14:17:55,Mobile Wallet,45.97,0.19,8.82,8.3
THIRD-304367,N,Leicester,Member,Male,Household,3.9,4,0.75,16.54,08/07/2025,16:42:09,Mobile Wallet,15.75,0.19,3.02,6.0
THIRD-304368,P,Coventry,Normal,Male,Personal Care,12.53,7,4.22,93.0,17/09/2025,18:17:40,Debit Card,88.57,0.21,18.77,4.5
THIRD-304369,N,Leicester,Member,Female,Beverages,5.3,2,0.51,11.25,13/04/2025,15:47:47,Cash,10.71,0.13,1.41,6.2
THIRD-304370,P,Coventry,Normal,Male,Health & Wellness,36.76,2,3.54,77.95,09/10/2025,16:56:16,Cash,74.24,0.24,17.99,7.0
THIRD-304371,N,Leicester,Normal,Male,Baby Products,5.9,1,0.28,6.25,05/10/2025,20:02:29,Mobile Wallet,5.95,0.18,1.08,6.5
THIRD-304372,P,Coventry,Normal,Male,Personal Care,17.85,1,0.86,18.92,28/12/2025,14:17:40,Mobile Wallet,18.02,0.21,3.82,7.1
THIRD-304373,P,Coventry,Member,Female,Household,7.92,9,3.43,75.61,17/11/2025,15:30:01,Credit Card,72.01,0.19,13.81,5.6
THIRD-304374,N,Leicester,Member,Female,Frozen Foods,16.75,6,4.83,106.56,10/12/2025,10:57:13,Credit Card,101.49,0.1,10.25,7.0
THIRD-304375,P,Coventry,Member,Male,Frozen Foods,5.23,9,2.26,49.91,26/09/2025,12:42:56,Credit Card,47.53,0.1,4.8,6.5
THIRD-304376,M,Nottingham,Normal,Male,Baby Products,36.02,10,17.32,381.8,04/07/2025,15:28:57,Credit Card,363.62,0.18,66.07,7.4
THIRD-304377,P,Coventry,Member,Female,Personal Care,27.13,13,16.96,373.94,24/07/2025,18:52:09,Mobile Wallet,356.13,0.21,75.5,7.0
THIRD-304378,P,Coventry,Normal,Female,Health & Wellness,19.13,13,11.95,263.57,10/09/2025,11:49:38,Debit Card,251.02,0.24,60.82,6.6
THIRD-304379,N,Leicester,Member,Male,Baby Products,9.77,8,3.76,82.82,06/10/2025,08:25:30,Credit Card,78.88,0.18,14.33,5.4
THIRD-304380,M,Nottingham,Normal,Male,Frozen Foods,5.86,9,2.53,55.86,20/12/2025,18:46:34,Debit Card,53.2,0.1,5.37,5.8
THIRD-304381,N,Leicester,Member,Male,Health & Wellness,19.81,1,0.95,21.0,14/03/2025,17:05:40,Credit Card,20.0,0.24,4.84,8.5
THIRD-304382,P,Coventry,Member,Female,Dairy & Eggs,8.4,7,2.83,62.36,28/10/2025,11:15:43,Credit Card,59.39,0.07,4.2,7.7
THIRD-304383,P,Coventry,Normal,Female,Fresh Produce,1.94,1,0.09,2.06,22/02/2025,19:20:31,Cash,1.96,0.08,0.16,7.2
THIRD-304384,M,Nottingham,Member,Female,Fresh Produce,6.91,2,0.66,14.64,07/10/2025,19:01:54,Debit Card,13.94,0.08,1.12,7.6
THIRD-304385,P,Coventry,Normal,Female,Dairy & Eggs,4.86,7,1.63,36.04,18/10/2025,12:00:13,Mobile Wallet,34.32,0.07,2.43,7.9
THIRD-304386,M,Nottingham,Normal,Female,Health & Wellness,23.48,9,10.16,224.05,26/06/2025,16:30:03,Credit Card,213.38,0.24,51.7,7.7
THIRD-304387,N,Leicester,Normal,Female,Household,14.52,5,3.49,76.95,05/03/2025,19:52:31,Mobile Wallet,73.29,0.19,14.06,6.4
THIRD-304388,M,Nottingham,Member,Male,Dairy & Eggs,7.36,8,2.83,62.44,10/08/2025,16:46:58,Debit Card,59.47,0.07,4.2,6.3
THIRD-304389,P,Coventry,Member,Male,Beverages,3.47,1,0.17,3.69,28/06/2025,12:01:49,Mobile Wallet,3.51,0.13,0.46,6.6
THIRD-304390,P,Coventry,Member,Male,Fresh Produce,5.96,3,0.86,18.95,04/06/2025,19:40:51,Debit Card,18.05,0.08,1.46,7.2
THIRD-304391,P,Coventry,Normal,Female,Snacks,6.19,5,1.49,32.8,09/06/2025,14:14:59,Credit Card,31.24,0.17,5.36,7.1
THIRD-304392,P,Coventry,Normal,Female,Beverages,13.26,2,1.28,28.12,15/01/2025,11:55:13,Mobile Wallet,26.78,0.13,3.51,6.0
THIRD-304393,M,Nottingham,Member,Male,Beverages,4.89,4,0.94,20.73,06/12/2025,11:47:43,Mobile Wallet,19.74,0.13,2.59,7.4
THIRD-304394,M,Nottingham,Normal,Female,Snacks,5.0,1,0.24,5.3,18/10/2025,16:10:42,Credit Card,5.05,0.17,0.87,5.5
THIRD-304395,M,Nottingham,Normal,Male,Household,3.88,6,1.12,24.68,15/07/2025,16:48:25,Cash,23.5,0.19,4.5,7.4
THIRD-304396,N,Leicester,Member,Female,Personal Care,17.45,7,5.87,129.5,24/01/2025,21:23:10,Cash,123.33,0.21,26.15,6.6
THIRD-304397,P,Coventry,Member,Male,Health & Wellness,9.66,5,2.32,51.21,16/01/2025,11:54:30,Debit Card,48.77,0.24,11.82,6.8
THIRD-304398,P,Coventry,Member,Female,Baby Products,22.54,9,9.75,215.02,27/08/2025,12:28:42,Mobile Wallet,204.78,0.18,37.22,7.5
THIRD-304399,M,Nottingham,Member,Male,Snacks,6.14,1,0.3,6.51,13/09/2025,15:25:08,Debit Card,6.2,0.17,1.06,6.6
THIRD-304400,M,Nottingham,Normal,Male,Personal Care,18.62,3,2.69,59.21,09/05/2025,10:15:25,Cash,56.39,0.21,11.96,6.7
THIRD-304401,N,Leicester,Member,Female,Baby Products,37.06,3,5.34,117.84,24/10/2025,20:49:53,Mobile Wallet,112.23,0.18,20.39,8.0
THIRD-304402,N,Leicester,Normal,Male,Dairy & Eggs,2.96,9,1.28,28.28,22/03/2025,14:31:17,Cash,26.93,0.07,1.91,7.1
THIRD-304403,N,Leicester,Normal,Female,Baby Products,42.22,11,22.33,492.38,28/12/2025,14:53:11,Cash,468.93,0.18,85.21,6.7
THIRD-304404,P,Coventry,Member,Female,Frozen Foods,14.98,8,5.76,127.01,14/08/2025,12:54:29,Credit Card,120.96,0.1,12.21,7.2
THIRD-304405,M,Nottingham,Normal,Male,Fresh Produce,6.24,3,0.9,19.84,18/03/2025,14:07:41,Debit Card,18.9,0.08,1.53,4.4
THIRD-304406,M,Nottingham,Normal,Male,Fresh Produce,2.0,2,0.19,4.23,03/08/2025,19:34:42,Mobile Wallet,4.03,0.08,0.33,6.7
THIRD-304407,N,Leicester,Normal,Male,Bakery,4.42,8,1.7,37.49,21/04/2025,19:11:51,Cash,35.7,0.11,3.96,6.4
THIRD-304408,M,Nottingham,Member,Female,Beverages,1.47,8,0.56,12.43,04/07/2025,09:09:41,Credit Card,11.84,0.13,1.56,6.1
THIRD-304409,P,Coventry,Member,Male,Fresh Produce,5.58,8,2.15,47.37,07/10/2025,16:01:37,Credit Card,45.11,0.08,3.65,6.4
THIRD-304410,P,Coventry,Member,Male,Health & Wellness,31.38,1,1.51,33.26,25/07/2025,11:53:29,Credit Card,31.68,0.24,7.67,6.0
THIRD-304411,M,Nottingham,Member,Male,Dairy & Eggs,5.79,3,0.84,18.43,30/09/2025,17:52:16,Debit Card,17.55,0.07,1.24,6.9
THIRD-304412,M,Nottingham,Member,Female,Beverages,6.66,8,2.56,56.45,12/05/2025,19:44:33,Debit Card,53.76,0.13,7.06,6.1
THIRD-304413,P,Coventry,Normal,Male,Bakery,10.35,11,5.47,120.67,13/07/2025,13:58:42,Mobile Wallet,114.92,0.11,12.76,7.5
THIRD-304414,P,Coventry,Member,Male,Dairy & Eggs,2.27,5,0.55,12.02,27/09/2025,15:39:26,Debit Card,11.44,0.07,0.81,6.1
THIRD-304415,M,Nottingham,Normal,Male,Bakery,4.02,1,0.19,4.26,22/04/2025,14:12:34,Cash,4.06,0.11,0.46,7.7
THIRD-304416,P,Coventry,Normal,Female,Personal Care,24.71,4,4.75,104.78,07/09/2025,17:06:44,Debit Card,99.79,0.21,21.16,7.3
THIRD-304417,P,Coventry,Normal,Female,Frozen Foods,2.19,2,0.21,4.65,20/08/2025,14:37:33,Cash,4.43,0.1,0.45,5.5
THIRD-304418,M,Nottingham,Normal,Male,Baby Products,16.09,12,9.28,204.67,05/04/2025,12:38:34,Debit Card,194.92,0.18,35.43,6.8
THIRD-304419,M,Nottingham,Member,Male,Baby Products,35.28,11,18.66,411.37,13/03/2025,12:48:15,Debit Card,391.78,0.18,71.19,6.4
THIRD-304420,N,Leicester,Normal,Male,Health & Wellness,16.41,7,5.52,121.78,20/01/2025,17:20:38,Credit Card,115.98,0.24,28.1,6.1
THIRD-304421,P,Coventry,Member,Male,Dairy & Eggs,3.06,9,1.32,29.17,16/10/2025,08:48:41,Credit Card,27.78,0.07,1.96,7.6
THIRD-304422,P,Coventry,Member,Male,Household,12.66,10,6.09,134.18,07/10/2025,19:18:39,Debit Card,127.79,0.19,24.51,6.6
THIRD-304423,N,Leicester,Normal,Male,Snacks,2.04,6,0.59,12.97,03/02/2025,12:33:00,Credit Card,12.35,0.17,2.12,5.2
THIRD-304424,N,Leicester,Member,Male,Beverages,13.09,5,3.15,69.4,22/07/2025,15:29:54,Mobile Wallet,66.1,0.13,8.67,8.5
THIRD-304425,M,Nottingham,Normal,Female,Baby Products,24.88,6,7.18,158.23,05/05/2025,20:40:00,Debit Card,150.7,0.18,27.38,6.6
THIRD-304426,P,Coventry,Normal,Male,Dairy & Eggs,7.45,8,2.86,63.15,04/07/2025,20:11:40,Debit Card,60.14,0.07,4.25,7.0
THIRD-304427,M,Nottingham,Member,Male,Fresh Produce,12.22,2,1.18,25.91,08/11/2025,13:41:00,Credit Card,24.68,0.08,1.99,6.4
THIRD-304428,P,Coventry,Normal,Male,Fresh Produce,2.23,6,0.64,14.15,05/01/2025,15:35:42,Credit Card,13.48,0.08,1.09,4.8
THIRD-304429,N,Leicester,Member,Male,Fresh Produce,1.78,2,0.17,3.77,28/01/2025,16:56:31,Credit Card,3.59,0.08,0.29,8.5
THIRD-304430,P,Coventry,Member,Female,Bakery,4.85,8,1.86,41.1,04/02/2025,20:27:54,Cash,39.14,0.11,4.35,6.2
THIRD-304431,M,Nottingham,Normal,Male,Frozen Foods,2.83,11,1.5,32.99,14/11/2025,10:39:20,Credit Card,31.42,0.1,3.17,4.3
THIRD-304432,N,Leicester,Normal,Male,Dairy & Eggs,5.05,3,0.73,16.08,23/08/2025,15:56:06,Debit Card,15.31,0.07,1.08,6.4
THIRD-304433,P,Coventry,Normal,Male,Beverages,2.1,3,0.3,6.68,07/07/2025,10:16:23,Credit Card,6.36,0.13,0.84,7.6
THIRD-304434,M,Nottingham,Member,Male,Household,6.98,2,0.67,14.79,22/06/2025,20:12:28,Cash,14.09,0.19,2.7,7.2
THIRD-304435,N,Leicester,Member,Male,Baby Products,37.65,11,19.91,439.02,29/12/2025,13:54:15,Mobile Wallet,418.11,0.18,75.98,6.3
THIRD-304436,N,Leicester,Normal,Male,Baby Products,38.49,1,1.85,40.8,22/07/2025,16:27:24,Cash,38.86,0.18,7.06,8.8
THIRD-304437,P,Coventry,Member,Male,Baby Products,20.64,3,2.98,65.66,27/11/2025,12:46:59,Debit Card,62.53,0.18,11.36,7.7
THIRD-304438,N,Leicester,Normal,Female,Personal Care,15.86,3,2.29,50.44,15/05/2025,15:31:02,Mobile Wallet,48.04,0.21,10.19,5.2
THIRD-304439,M,Nottingham,Member,Female,Bakery,6.31,2,0.61,13.39,31/12/2025,17:45:28,Debit Card,12.75,0.11,1.42,7.4
THIRD-304440,N,Leicester,Normal,Female,Bakery,5.91,12,3.41,75.15,07/08/2025,17:44:30,Cash,71.57,0.11,7.95,5.6
THIRD-304441,M,Nottingham,Member,Female,Dairy & Eggs,4.02,1,0.19,4.26,24/09/2025,15:58:04,Debit Card,4.06,0.07,0.29,6.7
THIRD-304442,M,Nottingham,Member,Male,Snacks,5.54,11,2.93,64.64,09/06/2025,16:03:43,Debit Card,61.56,0.17,10.57,5.5
THIRD-304443,M,Nottingham,Member,Male,Bakery,5.79,5,1.39,30.7,25/08/2025,09:54:21,Credit Card,29.24,0.11,3.24,7.2
THIRD-304444,P,Coventry,Normal,Female,Dairy & Eggs,4.31,1,0.21,4.57,05/06/2025,15:37:24,Credit Card,4.35,0.07,0.31,7.5
THIRD-304445,M,Nottingham,Normal,Male,Baby Products,16.8,4,3.23,71.22,17/03/2025,12:42:45,Credit Card,67.83,0.18,12.33,6.2
THIRD-304446,M,Nottingham,Member,Male,Snacks,2.32,8,0.89,19.67,26/01/2025,17:03:27,Debit Card,18.73,0.17,3.21,7.6
THIRD-304447,P,Coventry,Member,Female,Personal Care,21.79,3,3.14,69.29,27/03/2025,17:24:41,Credit Card,65.99,0.21,13.99,5.8
THIRD-304448,P,Coventry,Member,Male,Snacks,4.52,11,2.39,52.75,25/05/2025,20:16:58,Mobile Wallet,50.24,0.17,8.62,6.4
THIRD-304449,M,Nottingham,Normal,Male,Health & Wellness,22.9,9,9.91,218.49,05/01/2025,08:45:42,Debit Card,208.09,0.24,50.41,5.9
THIRD-304450,M,Nottingham,Member,Female,Baby Products,24.41,2,2.35,51.75,19/10/2025,15:41:31,Debit Card,49.29,0.18,8.96,7.8
THIRD-304451,N,Leicester,Normal,Male,Health & Wellness,14.41,10,6.93,152.81,02/11/2025,14:48:30,Credit Card,145.53,0.24,35.26,6.5
THIRD-304452,N,Leicester,Normal,Female,Personal Care,23.57,4,4.53,99.93,09/06/2025,09:13:46,Credit Card,95.17,0.21,20.17,7.0
THIRD-304453,P,Coventry,Normal,Female,Snacks,4.17,5,1.0,22.1,31/10/2025,09:36:09,Mobile Wallet,21.05,0.17,3.61,5.7
THIRD-304454,N,Leicester,Member,Female,Baby Products,21.05,3,3.04,66.95,22/03/2025,08:42:42,Debit Card,63.76,0.18,11.59,7.3
THIRD-304455,N,Leicester,Member,Male,Health & Wellness,22.11,6,6.38,140.64,06/09/2025,12:40:53,Credit Card,133.94,0.24,32.45,6.5
THIRD-304456,P,Coventry,Normal,Male,Baby Products,51.52,8,19.82,436.95,12/12/2025,20:01:26,Debit Card,416.14,0.18,75.62,8.2
THIRD-304457,M,Nottingham,Member,Female,Health & Wellness,32.05,2,3.08,67.96,30/06/2025,14:49:47,Mobile Wallet,64.72,0.24,15.68,6.3
THIRD-304458,N,Leicester,Normal,Male,Fresh Produce,11.32,3,1.63,35.98,06/11/2025,20:40:50,Debit Card,34.27,0.08,2.77,7.4
THIRD-304459,M,Nottingham,Member,Male,Snacks,2.12,6,0.61,13.49,09/06/2025,16:01:16,Credit Card,12.85,0.17,2.2,7.4
THIRD-304460,P,Coventry,Normal,Female,Household,9.24,2,0.89,19.58,12/10/2025,14:05:58,Mobile Wallet,18.65,0.19,3.57,7.7
THIRD-304461,P,Coventry,Member,Male,Beverages,13.18,8,5.07,111.75,17/11/2025,15:35:46,Debit Card,106.43,0.13,13.97,7.3
THIRD-304462,P,Coventry,Normal,Male,Personal Care,3.94,4,0.76,16.72,12/10/2025,16:52:30,Credit Card,15.92,0.21,3.37,6.3
THIRD-304463,P,Coventry,Normal,Female,Household,9.82,2,0.94,20.81,24/02/2025,11:25:40,Credit Card,19.82,0.19,3.81,5.5
THIRD-304464,M,Nottingham,Member,Male,Frozen Foods,4.12,2,0.4,8.74,27/01/2025,18:45:52,Debit Card,8.32,0.1,0.84,5.8
THIRD-304465,N,Leicester,Normal,Male,Frozen Foods,6.45,3,0.93,20.51,16/07/2025,11:37:35,Credit Card,19.53,0.1,1.97,7.0
THIRD-304466,M,Nottingham,Normal,Male,Frozen Foods,10.02,5,2.41,53.09,04/02/2025,14:16:28,Debit Card,50.56,0.1,5.11,7.3
THIRD-304467,M,Nottingham,Normal,Male,Dairy & Eggs,3.84,5,0.92,20.34,27/06/2025,13:03:24,Debit Card,19.37,0.07,1.37,7.6
THIRD-304468,P,Coventry,Member,Male,Personal Care,25.85,1,1.24,27.4,31/12/2025,15:03:56,Mobile Wallet,26.1,0.21,5.53,7.8
THIRD-304469,N,Leicester,Member,Male,Dairy & Eggs,5.04,4,0.97,21.39,08/07/2025,10:42:27,Debit Card,20.37,0.07,1.44,6.8
THIRD-304470,P,Coventry,Member,Female,Bakery,12.06,7,4.06,89.52,29/12/2025,15:50:00,Credit Card,85.26,0.11,9.47,5.1
THIRD-304471,M,Nottingham,Member,Female,Household,22.1,1,1.06,23.43,10/10/2025,11:12:32,Mobile Wallet,22.31,0.19,4.28,6.4
THIRD-304472,P,Coventry,Normal,Female,Health & Wellness,18.13,4,3.49,76.87,24/04/2025,13:00:53,Credit Card,73.21,0.24,17.73,5.7
THIRD-304473,N,Leicester,Member,Female,Household,5.09,2,0.49,10.78,20/07/2025,13:59:28,Cash,10.27,0.19,1.97,6.2
THIRD-304474,P,Coventry,Member,Male,Snacks,4.06,6,1.17,25.8,01/07/2025,14:06:30,Credit Card,24.57,0.17,4.22,5.9
THIRD-304475,N,Leicester,Normal,Female,Frozen Foods,12.11,1,0.58,12.83,01/05/2025,14:00:45,Mobile Wallet,12.22,0.1,1.23,7.9
THIRD-304476,M,Nottingham,Member,Male,Bakery,5.44,8,2.09,46.13,05/04/2025,16:09:47,Debit Card,43.93,0.11,4.88,8.8
THIRD-304477,M,Nottingham,Normal,Female,Dairy & Eggs,6.97,5,1.68,36.94,28/04/2025,15:36:07,Debit Card,35.18,0.07,2.49,6.6
THIRD-304478,P,Coventry,Normal,Male,Snacks,4.42,9,1.91,42.17,31/10/2025,16:32:38,Mobile Wallet,40.16,0.17,6.89,8.0
THIRD-304479,N,Leicester,Normal,Female,Personal Care,21.68,1,1.04,22.98,12/11/2025,08:32:34,Mobile Wallet,21.89,0.21,4.64,9.5
THIRD-304480,P,Coventry,Normal,Male,Fresh Produce,7.9,6,2.28,50.27,16/03/2025,12:14:39,Cash,47.88,0.08,3.87,4.9
THIRD-304481,N,Leicester,Member,Female,Fresh Produce,9.3,2,0.89,19.71,11/05/2025,19:23:28,Cash,18.77,0.08,1.52,8.0
THIRD-304482,M,Nottingham,Member,Female,Snacks,0.94,6,0.27,5.95,17/10/2025,16:45:29,Credit Card,5.67,0.17,0.98,5.7
THIRD-304483,N,Leicester,Member,Male,Frozen Foods,9.06,1,0.44,9.61,09/09/2025,08:33:07,Debit Card,9.15,0.1,0.92,5.3
THIRD-304484,P,Coventry,Normal,Male,Baby Products,11.93,1,0.57,12.64,23/01/2025,18:25:11,Credit Card,12.04,0.18,2.18,4.9
THIRD-304485,N,Leicester,Normal,Male,Household,15.0,10,7.21,158.98,07/08/2025,16:59:29,Debit Card,151.41,0.19,29.04,6.8
THIRD-304486,P,Coventry,Normal,Male,Household,14.06,1,0.68,14.91,30/10/2025,20:49:10,Mobile Wallet,14.2,0.19,2.72,6.0
THIRD-304487,P,Coventry,Normal,Male,Baby Products,33.29,4,6.4,141.16,27/11/2025,18:27:31,Credit Card,134.44,0.18,24.43,5.6
THIRD-304488,M,Nottingham,Normal,Female,Beverages,4.15,5,1.0,22.0,23/06/2025,12:00:44,Credit Card,20.95,0.13,2.75,6.6
THIRD-304489,M,Nottingham,Member,Female,Baby Products,40.16,3,5.79,127.73,29/12/2025,18:51:00,Credit Card,121.65,0.18,22.1,5.6
THIRD-304490,M,Nottingham,Normal,Male,Snacks,1.53,1,0.07,1.62,27/03/2025,15:07:58,Debit Card,1.54,0.17,0.26,5.8
THIRD-304491,N,Leicester,Normal,Male,Bakery,10.95,1,0.53,11.61,13/12/2025,19:02:13,Debit Card,11.06,0.11,1.23,4.9
THIRD-304492,M,Nottingham,Normal,Male,Household,9.21,3,1.33,29.31,25/08/2025,12:18:28,Debit Card,27.91,0.19,5.35,6.2
THIRD-304493,N,Leicester,Normal,Female,Bakery,3.13,13,1.96,43.14,22/05/2025,16:04:54,Mobile Wallet,41.09,0.11,4.56,5.3
THIRD-304494,P,Coventry,Member,Male,Bakery,8.17,6,2.36,52.0,14/05/2025,18:40:25,Credit Card,49.52,0.11,5.5,7.3
THIRD-304495,N,Leicester,Normal,Male,Snacks,3.62,1,0.17,3.83,12/04/2025,19:45:02,Debit Card,3.65,0.17,0.63,7.0
THIRD-304496,M,Nottingham,Member,Female,Bakery,7.05,4,1.36,29.9,05/08/2025,11:31:08,Credit Card,28.48,0.11,3.16,7.0
THIRD-304497,M,Nottingham,Member,Female,Personal Care,22.12,1,1.06,23.45,31/01/2025,18:59:58,Cash,22.33,0.21,4.74,6.9
THIRD-304498,M,Nottingham,Normal,Male,Fresh Produce,10.61,5,2.55,56.23,02/07/2025,09:31:13,Credit Card,53.55,0.08,4.32,5.8
THIRD-304499,N,Leicester,Normal,Male,Bakery,9.87,6,2.85,62.78,18/11/2025,08:14:38,Credit Card,59.79,0.11,6.64,4.1
