Invoice ID,Branch,City,Customer type,Gender,Product line,Unit price,Quantity,Tax 5%,Total,Date,Time,Payment,cogs,gross margin percentage,gross income,Rating
ALT-200000,X,Liverpool,Normal,Male,Bakery,3.06,5,0.77,16.07,14/02/2025,14:22:33,Debit Card,15.3,0.11,1.68,6.3
ALT-200001,Y,Sheffield,Member,Male,Fresh Produce,7.35,4,1.47,30.87,25/02/2025,14:04:49,Cash,29.4,0.08,2.35,8.9
ALT-200002,X,Liverpool,Member,Male,Bakery,2.03,7,0.71,14.92,02/10/2025,13:07:41,Credit Card,14.21,0.11,1.56,5.9
ALT-200003,Z,Birmingham,Member,Male,Snacks,2.87,2,0.29,6.03,24/06/2025,16:42:05,Credit Card,5.74,0.17,0.98,8.2
ALT-200004,X,Liverpool,Member,Female,Bakery,2.78,2,0.28,5.84,11/03/2025,19:27:44,Cash,5.56,0.11,0.61,6.7
ALT-200005,Y,Sheffield,Normal,Male,Fresh Produce,4.48,4,0.9,18.82,26/12/2025,20:01:43,Debit Card,17.92,0.08,1.43,7.2
ALT-200006,X,Liverpool,Member,Female,Personal Care,14.21,6,4.26,89.52,01/01/2025,18:01:51,Cash,85.26,0.21,17.9,4.6
ALT-200007,Y,Sheffield,Member,Female,Dairy & Eggs,6.25,9,2.81,59.06,02/11/2025,14:34:03,Credit Card,56.25,0.07,3.94,7.5
ALT-200008,Y,Sheffield,Normal,Female,Beverages,8.97,9,4.04,84.77,04/01/2025,18:57:06,Cash,80.73,0.13,10.49,6.6
ALT-200009,Y,Sheffield,Member,Male,Beverages,11.92,13,7.75,162.71,22/02/2025,13:45:22,Debit Card,154.96,0.13,20.14,5.3
ALT-200010,X,Liverpool,Member,Female,Health & Wellness,8.5,5,2.12,44.62,08/12/2025,12:04:30,Mobile Wallet,42.5,0.24,10.2,7.3
ALT-200011,X,Liverpool,Member,Female,Beverages,5.93,7,2.08,43.59,11/01/2025,14:44:20,Mobile Wallet,41.51,0.13,5.4,7.9
ALT-200012,Y,Sheffield,Member,Male,Fresh Produce,2.53,4,0.51,10.63,21/10/2025,13:45:13,Credit Card,10.12,0.08,0.81,5.9
ALT-200013,Y,Sheffield,Member,Male,Health & Wellness,19.55,2,1.96,41.06,29/08/2025,18:07:13,Credit Card,39.1,0.24,9.38,7.0
ALT-200014,X,Liverpool,Normal,Male,Dairy & Eggs,3.78,2,0.38,7.94,25/06/2025,13:17:24,Mobile Wallet,7.56,0.07,0.53,7.2
ALT-200015,Z,Birmingham,Member,Male,Bakery,7.21,3,1.08,22.71,16/04/2025,14:54:55,Debit Card,21.63,0.11,2.38,9.5
ALT-200016,Z,Birmingham,Member,Male,Beverages,10.54,5,2.64,55.34,07/01/2025,16:58:58,Credit Card,52.7,0.13,6.85,7.9
ALT-200017,Y,Sheffield,Member,Male,Snacks,1.9,4,0.38,7.98,17/12/2025,10:05:48,Debit Card,7.6,0.17,1.29,6.4
ALT-200018,Z,Birmingham,Normal,Male,Baby Products,7.13,1,0.36,7.49,24/09/2025,15:28:02,Debit Card,7.13,0.18,1.28,5.8
ALT-200019,Z,Birmingham,Normal,Male,Personal Care,20.88,13,13.57,285.01,11/07/2025,12:02:45,Credit Card,271.44,0.21,57.0,4.8
ALT-200020,Z,Birmingham,Member,Female,Snacks,3.7,4,0.74,15.54,27/11/2025,16:35:33,Debit Card,14.8,0.17,2.52,8.2
ALT-200021,X,Liverpool,Member,Female,Health & Wellness,5.56,2,0.56,11.68,07/09/2025,14:36:44,Credit Card,11.12,0.24,2.67,7.2
ALT-200022,Z,Birmingham,Member,Male,Beverages,13.84,1,0.69,14.53,29/03/2025,11:55:14,Cash,13.84,0.13,1.8,8.5
ALT-200023,Y,Sheffield,Member,Male,Fresh Produce,5.64,3,0.85,17.77,11/10/2025,18:46:20,Mobile Wallet,16.92,0.08,1.35,4.9
ALT-200024,Y,Sheffield,Member,Female,Snacks,2.91,3,0.44,9.17,22/08/2025,17:39:26,Credit Card,8.73,0.17,1.48,5.8
ALT-200025,Y,Sheffield,Normal,Male,Frozen Foods,8.45,1,0.42,8.87,09/01/2025,10:00:35,Debit Card,8.45,0.1,0.84,8.9
ALT-200026,X,Liverpool,Normal,Female,Personal Care,18.7,1,0.94,19.64,18/11/2025,16:37:01,Debit Card,18.7,0.21,3.93,6.6
ALT-200027,Y,Sheffield,Member,Female,Dairy & Eggs,5.59,1,0.28,5.87,30/06/2025,16:30:55,Mobile Wallet,5.59,0.07,0.39,8.6
ALT-200028,X,Liverpool,Normal,Male,Beverages,14.13,2,1.41,29.67,30/09/2025,20:49:00,Mobile Wallet,28.26,0.13,3.67,6.9
ALT-200029,Z,Birmingham,Member,Female,Baby Products,26.37,1,1.32,27.69,24/11/2025,14:07:13,Credit Card,26.37,0.18,4.75,4.0
ALT-200030,Y,Sheffield,Member,Male,Household,15.98,6,4.79,100.67,19/11/2025,15:13:30,Cash,95.88,0.19,18.22,6.1
ALT-200031,Z,Birmingham,Member,Female,Fresh Produce,4.73,8,1.89,39.73,06/10/2025,12:55:57,Mobile Wallet,37.84,0.08,3.03,6.6
ALT-200032,Y,Sheffield,Normal,Female,Beverages,12.28,5,3.07,64.47,20/03/2025,17:14:47,Debit Card,61.4,0.13,7.98,7.3
ALT-200033,Z,Birmingham,Member,Male,Health & Wellness,18.44,2,1.84,38.72,13/07/2025,12:37:19,Cash,36.88,0.24,8.85,4.6
ALT-200034,Y,Sheffield,Normal,Female,Frozen Foods,6.84,1,0.34,7.18,06/01/2025,15:56:00,Credit Card,6.84,0.1,0.68,4.9
ALT-200035,X,Liverpool,Normal,Male,Health & Wellness,34.8,1,1.74,36.54,09/04/2025,18:39:25,Cash,34.8,0.24,8.35,7.0
ALT-200036,X,Liverpool,Normal,Male,Bakery,8.96,7,3.14,65.86,30/06/2025,14:03:37,Mobile Wallet,62.72,0.11,6.9,7.3
ALT-200037,Z,Birmingham,Member,Male,Beverages,10.39,1,0.52,10.91,11/08/2025,18:51:49,Credit Card,10.39,0.13,1.35,6.5
ALT-200038,Z,Birmingham,Normal,Male,Health & Wellness,3.86,1,0.19,4.05,01/01/2025,19:50:07,Credit Card,3.86,0.24,0.93,8.6
ALT-200039,X,Liverpool,Member,Female,Personal Care,23.92,1,1.2,25.12,19/09/2025,08:02:55,Debit Card,23.92,0.21,5.02,8.3
ALT-200040,Y,Sheffield,Member,Female,Personal Care,2.29,4,0.46,9.62,12/02/2025,12:38:15,Mobile Wallet,9.16,0.21,1.92,5.1
ALT-200041,Y,Sheffield,Normal,Female,Beverages,6.85,1,0.34,7.19,02/10/2025,15:08:00,Debit Card,6.85,0.13,0.89,5.2
ALT-200042,Y,Sheffield,Normal,Female,Frozen Foods,7.01,3,1.05,22.08,07/10/2025,14:19:52,Debit Card,21.03,0.1,2.1,7.8
ALT-200043,Z,Birmingham,Member,Male,Personal Care,10.61,3,1.59,33.42,15/01/2025,18:42:42,Mobile Wallet,31.83,0.21,6.68,5.4
ALT-200044,Y,Sheffield,Normal,Male,Beverages,11.95,7,4.18,87.83,30/08/2025,17:42:26,Debit Card,83.65,0.13,10.87,8.6
ALT-200045,X,Liverpool,Member,Male,Frozen Foods,13.88,5,3.47,72.87,01/08/2025,10:14:20,Debit Card,69.4,0.1,6.94,8.1
ALT-200046,Y,Sheffield,Normal,Female,Snacks,3.94,7,1.38,28.96,24/11/2025,16:46:30,Mobile Wallet,27.58,0.17,4.69,7.5
ALT-200047,Z,Birmingham,Member,Female,Frozen Foods,9.37,9,4.22,88.55,03/08/2025,11:11:27,Debit Card,84.33,0.1,8.43,7.6
ALT-200048,X,Liverpool,Normal,Female,Bakery,8.1,6,2.43,51.03,10/07/2025,15:32:29,Credit Card,48.6,0.11,5.35,6.3
ALT-200049,Z,Birmingham,Normal,Female,Fresh Produce,4.78,8,1.91,40.15,10/02/2025,10:05:45,Debit Card,38.24,0.08,3.06,5.8
ALT-200050,Z,Birmingham,Member,Female,Household,13.59,3,2.04,42.81,23/09/2025,13:39:27,Mobile Wallet,40.77,0.19,7.75,4.0
ALT-200051,Y,Sheffield,Member,Male,Beverages,5.9,4,1.18,24.78,16/03/2025,18:41:23,Mobile Wallet,23.6,0.13,3.07,6.0
ALT-200052,Z,Birmingham,Member,Male,Frozen Foods,18.33,3,2.75,57.74,19/07/2025,15:51:25,Credit Card,54.99,0.1,5.5,7.3
ALT-200053,Y,Sheffield,Normal,Female,Beverages,13.42,4,2.68,56.36,01/10/2025,14:21:39,Debit Card,53.68,0.13,6.98,5.6
ALT-200054,Y,Sheffield,Member,Female,Dairy & Eggs,6.55,1,0.33,6.88,19/11/2025,09:41:19,Debit Card,6.55,0.07,0.46,8.1
ALT-200055,X,Liverpool,Normal,Male,Health & Wellness,17.33,9,7.8,163.77,10/08/2025,08:43:37,Credit Card,155.97,0.24,37.43,6.4
ALT-200056,X,Liverpool,Normal,Female,Snacks,1.43,3,0.21,4.5,21/08/2025,19:07:04,Mobile Wallet,4.29,0.17,0.73,8.9
ALT-200057,Z,Birmingham,Member,Female,Frozen Foods,13.56,2,1.36,28.48,28/06/2025,14:21:44,Mobile Wallet,27.12,0.1,2.71,6.8
ALT-200058,Y,Sheffield,Normal,Male,Fresh Produce,9.27,6,2.78,58.4,05/06/2025,18:58:55,Credit Card,55.62,0.08,4.45,6.6
ALT-200059,Y,Sheffield,Member,Female,Baby Products,27.66,6,8.3,174.26,23/03/2025,20:28:24,Mobile Wallet,165.96,0.18,29.87,6.0
ALT-200060,Z,Birmingham,Member,Male,Bakery,3.44,1,0.17,3.61,22/09/2025,17:15:37,Debit Card,3.44,0.11,0.38,6.6
ALT-200061,Z,Birmingham,Member,Female,Personal Care,9.28,6,2.78,58.46,25/06/2025,10:34:01,Debit Card,55.68,0.21,11.69,6.7
ALT-200062,Z,Birmingham,Member,Female,Dairy & Eggs,7.97,9,3.59,75.32,07/10/2025,14:57:22,Mobile Wallet,71.73,0.07,5.02,7.9
ALT-200063,Z,Birmingham,Normal,Male,Beverages,7.0,3,1.05,22.05,26/04/2025,15:14:48,Mobile Wallet,21.0,0.13,2.73,7.3
ALT-200064,Z,Birmingham,Normal,Male,Baby Products,42.34,9,19.05,400.11,17/02/2025,17:47:40,Debit Card,381.06,0.18,68.59,7.3
ALT-200065,Y,Sheffield,Member,Female,Health & Wellness,36.61,1,1.83,38.44,15/04/2025,13:24:33,Credit Card,36.61,0.24,8.79,5.8
ALT-200066,Y,Sheffield,Member,Male,Personal Care,14.87,1,0.74,15.61,23/07/2025,16:18:11,Mobile Wallet,14.87,0.21,3.12,6.0
ALT-200067,X,Liverpool,Member,Female,Baby Products,32.4,6,9.72,204.12,11/04/2025,15:49:15,Credit Card,194.4,0.18,34.99,8.4
ALT-200068,Z,Birmingham,Normal,Female,Fresh Produce,10.36,4,2.07,43.51,09/01/2025,12:53:49,Mobile Wallet,41.44,0.08,3.32,6.7
ALT-200069,X,Liverpool,Member,Male,Beverages,11.03,1,0.55,11.58,17/10/2025,11:32:31,Mobile Wallet,11.03,0.13,1.43,5.8
ALT-200070,X,Liverpool,Member,Female,Personal Care,8.41,10,4.21,88.31,04/11/2025,14:29:25,Mobile Wallet,84.1,0.21,17.66,7.2
ALT-200071,Y,Sheffield,Member,Female,Snacks,2.1,5,0.53,11.03,24/06/2025,19:20:17,Mobile Wallet,10.5,0.17,1.79,6.7
ALT-200072,Z,Birmingham,Member,Female,Personal Care,25.12,6,7.54,158.26,01/10/2025,19:51:54,Mobile Wallet,150.72,0.21,31.65,7.8
ALT-200073,X,Liverpool,Normal,Male,Baby Products,32.03,7,11.21,235.42,10/09/2025,15:12:19,Cash,224.21,0.18,40.36,7.1
ALT-200074,Z,Birmingham,Member,Male,Dairy & Eggs,7.25,8,2.9,60.9,15/01/2025,16:29:42,Debit Card,58.0,0.07,4.06,7.9
ALT-200075,Y,Sheffield,Member,Male,Baby Products,5.75,7,2.01,42.26,24/06/2025,20:20:42,Debit Card,40.25,0.18,7.25,8.2
ALT-200076,Y,Sheffield,Member,Female,Dairy & Eggs,4.06,2,0.41,8.53,14/09/2025,10:22:40,Credit Card,8.12,0.07,0.57,7.4
ALT-200077,X,Liverpool,Member,Female,Dairy & Eggs,2.83,7,0.99,20.8,04/11/2025,21:57:22,Mobile Wallet,19.81,0.07,1.39,7.1
ALT-200078,Z,Birmingham,Member,Male,Baby Products,15.3,1,0.77,16.07,25/06/2025,15:16:58,Mobile Wallet,15.3,0.18,2.75,6.8
ALT-200079,Z,Birmingham,Normal,Female,Dairy & Eggs,5.67,5,1.42,29.77,20/12/2025,13:41:03,Debit Card,28.35,0.07,1.98,6.2
ALT-200080,X,Liverpool,Normal,Male,Household,17.86,2,1.79,37.51,24/08/2025,20:30:04,Cash,35.72,0.19,6.79,6.4
ALT-200081,Y,Sheffield,Member,Male,Frozen Foods,9.1,2,0.91,19.11,11/06/2025,20:15:08,Credit Card,18.2,0.1,1.82,6.9
ALT-200082,Y,Sheffield,Normal,Female,Health & Wellness,36.68,8,14.67,308.11,18/08/2025,12:05:36,Credit Card,293.44,0.24,70.43,6.2
ALT-200083,Y,Sheffield,Normal,Female,Baby Products,12.65,5,3.16,66.41,03/04/2025,20:01:37,Debit Card,63.25,0.18,11.38,8.7
ALT-200084,Y,Sheffield,Normal,Female,Health & Wellness,7.22,1,0.36,7.58,01/08/2025,15:15:45,Mobile Wallet,7.22,0.24,1.73,7.9
ALT-200085,Y,Sheffield,Member,Male,Fresh Produce,7.56,2,0.76,15.88,31/03/2025,13:27:40,Credit Card,15.12,0.08,1.21,6.1
ALT-200086,Z,Birmingham,Member,Male,Frozen Foods,18.66,10,9.33,195.93,08/07/2025,10:27:56,Credit Card,186.6,0.1,18.66,6.8
ALT-200087,X,Liverpool,Member,Male,Dairy & Eggs,4.24,7,1.48,31.16,04/03/2025,10:58:08,Debit Card,29.68,0.07,2.08,5.1
ALT-200088,Y,Sheffield,Normal,Male,Personal Care,22.77,3,3.42,71.73,29/01/2025,08:19:58,Debit Card,68.31,0.21,14.35,6.6
ALT-200089,Y,Sheffield,Normal,Female,Household,16.66,6,5.0,104.96,28/10/2025,12:42:53,Debit Card,99.96,0.19,18.99,6.1
ALT-200090,Y,Sheffield,Normal,Male,Dairy & Eggs,3.84,5,0.96,20.16,25/02/2025,12:06:14,Debit Card,19.2,0.07,1.34,6.8
ALT-200091,Y,Sheffield,Member,Male,Frozen Foods,11.81,7,4.13,86.8,05/05/2025,21:16:16,Credit Card,82.67,0.1,8.27,7.7
ALT-200092,Z,Birmingham,Member,Male,Baby Products,32.98,2,3.3,69.26,17/05/2025,16:31:51,Credit Card,65.96,0.18,11.87,7.1
ALT-200093,Y,Sheffield,Member,Male,Beverages,10.64,6,3.19,67.03,08/05/2025,16:41:33,Debit Card,63.84,0.13,8.3,5.7
ALT-200094,Z,Birmingham,Normal,Male,Beverages,12.8,2,1.28,26.88,14/09/2025,15:16:42,Credit Card,25.6,0.13,3.33,5.6
ALT-200095,Z,Birmingham,Normal,Male,Health & Wellness,8.33,8,3.33,69.97,22/06/2025,18:38:02,Debit Card,66.64,0.24,15.99,4.9
ALT-200096,X,Liverpool,Normal,Female,Frozen Foods,12.6,6,3.78,79.38,05/03/2025,15:08:17,Credit Card,75.6,0.1,7.56,6.5
ALT-200097,X,Liverpool,Member,Male,Dairy & Eggs,3.24,2,0.32,6.8,05/12/2025,18:21:19,Mobile Wallet,6.48,0.07,0.45,6.3
ALT-200098,Y,Sheffield,Member,Female,Dairy & Eggs,6.3,9,2.84,59.54,02/09/2025,11:45:22,Debit Card,56.7,0.07,3.97,7.5
ALT-200099,Z,Birmingham,Normal,Female,Bakery,10.11,1,0.51,10.62,29/08/2025,10:49:38,Mobile Wallet,10.11,0.11,1.11,6.5
ALT-200100,Z,Birmingham,Normal,Female,Dairy & Eggs,4.0,4,0.8,16.8,16/06/2025,16:20:57,Mobile Wallet,16.0,0.07,1.12,7.2
ALT-200101,Y,Sheffield,Normal,Female,Baby Products,43.58,5,10.9,228.8,03/11/2025,21:18:59,Credit Card,217.9,0.18,39.22,7.3
ALT-200102,X,Liverpool,Normal,Male,Household,9.89,10,4.95,103.85,16/09/2025,18:28:27,Credit Card,98.9,0.19,18.79,4.3
ALT-200103,Z,Birmingham,Member,Male,Bakery,2.46,2,0.25,5.17,28/12/2025,21:08:17,Mobile Wallet,4.92,0.11,0.54,8.2
ALT-200104,Z,Birmingham,Normal,Female,Baby Products,45.5,1,2.27,47.77,14/06/2025,11:20:04,Mobile Wallet,45.5,0.18,8.19,4.5
ALT-200105,Z,Birmingham,Normal,Male,Snacks,1.99,2,0.2,4.18,27/04/2025,15:06:50,Mobile Wallet,3.98,0.17,0.68,6.7
ALT-200106,Z,Birmingham,Member,Female,Fresh Produce,5.24,9,2.36,49.52,10/05/2025,12:38:24,Mobile Wallet,47.16,0.08,3.77,6.6
ALT-200107,Y,Sheffield,Member,Female,Fresh Produce,3.42,9,1.54,32.32,02/08/2025,15:10:19,Credit Card,30.78,0.08,2.46,5.4
ALT-200108,Y,Sheffield,Normal,Male,Dairy & Eggs,4.94,9,2.22,46.68,23/01/2025,21:47:50,Debit Card,44.46,0.07,3.11,7.7
ALT-200109,Z,Birmingham,Member,Female,Frozen Foods,12.32,1,0.62,12.94,12/09/2025,15:07:45,Debit Card,12.32,0.1,1.23,8.2
ALT-200110,Z,Birmingham,Member,Female,Bakery,9.48,3,1.42,29.86,12/04/2025,14:40:08,Credit Card,28.44,0.11,3.13,5.3
ALT-200111,X,Liverpool,Normal,Male,Baby Products,25.93,7,9.08,190.59,26/09/2025,14:58:55,Mobile Wallet,181.51,0.18,32.67,8.3
ALT-200112,X,Liverpool,Normal,Female,Health & Wellness,24.13,3,3.62,76.01,05/06/2025,12:20:45,Credit Card,72.39,0.24,17.37,7.0
ALT-200113,Y,Sheffield,Normal,Male,Beverages,3.71,2,0.37,7.79,25/04/2025,20:22:02,Credit Card,7.42,0.13,0.96,6.6
ALT-200114,Y,Sheffield,Normal,Female,Frozen Foods,11.29,9,5.08,106.69,22/02/2025,17:22:22,Credit Card,101.61,0.1,10.16,7.3
ALT-200115,Y,Sheffield,Normal,Male,Frozen Foods,16.43,1,0.82,17.25,10/04/2025,13:01:07,Credit Card,16.43,0.1,1.64,6.1
ALT-200116,Z,Birmingham,Normal,Female,Fresh Produce,6.01,2,0.6,12.62,22/11/2025,12:33:57,Credit Card,12.02,0.08,0.96,6.8
ALT-200117,Y,Sheffield,Member,Male,Health & Wellness,4.58,3,0.69,14.43,18/08/2025,15:01:51,Mobile Wallet,13.74,0.24,3.3,7.4
ALT-200118,X,Liverpool,Normal,Female,Beverages,14.23,2,1.42,29.88,19/10/2025,15:11:05,Debit Card,28.46,0.13,3.7,7.2
ALT-200119,Y,Sheffield,Normal,Male,Frozen Foods,3.43,9,1.54,32.41,22/09/2025,21:32:48,Debit Card,30.87,0.1,3.09,4.0
ALT-200120,Y,Sheffield,Member,Female,Personal Care,4.15,4,0.83,17.43,10/09/2025,19:11:50,Credit Card,16.6,0.21,3.49,5.9
ALT-200121,X,Liverpool,Member,Female,Snacks,2.84,5,0.71,14.91,19/04/2025,12:14:48,Debit Card,14.2,0.17,2.41,4.0
ALT-200122,X,Liverpool,Normal,Female,Beverages,7.87,2,0.79,16.53,06/05/2025,18:02:10,Credit Card,15.74,0.13,2.05,5.8
ALT-200123,X,Liverpool,Member,Female,Fresh Produce,7.86,3,1.18,24.76,26/07/2025,21:38:48,Debit Card,23.58,0.08,1.89,6.9
ALT-200124,X,Liverpool,Member,Female,Fresh Produce,1.85,5,0.46,9.71,31/07/2025,16:27:44,Credit Card,9.25,0.08,0.74,5.8
ALT-200125,Z,Birmingham,Member,Male,Fresh Produce,9.77,5,2.44,51.29,08/10/2025,16:25:43,Debit Card,48.85,0.08,3.91,8.2
ALT-200126,X,Liverpool,Member,Female,Household,9.89,4,1.98,41.54,07/05/2025,11:57:17,Debit Card,39.56,0.19,7.52,5.8
ALT-200127,Z,Birmingham,Normal,Male,Bakery,2.37,3,0.36,7.47,24/12/2025,12:50:17,Credit Card,7.11,0.11,0.78,5.7
ALT-200128,Y,Sheffield,Normal,Female,Dairy & Eggs,3.86,4,0.77,16.21,05/06/2025,13:23:48,Mobile Wallet,15.44,0.07,1.08,5.2
ALT-200129,X,Liverpool,Member,Male,Baby Products,30.54,6,9.16,192.4,10/12/2025,20:34:51,Cash,183.24,0.18,32.98,6.4
ALT-200130,Z,Birmingham,Member,Male,Beverages,9.4,2,0.94,19.74,19/04/2025,14:58:58,Credit Card,18.8,0.13,2.44,7.9
ALT-200131,Z,Birmingham,Member,Female,Beverages,13.74,7,4.81,100.99,05/07/2025,12:02:11,Credit Card,96.18,0.13,12.5,7.8
ALT-200132,X,Liverpool,Member,Male,Frozen Foods,9.66,10,4.83,101.43,26/04/2025,17:22:59,Debit Card,96.6,0.1,9.66,8.1
ALT-200133,Y,Sheffield,Member,Female,Frozen Foods,8.39,6,2.52,52.86,19/09/2025,14:12:01,Credit Card,50.34,0.1,5.03,7.2
ALT-200134,Z,Birmingham,Normal,Male,Bakery,3.77,13,2.45,51.46,20/07/2025,11:52:15,Mobile Wallet,49.01,0.11,5.39,6.2
ALT-200135,Z,Birmingham,Normal,Female,Household,8.59,11,4.72,99.21,19/07/2025,16:26:48,Debit Card,94.49,0.19,17.95,6.7
ALT-200136,X,Liverpool,Member,Male,Household,13.42,1,0.67,14.09,22/01/2025,17:08:01,Cash,13.42,0.19,2.55,4.9
ALT-200137,Y,Sheffield,Member,Female,Snacks,5.0,2,0.5,10.5,01/09/2025,19:54:50,Credit Card,10.0,0.17,1.7,6.8
ALT-200138,Z,Birmingham,Normal,Female,Health & Wellness,24.41,7,8.54,179.41,06/03/2025,20:18:42,Mobile Wallet,170.87,0.24,41.01,7.1
ALT-200139,X,Liverpool,Normal,Male,Frozen Foods,10.26,7,3.59,75.41,30/06/2025,18:49:24,Cash,71.82,0.1,7.18,6.9
ALT-200140,Z,Birmingham,Member,Female,Household,20.36,7,7.13,149.65,16/08/2025,13:38:41,Credit Card,142.52,0.19,27.08,6.8
ALT-200141,Z,Birmingham,Member,Male,Baby Products,40.1,9,18.04,378.94,28/05/2025,15:47:12,Cash,360.9,0.18,64.96,8.3
ALT-200142,Y,Sheffield,Member,Female,Health & Wellness,4.14,8,1.66,34.78,19/07/2025,19:26:30,Cash,33.12,0.24,7.95,6.4
ALT-200143,X,Liverpool,Normal,Female,Bakery,3.91,2,0.39,8.21,18/09/2025,15:46:01,Debit Card,7.82,0.11,0.86,6.7
ALT-200144,X,Liverpool,Member,Male,Household,3.87,2,0.39,8.13,12/02/2025,14:30:31,Cash,7.74,0.19,1.47,6.3
ALT-200145,Z,Birmingham,Member,Female,Household,23.98,2,2.4,50.36,16/07/2025,15:45:05,Debit Card,47.96,0.19,9.11,7.2
ALT-200146,X,Liverpool,Member,Male,Dairy & Eggs,3.28,3,0.49,10.33,06/03/2025,14:51:11,Mobile Wallet,9.84,0.07,0.69,9.1
ALT-200147,Y,Sheffield,Member,Female,Bakery,1.39,11,0.76,16.05,03/01/2025,17:53:20,Cash,15.29,0.11,1.68,6.0
ALT-200148,X,Liverpool,Normal,Female,Bakery,7.33,4,1.47,30.79,19/06/2025,11:51:16,Credit Card,29.32,0.11,3.23,6.3
ALT-200149,X,Liverpool,Normal,Female,Bakery,3.74,9,1.68,35.34,16/03/2025,08:52:21,Mobile Wallet,33.66,0.11,3.7,6.3
ALT-200150,X,Liverpool,Member,Male,Fresh Produce,1.77,1,0.09,1.86,09/08/2025,17:53:38,Cash,1.77,0.08,0.14,7.0
ALT-200151,X,Liverpool,Member,Male,Household,14.58,10,7.29,153.09,31/01/2025,16:10:36,Mobile Wallet,145.8,0.19,27.7,5.6
ALT-200152,X,Liverpool,Normal,Female,Dairy & Eggs,5.16,2,0.52,10.84,28/02/2025,17:17:39,Debit Card,10.32,0.07,0.72,6.4
ALT-200153,Y,Sheffield,Normal,Female,Bakery,7.97,7,2.79,58.58,10/03/2025,15:10:24,Credit Card,55.79,0.11,6.14,5.9
ALT-200154,Z,Birmingham,Member,Female,Beverages,12.8,4,2.56,53.76,03/07/2025,15:05:04,Credit Card,51.2,0.13,6.66,9.1
ALT-200155,Y,Sheffield,Member,Female,Snacks,5.54,2,0.55,11.63,03/05/2025,16:08:14,Debit Card,11.08,0.17,1.88,6.7
ALT-200156,X,Liverpool,Normal,Male,Health & Wellness,12.6,2,1.26,26.46,24/06/2025,18:05:48,Cash,25.2,0.24,6.05,8.3
ALT-200157,Z,Birmingham,Member,Female,Household,19.36,12,11.62,243.94,15/02/2025,18:42:02,Debit Card,232.32,0.19,44.14,7.2
ALT-200158,Z,Birmingham,Normal,Female,Beverages,2.41,3,0.36,7.59,30/05/2025,19:05:06,Debit Card,7.23,0.13,0.94,5.8
ALT-200159,Y,Sheffield,Member,Male,Bakery,8.43,9,3.79,79.66,26/06/2025,10:29:02,Mobile Wallet,75.87,0.11,8.35,8.1
ALT-200160,X,Liverpool,Member,Female,Frozen Foods,5.65,3,0.85,17.8,30/01/2025,12:11:14,Debit Card,16.95,0.1,1.7,5.9
ALT-200161,Z,Birmingham,Member,Female,Health & Wellness,31.71,11,17.44,366.25,26/02/2025,15:28:16,Credit Card,348.81,0.24,83.71,7.5
ALT-200162,X,Liverpool,Member,Male,Dairy & Eggs,6.43,8,2.57,54.01,01/05/2025,11:08:28,Debit Card,51.44,0.07,3.6,6.8
ALT-200163,X,Liverpool,Normal,Female,Health & Wellness,35.13,10,17.57,368.87,06/11/2025,11:15:24,Credit Card,351.3,0.24,84.31,7.2
ALT-200164,Z,Birmingham,Normal,Male,Bakery,8.77,6,2.63,55.25,04/08/2025,17:08:26,Mobile Wallet,52.62,0.11,5.79,7.4
ALT-200165,Z,Birmingham,Normal,Male,Baby Products,29.63,9,13.33,280.0,09/07/2025,10:51:41,Debit Card,266.67,0.18,48.0,7.4
ALT-200166,Z,Birmingham,Normal,Female,Dairy & Eggs,7.25,10,3.62,76.12,02/08/2025,13:43:46,Credit Card,72.5,0.07,5.08,6.3
ALT-200167,X,Liverpool,Normal,Male,Personal Care,22.98,2,2.3,48.26,29/06/2025,12:25:38,Credit Card,45.96,0.21,9.65,6.4
ALT-200168,Y,Sheffield,Member,Female,Frozen Foods,16.88,1,0.84,17.72,29/06/2025,19:28:23,Cash,16.88,0.1,1.69,6.5
ALT-200169,Z,Birmingham,Member,Female,Beverages,11.83,2,1.18,24.84,28/11/2025,12:42:07,Cash,23.66,0.13,3.08,5.2
ALT-200170,Y,Sheffield,Normal,Female,Baby Products,9.43,9,4.24,89.11,13/07/2025,20:30:13,Debit Card,84.87,0.18,15.28,8.5
ALT-200171,Z,Birmingham,Member,Female,Snacks,3.38,11,1.86,39.04,09/11/2025,21:49:38,Credit Card,37.18,0.17,6.32,4.8
ALT-200172,Y,Sheffield,Member,Male,Health & Wellness,27.0,7,9.45,198.45,23/02/2025,13:03:39,Credit Card,189.0,0.24,45.36,6.6
ALT-200173,Z,Birmingham,Member,Female,Beverages,14.8,1,0.74,15.54,24/07/2025,14:17:14,Mobile Wallet,14.8,0.13,1.92,9.1
ALT-200174,Z,Birmingham,Member,Female,Beverages,12.43,1,0.62,13.05,09/04/2025,14:27:04,Cash,12.43,0.13,1.62,7.6
ALT-200175,X,Liverpool,Normal,Male,Household,6.47,4,1.29,27.17,07/08/2025,15:29:19,Mobile Wallet,25.88,0.19,4.92,8.0
ALT-200176,Y,Sheffield,Normal,Male,Frozen Foods,2.55,8,1.02,21.42,01/12/2025,15:34:47,Mobile Wallet,20.4,0.1,2.04,7.3
ALT-200177,Z,Birmingham,Member,Female,Health & Wellness,33.95,5,8.49,178.24,18/07/2025,14:18:13,Debit Card,169.75,0.24,40.74,6.6
ALT-200178,X,Liverpool,Member,Male,Frozen Foods,13.42,6,4.03,84.55,16/01/2025,19:24:12,Debit Card,80.52,0.1,8.05,7.3
ALT-200179,Z,Birmingham,Member,Female,Personal Care,18.52,6,5.56,116.68,09/04/2025,15:38:35,Debit Card,111.12,0.21,23.34,6.0
ALT-200180,Y,Sheffield,Normal,Female,Snacks,0.77,1,0.04,0.81,21/02/2025,18:29:16,Debit Card,0.77,0.17,0.13,5.9
ALT-200181,X,Liverpool,Normal,Female,Dairy & Eggs,1.91,2,0.19,4.01,19/05/2025,11:41:27,Cash,3.82,0.07,0.27,7.5
ALT-200182,X,Liverpool,Member,Female,Household,9.04,5,2.26,47.46,04/07/2025,11:52:40,Debit Card,45.2,0.19,8.59,7.6
ALT-200183,X,Liverpool,Normal,Male,Household,18.08,6,5.42,113.9,04/07/2025,13:37:52,Credit Card,108.48,0.19,20.61,5.4
ALT-200184,X,Liverpool,Member,Male,Personal Care,7.36,1,0.37,7.73,30/07/2025,14:54:33,Mobile Wallet,7.36,0.21,1.55,7.2
ALT-200185,X,Liverpool,Member,Male,Household,18.76,9,8.44,177.28,23/09/2025,11:47:00,Debit Card,168.84,0.19,32.08,9.0
ALT-200186,Z,Birmingham,Normal,Female,Beverages,13.93,5,3.48,73.13,08/12/2025,17:58:43,Debit Card,69.65,0.13,9.05,4.8
ALT-200187,Z,Birmingham,Normal,Female,Health & Wellness,36.72,3,5.51,115.67,18/06/2025,19:36:09,Mobile Wallet,110.16,0.24,26.44,5.8
ALT-200188,Y,Sheffield,Member,Male,Snacks,5.63,4,1.13,23.65,14/08/2025,10:19:01,Debit Card,22.52,0.17,3.83,6.3
ALT-200189,X,Liverpool,Member,Female,Bakery,4.03,8,1.61,33.85,17/02/2025,10:55:16,Cash,32.24,0.11,3.55,7.3
ALT-200190,X,Liverpool,Member,Female,Beverages,9.14,2,0.91,19.19,14/08/2025,17:26:14,Credit Card,18.28,0.13,2.38,8.1
ALT-200191,Y,Sheffield,Member,Male,Dairy & Eggs,3.65,3,0.55,11.5,12/12/2025,14:24:13,Mobile Wallet,10.95,0.07,0.77,7.3
ALT-200192,X,Liverpool,Normal,Female,Household,18.51,7,6.48,136.05,18/07/2025,12:10:22,Debit Card,129.57,0.19,24.62,5.4
ALT-200193,X,Liverpool,Normal,Male,Frozen Foods,8.53,9,3.84,80.61,18/04/2025,19:20:43,Debit Card,76.77,0.1,7.68,4.8
ALT-200194,X,Liverpool,Normal,Female,Frozen Foods,17.71,7,6.2,130.17,02/08/2025,17:14:22,Cash,123.97,0.1,12.4,7.0
ALT-200195,X,Liverpool,Normal,Female,Snacks,3.19,1,0.16,3.35,31/03/2025,16:20:48,Debit Card,3.19,0.17,0.54,7.9
ALT-200196,Z,Birmingham,Member,Male,Frozen Foods,13.71,8,5.48,115.16,04/08/2025,14:34:57,Mobile Wallet,109.68,0.1,10.97,5.2
ALT-200197,X,Liverpool,Member,Male,Snacks,5.39,9,2.43,50.94,06/06/2025,10:43:16,Mobile Wallet,48.51,0.17,8.25,5.6
ALT-200198,X,Liverpool,Normal,Female,Household,16.73,9,7.53,158.1,04/03/2025,14:17:04,Cash,150.57,0.19,28.61,6.0
ALT-200199,Z,Birmingham,Normal,Male,Health & Wellness,28.99,8,11.6,243.52,17/05/2025,11:29:03,Mobile Wallet,231.92,0.24,55.66,6.6
ALT-200200,Z,Birmingham,Member,Female,Dairy & Eggs,7.33,4,1.47,30.79,23/11/2025,19:10:58,Credit Card,29.32,0.07,2.05,7.9
ALT-200201,Z,Birmingham,Member,Female,Dairy & Eggs,4.61,2,0.46,9.68,08/06/2025,18:12:04,Credit Card,9.22,0.07,0.65,6.8
ALT-200202,Y,Sheffield,Normal,Male,Household,12.33,7,4.32,90.63,12/01/2025,15:34:23,Cash,86.31,0.19,16.4,6.5
ALT-200203,Z,Birmingham,Member,Female,Household,9.04,9,4.07,85.43,07/06/2025,21:02:45,Cash,81.36,0.19,15.46,5.8
ALT-200204,Y,Sheffield,Normal,Female,Dairy & Eggs,4.87,12,2.92,61.36,07/08/2025,18:39:10,Mobile Wallet,58.44,0.07,4.09,5.6
ALT-200205,X,Liverpool,Member,Male,Dairy & Eggs,5.41,2,0.54,11.36,24/01/2025,13:56:44,Credit Card,10.82,0.07,0.76,7.0
ALT-200206,Y,Sheffield,Member,Female,Fresh Produce,1.77,2,0.18,3.72,20/03/2025,16:20:57,Credit Card,3.54,0.08,0.28,4.8
ALT-200207,X,Liverpool,Normal,Female,Fresh Produce,4.19,5,1.05,22.0,09/10/2025,10:25:11,Mobile Wallet,20.95,0.08,1.68,4.9
ALT-200208,X,Liverpool,Normal,Female,Beverages,14.43,1,0.72,15.15,18/08/2025,11:31:32,Mobile Wallet,14.43,0.13,1.88,6.4
ALT-200209,Z,Birmingham,Normal,Female,Fresh Produce,9.18,11,5.05,106.03,25/07/2025,11:52:47,Debit Card,100.98,0.08,8.08,6.3
ALT-200210,Z,Birmingham,Normal,Male,Frozen Foods,18.73,10,9.37,196.67,31/12/2025,19:50:57,Cash,187.3,0.1,18.73,8.3
ALT-200211,Z,Birmingham,Member,Male,Health & Wellness,23.67,8,9.47,198.83,08/02/2025,19:55:06,Credit Card,189.36,0.24,45.45,7.0
ALT-200212,X,Liverpool,Member,Female,Personal Care,21.88,2,2.19,45.95,13/08/2025,21:14:44,Cash,43.76,0.21,9.19,6.6
ALT-200213,X,Liverpool,Normal,Male,Household,25.5,6,7.65,160.65,26/12/2025,19:09:47,Mobile Wallet,153.0,0.19,29.07,5.2
ALT-200214,X,Liverpool,Normal,Female,Baby Products,33.33,9,15.0,314.97,12/12/2025,18:09:28,Debit Card,299.97,0.18,53.99,7.4
ALT-200215,X,Liverpool,Normal,Female,Health & Wellness,21.46,3,3.22,67.6,26/11/2025,10:46:43,Debit Card,64.38,0.24,15.45,5.5
ALT-200216,Z,Birmingham,Normal,Female,Health & Wellness,10.79,1,0.54,11.33,26/01/2025,13:31:56,Debit Card,10.79,0.24,2.59,7.6
ALT-200217,Y,Sheffield,Member,Male,Bakery,9.61,8,3.84,80.72,12/11/2025,13:54:45,Credit Card,76.88,0.11,8.46,4.9
ALT-200218,Y,Sheffield,Normal,Male,Health & Wellness,10.42,4,2.08,43.76,05/12/2025,11:56:48,Debit Card,41.68,0.24,10.0,6.9
ALT-200219,X,Liverpool,Member,Male,Beverages,13.06,11,7.18,150.84,08/08/2025,12:24:35,Credit Card,143.66,0.13,18.68,6.2
ALT-200220,Z,Birmingham,Normal,Female,Bakery,7.27,7,2.54,53.43,14/02/2025,14:18:53,Credit Card,50.89,0.11,5.6,5.7
ALT-200221,X,Liverpool,Member,Female,Dairy & Eggs,2.95,8,1.18,24.78,19/03/2025,15:26:10,Credit Card,23.6,0.07,1.65,7.3
ALT-200222,Z,Birmingham,Normal,Female,Frozen Foods,6.39,1,0.32,6.71,28/12/2025,16:20:50,Debit Card,6.39,0.1,0.64,6.3
ALT-200223,Z,Birmingham,Normal,Male,Fresh Produce,10.22,2,1.02,21.46,06/07/2025,14:55:22,Credit Card,20.44,0.08,1.64,6.3
ALT-200224,Z,Birmingham,Member,Male,Household,15.99,11,8.79,184.68,28/12/2025,18:54:52,Cash,175.89,0.19,33.42,8.0
ALT-200225,Y,Sheffield,Normal,Male,Health & Wellness,11.52,12,6.91,145.15,30/07/2025,21:01:15,Credit Card,138.24,0.24,33.18,7.1
ALT-200226,X,Liverpool,Normal,Female,Health & Wellness,4.99,8,2.0,41.92,02/01/2025,11:31:53,Mobile Wallet,39.92,0.24,9.58,7.5
ALT-200227,Z,Birmingham,Normal,Female,Dairy & Eggs,4.31,10,2.16,45.26,24/09/2025,16:40:12,Credit Card,43.1,0.07,3.02,4.7
ALT-200228,Z,Birmingham,Normal,Female,Beverages,14.66,4,2.93,61.57,21/08/2025,15:19:27,Debit Card,58.64,0.13,7.62,6.9
ALT-200229,Z,Birmingham,Normal,Female,Baby Products,21.96,5,5.49,115.29,17/11/2025,18:36:47,Credit Card,109.8,0.18,19.76,5.8
ALT-200230,Z,Birmingham,Member,Male,Household,23.47,4,4.69,98.57,16/01/2025,16:07:50,Cash,93.88,0.19,17.84,5.6
ALT-200231,Y,Sheffield,Member,Male,Dairy & Eggs,7.36,1,0.37,7.73,27/08/2025,16:45:01,Debit Card,7.36,0.07,0.52,5.6
ALT-200232,Y,Sheffield,Member,Male,Beverages,8.71,4,1.74,36.58,03/10/2025,18:05:08,Credit Card,34.84,0.13,4.53,7.1
ALT-200233,Z,Birmingham,Normal,Male,Baby Products,33.95,8,13.58,285.18,12/04/2025,21:14:18,Credit Card,271.6,0.18,48.89,6.3
ALT-200234,X,Liverpool,Normal,Female,Household,12.78,1,0.64,13.42,11/07/2025,17:23:40,Credit Card,12.78,0.19,2.43,6.4
ALT-200235,X,Liverpool,Member,Female,Dairy & Eggs,7.05,12,4.23,88.83,09/09/2025,14:27:53,Cash,84.6,0.07,5.92,7.6
ALT-200236,Y,Sheffield,Normal,Male,Frozen Foods,13.54,6,4.06,85.3,06/12/2025,19:02:33,Mobile Wallet,81.24,0.1,8.12,8.1
ALT-200237,X,Liverpool,Normal,Female,Household,15.54,7,5.44,114.22,03/12/2025,18:04:57,Debit Card,108.78,0.19,20.67,5.5
ALT-200238,Z,Birmingham,Member,Female,Frozen Foods,13.15,4,2.63,55.23,29/04/2025,11:10:34,Credit Card,52.6,0.1,5.26,4.2
ALT-200239,Z,Birmingham,Member,Male,Personal Care,10.18,5,2.54,53.44,11/03/2025,12:25:05,Credit Card,50.9,0.21,10.69,6.9
ALT-200240,Z,Birmingham,Member,Female,Beverages,14.99,5,3.75,78.7,07/09/2025,14:33:30,Debit Card,74.95,0.13,9.74,7.3
ALT-200241,Z,Birmingham,Normal,Female,Fresh Produce,4.03,1,0.2,4.23,18/11/2025,12:06:01,Cash,4.03,0.08,0.32,6.7
ALT-200242,Z,Birmingham,Normal,Male,Frozen Foods,10.29,9,4.63,97.24,21/06/2025,09:54:59,Credit Card,92.61,0.1,9.26,6.2
ALT-200243,Y,Sheffield,Normal,Male,Health & Wellness,34.39,8,13.76,288.88,29/11/2025,17:53:46,Debit Card,275.12,0.24,66.03,7.6
ALT-200244,Y,Sheffield,Normal,Male,Personal Care,16.38,12,9.83,206.39,13/12/2025,20:31:01,Debit Card,196.56,0.21,41.28,6.4
ALT-200245,Y,Sheffield,Member,Female,Household,13.16,2,1.32,27.64,01/05/2025,18:29:01,Debit Card,26.32,0.19,5.0,7.3
ALT-200246,X,Liverpool,Normal,Female,Household,18.29,8,7.32,153.64,20/12/2025,17:33:47,Debit Card,146.32,0.19,27.8,6.4
ALT-200247,Z,Birmingham,Normal,Female,Fresh Produce,4.05,4,0.81,17.01,08/07/2025,16:17:47,Credit Card,16.2,0.08,1.3,5.3
ALT-200248,X,Liverpool,Member,Female,Baby Products,7.27,3,1.09,22.9,17/03/2025,17:46:27,Cash,21.81,0.18,3.93,6.9
ALT-200249,Z,Birmingham,Member,Female,Beverages,14.98,2,1.5,31.46,17/12/2025,16:01:30,Debit Card,29.96,0.13,3.89,6.3
ALT-200250,Z,Birmingham,Member,Male,Snacks,3.65,4,0.73,15.33,02/04/2025,17:39:41,Mobile Wallet,14.6,0.17,2.48,6.3
ALT-200251,Z,Birmingham,Member,Female,Fresh Produce,7.97,6,2.39,50.21,18/09/2025,17:50:38,Cash,47.82,0.08,3.83,6.2
ALT-200252,Z,Birmingham,Member,Female,Personal Care,7.92,9,3.56,74.84,06/09/2025,20:30:57,Credit Card,71.28,0.21,14.97,6.4
ALT-200253,Z,Birmingham,Normal,Female,Health & Wellness,24.11,7,8.44,177.21,29/08/2025,18:00:55,Cash,168.77,0.24,40.5,7.3
ALT-200254,X,Liverpool,Normal,Male,Health & Wellness,4.71,1,0.24,4.95,29/06/2025,16:04:35,Mobile Wallet,4.71,0.24,1.13,6.2
ALT-200255,Z,Birmingham,Member,Male,Bakery,9.68,9,4.36,91.48,26/04/2025,08:58:30,Credit Card,87.12,0.11,9.58,6.8
ALT-200256,X,Liverpool,Normal,Male,Personal Care,20.24,6,6.07,127.51,30/08/2025,13:24:46,Credit Card,121.44,0.21,25.5,6.3
ALT-200257,Y,Sheffield,Member,Male,Bakery,4.31,4,0.86,18.1,25/01/2025,12:37:58,Credit Card,17.24,0.11,1.9,6.7
ALT-200258,Z,Birmingham,Member,Male,Snacks,6.02,1,0.3,6.32,02/08/2025,11:59:50,Mobile Wallet,6.02,0.17,1.02,6.8
ALT-200259,Z,Birmingham,Member,Female,Fresh Produce,7.75,2,0.78,16.28,17/06/2025,17:43:41,Debit Card,15.5,0.08,1.24,4.7
ALT-200260,Y,Sheffield,Member,Male,Bakery,4.68,3,0.7,14.74,08/01/2025,14:18:24,Mobile Wallet,14.04,0.11,1.54,6.5
ALT-200261,X,Liverpool,Normal,Female,Health & Wellness,17.11,3,2.57,53.9,30/06/2025,18:42:15,Mobile Wallet,51.33,0.24,12.32,7.3
ALT-200262,Y,Sheffield,Normal,Male,Snacks,5.55,1,0.28,5.83,03/05/2025,19:43:58,Cash,5.55,0.17,0.94,4.7
ALT-200263,Z,Birmingham,Member,Male,Fresh Produce,3.83,7,1.34,28.15,29/10/2025,20:10:53,Mobile Wallet,26.81,0.08,2.14,6.9
ALT-200264,Z,Birmingham,Normal,Male,Health & Wellness,18.35,12,11.01,231.21,07/12/2025,17:44:00,Credit Card,220.2,0.24,52.85,4.4
ALT-200265,X,Liverpool,Member,Female,Beverages,4.28,8,1.71,35.95,05/04/2025,19:54:49,Credit Card,34.24,0.13,4.45,5.9
ALT-200266,X,Liverpool,Normal,Male,Dairy & Eggs,5.41,3,0.81,17.04,14/04/2025,21:57:38,Credit Card,16.23,0.07,1.14,5.8
ALT-200267,Z,Birmingham,Member,Male,Personal Care,28.61,2,2.86,60.08,08/08/2025,16:47:53,Debit Card,57.22,0.21,12.02,7.3
ALT-200268,Z,Birmingham,Member,Female,Snacks,3.44,5,0.86,18.06,28/06/2025,11:42:44,Credit Card,17.2,0.17,2.92,6.9
ALT-200269,Z,Birmingham,Member,Female,Beverages,3.34,1,0.17,3.51,18/05/2025,19:24:34,Mobile Wallet,3.34,0.13,0.43,6.2
ALT-200270,Y,Sheffield,Member,Male,Baby Products,22.69,3,3.4,71.47,12/12/2025,15:49:27,Credit Card,68.07,0.18,12.25,6.7
ALT-200271,X,Liverpool,Member,Male,Snacks,1.89,9,0.85,17.86,16/04/2025,11:03:53,Mobile Wallet,17.01,0.17,2.89,6.9
ALT-200272,X,Liverpool,Normal,Female,Snacks,4.82,8,1.93,40.49,13/10/2025,13:45:40,Cash,38.56,0.17,6.56,6.5
ALT-200273,X,Liverpool,Member,Female,Dairy & Eggs,8.67,2,0.87,18.21,04/11/2025,12:13:46,Mobile Wallet,17.34,0.07,1.21,5.2
ALT-200274,Y,Sheffield,Normal,Male,Beverages,13.11,6,3.93,82.59,24/07/2025,18:15:45,Credit Card,78.66,0.13,10.23,5.6
ALT-200275,Z,Birmingham,Member,Male,Snacks,6.04,6,1.81,38.05,02/02/2025,14:49:34,Credit Card,36.24,0.17,6.16,6.1
ALT-200276,X,Liverpool,Member,Female,Bakery,10.02,12,6.01,126.25,28/06/2025,11:19:06,Debit Card,120.24,0.11,13.23,8.3
ALT-200277,X,Liverpool,Member,Male,Household,21.0,3,3.15,66.15,24/12/2025,10:43:18,Mobile Wallet,63.0,0.19,11.97,8.3
ALT-200278,Y,Sheffield,Normal,Male,Baby Products,29.35,2,2.94,61.64,01/03/2025,14:02:52,Debit Card,58.7,0.18,10.57,6.9
ALT-200279,Y,Sheffield,Member,Female,Fresh Produce,4.63,1,0.23,4.86,03/07/2025,18:54:20,Mobile Wallet,4.63,0.08,0.37,6.2
ALT-200280,Z,Birmingham,Member,Male,Health & Wellness,19.54,1,0.98,20.52,22/02/2025,09:25:36,Mobile Wallet,19.54,0.24,4.69,5.7
ALT-200281,X,Liverpool,Normal,Male,Personal Care,18.63,1,0.93,19.56,15/02/2025,18:00:49,Cash,18.63,0.21,3.91,5.6
ALT-200282,Z,Birmingham,Member,Female,Bakery,5.02,8,2.01,42.17,08/07/2025,19:18:02,Debit Card,40.16,0.11,4.42,7.8
ALT-200283,X,Liverpool,Normal,Female,Baby Products,22.5,8,9.0,189.0,12/02/2025,09:50:21,Credit Card,180.0,0.18,32.4,4.6
ALT-200284,X,Liverpool,Normal,Male,Fresh Produce,11.02,8,4.41,92.57,27/11/2025,19:57:13,Debit Card,88.16,0.08,7.05,4.8
ALT-200285,Z,Birmingham,Normal,Male,Personal Care,2.78,2,0.28,5.84,12/08/2025,11:13:05,Mobile Wallet,5.56,0.21,1.17,6.8
ALT-200286,Y,Sheffield,Normal,Female,Snacks,4.07,5,1.02,21.37,01/08/2025,14:58:20,Cash,20.35,0.17,3.46,8.2
ALT-200287,X,Liverpool,Member,Female,Personal Care,24.89,1,1.24,26.13,03/06/2025,15:11:10,Debit Card,24.89,0.21,5.23,6.2
ALT-200288,Z,Birmingham,Normal,Male,Snacks,3.01,3,0.45,9.48,12/07/2025,16:42:53,Credit Card,9.03,0.17,1.54,7.4
ALT-200289,Z,Birmingham,Normal,Male,Snacks,3.48,4,0.7,14.62,08/07/2025,16:16:57,Debit Card,13.92,0.17,2.37,6.3
ALT-200290,Y,Sheffield,Member,Female,Household,15.9,6,4.77,100.17,20/06/2025,14:24:56,Debit Card,95.4,0.19,18.13,8.7
ALT-200291,Z,Birmingham,Member,Female,Bakery,2.65,3,0.4,8.35,03/03/2025,14:00:10,Debit Card,7.95,0.11,0.87,6.7
ALT-200292,X,Liverpool,Member,Male,Dairy & Eggs,2.34,2,0.23,4.91,20/07/2025,18:10:12,Cash,4.68,0.07,0.33,6.1
ALT-200293,Z,Birmingham,Member,Male,Health & Wellness,37.81,6,11.34,238.2,17/01/2025,11:18:16,Debit Card,226.86,0.24,54.45,7.4
ALT-200294,X,Liverpool,Normal,Male,Bakery,3.51,4,0.7,14.74,11/06/2025,12:43:34,Credit Card,14.04,0.11,1.54,6.8
ALT-200295,Z,Birmingham,Normal,Male,Household,18.83,5,4.71,98.86,19/03/2025,12:31:31,Debit Card,94.15,0.19,17.89,5.6
ALT-200296,Y,Sheffield,Member,Male,Bakery,7.76,5,1.94,40.74,04/07/2025,15:38:39,Credit Card,38.8,0.11,4.27,7.4
ALT-200297,X,Liverpool,Member,Female,Personal Care,23.52,6,7.06,148.18,12/11/2025,16:48:29,Credit Card,141.12,0.21,29.64,7.2
ALT-200298,Y,Sheffield,Member,Female,Baby Products,25.63,3,3.84,80.73,17/04/2025,14:10:11,Mobile Wallet,76.89,0.18,13.84,7.4
ALT-200299,Y,Sheffield,Member,Female,Dairy & Eggs,5.62,1,0.28,5.9,25/12/2025,09:09:07,Debit Card,5.62,0.07,0.39,7.3
ALT-200300,Y,Sheffield,Member,Female,Fresh Produce,8.55,7,2.99,62.84,09/06/2025,15:21:54,Debit Card,59.85,0.08,4.79,6.6
ALT-200301,X,Liverpool,Member,Female,Health & Wellness,23.57,9,10.61,222.74,26/08/2025,13:09:11,Credit Card,212.13,0.24,50.91,5.9
ALT-200302,Y,Sheffield,Normal,Male,Snacks,5.05,6,1.52,31.82,01/09/2025,10:31:50,Mobile Wallet,30.3,0.17,5.15,7.7
ALT-200303,Z,Birmingham,Normal,Male,Bakery,1.51,3,0.23,4.76,26/08/2025,21:12:55,Debit Card,4.53,0.11,0.5,4.3
ALT-200304,Y,Sheffield,Normal,Male,Bakery,1.71,9,0.77,16.16,31/05/2025,18:01:22,Cash,15.39,0.11,1.69,6.9
ALT-200305,X,Liverpool,Member,Male,Personal Care,20.43,12,12.26,257.42,27/08/2025,14:29:47,Mobile Wallet,245.16,0.21,51.48,7.6
ALT-200306,X,Liverpool,Member,Male,Baby Products,22.48,1,1.12,23.6,15/07/2025,17:16:54,Cash,22.48,0.18,4.05,6.3
ALT-200307,Z,Birmingham,Normal,Female,Bakery,3.62,6,1.09,22.81,30/04/2025,14:27:34,Debit Card,21.72,0.11,2.39,7.2
ALT-200308,X,Liverpool,Member,Female,Health & Wellness,36.44,1,1.82,38.26,23/12/2025,13:23:40,Debit Card,36.44,0.24,8.75,6.8
ALT-200309,Y,Sheffield,Normal,Male,Baby Products,23.18,10,11.59,243.39,13/12/2025,14:58:21,Debit Card,231.8,0.18,41.72,5.3
ALT-200310,Z,Birmingham,Member,Male,Beverages,2.57,2,0.26,5.4,07/11/2025,19:24:57,Cash,5.14,0.13,0.67,7.4
ALT-200311,X,Liverpool,Normal,Male,Household,6.57,8,2.63,55.19,31/03/2025,17:34:31,Credit Card,52.56,0.19,9.99,5.9
ALT-200312,Z,Birmingham,Normal,Female,Personal Care,7.63,2,0.76,16.02,24/12/2025,16:53:08,Debit Card,15.26,0.21,3.2,6.9
ALT-200313,Y,Sheffield,Normal,Female,Personal Care,13.1,8,5.24,110.04,26/10/2025,18:03:46,Credit Card,104.8,0.21,22.01,5.0
ALT-200314,Y,Sheffield,Member,Female,Bakery,4.28,4,0.86,17.98,08/07/2025,21:51:33,Cash,17.12,0.11,1.88,7.0
ALT-200315,Y,Sheffield,Member,Female,Frozen Foods,7.82,9,3.52,73.9,28/03/2025,17:29:41,Debit Card,70.38,0.1,7.04,5.6
ALT-200316,Y,Sheffield,Normal,Female,Fresh Produce,7.14,9,3.21,67.47,13/03/2025,14:26:54,Cash,64.26,0.08,5.14,4.9
ALT-200317,Y,Sheffield,Member,Male,Beverages,5.76,7,2.02,42.34,21/03/2025,12:39:36,Mobile Wallet,40.32,0.13,5.24,6.9
ALT-200318,X,Liverpool,Normal,Male,Personal Care,15.45,2,1.54,32.44,18/05/2025,14:18:46,Mobile Wallet,30.9,0.21,6.49,6.8
ALT-200319,Z,Birmingham,Member,Female,Household,17.97,1,0.9,18.87,10/11/2025,19:52:58,Credit Card,17.97,0.19,3.41,6.6
ALT-200320,X,Liverpool,Normal,Male,Baby Products,10.94,2,1.09,22.97,08/04/2025,13:13:19,Credit Card,21.88,0.18,3.94,6.5
ALT-200321,Z,Birmingham,Member,Female,Fresh Produce,5.21,7,1.82,38.29,08/06/2025,17:59:08,Mobile Wallet,36.47,0.08,2.92,7.7
ALT-200322,X,Liverpool,Normal,Male,Health & Wellness,27.2,2,2.72,57.12,14/01/2025,09:53:05,Debit Card,54.4,0.24,13.06,7.4
ALT-200323,X,Liverpool,Normal,Female,Fresh Produce,4.74,5,1.19,24.89,20/06/2025,17:30:29,Debit Card,23.7,0.08,1.9,5.7
ALT-200324,Z,Birmingham,Normal,Female,Bakery,3.73,7,1.31,27.42,16/06/2025,15:19:21,Credit Card,26.11,0.11,2.87,8.0
ALT-200325,X,Liverpool,Member,Female,Frozen Foods,15.75,10,7.88,165.38,05/05/2025,21:04:30,Debit Card,157.5,0.1,15.75,7.6
ALT-200326,X,Liverpool,Member,Male,Personal Care,3.39,2,0.34,7.12,21/04/2025,17:12:10,Credit Card,6.78,0.21,1.42,6.6
ALT-200327,X,Liverpool,Normal,Female,Household,12.18,4,2.44,51.16,25/08/2025,18:18:57,Debit Card,48.72,0.19,9.26,5.0
ALT-200328,Y,Sheffield,Normal,Female,Dairy & Eggs,3.22,1,0.16,3.38,18/02/2025,13:40:39,Debit Card,3.22,0.07,0.23,6.6
ALT-200329,Z,Birmingham,Member,Female,Bakery,2.58,7,0.9,18.96,07/11/2025,12:26:10,Credit Card,18.06,0.11,1.99,8.6
ALT-200330,Z,Birmingham,Normal,Female,Beverages,5.7,6,1.71,35.91,02/12/2025,21:11:26,Debit Card,34.2,0.13,4.45,4.9
ALT-200331,X,Liverpool,Normal,Male,Baby Products,11.91,10,5.96,125.06,21/03/2025,15:26:24,Mobile Wallet,119.1,0.18,21.44,6.0
ALT-200332,X,Liverpool,Member,Male,Personal Care,17.31,6,5.19,109.05,29/03/2025,09:55:27,Debit Card,103.86,0.21,21.81,7.4
ALT-200333,Y,Sheffield,Normal,Female,Bakery,5.03,1,0.25,5.28,25/10/2025,12:00:01,Cash,5.03,0.11,0.55,4.7
ALT-200334,Y,Sheffield,Normal,Male,Beverages,4.36,11,2.4,50.36,12/01/2025,17:22:23,Cash,47.96,0.13,6.23,6.9
ALT-200335,Z,Birmingham,Normal,Male,Dairy & Eggs,7.92,2,0.79,16.63,09/06/2025,20:32:32,Mobile Wallet,15.84,0.07,1.11,6.8
ALT-200336,Y,Sheffield,Normal,Male,Health & Wellness,30.62,5,7.66,160.76,04/11/2025,20:10:57,Credit Card,153.1,0.24,36.74,7.0
ALT-200337,X,Liverpool,Member,Female,Personal Care,20.59,8,8.24,172.96,09/04/2025,09:21:23,Cash,164.72,0.21,34.59,6.8
ALT-200338,X,Liverpool,Normal,Male,Household,21.92,12,13.15,276.19,11/12/2025,14:43:24,Mobile Wallet,263.04,0.19,49.98,5.2
ALT-200339,Y,Sheffield,Member,Female,Personal Care,22.22,6,6.67,139.99,14/12/2025,16:43:28,Mobile Wallet,133.32,0.21,28.0,7.5
ALT-200340,Z,Birmingham,Normal,Female,Household,7.53,1,0.38,7.91,23/03/2025,18:29:47,Mobile Wallet,7.53,0.19,1.43,6.6
ALT-200341,Z,Birmingham,Normal,Female,Beverages,9.97,2,1.0,20.94,29/04/2025,10:38:50,Debit Card,19.94,0.13,2.59,5.7
ALT-200342,Y,Sheffield,Member,Female,Health & Wellness,34.4,2,3.44,72.24,18/02/2025,11:44:51,Debit Card,68.8,0.24,16.51,8.2
ALT-200343,Y,Sheffield,Member,Female,Snacks,1.68,6,0.5,10.58,25/12/2025,15:52:32,Mobile Wallet,10.08,0.17,1.71,8.7
ALT-200344,X,Liverpool,Member,Male,Health & Wellness,6.96,10,3.48,73.08,18/11/2025,12:44:11,Credit Card,69.6,0.24,16.7,6.5
ALT-200345,Z,Birmingham,Member,Male,Health & Wellness,25.9,5,6.48,135.98,29/04/2025,11:29:03,Debit Card,129.5,0.24,31.08,7.4
ALT-200346,Z,Birmingham,Member,Female,Dairy & Eggs,3.9,5,0.98,20.48,14/11/2025,11:39:49,Cash,19.5,0.07,1.37,6.4
ALT-200347,Y,Sheffield,Normal,Female,Beverages,2.9,2,0.29,6.09,18/05/2025,16:12:43,Debit Card,5.8,0.13,0.75,8.3
ALT-200348,Y,Sheffield,Member,Male,Frozen Foods,14.19,1,0.71,14.9,17/05/2025,14:28:14,Debit Card,14.19,0.1,1.42,5.2
ALT-200349,X,Liverpool,Normal,Female,Beverages,4.42,4,0.88,18.56,13/11/2025,10:43:31,Mobile Wallet,17.68,0.13,2.3,8.4
ALT-200350,X,Liverpool,Member,Female,Frozen Foods,4.39,2,0.44,9.22,05/01/2025,18:43:11,Debit Card,8.78,0.1,0.88,4.9
ALT-200351,Z,Birmingham,Member,Female,Dairy & Eggs,8.39,3,1.26,26.43,29/07/2025,10:03:10,Credit Card,25.17,0.07,1.76,7.9
ALT-200352,Z,Birmingham,Member,Male,Health & Wellness,4.31,10,2.16,45.26,07/09/2025,19:25:11,Credit Card,43.1,0.24,10.34,6.8
ALT-200353,X,Liverpool,Normal,Female,Fresh Produce,3.56,8,1.42,29.9,27/08/2025,18:46:51,Cash,28.48,0.08,2.28,7.9
ALT-200354,Y,Sheffield,Normal,Female,Beverages,6.75,1,0.34,7.09,12/08/2025,20:16:39,Credit Card,6.75,0.13,0.88,7.9
ALT-200355,Z,Birmingham,Normal,Male,Beverages,6.43,3,0.96,20.25,19/02/2025,11:52:23,Credit Card,19.29,0.13,2.51,7.6
ALT-200356,Y,Sheffield,Normal,Female,Fresh Produce,7.9,2,0.79,16.59,14/03/2025,16:52:13,Debit Card,15.8,0.08,1.26,5.3
ALT-200357,Y,Sheffield,Member,Male,Fresh Produce,2.21,1,0.11,2.32,07/03/2025,14:19:59,Debit Card,2.21,0.08,0.18,7.9
ALT-200358,Y,Sheffield,Member,Male,Personal Care,16.01,3,2.4,50.43,04/06/2025,13:27:58,Debit Card,48.03,0.21,10.09,5.7
ALT-200359,X,Liverpool,Normal,Male,Dairy & Eggs,6.23,7,2.18,45.79,03/09/2025,19:43:19,Cash,43.61,0.07,3.05,6.6
ALT-200360,Y,Sheffield,Member,Male,Personal Care,15.7,7,5.5,115.4,05/03/2025,15:14:12,Credit Card,109.9,0.21,23.08,6.9
ALT-200361,X,Liverpool,Member,Male,Bakery,10.52,3,1.58,33.14,26/12/2025,10:46:34,Debit Card,31.56,0.11,3.47,5.7
ALT-200362,Y,Sheffield,Member,Male,Snacks,1.62,5,0.41,8.51,21/10/2025,18:21:32,Credit Card,8.1,0.17,1.38,6.3
ALT-200363,Z,Birmingham,Normal,Female,Frozen Foods,12.76,3,1.91,40.19,22/02/2025,18:29:50,Debit Card,38.28,0.1,3.83,6.2
ALT-200364,X,Liverpool,Member,Male,Fresh Produce,10.62,2,1.06,22.3,11/07/2025,19:01:13,Credit Card,21.24,0.08,1.7,5.4
ALT-200365,Y,Sheffield,Member,Male,Personal Care,8.57,7,3.0,62.99,18/07/2025,12:25:25,Debit Card,59.99,0.21,12.6,7.0
ALT-200366,X,Liverpool,Member,Female,Health & Wellness,33.66,9,15.15,318.09,04/05/2025,09:57:25,Credit Card,302.94,0.24,72.71,6.9
ALT-200367,X,Liverpool,Normal,Male,Fresh Produce,5.75,9,2.59,54.34,16/04/2025,08:08:39,Mobile Wallet,51.75,0.08,4.14,6.4
ALT-200368,Z,Birmingham,Normal,Male,Beverages,2.89,2,0.29,6.07,15/03/2025,13:37:44,Debit Card,5.78,0.13,0.75,6.2
ALT-200369,Z,Birmingham,Member,Female,Baby Products,8.24,4,1.65,34.61,08/08/2025,20:13:12,Mobile Wallet,32.96,0.18,5.93,7.4
ALT-200370,Y,Sheffield,Normal,Male,Baby Products,21.66,5,5.42,113.72,24/03/2025,16:59:13,Credit Card,108.3,0.18,19.49,8.6
ALT-200371,Y,Sheffield,Member,Male,Frozen Foods,16.65,1,0.83,17.48,22/07/2025,13:51:04,Credit Card,16.65,0.1,1.67,9.1
ALT-200372,Z,Birmingham,Member,Male,Baby Products,9.22,1,0.46,9.68,18/12/2025,18:39:34,Debit Card,9.22,0.18,1.66,6.8
ALT-200373,Z,Birmingham,Member,Female,Household,6.47,8,2.59,54.35,28/12/2025,18:02:10,Mobile Wallet,51.76,0.19,9.83,6.8
ALT-200374,X,Liverpool,Member,Male,Frozen Foods,12.45,12,7.47,156.87,26/04/2025,16:27:11,Credit Card,149.4,0.1,14.94,7.0
ALT-200375,Z,Birmingham,Normal,Female,Snacks,6.08,3,0.91,19.15,21/03/2025,13:51:25,Credit Card,18.24,0.17,3.1,6.7
ALT-200376,Z,Birmingham,Member,Male,Household,22.61,1,1.13,23.74,16/08/2025,15:14:17,Credit Card,22.61,0.19,4.3,7.0
ALT-200377,Z,Birmingham,Normal,Male,Frozen Foods,11.62,6,3.49,73.21,31/12/2025,19:59:19,Mobile Wallet,69.72,0.1,6.97,6.3
ALT-200378,X,Liverpool,Normal,Male,Health & Wellness,7.25,6,2.18,45.68,22/06/2025,17:41:46,Debit Card,43.5,0.24,10.44,6.6
ALT-200379,Y,Sheffield,Normal,Female,Health & Wellness,36.61,6,10.98,230.64,02/05/2025,12:21:39,Debit Card,219.66,0.24,52.72,7.6
ALT-200380,X,Liverpool,Normal,Male,Frozen Foods,11.62,9,5.23,109.81,10/03/2025,18:19:34,Credit Card,104.58,0.1,10.46,5.8
ALT-200381,Y,Sheffield,Normal,Female,Snacks,1.93,3,0.29,6.08,09/09/2025,16:36:04,Credit Card,5.79,0.17,0.98,6.2
ALT-200382,X,Liverpool,Member,Female,Snacks,1.63,3,0.24,5.13,04/05/2025,13:45:21,Cash,4.89,0.17,0.83,6.2
ALT-200383,Z,Birmingham,Member,Female,Snacks,1.02,5,0.26,5.36,30/03/2025,09:18:19,Cash,5.1,0.17,0.87,6.9
ALT-200384,Z,Birmingham,Normal,Male,Health & Wellness,20.89,11,11.49,241.28,25/07/2025,15:32:39,Debit Card,229.79,0.24,55.15,6.6
ALT-200385,Z,Birmingham,Member,Male,Health & Wellness,16.62,9,7.48,157.06,29/01/2025,19:19:02,Credit Card,149.58,0.24,35.9,7.9
ALT-200386,Y,Sheffield,Normal,Male,Personal Care,10.03,3,1.5,31.59,13/05/2025,17:32:39,Credit Card,30.09,0.21,6.32,4.6
ALT-200387,Z,Birmingham,Member,Male,Household,24.45,7,8.56,179.71,11/03/2025,10:29:05,Mobile Wallet,171.15,0.19,32.52,7.3
ALT-200388,X,Liverpool,Member,Female,Health & Wellness,16.85,10,8.43,176.93,13/08/2025,19:56:31,Credit Card,168.5,0.24,40.44,6.4
ALT-200389,Z,Birmingham,Member,Male,Baby Products,20.13,1,1.01,21.14,17/02/2025,11:48:39,Credit Card,20.13,0.18,3.62,8.5
ALT-200390,Y,Sheffield,Normal,Female,Bakery,5.93,7,2.08,43.59,02/08/2025,15:03:08,Debit Card,41.51,0.11,4.57,7.9
ALT-200391,Y,Sheffield,Normal,Male,Bakery,9.07,3,1.36,28.57,06/10/2025,10:44:11,Debit Card,27.21,0.11,2.99,4.9
ALT-200392,Z,Birmingham,Normal,Male,Baby Products,7.8,5,1.95,40.95,14/11/2025,15:40:09,Debit Card,39.0,0.18,7.02,5.3
ALT-200393,X,Liverpool,Normal,Female,Health & Wellness,17.78,7,6.22,130.68,03/05/2025,16:39:02,Credit Card,124.46,0.24,29.87,4.6
ALT-200394,X,Liverpool,Member,Male,Dairy & Eggs,7.53,2,0.75,15.81,08/08/2025,17:07:18,Mobile Wallet,15.06,0.07,1.05,6.0
ALT-200395,X,Liverpool,Member,Female,Fresh Produce,1.87,4,0.37,7.85,23/09/2025,14:35:26,Credit Card,7.48,0.08,0.6,6.8
ALT-200396,Y,Sheffield,Member,Female,Dairy & Eggs,2.73,1,0.14,2.87,15/11/2025,14:03:14,Mobile Wallet,2.73,0.07,0.19,6.3
ALT-200397,Z,Birmingham,Member,Male,Dairy & Eggs,3.59,4,0.72,15.08,09/03/2025,17:12:13,Debit Card,14.36,0.07,1.01,7.2
ALT-200398,X,Liverpool,Member,Female,Snacks,5.6,4,1.12,23.52,11/01/2025,12:57:30,Mobile Wallet,22.4,0.17,3.81,7.5
ALT-200399,Z,Birmingham,Normal,Female,Beverages,7.13,5,1.78,37.43,07/02/2025,15:29:45,Debit Card,35.65,0.13,4.63,8.1
ALT-200400,Z,Birmingham,Member,Male,Baby Products,40.12,4,8.02,168.5,03/10/2025,14:14:47,Credit Card,160.48,0.18,28.89,6.4
ALT-200401,Z,Birmingham,Normal,Male,Health & Wellness,37.36,1,1.87,39.23,30/05/2025,16:41:11,Credit Card,37.36,0.24,8.97,6.6
ALT-200402,Z,Birmingham,Member,Female,Frozen Foods,18.66,1,0.93,19.59,16/06/2025,17:51:54,Credit Card,18.66,0.1,1.87,7.4
ALT-200403,Y,Sheffield,Member,Female,Frozen Foods,9.46,12,5.68,119.2,22/09/2025,14:37:35,Credit Card,113.52,0.1,11.35,5.6
ALT-200404,Z,Birmingham,Member,Female,Fresh Produce,5.81,11,3.2,67.11,09/04/2025,13:17:50,Mobile Wallet,63.91,0.08,5.11,8.0
ALT-200405,X,Liverpool,Normal,Female,Baby Products,44.49,4,8.9,186.86,17/11/2025,18:11:32,Mobile Wallet,177.96,0.18,32.03,6.6
ALT-200406,Y,Sheffield,Normal,Male,Household,12.6,4,2.52,52.92,29/08/2025,18:38:54,Debit Card,50.4,0.19,9.58,5.6
ALT-200407,Y,Sheffield,Member,Female,Frozen Foods,13.01,6,3.9,81.96,03/10/2025,11:03:04,Debit Card,78.06,0.1,7.81,7.1
ALT-200408,Y,Sheffield,Normal,Male,Household,4.92,3,0.74,15.5,06/03/2025,16:19:26,Mobile Wallet,14.76,0.19,2.8,7.2
ALT-200409,X,Liverpool,Member,Female,Health & Wellness,30.45,4,6.09,127.89,09/02/2025,19:03:51,Credit Card,121.8,0.24,29.23,6.9
ALT-200410,Y,Sheffield,Member,Female,Baby Products,29.79,7,10.43,218.96,06/07/2025,19:40:51,Credit Card,208.53,0.18,37.54,7.8
ALT-200411,X,Liverpool,Normal,Male,Snacks,1.11,1,0.06,1.17,29/01/2025,19:19:43,Mobile Wallet,1.11,0.17,0.19,6.7
ALT-200412,Z,Birmingham,Normal,Female,Baby Products,32.29,8,12.92,271.24,09/07/2025,11:22:54,Mobile Wallet,258.32,0.18,46.5,8.7
ALT-200413,Z,Birmingham,Member,Female,Health & Wellness,28.2,1,1.41,29.61,28/11/2025,18:42:29,Credit Card,28.2,0.24,6.77,7.2
ALT-200414,Z,Birmingham,Member,Male,Frozen Foods,9.41,6,2.82,59.28,23/06/2025,18:38:55,Mobile Wallet,56.46,0.1,5.65,4.8
ALT-200415,Z,Birmingham,Member,Female,Baby Products,25.74,1,1.29,27.03,29/03/2025,12:48:27,Debit Card,25.74,0.18,4.63,6.8
ALT-200416,Z,Birmingham,Normal,Female,Fresh Produce,10.38,4,2.08,43.6,05/06/2025,14:28:20,Cash,41.52,0.08,3.32,5.7
ALT-200417,Z,Birmingham,Normal,Male,Beverages,12.36,2,1.24,25.96,06/05/2025,18:20:33,Debit Card,24.72,0.13,3.21,4.9
ALT-200418,Y,Sheffield,Normal,Male,Personal Care,7.52,6,2.26,47.38,14/04/2025,11:46:07,Debit Card,45.12,0.21,9.48,7.2
ALT-200419,Z,Birmingham,Member,Male,Fresh Produce,3.31,7,1.16,24.33,25/05/2025,14:37:43,Credit Card,23.17,0.08,1.85,8.3
ALT-200420,Y,Sheffield,Member,Male,Personal Care,23.88,7,8.36,175.52,17/11/2025,21:34:15,Cash,167.16,0.21,35.1,8.4
ALT-200421,Y,Sheffield,Member,Male,Personal Care,16.23,5,4.06,85.21,18/09/2025,11:11:01,Credit Card,81.15,0.21,17.04,7.8
ALT-200422,Z,Birmingham,Member,Male,Baby Products,5.6,1,0.28,5.88,23/03/2025,15:55:24,Credit Card,5.6,0.18,1.01,7.1
ALT-200423,Y,Sheffield,Normal,Male,Health & Wellness,32.92,9,14.81,311.09,26/09/2025,16:37:10,Credit Card,296.28,0.24,71.11,6.4
ALT-200424,X,Liverpool,Normal,Female,Bakery,4.59,3,0.69,14.46,15/03/2025,14:51:18,Mobile Wallet,13.77,0.11,1.51,7.5
ALT-200425,Z,Birmingham,Normal,Male,Fresh Produce,7.47,13,4.86,101.97,26/01/2025,14:40:46,Credit Card,97.11,0.08,7.77,7.0
ALT-200426,Z,Birmingham,Normal,Male,Dairy & Eggs,6.93,6,2.08,43.66,21/07/2025,15:42:19,Credit Card,41.58,0.07,2.91,7.8
ALT-200427,Z,Birmingham,Member,Male,Personal Care,23.73,12,14.24,299.0,26/11/2025,10:35:43,Cash,284.76,0.21,59.8,8.2
ALT-200428,X,Liverpool,Normal,Female,Bakery,7.65,4,1.53,32.13,18/06/2025,18:16:44,Mobile Wallet,30.6,0.11,3.37,5.9
ALT-200429,X,Liverpool,Normal,Female,Snacks,2.38,7,0.83,17.49,30/11/2025,12:57:41,Credit Card,16.66,0.17,2.83,5.9
ALT-200430,X,Liverpool,Normal,Female,Household,5.97,8,2.39,50.15,11/11/2025,08:51:27,Debit Card,47.76,0.19,9.07,5.1
ALT-200431,X,Liverpool,Member,Male,Personal Care,17.27,1,0.86,18.13,07/05/2025,16:16:20,Debit Card,17.27,0.21,3.63,6.6
ALT-200432,Y,Sheffield,Normal,Female,Fresh Produce,5.57,2,0.56,11.7,26/10/2025,19:54:19,Credit Card,11.14,0.08,0.89,7.3
ALT-200433,Z,Birmingham,Member,Male,Household,18.58,6,5.57,117.05,13/07/2025,18:08:14,Credit Card,111.48,0.19,21.18,5.9
ALT-200434,Z,Birmingham,Normal,Female,Baby Products,4.91,1,0.25,5.16,03/01/2025,12:48:57,Debit Card,4.91,0.18,0.88,7.1
ALT-200435,X,Liverpool,Member,Female,Frozen Foods,13.62,10,6.81,143.01,09/12/2025,11:44:44,Cash,136.2,0.1,13.62,8.1
ALT-200436,X,Liverpool,Normal,Female,Fresh Produce,9.61,12,5.77,121.09,28/01/2025,12:52:23,Mobile Wallet,115.32,0.08,9.23,8.0
ALT-200437,Y,Sheffield,Member,Male,Bakery,7.54,1,0.38,7.92,22/06/2025,15:05:29,Credit Card,7.54,0.11,0.83,6.2
ALT-200438,X,Liverpool,Member,Male,Baby Products,29.59,7,10.36,217.49,23/07/2025,14:27:44,Credit Card,207.13,0.18,37.28,5.4
ALT-200439,Z,Birmingham,Member,Female,Frozen Foods,17.77,12,10.66,223.9,03/10/2025,15:26:28,Mobile Wallet,213.24,0.1,21.32,8.4
ALT-200440,Y,Sheffield,Member,Male,Baby Products,29.34,10,14.67,308.07,21/12/2025,09:38:15,Credit Card,293.4,0.18,52.81,6.0
ALT-200441,X,Liverpool,Member,Male,Dairy & Eggs,5.91,6,1.77,37.23,31/03/2025,17:46:42,Debit Card,35.46,0.07,2.48,6.8
ALT-200442,Y,Sheffield,Normal,Female,Snacks,5.59,2,0.56,11.74,03/07/2025,12:44:25,Mobile Wallet,11.18,0.17,1.9,7.5
ALT-200443,Z,Birmingham,Normal,Female,Personal Care,6.94,7,2.43,51.01,05/04/2025,13:52:05,Credit Card,48.58,0.21,10.2,6.6
ALT-200444,Y,Sheffield,Member,Male,Bakery,3.79,1,0.19,3.98,23/08/2025,12:28:17,Mobile Wallet,3.79,0.11,0.42,7.3
ALT-200445,Z,Birmingham,Member,Female,Personal Care,5.5,3,0.83,17.33,10/01/2025,17:30:01,Debit Card,16.5,0.21,3.46,6.9
ALT-200446,Y,Sheffield,Normal,Female,Frozen Foods,4.33,1,0.22,4.55,16/11/2025,13:31:11,Debit Card,4.33,0.1,0.43,5.9
ALT-200447,Z,Birmingham,Normal,Female,Fresh Produce,10.79,6,3.24,67.98,25/07/2025,20:09:30,Cash,64.74,0.08,5.18,7.9
ALT-200448,X,Liverpool,Member,Female,Frozen Foods,8.49,5,2.12,44.57,18/02/2025,18:09:27,Debit Card,42.45,0.1,4.25,7.3
ALT-200449,X,Liverpool,Member,Male,Personal Care,28.54,3,4.28,89.9,28/11/2025,14:05:29,Debit Card,85.62,0.21,17.98,6.4
ALT-200450,X,Liverpool,Normal,Male,Snacks,0.64,3,0.1,2.02,04/05/2025,13:17:09,Debit Card,1.92,0.17,0.33,5.0
ALT-200451,X,Liverpool,Normal,Female,Household,18.68,6,5.6,117.68,15/08/2025,15:59:30,Mobile Wallet,112.08,0.19,21.3,5.5
ALT-200452,X,Liverpool,Member,Female,Personal Care,20.91,5,5.23,109.78,05/02/2025,13:32:42,Mobile Wallet,104.55,0.21,21.96,5.0
ALT-200453,Z,Birmingham,Member,Female,Snacks,5.51,13,3.58,75.21,02/09/2025,18:06:23,Debit Card,71.63,0.17,12.18,6.4
ALT-200454,Y,Sheffield,Normal,Female,Health & Wellness,32.24,8,12.9,270.82,21/12/2025,19:19:16,Mobile Wallet,257.92,0.24,61.9,5.9
ALT-200455,X,Liverpool,Normal,Male,Dairy & Eggs,5.89,2,0.59,12.37,03/09/2025,10:05:04,Cash,11.78,0.07,0.82,7.2
ALT-200456,Z,Birmingham,Normal,Female,Personal Care,5.41,4,1.08,22.72,28/02/2025,19:59:09,Credit Card,21.64,0.21,4.54,4.6
ALT-200457,Y,Sheffield,Normal,Female,Frozen Foods,4.4,2,0.44,9.24,25/08/2025,19:52:31,Debit Card,8.8,0.1,0.88,6.1
ALT-200458,X,Liverpool,Normal,Male,Health & Wellness,28.9,7,10.12,212.42,05/12/2025,11:03:31,Cash,202.3,0.24,48.55,6.5
ALT-200459,X,Liverpool,Member,Female,Beverages,12.19,3,1.83,38.4,19/08/2025,11:59:56,Debit Card,36.57,0.13,4.75,8.5
ALT-200460,Z,Birmingham,Normal,Female,Bakery,10.24,3,1.54,32.26,12/10/2025,16:30:01,Credit Card,30.72,0.11,3.38,4.3
ALT-200461,X,Liverpool,Normal,Female,Personal Care,12.86,1,0.64,13.5,25/04/2025,17:52:17,Debit Card,12.86,0.21,2.7,8.4
ALT-200462,X,Liverpool,Member,Female,Fresh Produce,6.4,10,3.2,67.2,13/02/2025,13:23:22,Debit Card,64.0,0.08,5.12,8.9
ALT-200463,Y,Sheffield,Normal,Male,Fresh Produce,9.52,1,0.48,10.0,18/02/2025,14:13:05,Debit Card,9.52,0.08,0.76,6.2
ALT-200464,X,Liverpool,Member,Female,Health & Wellness,29.6,4,5.92,124.32,03/01/2025,17:51:25,Credit Card,118.4,0.24,28.42,5.4
ALT-200465,Z,Birmingham,Member,Male,Fresh Produce,8.17,6,2.45,51.47,10/07/2025,12:30:34,Mobile Wallet,49.02,0.08,3.92,7.9
ALT-200466,Y,Sheffield,Member,Female,Baby Products,25.44,9,11.45,240.41,03/05/2025,17:40:08,Credit Card,228.96,0.18,41.21,6.6
ALT-200467,Z,Birmingham,Member,Male,Snacks,5.48,7,1.92,40.28,08/01/2025,13:29:36,Debit Card,38.36,0.17,6.52,6.1
ALT-200468,X,Liverpool,Member,Male,Baby Products,6.86,2,0.69,14.41,10/02/2025,18:56:40,Credit Card,13.72,0.18,2.47,6.8
ALT-200469,Z,Birmingham,Normal,Male,Household,21.66,1,1.08,22.74,06/05/2025,14:39:10,Debit Card,21.66,0.19,4.12,6.5
ALT-200470,Y,Sheffield,Member,Male,Baby Products,27.41,9,12.33,259.02,27/08/2025,17:34:01,Credit Card,246.69,0.18,44.4,8.6
ALT-200471,Z,Birmingham,Member,Female,Bakery,4.42,6,1.33,27.85,12/10/2025,19:12:00,Credit Card,26.52,0.11,2.92,6.8
ALT-200472,Y,Sheffield,Normal,Male,Health & Wellness,28.7,12,17.22,361.62,20/01/2025,18:37:25,Credit Card,344.4,0.24,82.66,6.6
ALT-200473,X,Liverpool,Member,Female,Bakery,4.65,2,0.47,9.77,25/02/2025,15:36:07,Mobile Wallet,9.3,0.11,1.02,7.4
ALT-200474,X,Liverpool,Member,Male,Frozen Foods,16.94,7,5.93,124.51,20/07/2025,13:49:21,Credit Card,118.58,0.1,11.86,7.6
ALT-200475,X,Liverpool,Normal,Female,Personal Care,15.74,11,8.66,181.8,09/10/2025,19:37:36,Mobile Wallet,173.14,0.21,36.36,5.2
ALT-200476,Z,Birmingham,Normal,Female,Dairy & Eggs,3.36,4,0.67,14.11,27/06/2025,13:06:13,Cash,13.44,0.07,0.94,5.7
ALT-200477,Z,Birmingham,Normal,Female,Personal Care,26.77,5,6.69,140.54,08/03/2025,11:28:57,Cash,133.85,0.21,28.11,6.4
ALT-200478,Z,Birmingham,Normal,Female,Personal Care,8.75,2,0.88,18.38,15/11/2025,10:24:09,Credit Card,17.5,0.21,3.67,6.4
ALT-200479,Z,Birmingham,Member,Male,Beverages,14.51,6,4.35,91.41,13/05/2025,15:48:55,Debit Card,87.06,0.13,11.32,6.1
ALT-200480,X,Liverpool,Normal,Male,Snacks,1.06,4,0.21,4.45,10/01/2025,09:46:29,Debit Card,4.24,0.17,0.72,7.1
ALT-200481,X,Liverpool,Normal,Male,Health & Wellness,25.25,9,11.36,238.61,14/09/2025,11:21:41,Credit Card,227.25,0.24,54.54,7.5
ALT-200482,X,Liverpool,Normal,Male,Fresh Produce,3.15,5,0.79,16.54,30/07/2025,15:53:33,Debit Card,15.75,0.08,1.26,6.9
ALT-200483,Z,Birmingham,Normal,Male,Snacks,5.21,3,0.78,16.41,23/06/2025,18:59:39,Debit Card,15.63,0.17,2.66,5.9
ALT-200484,X,Liverpool,Member,Female,Dairy & Eggs,2.58,2,0.26,5.42,26/08/2025,20:42:15,Mobile Wallet,5.16,0.07,0.36,5.9
ALT-200485,Z,Birmingham,Member,Female,Bakery,4.05,3,0.61,12.76,15/11/2025,15:16:21,Debit Card,12.15,0.11,1.34,7.5
ALT-200486,Z,Birmingham,Member,Male,Frozen Foods,9.59,5,2.4,50.35,01/10/2025,17:00:42,Credit Card,47.95,0.1,4.8,5.0
ALT-200487,Z,Birmingham,Member,Male,Dairy & Eggs,6.27,7,2.19,46.08,12/09/2025,19:06:20,Debit Card,43.89,0.07,3.07,7.6
ALT-200488,Z,Birmingham,Normal,Male,Household,21.24,1,1.06,22.3,28/03/2025,16:10:43,Cash,21.24,0.19,4.04,6.9
ALT-200489,X,Liverpool,Normal,Female,Frozen Foods,16.09,9,7.24,152.05,28/11/2025,21:57:21,Credit Card,144.81,0.1,14.48,8.0
ALT-200490,Y,Sheffield,Member,Male,Health & Wellness,8.43,8,3.37,70.81,06/02/2025,13:50:36,Credit Card,67.44,0.24,16.19,6.4
ALT-200491,X,Liverpool,Member,Male,Frozen Foods,3.73,3,0.56,11.75,08/05/2025,14:48:54,Debit Card,11.19,0.1,1.12,7.0
ALT-200492,Y,Sheffield,Normal,Male,Household,17.84,2,1.78,37.46,01/05/2025,20:18:30,Mobile Wallet,35.68,0.19,6.78,7.9
ALT-200493,Z,Birmingham,Member,Male,Health & Wellness,33.24,6,9.97,209.41,08/06/2025,12:52:04,Credit Card,199.44,0.24,47.87,8.1
ALT-200494,Y,Sheffield,Member,Male,Frozen Foods,11.49,2,1.15,24.13,09/12/2025,10:07:06,Mobile Wallet,22.98,0.1,2.3,8.8
ALT-200495,Z,Birmingham,Member,Female,Dairy & Eggs,1.78,11,0.98,20.56,28/09/2025,15:07:41,Credit Card,19.58,0.07,1.37,5.4
ALT-200496,X,Liverpool,Normal,Male,Household,4.43,2,0.44,9.3,16/12/2025,19:31:08,Credit Card,8.86,0.19,1.68,6.4
ALT-200497,X,Liverpool,Member,Female,Dairy & Eggs,6.44,11,3.54,74.38,03/09/2025,09:14:52,Debit Card,70.84,0.07,4.96,6.8
ALT-200498,Y,Sheffield,Normal,Female,Frozen Foods,6.91,9,3.11,65.3,10/12/2025,13:29:34,Credit Card,62.19,0.1,6.22,8.2
ALT-200499,Y,Sheffield,Member,Female,Household,4.94,1,0.25,5.19,21/05/2025,17:03:39,Mobile Wallet,4.94,0.19,0.94,7.2
ALT-200500,X,Liverpool,Normal,Female,Frozen Foods,10.18,1,0.51,10.69,13/02/2025,08:05:21,Mobile Wallet,10.18,0.1,1.02,7.2
ALT-200501,X,Liverpool,Normal,Male,Fresh Produce,5.06,1,0.25,5.31,22/06/2025,17:13:10,Cash,5.06,0.08,0.4,6.1
ALT-200502,X,Liverpool,Member,Male,Snacks,3.43,5,0.86,18.01,18/12/2025,11:42:20,Debit Card,17.15,0.17,2.92,7.8
ALT-200503,Y,Sheffield,Normal,Male,Household,7.88,9,3.55,74.47,10/02/2025,08:09:42,Debit Card,70.92,0.19,13.47,6.4
ALT-200504,X,Liverpool,Member,Female,Dairy & Eggs,2.95,7,1.03,21.68,26/09/2025,17:02:22,Credit Card,20.65,0.07,1.45,6.2
ALT-200505,Y,Sheffield,Member,Male,Health & Wellness,29.8,7,10.43,219.03,06/08/2025,13:42:38,Debit Card,208.6,0.24,50.06,6.6
ALT-200506,Z,Birmingham,Member,Female,Bakery,7.48,11,4.11,86.39,15/05/2025,14:12:19,Cash,82.28,0.11,9.05,7.2
ALT-200507,X,Liverpool,Normal,Male,Fresh Produce,8.92,5,2.23,46.83,25/08/2025,18:23:57,Debit Card,44.6,0.08,3.57,5.5
ALT-200508,Z,Birmingham,Normal,Female,Beverages,14.91,1,0.75,15.66,22/08/2025,19:51:45,Credit Card,14.91,0.13,1.94,6.4
ALT-200509,X,Liverpool,Member,Female,Personal Care,6.76,1,0.34,7.1,22/04/2025,18:17:03,Debit Card,6.76,0.21,1.42,6.6
ALT-200510,Z,Birmingham,Normal,Female,Personal Care,4.15,12,2.49,52.29,20/09/2025,19:17:16,Mobile Wallet,49.8,0.21,10.46,7.0
ALT-200511,Z,Birmingham,Member,Male,Health & Wellness,29.02,1,1.45,30.47,09/03/2025,12:21:48,Debit Card,29.02,0.24,6.96,8.1
ALT-200512,Y,Sheffield,Member,Female,Frozen Foods,13.54,1,0.68,14.22,26/05/2025,21:43:48,Cash,13.54,0.1,1.35,5.8
ALT-200513,X,Liverpool,Member,Male,Fresh Produce,10.41,5,2.6,54.65,02/07/2025,19:56:30,Credit Card,52.05,0.08,4.16,5.9
ALT-200514,X,Liverpool,Normal,Male,Fresh Produce,4.96,1,0.25,5.21,18/08/2025,17:31:28,Mobile Wallet,4.96,0.08,0.4,8.6
ALT-200515,X,Liverpool,Member,Female,Snacks,4.58,1,0.23,4.81,29/05/2025,15:42:05,Mobile Wallet,4.58,0.17,0.78,7.1
ALT-200516,Z,Birmingham,Normal,Female,Dairy & Eggs,4.92,2,0.49,10.33,24/04/2025,15:51:16,Credit Card,9.84,0.07,0.69,5.4
ALT-200517,Y,Sheffield,Member,Male,Snacks,4.13,5,1.03,21.68,29/03/2025,15:56:31,Mobile Wallet,20.65,0.17,3.51,8.2
ALT-200518,Y,Sheffield,Member,Male,Bakery,5.7,5,1.43,29.93,03/06/2025,17:01:09,Debit Card,28.5,0.11,3.14,6.7
ALT-200519,X,Liverpool,Normal,Female,Frozen Foods,4.11,5,1.03,21.58,15/08/2025,18:42:05,Mobile Wallet,20.55,0.1,2.06,6.4
ALT-200520,X,Liverpool,Member,Female,Health & Wellness,26.38,8,10.55,221.59,21/01/2025,14:27:37,Cash,211.04,0.24,50.65,7.6
ALT-200521,Y,Sheffield,Member,Male,Household,5.02,2,0.5,10.54,14/03/2025,18:30:34,Cash,10.04,0.19,1.91,7.4
ALT-200522,Y,Sheffield,Member,Female,Fresh Produce,3.1,9,1.4,29.3,10/04/2025,09:18:24,Debit Card,27.9,0.08,2.23,6.3
ALT-200523,Y,Sheffield,Member,Female,Baby Products,33.57,7,11.75,246.74,12/01/2025,15:39:54,Credit Card,234.99,0.18,42.3,7.0
ALT-200524,Z,Birmingham,Member,Female,Fresh Produce,2.56,9,1.15,24.19,04/03/2025,12:33:46,Debit Card,23.04,0.08,1.84,7.1
ALT-200525,X,Liverpool,Member,Female,Baby Products,16.86,10,8.43,177.03,11/10/2025,17:28:24,Debit Card,168.6,0.18,30.35,5.7
ALT-200526,Z,Birmingham,Member,Female,Beverages,12.87,8,5.15,108.11,31/01/2025,18:21:23,Credit Card,102.96,0.13,13.38,5.3
ALT-200527,X,Liverpool,Normal,Female,Frozen Foods,4.17,3,0.63,13.14,27/08/2025,10:59:05,Cash,12.51,0.1,1.25,5.2
ALT-200528,Y,Sheffield,Normal,Male,Household,21.16,8,8.46,177.74,04/04/2025,14:15:47,Mobile Wallet,169.28,0.19,32.16,6.0
ALT-200529,Z,Birmingham,Member,Male,Snacks,3.79,7,1.33,27.86,07/09/2025,17:35:36,Credit Card,26.53,0.17,4.51,6.9
ALT-200530,X,Liverpool,Normal,Female,Bakery,2.02,1,0.1,2.12,21/12/2025,16:17:33,Cash,2.02,0.11,0.22,5.6
ALT-200531,Z,Birmingham,Normal,Male,Bakery,2.41,4,0.48,10.12,19/04/2025,14:25:57,Credit Card,9.64,0.11,1.06,8.4
ALT-200532,Z,Birmingham,Member,Male,Frozen Foods,3.65,3,0.55,11.5,04/11/2025,18:15:33,Cash,10.95,0.1,1.09,6.4
ALT-200533,Z,Birmingham,Normal,Male,Personal Care,3.49,5,0.87,18.32,16/09/2025,08:24:24,Debit Card,17.45,0.21,3.66,6.5
ALT-200534,Z,Birmingham,Member,Female,Bakery,2.5,5,0.62,13.12,02/10/2025,19:56:42,Debit Card,12.5,0.11,1.38,6.6
ALT-200535,X,Liverpool,Normal,Female,Beverages,13.77,2,1.38,28.92,13/04/2025,15:34:36,Credit Card,27.54,0.13,3.58,7.1
ALT-200536,Y,Sheffield,Member,Female,Baby Products,11.15,2,1.11,23.41,13/09/2025,14:27:13,Cash,22.3,0.18,4.01,8.9
ALT-200537,X,Liverpool,Member,Male,Snacks,5.33,2,0.53,11.19,13/03/2025,16:58:36,Credit Card,10.66,0.17,1.81,5.8
ALT-200538,Y,Sheffield,Normal,Male,Health & Wellness,21.6,1,1.08,22.68,03/10/2025,17:49:35,Cash,21.6,0.24,5.18,5.4
ALT-200539,Y,Sheffield,Member,Male,Baby Products,23.36,12,14.02,294.34,14/03/2025,14:18:58,Debit Card,280.32,0.18,50.46,9.3
ALT-200540,X,Liverpool,Normal,Female,Health & Wellness,37.73,1,1.89,39.62,27/10/2025,18:41:30,Credit Card,37.73,0.24,9.06,6.5
ALT-200541,Y,Sheffield,Normal,Male,Snacks,3.71,1,0.19,3.9,08/02/2025,17:54:20,Credit Card,3.71,0.17,0.63,4.6
ALT-200542,X,Liverpool,Member,Male,Baby Products,8.48,6,2.54,53.42,10/12/2025,21:02:41,Cash,50.88,0.18,9.16,7.1
ALT-200543,Z,Birmingham,Member,Female,Beverages,14.58,1,0.73,15.31,15/04/2025,16:52:51,Mobile Wallet,14.58,0.13,1.9,7.7
ALT-200544,Y,Sheffield,Member,Male,Dairy & Eggs,4.71,6,1.41,29.67,05/12/2025,08:21:55,Debit Card,28.26,0.07,1.98,8.0
ALT-200545,Y,Sheffield,Member,Female,Baby Products,37.93,5,9.48,199.13,28/12/2025,15:53:27,Debit Card,189.65,0.18,34.14,6.1
ALT-200546,Z,Birmingham,Normal,Male,Beverages,8.97,8,3.59,75.35,21/08/2025,11:31:50,Credit Card,71.76,0.13,9.33,5.6
ALT-200547,X,Liverpool,Member,Female,Frozen Foods,9.73,6,2.92,61.3,15/07/2025,15:30:26,Credit Card,58.38,0.1,5.84,7.8
ALT-200548,X,Liverpool,Member,Male,Dairy & Eggs,6.42,13,4.17,87.63,27/06/2025,11:17:47,Cash,83.46,0.07,5.84,6.0
ALT-200549,X,Liverpool,Normal,Female,Snacks,3.58,5,0.9,18.8,12/04/2025,14:58:42,Mobile Wallet,17.9,0.17,3.04,4.4
ALT-200550,X,Liverpool,Normal,Female,Frozen Foods,2.07,9,0.93,19.56,26/09/2025,11:26:23,Credit Card,18.63,0.1,1.86,7.0
ALT-200551,Z,Birmingham,Member,Female,Snacks,5.12,1,0.26,5.38,30/03/2025,21:15:00,Credit Card,5.12,0.17,0.87,5.9
ALT-200552,Y,Sheffield,Normal,Male,Health & Wellness,3.82,3,0.57,12.03,27/05/2025,21:32:12,Cash,11.46,0.24,2.75,8.1
ALT-200553,Z,Birmingham,Member,Female,Household,24.27,2,2.43,50.97,27/10/2025,14:00:56,Credit Card,48.54,0.19,9.22,5.2
ALT-200554,X,Liverpool,Member,Female,Bakery,8.31,9,3.74,78.53,09/06/2025,15:23:44,Credit Card,74.79,0.11,8.23,5.5
ALT-200555,Z,Birmingham,Member,Male,Frozen Foods,3.01,8,1.2,25.28,11/08/2025,18:47:51,Credit Card,24.08,0.1,2.41,6.2
ALT-200556,Z,Birmingham,Normal,Female,Household,15.97,7,5.59,117.38,08/01/2025,13:27:51,Cash,111.79,0.19,21.24,7.5
ALT-200557,Y,Sheffield,Normal,Male,Dairy & Eggs,2.24,6,0.67,14.11,28/07/2025,15:51:07,Mobile Wallet,13.44,0.07,0.94,5.2
ALT-200558,Z,Birmingham,Normal,Male,Snacks,3.71,1,0.19,3.9,19/10/2025,12:19:51,Debit Card,3.71,0.17,0.63,8.1
ALT-200559,Y,Sheffield,Member,Male,Baby Products,5.51,5,1.38,28.93,11/09/2025,18:12:33,Mobile Wallet,27.55,0.18,4.96,7.8
ALT-200560,Y,Sheffield,Member,Female,Baby Products,24.01,1,1.2,25.21,03/04/2025,18:49:34,Debit Card,24.01,0.18,4.32,6.9
ALT-200561,X,Liverpool,Normal,Male,Baby Products,33.79,3,5.07,106.44,11/12/2025,17:37:48,Mobile Wallet,101.37,0.18,18.25,6.7
ALT-200562,X,Liverpool,Member,Male,Beverages,13.27,3,1.99,41.8,16/04/2025,10:02:30,Mobile Wallet,39.81,0.13,5.18,7.8
ALT-200563,Z,Birmingham,Normal,Female,Dairy & Eggs,5.51,4,1.1,23.14,26/12/2025,17:43:19,Credit Card,22.04,0.07,1.54,8.4
ALT-200564,X,Liverpool,Member,Male,Dairy & Eggs,7.18,6,2.15,45.23,30/03/2025,16:37:48,Credit Card,43.08,0.07,3.02,6.6
ALT-200565,Z,Birmingham,Normal,Female,Baby Products,17.71,2,1.77,37.19,24/04/2025,19:26:02,Cash,35.42,0.18,6.38,5.9
ALT-200566,Y,Sheffield,Member,Male,Personal Care,20.61,5,5.15,108.2,29/10/2025,14:22:12,Cash,103.05,0.21,21.64,8.7
ALT-200567,Y,Sheffield,Normal,Female,Bakery,1.86,12,1.12,23.44,07/06/2025,20:06:13,Mobile Wallet,22.32,0.11,2.46,6.9
ALT-200568,Z,Birmingham,Member,Female,Personal Care,6.21,4,1.24,26.08,24/09/2025,11:16:07,Credit Card,24.84,0.21,5.22,7.2
ALT-200569,Y,Sheffield,Member,Female,Snacks,5.42,2,0.54,11.38,04/06/2025,10:25:50,Debit Card,10.84,0.17,1.84,7.2
ALT-200570,Y,Sheffield,Normal,Male,Baby Products,29.01,12,17.41,365.53,19/07/2025,11:32:35,Debit Card,348.12,0.18,62.66,5.5
ALT-200571,X,Liverpool,Member,Female,Fresh Produce,6.64,1,0.33,6.97,04/10/2025,14:48:22,Mobile Wallet,6.64,0.08,0.53,6.4
ALT-200572,X,Liverpool,Member,Male,Dairy & Eggs,5.01,6,1.5,31.56,13/02/2025,17:38:57,Credit Card,30.06,0.07,2.1,6.8
ALT-200573,Y,Sheffield,Normal,Female,Snacks,4.16,1,0.21,4.37,05/10/2025,19:27:59,Mobile Wallet,4.16,0.17,0.71,7.1
ALT-200574,X,Liverpool,Member,Female,Household,7.87,4,1.57,33.05,30/09/2025,20:38:12,Debit Card,31.48,0.19,5.98,6.5
ALT-200575,Z,Birmingham,Normal,Male,Personal Care,7.02,4,1.4,29.48,23/09/2025,12:27:45,Cash,28.08,0.21,5.9,6.0
ALT-200576,X,Liverpool,Member,Female,Frozen Foods,16.26,6,4.88,102.44,26/05/2025,20:47:44,Mobile Wallet,97.56,0.1,9.76,9.3
ALT-200577,Y,Sheffield,Member,Male,Baby Products,10.02,3,1.5,31.56,07/10/2025,15:44:14,Debit Card,30.06,0.18,5.41,7.2
ALT-200578,Y,Sheffield,Member,Male,Frozen Foods,5.39,4,1.08,22.64,16/11/2025,20:33:28,Credit Card,21.56,0.1,2.16,6.9
ALT-200579,X,Liverpool,Normal,Female,Household,10.59,1,0.53,11.12,21/04/2025,15:43:44,Credit Card,10.59,0.19,2.01,5.7
ALT-200580,Z,Birmingham,Normal,Male,Health & Wellness,38.88,1,1.94,40.82,30/07/2025,16:30:54,Debit Card,38.88,0.24,9.33,7.5
ALT-200581,X,Liverpool,Member,Female,Personal Care,7.59,6,2.28,47.82,28/03/2025,13:59:56,Mobile Wallet,45.54,0.21,9.56,6.8
ALT-200582,Y,Sheffield,Normal,Male,Frozen Foods,11.87,1,0.59,12.46,13/11/2025,09:04:26,Credit Card,11.87,0.1,1.19,6.3
ALT-200583,Y,Sheffield,Normal,Female,Household,17.5,11,9.62,202.12,23/06/2025,19:23:56,Debit Card,192.5,0.19,36.58,5.5
ALT-200584,Y,Sheffield,Member,Female,Snacks,2.84,6,0.85,17.89,12/04/2025,20:01:45,Credit Card,17.04,0.17,2.9,7.1
ALT-200585,Y,Sheffield,Member,Female,Snacks,1.07,1,0.05,1.12,19/11/2025,18:59:35,Credit Card,1.07,0.17,0.18,4.0
ALT-200586,Y,Sheffield,Member,Male,Health & Wellness,5.61,7,1.96,41.23,09/07/2025,14:49:37,Mobile Wallet,39.27,0.24,9.42,7.8
ALT-200587,Y,Sheffield,Normal,Male,Baby Products,44.82,1,2.24,47.06,03/11/2025,11:46:33,Credit Card,44.82,0.18,8.07,5.8
ALT-200588,Z,Birmingham,Member,Female,Fresh Produce,5.47,2,0.55,11.49,01/03/2025,18:09:59,Debit Card,10.94,0.08,0.88,5.5
ALT-200589,Z,Birmingham,Member,Female,Household,9.48,4,1.9,39.82,17/06/2025,19:53:50,Credit Card,37.92,0.19,7.2,7.8
ALT-200590,Y,Sheffield,Normal,Female,Fresh Produce,9.37,2,0.94,19.68,20/09/2025,19:15:49,Mobile Wallet,18.74,0.08,1.5,5.9
ALT-200591,Z,Birmingham,Normal,Male,Bakery,2.21,4,0.44,9.28,08/12/2025,12:23:53,Mobile Wallet,8.84,0.11,0.97,5.8
ALT-200592,Z,Birmingham,Member,Female,Household,8.93,9,4.02,84.39,30/08/2025,16:42:53,Credit Card,80.37,0.19,15.27,7.7
ALT-200593,Y,Sheffield,Normal,Female,Beverages,8.36,4,1.67,35.11,15/06/2025,18:57:32,Mobile Wallet,33.44,0.13,4.35,7.4
ALT-200594,Z,Birmingham,Member,Male,Household,14.95,1,0.75,15.7,11/11/2025,11:12:19,Cash,14.95,0.19,2.84,6.2
ALT-200595,Y,Sheffield,Normal,Male,Bakery,10.52,1,0.53,11.05,24/12/2025,18:53:53,Mobile Wallet,10.52,0.11,1.16,7.3
ALT-200596,Y,Sheffield,Member,Male,Health & Wellness,17.71,2,1.77,37.19,08/09/2025,10:40:25,Mobile Wallet,35.42,0.24,8.5,7.4
ALT-200597,X,Liverpool,Normal,Female,Dairy & Eggs,7.04,12,4.22,88.7,14/07/2025,15:29:09,Debit Card,84.48,0.07,5.91,5.4
ALT-200598,Z,Birmingham,Normal,Female,Dairy & Eggs,2.13,5,0.53,11.18,30/09/2025,13:41:06,Credit Card,10.65,0.07,0.75,5.0
ALT-200599,Y,Sheffield,Normal,Male,Household,18.58,2,1.86,39.02,05/02/2025,09:10:50,Cash,37.16,0.19,7.06,6.6
ALT-200600,Y,Sheffield,Member,Male,Beverages,2.12,11,1.17,24.49,02/03/2025,12:28:38,Credit Card,23.32,0.13,3.03,5.3
ALT-200601,X,Liverpool,Normal,Female,Beverages,3.98,4,0.8,16.72,10/09/2025,15:49:10,Cash,15.92,0.13,2.07,7.8
ALT-200602,Y,Sheffield,Normal,Female,Baby Products,35.52,1,1.78,37.3,11/12/2025,14:59:55,Debit Card,35.52,0.18,6.39,6.0
ALT-200603,Z,Birmingham,Normal,Male,Frozen Foods,15.57,8,6.23,130.79,27/12/2025,18:56:18,Debit Card,124.56,0.1,12.46,7.0
ALT-200604,X,Liverpool,Normal,Female,Frozen Foods,11.2,10,5.6,117.6,02/07/2025,19:06:55,Debit Card,112.0,0.1,11.2,7.3
ALT-200605,X,Liverpool,Member,Male,Snacks,3.5,12,2.1,44.1,26/02/2025,17:24:09,Debit Card,42.0,0.17,7.14,4.1
ALT-200606,Z,Birmingham,Member,Male,Health & Wellness,8.89,2,0.89,18.67,28/01/2025,11:28:31,Debit Card,17.78,0.24,4.27,7.6
ALT-200607,Z,Birmingham,Normal,Male,Frozen Foods,21.64,8,8.66,181.78,25/12/2025,15:37:19,Credit Card,173.12,0.1,17.31,6.2
ALT-200608,X,Liverpool,Member,Female,Frozen Foods,10.63,8,4.25,89.29,31/01/2025,18:02:27,Cash,85.04,0.1,8.5,6.9
ALT-200609,X,Liverpool,Member,Female,Fresh Produce,7.15,1,0.36,7.51,02/04/2025,10:24:46,Mobile Wallet,7.15,0.08,0.57,7.3
ALT-200610,X,Liverpool,Member,Female,Frozen Foods,16.2,5,4.05,85.05,08/10/2025,19:54:52,Cash,81.0,0.1,8.1,5.6
ALT-200611,X,Liverpool,Normal,Female,Frozen Foods,14.03,9,6.31,132.58,06/05/2025,18:31:28,Debit Card,126.27,0.1,12.63,7.6
ALT-200612,Y,Sheffield,Member,Female,Bakery,7.68,4,1.54,32.26,03/10/2025,12:00:39,Mobile Wallet,30.72,0.11,3.38,6.9
ALT-200613,Z,Birmingham,Member,Female,Snacks,2.09,4,0.42,8.78,02/09/2025,14:56:00,Mobile Wallet,8.36,0.17,1.42,8.3
ALT-200614,Y,Sheffield,Member,Male,Household,12.96,6,3.89,81.65,05/04/2025,18:37:18,Credit Card,77.76,0.19,14.77,5.5
ALT-200615,Y,Sheffield,Normal,Female,Personal Care,5.91,7,2.07,43.44,13/03/2025,14:00:45,Mobile Wallet,41.37,0.21,8.69,7.0
ALT-200616,Y,Sheffield,Member,Female,Snacks,5.6,10,2.8,58.8,23/09/2025,16:29:08,Debit Card,56.0,0.17,9.52,6.6
ALT-200617,X,Liverpool,Normal,Male,Health & Wellness,25.24,9,11.36,238.52,09/11/2025,10:01:04,Credit Card,227.16,0.24,54.52,8.0
ALT-200618,X,Liverpool,Member,Female,Dairy & Eggs,2.98,10,1.49,31.29,10/01/2025,17:45:09,Cash,29.8,0.07,2.09,7.8
ALT-200619,Z,Birmingham,Normal,Female,Baby Products,22.36,4,4.47,93.91,29/06/2025,17:12:09,Cash,89.44,0.18,16.1,6.2
ALT-200620,X,Liverpool,Normal,Male,Beverages,3.53,2,0.35,7.41,26/09/2025,15:38:49,Debit Card,7.06,0.13,0.92,6.7
ALT-200621,Y,Sheffield,Member,Male,Household,10.19,10,5.1,107.0,28/01/2025,20:34:19,Debit Card,101.9,0.19,19.36,7.6
ALT-200622,X,Liverpool,Member,Female,Bakery,2.33,8,0.93,19.57,03/02/2025,16:01:40,Debit Card,18.64,0.11,2.05,7.6
ALT-200623,Z,Birmingham,Normal,Female,Personal Care,9.86,3,1.48,31.06,10/01/2025,09:01:40,Mobile Wallet,29.58,0.21,6.21,8.0
ALT-200624,Y,Sheffield,Normal,Female,Frozen Foods,11.88,4,2.38,49.9,18/04/2025,09:48:01,Debit Card,47.52,0.1,4.75,6.3
ALT-200625,Z,Birmingham,Member,Female,Fresh Produce,8.69,4,1.74,36.5,01/06/2025,10:10:24,Credit Card,34.76,0.08,2.78,6.7
ALT-200626,Z,Birmingham,Member,Female,Household,8.59,1,0.43,9.02,25/07/2025,19:54:13,Cash,8.59,0.19,1.63,5.9
ALT-200627,Y,Sheffield,Member,Male,Personal Care,23.44,13,15.24,319.96,05/09/2025,15:18:12,Mobile Wallet,304.72,0.21,63.99,6.6
ALT-200628,Y,Sheffield,Normal,Female,Baby Products,20.32,11,11.18,234.7,09/03/2025,15:06:15,Mobile Wallet,223.52,0.18,40.23,5.6
ALT-200629,Y,Sheffield,Normal,Male,Health & Wellness,28.06,5,7.02,147.32,01/05/2025,12:26:18,Credit Card,140.3,0.24,33.67,6.9
ALT-200630,X,Liverpool,Normal,Male,Beverages,3.57,1,0.18,3.75,29/06/2025,16:32:57,Credit Card,3.57,0.13,0.46,7.3
ALT-200631,Z,Birmingham,Member,Female,Baby Products,29.2,7,10.22,214.62,14/07/2025,18:42:52,Cash,204.4,0.18,36.79,5.2
ALT-200632,Y,Sheffield,Member,Male,Frozen Foods,2.84,6,0.85,17.89,10/03/2025,13:16:09,Credit Card,17.04,0.1,1.7,7.2
ALT-200633,Y,Sheffield,Normal,Female,Baby Products,39.23,1,1.96,41.19,24/11/2025,14:15:02,Debit Card,39.23,0.18,7.06,7.9
ALT-200634,X,Liverpool,Normal,Male,Frozen Foods,10.18,6,3.05,64.13,12/02/2025,12:48:02,Debit Card,61.08,0.1,6.11,7.0
ALT-200635,Y,Sheffield,Member,Male,Personal Care,7.41,3,1.11,23.34,03/10/2025,18:00:34,Credit Card,22.23,0.21,4.67,6.1
ALT-200636,Y,Sheffield,Normal,Male,Bakery,3.74,8,1.5,31.42,09/09/2025,09:48:37,Debit Card,29.92,0.11,3.29,5.7
ALT-200637,Z,Birmingham,Member,Female,Fresh Produce,4.55,4,0.91,19.11,11/10/2025,17:00:34,Credit Card,18.2,0.08,1.46,7.6
ALT-200638,Y,Sheffield,Member,Female,Personal Care,6.92,5,1.73,36.33,05/04/2025,14:37:18,Debit Card,34.6,0.21,7.27,7.4
ALT-200639,Y,Sheffield,Normal,Male,Household,4.22,9,1.9,39.88,12/07/2025,16:04:19,Debit Card,37.98,0.19,7.22,7.6
ALT-200640,Z,Birmingham,Normal,Male,Dairy & Eggs,3.3,4,0.66,13.86,25/09/2025,12:10:00,Mobile Wallet,13.2,0.07,0.92,5.8
ALT-200641,Y,Sheffield,Normal,Male,Bakery,9.05,2,0.91,19.01,10/07/2025,17:10:37,Credit Card,18.1,0.11,1.99,6.5
ALT-200642,Z,Birmingham,Normal,Male,Dairy & Eggs,2.9,8,1.16,24.36,26/04/2025,14:45:58,Credit Card,23.2,0.07,1.62,7.3
ALT-200643,Z,Birmingham,Normal,Male,Snacks,6.59,8,2.64,55.36,22/06/2025,20:34:36,Credit Card,52.72,0.17,8.96,8.0
ALT-200644,Z,Birmingham,Member,Male,Frozen Foods,17.61,2,1.76,36.98,11/02/2025,18:26:42,Credit Card,35.22,0.1,3.52,7.5
ALT-200645,Y,Sheffield,Member,Male,Dairy & Eggs,3.27,6,0.98,20.6,02/05/2025,13:13:02,Debit Card,19.62,0.07,1.37,7.0
ALT-200646,X,Liverpool,Member,Female,Frozen Foods,12.97,10,6.48,136.18,19/04/2025,19:08:52,Debit Card,129.7,0.1,12.97,6.5
ALT-200647,Z,Birmingham,Normal,Male,Baby Products,28.38,4,5.68,119.2,22/10/2025,14:21:06,Mobile Wallet,113.52,0.18,20.43,7.1
ALT-200648,Z,Birmingham,Member,Male,Baby Products,17.96,1,0.9,18.86,20/01/2025,14:29:39,Debit Card,17.96,0.18,3.23,6.4
ALT-200649,Y,Sheffield,Member,Female,Personal Care,25.99,8,10.4,218.32,18/08/2025,11:24:19,Cash,207.92,0.21,43.66,8.6
ALT-200650,Y,Sheffield,Normal,Female,Health & Wellness,16.07,7,5.62,118.11,02/01/2025,11:41:05,Debit Card,112.49,0.24,27.0,4.5
ALT-200651,Y,Sheffield,Member,Female,Health & Wellness,15.01,8,6.0,126.08,07/06/2025,15:55:41,Cash,120.08,0.24,28.82,7.3
ALT-200652,X,Liverpool,Normal,Male,Personal Care,8.0,2,0.8,16.8,22/09/2025,20:25:02,Credit Card,16.0,0.21,3.36,5.3
ALT-200653,X,Liverpool,Normal,Male,Beverages,10.21,5,2.55,53.6,05/04/2025,15:26:19,Debit Card,51.05,0.13,6.64,7.2
ALT-200654,Y,Sheffield,Normal,Female,Bakery,1.66,9,0.75,15.69,04/12/2025,20:32:57,Credit Card,14.94,0.11,1.64,6.1
ALT-200655,X,Liverpool,Normal,Female,Beverages,7.95,7,2.78,58.43,18/10/2025,15:37:48,Mobile Wallet,55.65,0.13,7.23,5.6
ALT-200656,X,Liverpool,Normal,Male,Household,11.83,7,4.14,86.95,19/06/2025,18:58:19,Mobile Wallet,82.81,0.19,15.73,6.1
ALT-200657,Z,Birmingham,Member,Female,Beverages,12.51,3,1.88,39.41,09/11/2025,19:59:18,Debit Card,37.53,0.13,4.88,5.1
ALT-200658,Z,Birmingham,Normal,Male,Frozen Foods,7.98,2,0.8,16.76,10/09/2025,10:30:45,Debit Card,15.96,0.1,1.6,4.9
ALT-200659,Y,Sheffield,Member,Female,Fresh Produce,5.79,5,1.45,30.4,02/10/2025,16:30:42,Credit Card,28.95,0.08,2.32,5.3
ALT-200660,X,Liverpool,Member,Male,Fresh Produce,4.57,1,0.23,4.8,13/05/2025,17:02:17,Credit Card,4.57,0.08,0.37,6.7
ALT-200661,X,Liverpool,Normal,Male,Beverages,4.06,5,1.02,21.32,20/05/2025,18:27:52,Credit Card,20.3,0.13,2.64,7.1
ALT-200662,Z,Birmingham,Normal,Female,Health & Wellness,26.31,7,9.21,193.38,19/02/2025,16:28:57,Credit Card,184.17,0.24,44.2,6.4
ALT-200663,X,Liverpool,Member,Female,Personal Care,2.88,2,0.29,6.05,14/11/2025,18:25:04,Cash,5.76,0.21,1.21,6.3
ALT-200664,Y,Sheffield,Member,Female,Baby Products,29.93,1,1.5,31.43,29/04/2025,15:33:08,Debit Card,29.93,0.18,5.39,7.5
ALT-200665,X,Liverpool,Normal,Male,Beverages,8.15,2,0.82,17.12,30/11/2025,12:20:47,Debit Card,16.3,0.13,2.12,6.0
ALT-200666,Z,Birmingham,Member,Female,Baby Products,22.51,6,6.75,141.81,13/06/2025,14:48:11,Debit Card,135.06,0.18,24.31,7.6
ALT-200667,Y,Sheffield,Member,Female,Household,5.86,5,1.47,30.77,29/05/2025,14:44:27,Debit Card,29.3,0.19,5.57,5.7
ALT-200668,X,Liverpool,Normal,Female,Dairy & Eggs,2.7,5,0.68,14.18,17/12/2025,13:00:09,Debit Card,13.5,0.07,0.95,5.5
ALT-200669,Z,Birmingham,Member,Female,Dairy & Eggs,7.38,1,0.37,7.75,30/03/2025,11:03:57,Credit Card,7.38,0.07,0.52,8.0
ALT-200670,Y,Sheffield,Member,Male,Baby Products,36.26,4,7.25,152.29,11/07/2025,16:37:35,Cash,145.04,0.18,26.11,7.1
ALT-200671,Y,Sheffield,Normal,Male,Frozen Foods,11.83,9,5.32,111.79,04/08/2025,15:29:06,Cash,106.47,0.1,10.65,6.6
ALT-200672,Z,Birmingham,Member,Male,Health & Wellness,17.03,4,3.41,71.53,17/05/2025,11:40:54,Debit Card,68.12,0.24,16.35,5.7
ALT-200673,Z,Birmingham,Normal,Female,Beverages,5.06,2,0.51,10.63,10/01/2025,18:24:01,Debit Card,10.12,0.13,1.32,6.3
ALT-200674,Y,Sheffield,Member,Male,Snacks,2.76,2,0.28,5.8,26/01/2025,11:36:57,Mobile Wallet,5.52,0.17,0.94,8.0
ALT-200675,X,Liverpool,Member,Male,Frozen Foods,5.79,1,0.29,6.08,04/08/2025,19:39:01,Credit Card,5.79,0.1,0.58,6.6
ALT-200676,X,Liverpool,Normal,Male,Frozen Foods,13.62,2,1.36,28.6,25/06/2025,19:12:18,Cash,27.24,0.1,2.72,5.3
ALT-200677,Y,Sheffield,Member,Female,Bakery,4.65,4,0.93,19.53,13/03/2025,13:12:01,Debit Card,18.6,0.11,2.05,5.4
ALT-200678,X,Liverpool,Member,Male,Snacks,4.37,7,1.53,32.12,08/06/2025,14:33:42,Credit Card,30.59,0.17,5.2,7.1
ALT-200679,X,Liverpool,Normal,Male,Snacks,2.93,7,1.03,21.54,19/08/2025,15:54:07,Credit Card,20.51,0.17,3.49,6.0
ALT-200680,Z,Birmingham,Member,Male,Dairy & Eggs,4.91,7,1.72,36.09,12/10/2025,16:39:23,Debit Card,34.37,0.07,2.41,5.8
ALT-200681,Z,Birmingham,Member,Male,Frozen Foods,18.16,12,10.9,228.82,11/05/2025,11:51:24,Mobile Wallet,217.92,0.1,21.79,7.2
ALT-200682,Y,Sheffield,Normal,Female,Beverages,10.86,8,4.34,91.22,27/01/2025,16:19:09,Debit Card,86.88,0.13,11.29,7.9
ALT-200683,Z,Birmingham,Member,Male,Baby Products,32.08,9,14.44,303.16,13/12/2025,17:56:13,Mobile Wallet,288.72,0.18,51.97,6.1
ALT-200684,X,Liverpool,Normal,Female,Health & Wellness,12.61,2,1.26,26.48,22/08/2025,16:11:53,Debit Card,25.22,0.24,6.05,5.5
ALT-200685,X,Liverpool,Member,Female,Household,8.19,3,1.23,25.8,26/11/2025,16:03:24,Credit Card,24.57,0.19,4.67,6.6
ALT-200686,X,Liverpool,Normal,Female,Frozen Foods,4.03,5,1.01,21.16,06/03/2025,19:46:11,Cash,20.15,0.1,2.02,6.3
ALT-200687,X,Liverpool,Member,Female,Frozen Foods,14.07,8,5.63,118.19,21/08/2025,16:17:31,Debit Card,112.56,0.1,11.26,6.3
ALT-200688,X,Liverpool,Member,Female,Fresh Produce,5.55,6,1.67,34.97,29/04/2025,17:07:41,Credit Card,33.3,0.08,2.66,7.9
ALT-200689,Z,Birmingham,Normal,Female,Bakery,7.25,13,4.71,98.96,08/01/2025,09:27:10,Debit Card,94.25,0.11,10.37,6.7
ALT-200690,Z,Birmingham,Member,Female,Personal Care,22.0,3,3.3,69.3,29/03/2025,12:11:26,Credit Card,66.0,0.21,13.86,6.7
ALT-200691,Z,Birmingham,Member,Female,Personal Care,6.36,4,1.27,26.71,21/07/2025,17:27:25,Debit Card,25.44,0.21,5.34,7.3
ALT-200692,Z,Birmingham,Member,Female,Personal Care,25.78,12,15.47,324.83,10/11/2025,17:18:50,Credit Card,309.36,0.21,64.97,5.6
ALT-200693,X,Liverpool,Normal,Male,Bakery,3.22,1,0.16,3.38,05/04/2025,19:23:55,Credit Card,3.22,0.11,0.35,7.2
ALT-200694,X,Liverpool,Normal,Female,Beverages,5.46,3,0.82,17.2,01/09/2025,17:38:15,Cash,16.38,0.13,2.13,6.6
ALT-200695,Z,Birmingham,Member,Male,Dairy & Eggs,1.95,1,0.1,2.05,04/05/2025,18:22:22,Debit Card,1.95,0.07,0.14,7.8
ALT-200696,Z,Birmingham,Member,Female,Frozen Foods,7.16,3,1.07,22.55,05/12/2025,17:01:46,Debit Card,21.48,0.1,2.15,6.8
ALT-200697,Z,Birmingham,Member,Male,Bakery,3.4,6,1.02,21.42,02/08/2025,17:30:33,Credit Card,20.4,0.11,2.24,6.9
ALT-200698,Y,Sheffield,Normal,Male,Baby Products,40.43,12,24.26,509.42,10/11/2025,11:02:14,Debit Card,485.16,0.18,87.33,5.6
ALT-200699,X,Liverpool,Normal,Female,Personal Care,19.36,12,11.62,243.94,26/12/2025,15:47:54,Debit Card,232.32,0.21,48.79,6.5
ALT-200700,X,Liverpool,Normal,Male,Bakery,5.83,7,2.04,42.85,16/10/2025,20:10:34,Mobile Wallet,40.81,0.11,4.49,6.5
ALT-200701,Z,Birmingham,Member,Male,Baby Products,32.16,1,1.61,33.77,17/05/2025,16:05:25,Cash,32.16,0.18,5.79,5.4
ALT-200702,X,Liverpool,Member,Male,Frozen Foods,7.53,7,2.64,55.35,20/12/2025,12:28:55,Credit Card,52.71,0.1,5.27,5.9
ALT-200703,Z,Birmingham,Normal,Male,Beverages,13.14,10,6.57,137.97,18/12/2025,13:56:05,Credit Card,131.4,0.13,17.08,4.0
ALT-200704,Y,Sheffield,Member,Female,Household,4.0,8,1.6,33.6,11/06/2025,17:16:06,Mobile Wallet,32.0,0.19,6.08,7.1
ALT-200705,Y,Sheffield,Normal,Female,Bakery,5.37,5,1.34,28.19,20/08/2025,09:39:45,Mobile Wallet,26.85,0.11,2.95,7.2
ALT-200706,Y,Sheffield,Member,Male,Dairy & Eggs,2.1,3,0.32,6.62,06/03/2025,15:31:13,Mobile Wallet,6.3,0.07,0.44,8.2
ALT-200707,X,Liverpool,Member,Male,Beverages,12.67,8,5.07,106.43,30/12/2025,11:34:45,Debit Card,101.36,0.13,13.18,5.8
ALT-200708,X,Liverpool,Member,Female,Dairy & Eggs,6.64,4,1.33,27.89,16/08/2025,17:31:01,Debit Card,26.56,0.07,1.86,6.0
ALT-200709,X,Liverpool,Member,Male,Fresh Produce,3.26,1,0.16,3.42,30/11/2025,11:08:20,Debit Card,3.26,0.08,0.26,7.9
ALT-200710,Y,Sheffield,Member,Female,Fresh Produce,1.49,6,0.45,9.39,04/08/2025,15:15:36,Credit Card,8.94,0.08,0.72,6.3
ALT-200711,Z,Birmingham,Member,Male,Bakery,5.84,5,1.46,30.66,29/10/2025,10:20:05,Credit Card,29.2,0.11,3.21,6.6
ALT-200712,Z,Birmingham,Normal,Male,Beverages,16.17,1,0.81,16.98,29/12/2025,10:21:35,Debit Card,16.17,0.13,2.1,6.1
ALT-200713,Z,Birmingham,Member,Male,Frozen Foods,2.62,1,0.13,2.75,01/10/2025,21:20:28,Credit Card,2.62,0.1,0.26,9.7
ALT-200714,Y,Sheffield,Member,Male,Frozen Foods,8.56,4,1.71,35.95,10/07/2025,13:41:32,Debit Card,34.24,0.1,3.42,7.0
ALT-200715,Z,Birmingham,Normal,Male,Health & Wellness,32.35,11,17.79,373.64,28/09/2025,20:59:16,Credit Card,355.85,0.24,85.4,5.7
ALT-200716,Y,Sheffield,Normal,Male,Frozen Foods,13.68,8,5.47,114.91,25/09/2025,14:09:59,Credit Card,109.44,0.1,10.94,5.3
ALT-200717,Y,Sheffield,Normal,Male,Baby Products,9.77,1,0.49,10.26,11/04/2025,14:43:29,Mobile Wallet,9.77,0.18,1.76,5.5
ALT-200718,Z,Birmingham,Member,Female,Frozen Foods,14.15,9,6.37,133.72,01/11/2025,18:54:42,Mobile Wallet,127.35,0.1,12.73,6.4
ALT-200719,Z,Birmingham,Member,Female,Bakery,5.62,1,0.28,5.9,05/04/2025,10:51:35,Cash,5.62,0.11,0.62,7.0
ALT-200720,Z,Birmingham,Member,Male,Fresh Produce,7.34,3,1.1,23.12,19/02/2025,17:21:25,Mobile Wallet,22.02,0.08,1.76,8.0
ALT-200721,Z,Birmingham,Normal,Male,Frozen Foods,14.95,2,1.5,31.4,30/12/2025,16:16:00,Cash,29.9,0.1,2.99,7.7
ALT-200722,Y,Sheffield,Member,Female,Fresh Produce,7.96,5,1.99,41.79,02/06/2025,17:24:44,Debit Card,39.8,0.08,3.18,7.4
ALT-200723,Y,Sheffield,Normal,Female,Bakery,7.7,2,0.77,16.17,15/05/2025,15:17:21,Cash,15.4,0.11,1.69,5.9
ALT-200724,Z,Birmingham,Normal,Female,Personal Care,16.73,2,1.67,35.13,02/10/2025,17:57:15,Debit Card,33.46,0.21,7.03,7.1
ALT-200725,Y,Sheffield,Member,Male,Beverages,8.89,9,4.0,84.01,03/01/2025,09:44:29,Mobile Wallet,80.01,0.13,10.4,7.4
ALT-200726,Y,Sheffield,Normal,Male,Personal Care,5.32,6,1.6,33.52,02/02/2025,13:44:27,Credit Card,31.92,0.21,6.7,6.4
ALT-200727,Z,Birmingham,Member,Male,Baby Products,24.88,5,6.22,130.62,16/03/2025,18:47:25,Debit Card,124.4,0.18,22.39,6.8
ALT-200728,Y,Sheffield,Member,Female,Dairy & Eggs,5.46,6,1.64,34.4,21/01/2025,16:46:17,Debit Card,32.76,0.07,2.29,7.1
ALT-200729,Z,Birmingham,Member,Male,Beverages,6.51,6,1.95,41.01,05/12/2025,11:37:50,Debit Card,39.06,0.13,5.08,6.8
ALT-200730,X,Liverpool,Normal,Male,Dairy & Eggs,3.56,9,1.6,33.64,25/03/2025,13:59:40,Credit Card,32.04,0.07,2.24,4.8
ALT-200731,Z,Birmingham,Normal,Female,Beverages,13.44,2,1.34,28.22,21/10/2025,16:02:42,Credit Card,26.88,0.13,3.49,6.5
ALT-200732,X,Liverpool,Normal,Male,Dairy & Eggs,2.41,6,0.72,15.18,01/09/2025,11:57:31,Credit Card,14.46,0.07,1.01,6.1
ALT-200733,X,Liverpool,Member,Male,Frozen Foods,13.59,1,0.68,14.27,09/01/2025,11:13:25,Credit Card,13.59,0.1,1.36,6.7
ALT-200734,X,Liverpool,Normal,Male,Baby Products,8.35,5,2.09,43.84,15/11/2025,18:25:21,Mobile Wallet,41.75,0.18,7.51,8.5
ALT-200735,Y,Sheffield,Member,Male,Beverages,9.0,3,1.35,28.35,18/11/2025,16:46:32,Debit Card,27.0,0.13,3.51,7.7
ALT-200736,X,Liverpool,Member,Male,Bakery,3.43,1,0.17,3.6,03/11/2025,11:53:31,Debit Card,3.43,0.11,0.38,7.4
ALT-200737,X,Liverpool,Normal,Male,Household,5.06,10,2.53,53.13,03/05/2025,14:50:24,Mobile Wallet,50.6,0.19,9.61,7.4
ALT-200738,Y,Sheffield,Member,Female,Health & Wellness,5.56,3,0.83,17.51,24/11/2025,12:15:21,Debit Card,16.68,0.24,4.0,6.5
ALT-200739,Y,Sheffield,Normal,Male,Dairy & Eggs,2.21,1,0.11,2.32,29/07/2025,16:09:47,Credit Card,2.21,0.07,0.15,6.7
ALT-200740,Z,Birmingham,Normal,Female,Frozen Foods,13.24,4,2.65,55.61,16/05/2025,19:21:25,Debit Card,52.96,0.1,5.3,5.7
ALT-200741,Z,Birmingham,Member,Female,Beverages,3.25,5,0.81,17.06,21/02/2025,10:11:43,Cash,16.25,0.13,2.11,5.4
ALT-200742,Y,Sheffield,Normal,Male,Personal Care,4.37,4,0.87,18.35,21/05/2025,14:20:12,Cash,17.48,0.21,3.67,6.4
ALT-200743,Z,Birmingham,Member,Male,Bakery,5.22,12,3.13,65.77,26/04/2025,11:58:02,Mobile Wallet,62.64,0.11,6.89,7.4
ALT-200744,Y,Sheffield,Normal,Female,Frozen Foods,13.19,1,0.66,13.85,10/03/2025,12:02:30,Mobile Wallet,13.19,0.1,1.32,7.6
ALT-200745,Y,Sheffield,Member,Female,Dairy & Eggs,3.48,3,0.52,10.96,03/06/2025,14:10:56,Credit Card,10.44,0.07,0.73,7.0
ALT-200746,X,Liverpool,Normal,Female,Fresh Produce,8.25,3,1.24,25.99,26/10/2025,17:30:05,Debit Card,24.75,0.08,1.98,4.3
ALT-200747,Y,Sheffield,Member,Female,Beverages,10.62,4,2.12,44.6,08/09/2025,12:51:34,Credit Card,42.48,0.13,5.52,6.9
ALT-200748,X,Liverpool,Normal,Female,Dairy & Eggs,3.81,1,0.19,4.0,30/08/2025,13:21:04,Credit Card,3.81,0.07,0.27,5.3
ALT-200749,Y,Sheffield,Normal,Female,Beverages,5.78,7,2.02,42.48,07/02/2025,15:56:47,Debit Card,40.46,0.13,5.26,6.9
ALT-200750,X,Liverpool,Normal,Male,Dairy & Eggs,2.5,10,1.25,26.25,27/06/2025,20:59:16,Debit Card,25.0,0.07,1.75,7.2
ALT-200751,Y,Sheffield,Member,Female,Beverages,5.19,4,1.04,21.8,08/10/2025,15:41:29,Mobile Wallet,20.76,0.13,2.7,6.4
ALT-200752,X,Liverpool,Member,Male,Household,16.36,3,2.45,51.53,24/08/2025,14:50:52,Credit Card,49.08,0.19,9.33,6.4
ALT-200753,Y,Sheffield,Normal,Male,Health & Wellness,33.33,4,6.67,139.99,23/04/2025,15:04:39,Mobile Wallet,133.32,0.24,32.0,6.1
ALT-200754,Y,Sheffield,Member,Male,Health & Wellness,17.78,9,8.0,168.02,12/08/2025,12:13:56,Debit Card,160.02,0.24,38.4,6.9
ALT-200755,Y,Sheffield,Normal,Female,Bakery,4.99,3,0.75,15.72,21/07/2025,12:14:47,Debit Card,14.97,0.11,1.65,5.8
ALT-200756,Y,Sheffield,Member,Male,Personal Care,17.0,6,5.1,107.1,23/04/2025,17:21:45,Debit Card,102.0,0.21,21.42,4.0
ALT-200757,X,Liverpool,Member,Male,Dairy & Eggs,6.58,4,1.32,27.64,25/11/2025,11:43:43,Credit Card,26.32,0.07,1.84,7.1
ALT-200758,Z,Birmingham,Normal,Male,Health & Wellness,19.92,11,10.96,230.08,23/09/2025,12:41:50,Credit Card,219.12,0.24,52.59,5.7
ALT-200759,Y,Sheffield,Normal,Male,Personal Care,17.82,4,3.56,74.84,04/01/2025,21:02:27,Mobile Wallet,71.28,0.21,14.97,7.0
ALT-200760,Y,Sheffield,Member,Male,Dairy & Eggs,4.42,4,0.88,18.56,07/09/2025,10:41:35,Credit Card,17.68,0.07,1.24,5.6
ALT-200761,Z,Birmingham,Member,Female,Frozen Foods,19.03,7,6.66,139.87,20/06/2025,10:01:25,Credit Card,133.21,0.1,13.32,7.4
ALT-200762,Y,Sheffield,Normal,Female,Bakery,4.59,5,1.15,24.1,31/10/2025,09:59:34,Cash,22.95,0.11,2.52,6.4
ALT-200763,Y,Sheffield,Normal,Female,Health & Wellness,34.05,5,8.51,178.76,27/01/2025,14:11:18,Debit Card,170.25,0.24,40.86,5.9
ALT-200764,X,Liverpool,Member,Female,Beverages,8.06,3,1.21,25.39,08/06/2025,16:59:58,Credit Card,24.18,0.13,3.14,6.5
ALT-200765,X,Liverpool,Normal,Female,Personal Care,15.75,1,0.79,16.54,30/09/2025,17:37:58,Credit Card,15.75,0.21,3.31,7.3
ALT-200766,X,Liverpool,Normal,Female,Fresh Produce,6.02,1,0.3,6.32,08/11/2025,15:01:38,Credit Card,6.02,0.08,0.48,5.2
ALT-200767,Z,Birmingham,Member,Female,Dairy & Eggs,8.8,3,1.32,27.72,30/12/2025,15:11:35,Debit Card,26.4,0.07,1.85,6.3
ALT-200768,X,Liverpool,Normal,Male,Bakery,9.29,4,1.86,39.02,20/11/2025,12:09:14,Mobile Wallet,37.16,0.11,4.09,8.2
ALT-200769,X,Liverpool,Member,Male,Household,6.33,3,0.95,19.94,14/06/2025,13:48:37,Debit Card,18.99,0.19,3.61,6.4
ALT-200770,X,Liverpool,Normal,Female,Fresh Produce,7.33,2,0.73,15.39,09/07/2025,18:01:46,Cash,14.66,0.08,1.17,6.4
ALT-200771,Y,Sheffield,Normal,Female,Snacks,5.05,1,0.25,5.3,08/02/2025,11:22:20,Credit Card,5.05,0.17,0.86,5.2
ALT-200772,X,Liverpool,Member,Female,Dairy & Eggs,4.45,3,0.67,14.02,18/01/2025,13:27:44,Debit Card,13.35,0.07,0.93,5.7
ALT-200773,Z,Birmingham,Member,Male,Fresh Produce,7.19,2,0.72,15.1,29/03/2025,16:22:20,Debit Card,14.38,0.08,1.15,4.5
ALT-200774,Z,Birmingham,Member,Female,Bakery,6.79,7,2.38,49.91,18/05/2025,11:45:56,Debit Card,47.53,0.11,5.23,7.9
ALT-200775,X,Liverpool,Member,Female,Snacks,6.08,10,3.04,63.84,10/06/2025,12:43:00,Debit Card,60.8,0.17,10.34,5.6
ALT-200776,X,Liverpool,Normal,Male,Frozen Foods,9.56,5,2.39,50.19,12/09/2025,15:35:36,Debit Card,47.8,0.1,4.78,7.6
ALT-200777,X,Liverpool,Member,Female,Baby Products,25.09,8,10.04,210.76,21/04/2025,20:06:17,Mobile Wallet,200.72,0.18,36.13,6.8
ALT-200778,Z,Birmingham,Member,Male,Personal Care,21.11,8,8.44,177.32,22/07/2025,13:57:50,Debit Card,168.88,0.21,35.46,5.4
ALT-200779,Y,Sheffield,Member,Male,Bakery,4.62,3,0.69,14.55,12/04/2025,18:15:03,Debit Card,13.86,0.11,1.52,5.6
ALT-200780,X,Liverpool,Normal,Male,Fresh Produce,1.97,6,0.59,12.41,28/02/2025,14:42:39,Cash,11.82,0.08,0.95,8.3
ALT-200781,X,Liverpool,Normal,Female,Bakery,3.73,3,0.56,11.75,26/05/2025,18:16:20,Credit Card,11.19,0.11,1.23,6.2
ALT-200782,X,Liverpool,Member,Female,Dairy & Eggs,6.78,12,4.07,85.43,22/11/2025,18:11:31,Debit Card,81.36,0.07,5.7,6.4
ALT-200783,X,Liverpool,Member,Male,Baby Products,24.78,7,8.67,182.13,12/07/2025,14:56:43,Credit Card,173.46,0.18,31.22,6.0
ALT-200784,Z,Birmingham,Member,Male,Dairy & Eggs,2.6,1,0.13,2.73,18/03/2025,15:06:26,Cash,2.6,0.07,0.18,7.7
ALT-200785,Y,Sheffield,Member,Male,Bakery,2.96,1,0.15,3.11,10/07/2025,20:35:52,Mobile Wallet,2.96,0.11,0.33,7.6
ALT-200786,Y,Sheffield,Member,Male,Health & Wellness,35.38,6,10.61,222.89,27/10/2025,10:51:10,Debit Card,212.28,0.24,50.95,6.8
ALT-200787,X,Liverpool,Normal,Male,Beverages,1.99,5,0.5,10.45,05/04/2025,20:52:00,Credit Card,9.95,0.13,1.29,4.9
ALT-200788,Y,Sheffield,Member,Male,Household,5.99,10,3.0,62.9,17/07/2025,14:38:25,Debit Card,59.9,0.19,11.38,7.7
ALT-200789,Y,Sheffield,Member,Male,Personal Care,8.92,3,1.34,28.1,30/01/2025,16:37:05,Cash,26.76,0.21,5.62,7.3
ALT-200790,Y,Sheffield,Member,Male,Personal Care,6.49,2,0.65,13.63,10/12/2025,17:17:32,Debit Card,12.98,0.21,2.73,8.6
ALT-200791,Z,Birmingham,Member,Male,Health & Wellness,8.24,7,2.88,60.56,13/05/2025,10:41:34,Credit Card,57.68,0.24,13.84,6.3
ALT-200792,Y,Sheffield,Member,Female,Frozen Foods,8.79,10,4.4,92.3,06/05/2025,15:43:43,Debit Card,87.9,0.1,8.79,8.8
ALT-200793,X,Liverpool,Normal,Male,Dairy & Eggs,6.95,2,0.7,14.6,24/01/2025,16:17:08,Cash,13.9,0.07,0.97,6.4
ALT-200794,X,Liverpool,Member,Female,Fresh Produce,2.39,5,0.6,12.55,28/03/2025,20:35:07,Mobile Wallet,11.95,0.08,0.96,7.5
ALT-200795,Y,Sheffield,Normal,Male,Fresh Produce,1.99,1,0.1,2.09,30/10/2025,20:25:03,Debit Card,1.99,0.08,0.16,6.4
ALT-200796,X,Liverpool,Member,Male,Health & Wellness,6.18,9,2.78,58.4,24/06/2025,15:06:56,Debit Card,55.62,0.24,13.35,6.4
ALT-200797,Y,Sheffield,Normal,Male,Frozen Foods,12.59,5,3.15,66.1,23/05/2025,18:52:36,Debit Card,62.95,0.1,6.3,6.8
ALT-200798,X,Liverpool,Member,Male,Fresh Produce,4.41,3,0.66,13.89,22/06/2025,14:57:57,Credit Card,13.23,0.08,1.06,7.8
ALT-200799,Y,Sheffield,Member,Female,Beverages,6.44,2,0.64,13.52,17/05/2025,19:58:07,Cash,12.88,0.13,1.67,5.5
ALT-200800,Z,Birmingham,Member,Female,Snacks,6.91,3,1.04,21.77,06/12/2025,16:26:14,Credit Card,20.73,0.17,3.52,6.1
ALT-200801,Z,Birmingham,Normal,Female,Baby Products,7.74,6,2.32,48.76,27/09/2025,09:29:40,Mobile Wallet,46.44,0.18,8.36,6.0
ALT-200802,Z,Birmingham,Member,Female,Personal Care,22.84,8,9.14,191.86,26/01/2025,12:17:09,Credit Card,182.72,0.21,38.37,7.0
ALT-200803,Z,Birmingham,Member,Female,Baby Products,34.65,4,6.93,145.53,28/04/2025,17:18:27,Credit Card,138.6,0.18,24.95,6.1
ALT-200804,X,Liverpool,Normal,Male,Household,4.19,8,1.68,35.2,08/02/2025,12:09:07,Mobile Wallet,33.52,0.19,6.37,6.3
ALT-200805,Z,Birmingham,Normal,Male,Snacks,1.01,10,0.51,10.61,07/01/2025,14:11:21,Cash,10.1,0.17,1.72,7.3
ALT-200806,Z,Birmingham,Member,Male,Baby Products,34.56,1,1.73,36.29,21/11/2025,08:19:10,Mobile Wallet,34.56,0.18,6.22,5.2
ALT-200807,Y,Sheffield,Member,Female,Snacks,3.2,2,0.32,6.72,08/12/2025,12:40:07,Credit Card,6.4,0.17,1.09,7.9
ALT-200808,Z,Birmingham,Member,Male,Household,17.39,4,3.48,73.04,06/10/2025,17:40:03,Debit Card,69.56,0.19,13.22,7.3
ALT-200809,X,Liverpool,Normal,Male,Personal Care,18.53,9,8.34,175.11,01/07/2025,17:41:20,Debit Card,166.77,0.21,35.02,5.1
ALT-200810,X,Liverpool,Member,Male,Health & Wellness,43.64,6,13.09,274.93,27/12/2025,19:27:19,Mobile Wallet,261.84,0.24,62.84,6.5
ALT-200811,X,Liverpool,Normal,Male,Dairy & Eggs,6.9,8,2.76,57.96,12/05/2025,16:12:00,Credit Card,55.2,0.07,3.86,6.8
ALT-200812,Z,Birmingham,Member,Male,Baby Products,11.51,2,1.15,24.17,11/07/2025,21:55:37,Mobile Wallet,23.02,0.18,4.14,5.7
ALT-200813,X,Liverpool,Member,Male,Bakery,1.44,9,0.65,13.61,23/01/2025,17:23:38,Debit Card,12.96,0.11,1.43,6.7
ALT-200814,Z,Birmingham,Normal,Male,Bakery,4.33,9,1.95,40.92,11/11/2025,12:34:02,Credit Card,38.97,0.11,4.29,7.3
ALT-200815,Z,Birmingham,Member,Female,Fresh Produce,10.9,6,3.27,68.67,14/03/2025,14:16:40,Cash,65.4,0.08,5.23,8.7
ALT-200816,Y,Sheffield,Normal,Female,Dairy & Eggs,6.5,10,3.25,68.25,26/02/2025,16:27:38,Credit Card,65.0,0.07,4.55,5.4
ALT-200817,Y,Sheffield,Member,Male,Health & Wellness,22.93,6,6.88,144.46,26/12/2025,11:55:14,Debit Card,137.58,0.24,33.02,5.8
ALT-200818,Z,Birmingham,Normal,Male,Household,11.33,5,2.83,59.48,26/03/2025,11:27:59,Credit Card,56.65,0.19,10.76,7.5
ALT-200819,Z,Birmingham,Normal,Female,Household,12.22,2,1.22,25.66,16/10/2025,15:54:04,Mobile Wallet,24.44,0.19,4.64,5.9
ALT-200820,X,Liverpool,Normal,Male,Beverages,4.44,3,0.67,13.99,08/11/2025,14:50:37,Credit Card,13.32,0.13,1.73,7.3
ALT-200821,Z,Birmingham,Member,Female,Personal Care,22.15,4,4.43,93.03,24/10/2025,13:12:36,Credit Card,88.6,0.21,18.61,4.8
ALT-200822,Z,Birmingham,Member,Female,Snacks,4.49,1,0.22,4.71,15/12/2025,12:14:44,Credit Card,4.49,0.17,0.76,5.7
ALT-200823,Z,Birmingham,Normal,Female,Frozen Foods,4.45,5,1.11,23.36,25/10/2025,17:45:10,Credit Card,22.25,0.1,2.23,4.5
ALT-200824,Y,Sheffield,Member,Male,Fresh Produce,8.12,8,3.25,68.21,27/06/2025,15:04:09,Credit Card,64.96,0.08,5.2,8.1
ALT-200825,X,Liverpool,Member,Female,Personal Care,8.26,2,0.83,17.35,15/08/2025,19:58:51,Credit Card,16.52,0.21,3.47,5.8
ALT-200826,X,Liverpool,Normal,Male,Fresh Produce,6.13,4,1.23,25.75,09/03/2025,12:11:10,Credit Card,24.52,0.08,1.96,6.5
ALT-200827,Z,Birmingham,Member,Male,Baby Products,40.02,7,14.01,294.15,30/07/2025,19:16:25,Cash,280.14,0.18,50.43,5.7
ALT-200828,Z,Birmingham,Normal,Female,Frozen Foods,11.1,6,3.33,69.93,02/08/2025,18:04:45,Mobile Wallet,66.6,0.1,6.66,5.7
ALT-200829,Z,Birmingham,Normal,Female,Snacks,1.64,7,0.57,12.05,06/05/2025,17:22:53,Credit Card,11.48,0.17,1.95,7.6
ALT-200830,Y,Sheffield,Member,Female,Beverages,7.68,4,1.54,32.26,05/01/2025,19:43:49,Cash,30.72,0.13,3.99,7.0
ALT-200831,Y,Sheffield,Normal,Female,Household,17.72,9,7.97,167.45,01/02/2025,09:17:13,Mobile Wallet,159.48,0.19,30.3,5.6
ALT-200832,Y,Sheffield,Normal,Male,Dairy & Eggs,3.27,5,0.82,17.17,07/11/2025,10:59:28,Debit Card,16.35,0.07,1.14,8.0
ALT-200833,X,Liverpool,Normal,Female,Fresh Produce,7.44,5,1.86,39.06,16/11/2025,15:47:42,Cash,37.2,0.08,2.98,7.9
ALT-200834,X,Liverpool,Member,Female,Dairy & Eggs,4.95,7,1.73,36.38,05/12/2025,15:57:58,Credit Card,34.65,0.07,2.43,5.7
ALT-200835,Z,Birmingham,Normal,Male,Beverages,13.08,3,1.96,41.2,24/03/2025,15:52:03,Debit Card,39.24,0.13,5.1,6.0
ALT-200836,Y,Sheffield,Normal,Male,Snacks,5.82,6,1.75,36.67,09/11/2025,21:34:15,Mobile Wallet,34.92,0.17,5.94,7.0
ALT-200837,X,Liverpool,Member,Male,Dairy & Eggs,4.83,8,1.93,40.57,31/01/2025,17:00:58,Mobile Wallet,38.64,0.07,2.7,5.5
ALT-200838,Y,Sheffield,Normal,Male,Household,21.89,4,4.38,91.94,06/01/2025,21:38:49,Credit Card,87.56,0.19,16.64,6.3
ALT-200839,Z,Birmingham,Normal,Female,Household,14.02,8,5.61,117.77,10/07/2025,12:57:11,Cash,112.16,0.19,21.31,5.7
ALT-200840,X,Liverpool,Member,Male,Snacks,3.45,9,1.55,32.6,23/04/2025,13:01:18,Mobile Wallet,31.05,0.17,5.28,8.0
ALT-200841,Y,Sheffield,Normal,Female,Personal Care,9.95,5,2.49,52.24,02/02/2025,15:35:47,Mobile Wallet,49.75,0.21,10.45,7.3
ALT-200842,Y,Sheffield,Member,Male,Personal Care,15.05,2,1.51,31.61,19/04/2025,15:44:18,Debit Card,30.1,0.21,6.32,6.3
ALT-200843,Z,Birmingham,Normal,Female,Dairy & Eggs,2.89,2,0.29,6.07,16/04/2025,15:58:13,Mobile Wallet,5.78,0.07,0.4,6.2
ALT-200844,Z,Birmingham,Normal,Male,Snacks,5.6,5,1.4,29.4,11/10/2025,15:25:44,Debit Card,28.0,0.17,4.76,8.1
ALT-200845,X,Liverpool,Normal,Male,Personal Care,15.95,3,2.39,50.24,23/01/2025,21:59:13,Mobile Wallet,47.85,0.21,10.05,5.5
ALT-200846,Y,Sheffield,Member,Female,Frozen Foods,8.46,2,0.85,17.77,06/12/2025,15:05:33,Debit Card,16.92,0.1,1.69,6.2
ALT-200847,Y,Sheffield,Normal,Female,Fresh Produce,6.7,2,0.67,14.07,24/04/2025,10:02:18,Debit Card,13.4,0.08,1.07,6.9
ALT-200848,Z,Birmingham,Normal,Male,Household,11.48,10,5.74,120.54,27/11/2025,15:10:01,Credit Card,114.8,0.19,21.81,7.0
ALT-200849,Z,Birmingham,Normal,Female,Snacks,3.91,10,1.96,41.06,18/02/2025,16:29:30,Debit Card,39.1,0.17,6.65,5.0
ALT-200850,Y,Sheffield,Normal,Male,Fresh Produce,6.21,2,0.62,13.04,24/05/2025,17:43:33,Mobile Wallet,12.42,0.08,0.99,6.1
ALT-200851,X,Liverpool,Normal,Male,Frozen Foods,5.35,2,0.54,11.24,16/06/2025,18:00:01,Debit Card,10.7,0.1,1.07,4.0
ALT-200852,Z,Birmingham,Member,Male,Personal Care,4.21,5,1.05,22.1,05/12/2025,13:29:27,Mobile Wallet,21.05,0.21,4.42,9.5
ALT-200853,X,Liverpool,Normal,Male,Dairy & Eggs,6.55,5,1.64,34.39,29/04/2025,13:07:52,Credit Card,32.75,0.07,2.29,6.1
ALT-200854,X,Liverpool,Member,Male,Personal Care,7.58,3,1.14,23.88,18/02/2025,15:32:32,Cash,22.74,0.21,4.78,6.8
ALT-200855,Z,Birmingham,Member,Female,Personal Care,13.04,2,1.3,27.38,31/08/2025,16:18:54,Cash,26.08,0.21,5.48,8.8
ALT-200856,X,Liverpool,Normal,Female,Beverages,12.53,3,1.88,39.47,20/11/2025,19:30:27,Mobile Wallet,37.59,0.13,4.89,6.5
ALT-200857,Y,Sheffield,Member,Male,Personal Care,3.53,3,0.53,11.12,09/08/2025,16:31:22,Cash,10.59,0.21,2.22,4.8
ALT-200858,X,Liverpool,Member,Female,Health & Wellness,4.61,5,1.15,24.2,14/10/2025,17:02:05,Mobile Wallet,23.05,0.24,5.53,5.7
ALT-200859,X,Liverpool,Normal,Female,Fresh Produce,7.44,5,1.86,39.06,24/04/2025,18:56:13,Cash,37.2,0.08,2.98,6.7
ALT-200860,Y,Sheffield,Member,Female,Fresh Produce,2.99,10,1.5,31.4,12/01/2025,17:47:40,Cash,29.9,0.08,2.39,7.6
ALT-200861,Z,Birmingham,Normal,Female,Frozen Foods,11.53,11,6.34,133.17,15/04/2025,16:09:57,Mobile Wallet,126.83,0.1,12.68,7.5
ALT-200862,X,Liverpool,Normal,Female,Fresh Produce,9.03,6,2.71,56.89,27/10/2025,18:07:17,Mobile Wallet,54.18,0.08,4.33,7.1
ALT-200863,Y,Sheffield,Normal,Female,Snacks,5.35,9,2.41,50.56,07/05/2025,12:10:23,Mobile Wallet,48.15,0.17,8.19,6.8
ALT-200864,Z,Birmingham,Normal,Female,Bakery,6.3,5,1.58,33.08,29/12/2025,18:47:30,Cash,31.5,0.11,3.46,6.9
ALT-200865,Z,Birmingham,Member,Male,Personal Care,19.27,4,3.85,80.93,26/01/2025,18:26:04,Debit Card,77.08,0.21,16.19,6.4
ALT-200866,X,Liverpool,Member,Female,Baby Products,30.7,3,4.6,96.7,03/09/2025,08:20:19,Credit Card,92.1,0.18,16.58,6.9
ALT-200867,Z,Birmingham,Member,Female,Beverages,17.21,8,6.88,144.56,07/11/2025,20:27:03,Credit Card,137.68,0.13,17.9,8.0
ALT-200868,Y,Sheffield,Member,Female,Personal Care,19.29,1,0.96,20.25,18/03/2025,17:18:51,Mobile Wallet,19.29,0.21,4.05,8.2
ALT-200869,Y,Sheffield,Member,Female,Snacks,4.68,5,1.17,24.57,26/04/2025,21:51:19,Debit Card,23.4,0.17,3.98,8.6
ALT-200870,Y,Sheffield,Member,Male,Baby Products,36.61,8,14.64,307.52,04/09/2025,13:26:40,Credit Card,292.88,0.18,52.72,6.1
ALT-200871,X,Liverpool,Normal,Female,Fresh Produce,3.29,8,1.32,27.64,16/01/2025,21:07:22,Debit Card,26.32,0.08,2.11,6.2
ALT-200872,Y,Sheffield,Member,Male,Household,6.77,7,2.37,49.76,24/10/2025,11:25:49,Credit Card,47.39,0.19,9.0,8.6
ALT-200873,Y,Sheffield,Member,Female,Household,10.28,8,4.11,86.35,23/01/2025,17:51:44,Credit Card,82.24,0.19,15.63,6.9
ALT-200874,Y,Sheffield,Normal,Female,Household,23.91,7,8.37,175.74,29/07/2025,17:24:19,Credit Card,167.37,0.19,31.8,6.1
ALT-200875,X,Liverpool,Member,Female,Fresh Produce,5.08,4,1.02,21.34,06/05/2025,15:26:02,Debit Card,20.32,0.08,1.63,7.9
ALT-200876,Z,Birmingham,Normal,Female,Baby Products,21.96,9,9.88,207.52,02/03/2025,15:18:46,Credit Card,197.64,0.18,35.58,4.0
ALT-200877,Z,Birmingham,Member,Female,Beverages,3.62,4,0.72,15.2,30/07/2025,17:52:26,Cash,14.48,0.13,1.88,6.1
ALT-200878,Z,Birmingham,Normal,Male,Frozen Foods,2.27,13,1.48,30.99,27/06/2025,19:04:26,Mobile Wallet,29.51,0.1,2.95,6.7
ALT-200879,X,Liverpool,Normal,Female,Baby Products,8.77,3,1.32,27.63,21/10/2025,12:08:35,Credit Card,26.31,0.18,4.74,4.3
ALT-200880,Y,Sheffield,Member,Male,Bakery,7.89,5,1.97,41.42,20/02/2025,15:56:51,Debit Card,39.45,0.11,4.34,8.0
ALT-200881,X,Liverpool,Normal,Male,Bakery,6.47,1,0.32,6.79,13/06/2025,12:15:19,Debit Card,6.47,0.11,0.71,6.4
ALT-200882,X,Liverpool,Member,Female,Beverages,2.3,12,1.38,28.98,30/10/2025,11:41:40,Credit Card,27.6,0.13,3.59,7.2
ALT-200883,X,Liverpool,Member,Male,Dairy & Eggs,6.5,2,0.65,13.65,17/08/2025,15:12:55,Credit Card,13.0,0.07,0.91,6.8
ALT-200884,Z,Birmingham,Member,Female,Dairy & Eggs,1.85,2,0.19,3.89,09/08/2025,11:26:42,Mobile Wallet,3.7,0.07,0.26,7.0
ALT-200885,Z,Birmingham,Normal,Female,Fresh Produce,8.42,6,2.53,53.05,15/02/2025,12:38:21,Mobile Wallet,50.52,0.08,4.04,6.7
ALT-200886,Y,Sheffield,Normal,Female,Fresh Produce,8.12,2,0.81,17.05,15/03/2025,19:22:50,Credit Card,16.24,0.08,1.3,7.3
ALT-200887,Z,Birmingham,Normal,Male,Beverages,1.76,2,0.18,3.7,04/09/2025,10:41:46,Mobile Wallet,3.52,0.13,0.46,7.3
ALT-200888,X,Liverpool,Member,Male,Household,17.22,1,0.86,18.08,11/01/2025,16:04:03,Mobile Wallet,17.22,0.19,3.27,6.3
ALT-200889,Y,Sheffield,Normal,Female,Health & Wellness,19.14,1,0.96,20.1,23/04/2025,13:44:30,Debit Card,19.14,0.24,4.59,8.3
ALT-200890,X,Liverpool,Member,Male,Baby Products,11.36,4,2.27,47.71,30/01/2025,14:35:58,Credit Card,45.44,0.18,8.18,6.6
ALT-200891,Z,Birmingham,Member,Male,Household,23.07,1,1.15,24.22,04/02/2025,10:13:10,Credit Card,23.07,0.19,4.38,7.1
ALT-200892,X,Liverpool,Normal,Female,Health & Wellness,7.82,5,1.96,41.06,18/03/2025,14:59:03,Credit Card,39.1,0.24,9.38,6.0
ALT-200893,Z,Birmingham,Normal,Male,Beverages,3.47,5,0.87,18.22,09/03/2025,18:25:11,Credit Card,17.35,0.13,2.26,5.3
ALT-200894,Z,Birmingham,Member,Male,Household,14.67,13,9.54,200.25,18/04/2025,16:06:04,Credit Card,190.71,0.19,36.23,8.6
ALT-200895,X,Liverpool,Normal,Female,Snacks,4.39,7,1.54,32.27,14/06/2025,18:31:07,Credit Card,30.73,0.17,5.22,6.1
ALT-200896,Z,Birmingham,Member,Female,Household,25.55,7,8.94,187.79,30/07/2025,14:15:00,Mobile Wallet,178.85,0.19,33.98,8.1
ALT-200897,Z,Birmingham,Normal,Male,Beverages,3.08,5,0.77,16.17,28/10/2025,15:54:51,Credit Card,15.4,0.13,2.0,8.1
ALT-200898,Z,Birmingham,Normal,Female,Fresh Produce,8.29,6,2.49,52.23,10/01/2025,12:45:59,Debit Card,49.74,0.08,3.98,5.0
ALT-200899,X,Liverpool,Member,Female,Snacks,1.59,3,0.24,5.01,15/04/2025,17:58:46,Credit Card,4.77,0.17,0.81,8.4
ALT-200900,X,Liverpool,Member,Female,Frozen Foods,2.46,6,0.74,15.5,11/02/2025,17:38:32,Cash,14.76,0.1,1.48,5.4
ALT-200901,X,Liverpool,Member,Female,Household,13.79,2,1.38,28.96,18/08/2025,16:22:15,Credit Card,27.58,0.19,5.24,5.6
ALT-200902,Z,Birmingham,Member,Female,Frozen Foods,5.9,3,0.89,18.59,15/09/2025,14:40:18,Credit Card,17.7,0.1,1.77,7.2
ALT-200903,X,Liverpool,Normal,Male,Snacks,4.43,13,2.88,60.47,22/04/2025,16:01:24,Mobile Wallet,57.59,0.17,9.79,6.3
ALT-200904,Z,Birmingham,Normal,Male,Personal Care,15.35,6,4.6,96.7,10/04/2025,17:01:04,Debit Card,92.1,0.21,19.34,7.0
ALT-200905,Z,Birmingham,Member,Male,Frozen Foods,9.2,11,5.06,106.26,30/12/2025,15:21:22,Credit Card,101.2,0.1,10.12,6.2
ALT-200906,X,Liverpool,Normal,Female,Frozen Foods,10.07,2,1.01,21.15,16/01/2025,16:24:42,Mobile Wallet,20.14,0.1,2.01,7.4
ALT-200907,X,Liverpool,Member,Male,Fresh Produce,4.68,2,0.47,9.83,03/07/2025,11:45:30,Credit Card,9.36,0.08,0.75,7.5
ALT-200908,Z,Birmingham,Normal,Male,Dairy & Eggs,5.52,3,0.83,17.39,12/03/2025,21:24:38,Credit Card,16.56,0.07,1.16,5.5
ALT-200909,X,Liverpool,Normal,Female,Bakery,9.12,6,2.74,57.46,17/07/2025,15:59:51,Cash,54.72,0.11,6.02,7.6
ALT-200910,X,Liverpool,Normal,Male,Household,15.19,6,4.56,95.7,08/04/2025,09:20:08,Credit Card,91.14,0.19,17.32,4.7
ALT-200911,Z,Birmingham,Normal,Female,Health & Wellness,12.03,4,2.41,50.53,16/08/2025,15:26:55,Debit Card,48.12,0.24,11.55,7.6
ALT-200912,Y,Sheffield,Member,Male,Frozen Foods,3.09,3,0.46,9.73,11/07/2025,18:01:56,Debit Card,9.27,0.1,0.93,6.9
ALT-200913,Z,Birmingham,Normal,Female,Household,10.26,6,3.08,64.64,20/02/2025,14:09:04,Credit Card,61.56,0.19,11.7,7.1
ALT-200914,Z,Birmingham,Normal,Female,Dairy & Eggs,6.34,7,2.22,46.6,13/07/2025,12:32:58,Credit Card,44.38,0.07,3.11,6.8
ALT-200915,Y,Sheffield,Normal,Male,Health & Wellness,19.61,7,6.86,144.13,17/03/2025,13:18:20,Cash,137.27,0.24,32.94,6.6
ALT-200916,Y,Sheffield,Member,Male,Baby Products,19.26,2,1.93,40.45,30/01/2025,11:27:57,Credit Card,38.52,0.18,6.93,6.5
ALT-200917,Z,Birmingham,Normal,Female,Fresh Produce,2.39,2,0.24,5.02,09/06/2025,09:16:55,Debit Card,4.78,0.08,0.38,6.4
ALT-200918,Z,Birmingham,Member,Male,Snacks,6.32,4,1.26,26.54,09/06/2025,09:29:40,Cash,25.28,0.17,4.3,7.8
ALT-200919,Y,Sheffield,Member,Male,Household,16.07,3,2.41,50.62,03/01/2025,14:26:18,Credit Card,48.21,0.19,9.16,6.8
ALT-200920,Z,Birmingham,Member,Female,Fresh Produce,6.9,2,0.69,14.49,20/01/2025,12:31:50,Mobile Wallet,13.8,0.08,1.1,6.6
ALT-200921,Z,Birmingham,Member,Female,Household,8.6,4,1.72,36.12,29/11/2025,20:40:03,Mobile Wallet,34.4,0.19,6.54,6.9
ALT-200922,X,Liverpool,Normal,Male,Dairy & Eggs,7.37,4,1.47,30.95,26/09/2025,21:42:29,Credit Card,29.48,0.07,2.06,6.8
ALT-200923,Y,Sheffield,Normal,Female,Beverages,10.3,7,3.6,75.7,24/10/2025,16:48:43,Mobile Wallet,72.1,0.13,9.37,5.5
ALT-200924,X,Liverpool,Normal,Female,Beverages,5.82,6,1.75,36.67,16/03/2025,17:58:39,Credit Card,34.92,0.13,4.54,7.1
ALT-200925,Y,Sheffield,Member,Male,Household,5.09,1,0.25,5.34,26/01/2025,21:32:02,Credit Card,5.09,0.19,0.97,7.6
ALT-200926,Y,Sheffield,Member,Female,Dairy & Eggs,2.67,4,0.53,11.21,29/08/2025,14:16:46,Credit Card,10.68,0.07,0.75,5.6
ALT-200927,Z,Birmingham,Normal,Female,Health & Wellness,32.76,6,9.83,206.39,25/10/2025,15:47:12,Credit Card,196.56,0.24,47.17,4.0
ALT-200928,Y,Sheffield,Normal,Male,Health & Wellness,7.05,10,3.53,74.03,05/01/2025,20:19:56,Debit Card,70.5,0.24,16.92,7.0
ALT-200929,Z,Birmingham,Member,Male,Dairy & Eggs,4.14,10,2.07,43.47,02/09/2025,18:43:38,Mobile Wallet,41.4,0.07,2.9,7.0
ALT-200930,Y,Sheffield,Member,Female,Household,17.23,3,2.58,54.27,02/02/2025,15:55:31,Credit Card,51.69,0.19,9.82,5.6
ALT-200931,X,Liverpool,Member,Male,Bakery,4.75,4,0.95,19.95,21/02/2025,14:21:39,Debit Card,19.0,0.11,2.09,6.5
ALT-200932,Z,Birmingham,Normal,Female,Personal Care,15.77,10,7.88,165.58,12/12/2025,09:57:06,Cash,157.7,0.21,33.12,6.3
ALT-200933,Y,Sheffield,Normal,Male,Frozen Foods,10.76,3,1.61,33.89,16/02/2025,17:54:55,Mobile Wallet,32.28,0.1,3.23,8.8
ALT-200934,Z,Birmingham,Normal,Male,Household,14.83,6,4.45,93.43,23/05/2025,18:51:16,Cash,88.98,0.19,16.91,6.7
ALT-200935,Y,Sheffield,Normal,Female,Bakery,2.95,6,0.89,18.59,07/11/2025,18:13:20,Mobile Wallet,17.7,0.11,1.95,5.4
ALT-200936,Y,Sheffield,Normal,Male,Baby Products,16.77,5,4.19,88.04,05/04/2025,19:28:07,Credit Card,83.85,0.18,15.09,6.3
ALT-200937,X,Liverpool,Normal,Male,Household,12.72,8,5.09,106.85,05/08/2025,14:30:46,Mobile Wallet,101.76,0.19,19.33,7.2
ALT-200938,Z,Birmingham,Member,Female,Baby Products,16.71,6,5.01,105.27,21/01/2025,17:02:36,Cash,100.26,0.18,18.05,6.5
ALT-200939,Y,Sheffield,Member,Male,Bakery,8.6,3,1.29,27.09,16/07/2025,20:54:14,Cash,25.8,0.11,2.84,5.5
ALT-200940,Y,Sheffield,Normal,Male,Frozen Foods,17.6,3,2.64,55.44,03/11/2025,11:15:23,Credit Card,52.8,0.1,5.28,7.6
ALT-200941,Y,Sheffield,Normal,Male,Beverages,2.65,6,0.8,16.7,13/06/2025,14:54:00,Credit Card,15.9,0.13,2.07,5.1
ALT-200942,Y,Sheffield,Member,Female,Beverages,8.1,8,3.24,68.04,22/09/2025,18:19:14,Mobile Wallet,64.8,0.13,8.42,6.2
ALT-200943,X,Liverpool,Normal,Female,Dairy & Eggs,6.2,12,3.72,78.12,13/01/2025,12:56:59,Credit Card,74.4,0.07,5.21,5.2
ALT-200944,X,Liverpool,Normal,Female,Baby Products,36.73,2,3.67,77.13,13/06/2025,13:11:33,Mobile Wallet,73.46,0.18,13.22,5.9
ALT-200945,X,Liverpool,Member,Female,Personal Care,19.17,1,0.96,20.13,25/07/2025,17:08:36,Credit Card,19.17,0.21,4.03,7.4
ALT-200946,Y,Sheffield,Member,Male,Household,11.9,10,5.95,124.95,30/07/2025,15:25:20,Credit Card,119.0,0.19,22.61,7.4
ALT-200947,Y,Sheffield,Normal,Male,Bakery,5.05,5,1.26,26.51,24/07/2025,14:50:50,Credit Card,25.25,0.11,2.78,6.0
ALT-200948,Z,Birmingham,Member,Male,Household,10.01,1,0.5,10.51,03/01/2025,17:57:12,Mobile Wallet,10.01,0.19,1.9,5.8
ALT-200949,Z,Birmingham,Member,Female,Bakery,6.63,5,1.66,34.81,18/03/2025,17:47:09,Debit Card,33.15,0.11,3.65,7.1
ALT-200950,Z,Birmingham,Normal,Female,Dairy & Eggs,5.12,1,0.26,5.38,06/03/2025,18:07:31,Debit Card,5.12,0.07,0.36,4.7
ALT-200951,Z,Birmingham,Normal,Male,Frozen Foods,18.11,11,9.96,209.17,14/10/2025,17:57:03,Credit Card,199.21,0.1,19.92,7.1
ALT-200952,X,Liverpool,Normal,Female,Dairy & Eggs,7.47,9,3.36,70.59,19/03/2025,16:35:31,Debit Card,67.23,0.07,4.71,7.9
ALT-200953,Y,Sheffield,Member,Male,Snacks,5.82,3,0.87,18.33,01/12/2025,12:31:11,Credit Card,17.46,0.17,2.97,7.6
ALT-200954,Y,Sheffield,Member,Female,Dairy & Eggs,4.96,7,1.74,36.46,08/01/2025,13:08:55,Mobile Wallet,34.72,0.07,2.43,5.9
ALT-200955,Z,Birmingham,Normal,Female,Fresh Produce,6.56,12,3.94,82.66,11/10/2025,18:17:46,Cash,78.72,0.08,6.3,7.7
ALT-200956,Z,Birmingham,Member,Male,Personal Care,13.4,2,1.34,28.14,20/08/2025,13:44:54,Credit Card,26.8,0.21,5.63,6.5
ALT-200957,X,Liverpool,Normal,Male,Baby Products,43.27,4,8.65,181.73,01/08/2025,13:31:48,Credit Card,173.08,0.18,31.15,8.7
ALT-200958,Y,Sheffield,Member,Female,Personal Care,9.72,1,0.49,10.21,24/01/2025,16:39:14,Debit Card,9.72,0.21,2.04,6.5
ALT-200959,Z,Birmingham,Member,Male,Frozen Foods,2.64,2,0.26,5.54,11/04/2025,14:31:23,Debit Card,5.28,0.1,0.53,6.1
ALT-200960,Y,Sheffield,Normal,Female,Fresh Produce,8.04,6,2.41,50.65,19/09/2025,19:20:04,Credit Card,48.24,0.08,3.86,7.4
ALT-200961,Z,Birmingham,Normal,Male,Frozen Foods,10.08,5,2.52,52.92,16/01/2025,10:45:08,Credit Card,50.4,0.1,5.04,5.2
ALT-200962,Y,Sheffield,Normal,Female,Health & Wellness,18.02,2,1.8,37.84,29/07/2025,14:39:54,Mobile Wallet,36.04,0.24,8.65,5.7
ALT-200963,X,Liverpool,Normal,Female,Baby Products,13.13,5,3.28,68.93,05/08/2025,13:00:13,Debit Card,65.65,0.18,11.82,6.0
ALT-200964,Y,Sheffield,Normal,Female,Dairy & Eggs,4.95,2,0.5,10.4,06/03/2025,08:20:15,Mobile Wallet,9.9,0.07,0.69,5.2
ALT-200965,Y,Sheffield,Normal,Male,Household,4.57,9,2.06,43.19,07/12/2025,14:25:50,Credit Card,41.13,0.19,7.81,6.4
ALT-200966,Y,Sheffield,Normal,Female,Snacks,1.08,1,0.05,1.13,05/06/2025,17:01:51,Debit Card,1.08,0.17,0.18,6.6
ALT-200967,Y,Sheffield,Member,Male,Health & Wellness,4.85,3,0.73,15.28,11/09/2025,16:48:08,Mobile Wallet,14.55,0.24,3.49,5.9
ALT-200968,Z,Birmingham,Member,Female,Fresh Produce,2.82,1,0.14,2.96,02/01/2025,09:36:06,Mobile Wallet,2.82,0.08,0.23,7.8
ALT-200969,Z,Birmingham,Member,Female,Dairy & Eggs,4.53,4,0.91,19.03,07/12/2025,16:15:10,Credit Card,18.12,0.07,1.27,7.1
ALT-200970,Z,Birmingham,Member,Female,Frozen Foods,7.33,1,0.37,7.7,15/01/2025,16:55:13,Cash,7.33,0.1,0.73,5.2
ALT-200971,X,Liverpool,Normal,Male,Bakery,5.05,1,0.25,5.3,14/02/2025,15:50:04,Credit Card,5.05,0.11,0.56,4.4
ALT-200972,Y,Sheffield,Normal,Male,Health & Wellness,6.99,4,1.4,29.36,25/04/2025,19:21:38,Debit Card,27.96,0.24,6.71,6.2
ALT-200973,X,Liverpool,Normal,Male,Personal Care,7.53,8,3.01,63.25,19/02/2025,13:39:58,Mobile Wallet,60.24,0.21,12.65,6.0
ALT-200974,X,Liverpool,Normal,Male,Baby Products,16.23,8,6.49,136.33,14/06/2025,16:12:13,Cash,129.84,0.18,23.37,6.1
ALT-200975,X,Liverpool,Member,Male,Baby Products,34.12,7,11.94,250.78,11/04/2025,17:43:11,Mobile Wallet,238.84,0.18,42.99,7.2
ALT-200976,Y,Sheffield,Normal,Female,Personal Care,14.81,4,2.96,62.2,26/03/2025,21:45:16,Mobile Wallet,59.24,0.21,12.44,4.6
ALT-200977,Z,Birmingham,Member,Female,Dairy & Eggs,3.74,3,0.56,11.78,21/03/2025,12:58:35,Mobile Wallet,11.22,0.07,0.79,5.0
ALT-200978,Z,Birmingham,Normal,Female,Personal Care,21.66,1,1.08,22.74,15/07/2025,14:40:08,Credit Card,21.66,0.21,4.55,7.2
ALT-200979,X,Liverpool,Member,Female,Baby Products,8.18,5,2.04,42.94,10/02/2025,15:33:48,Debit Card,40.9,0.18,7.36,5.5
ALT-200980,Z,Birmingham,Normal,Male,Household,14.01,3,2.1,44.13,20/01/2025,15:53:10,Credit Card,42.03,0.19,7.99,7.4
ALT-200981,X,Liverpool,Normal,Female,Health & Wellness,33.89,10,16.95,355.85,20/11/2025,08:49:48,Cash,338.9,0.24,81.34,6.0
ALT-200982,Y,Sheffield,Member,Female,Snacks,4.18,5,1.04,21.94,24/04/2025,14:07:12,Cash,20.9,0.17,3.55,5.5
ALT-200983,Y,Sheffield,Normal,Male,Household,23.13,4,4.63,97.15,06/10/2025,14:38:46,Debit Card,92.52,0.19,17.58,7.6
ALT-200984,Y,Sheffield,Normal,Female,Personal Care,4.56,3,0.68,14.36,06/12/2025,18:23:24,Credit Card,13.68,0.21,2.87,5.9
ALT-200985,X,Liverpool,Normal,Male,Frozen Foods,2.92,4,0.58,12.26,26/04/2025,11:39:46,Debit Card,11.68,0.1,1.17,4.7
ALT-200986,Z,Birmingham,Member,Female,Fresh Produce,4.13,4,0.83,17.35,24/05/2025,13:27:04,Mobile Wallet,16.52,0.08,1.32,7.5
ALT-200987,Y,Sheffield,Normal,Female,Frozen Foods,8.4,4,1.68,35.28,27/08/2025,11:08:51,Debit Card,33.6,0.1,3.36,6.3
ALT-200988,Z,Birmingham,Member,Male,Frozen Foods,8.7,2,0.87,18.27,17/12/2025,18:37:50,Cash,17.4,0.1,1.74,6.8
ALT-200989,Z,Birmingham,Normal,Female,Fresh Produce,4.16,4,0.83,17.47,15/12/2025,11:24:06,Cash,16.64,0.08,1.33,7.1
ALT-200990,Z,Birmingham,Member,Female,Bakery,9.22,1,0.46,9.68,25/10/2025,16:49:14,Cash,9.22,0.11,1.01,5.0
ALT-200991,Y,Sheffield,Normal,Male,Fresh Produce,2.95,1,0.15,3.1,18/07/2025,14:06:25,Credit Card,2.95,0.08,0.24,4.8
ALT-200992,Z,Birmingham,Member,Female,Baby Products,34.31,8,13.72,288.2,04/02/2025,16:35:02,Cash,274.48,0.18,49.41,7.6
ALT-200993,X,Liverpool,Normal,Male,Personal Care,6.11,3,0.92,19.25,10/08/2025,13:48:05,Mobile Wallet,18.33,0.21,3.85,5.6
ALT-200994,Z,Birmingham,Normal,Female,Snacks,1.53,10,0.77,16.07,05/04/2025,16:43:29,Mobile Wallet,15.3,0.17,2.6,7.3
ALT-200995,Z,Birmingham,Normal,Male,Fresh Produce,6.1,3,0.92,19.22,04/04/2025,16:56:57,Cash,18.3,0.08,1.46,6.3
ALT-200996,Z,Birmingham,Normal,Female,Health & Wellness,14.09,4,2.82,59.18,11/01/2025,15:58:28,Debit Card,56.36,0.24,13.53,7.1
ALT-200997,X,Liverpool,Member,Male,Household,16.14,6,4.84,101.68,03/03/2025,12:30:17,Mobile Wallet,96.84,0.19,18.4,4.8
ALT-200998,Y,Sheffield,Normal,Male,Frozen Foods,10.76,10,5.38,112.98,09/01/2025,20:50:17,Cash,107.6,0.1,10.76,7.7
ALT-200999,Y,Sheffield,Member,Female,Household,7.57,9,3.41,71.54,31/08/2025,18:41:13,Debit Card,68.13,0.19,12.94,6.4
ALT-201000,Y,Sheffield,Member,Male,Health & Wellness,22.33,2,2.23,46.89,14/07/2025,17:33:16,Mobile Wallet,44.66,0.24,10.72,7.8
ALT-201001,X,Liverpool,Member,Male,Frozen Foods,6.58,1,0.33,6.91,04/12/2025,14:26:46,Cash,6.58,0.1,0.66,7.0
ALT-201002,X,Liverpool,Member,Female,Bakery,7.61,3,1.14,23.97,06/08/2025,08:39:05,Credit Card,22.83,0.11,2.51,6.7
ALT-201003,Y,Sheffield,Normal,Female,Fresh Produce,6.06,7,2.12,44.54,18/09/2025,14:02:58,Credit Card,42.42,0.08,3.39,6.7
ALT-201004,Y,Sheffield,Member,Male,Health & Wellness,24.8,11,13.64,286.44,02/05/2025,11:15:02,Credit Card,272.8,0.24,65.47,6.8
ALT-201005,Y,Sheffield,Member,Male,Frozen Foods,7.51,7,2.63,55.2,03/06/2025,14:35:25,Credit Card,52.57,0.1,5.26,7.5
ALT-201006,X,Liverpool,Normal,Male,Snacks,1.29,3,0.19,4.06,25/12/2025,17:48:51,Debit Card,3.87,0.17,0.66,6.6
ALT-201007,Y,Sheffield,Member,Female,Baby Products,31.76,4,6.35,133.39,23/01/2025,16:21:43,Credit Card,127.04,0.18,22.87,8.0
ALT-201008,X,Liverpool,Member,Female,Personal Care,21.53,8,8.61,180.85,31/07/2025,20:14:26,Mobile Wallet,172.24,0.21,36.17,7.7
ALT-201009,Z,Birmingham,Normal,Female,Fresh Produce,4.33,2,0.43,9.09,18/10/2025,14:23:35,Credit Card,8.66,0.08,0.69,6.1
ALT-201010,Z,Birmingham,Member,Female,Dairy & Eggs,7.86,4,1.57,33.01,07/10/2025,16:56:38,Mobile Wallet,31.44,0.07,2.2,7.2
ALT-201011,Z,Birmingham,Member,Female,Health & Wellness,37.36,5,9.34,196.14,24/07/2025,20:23:20,Credit Card,186.8,0.24,44.83,6.1
ALT-201012,X,Liverpool,Member,Male,Beverages,10.54,8,4.22,88.54,26/03/2025,16:53:00,Mobile Wallet,84.32,0.13,10.96,7.5
ALT-201013,Z,Birmingham,Member,Male,Fresh Produce,9.15,4,1.83,38.43,29/01/2025,14:11:52,Cash,36.6,0.08,2.93,5.9
ALT-201014,Y,Sheffield,Member,Female,Dairy & Eggs,7.25,1,0.36,7.61,31/12/2025,18:00:53,Mobile Wallet,7.25,0.07,0.51,8.4
ALT-201015,Z,Birmingham,Member,Female,Personal Care,20.8,5,5.2,109.2,11/01/2025,17:58:09,Debit Card,104.0,0.21,21.84,6.4
ALT-201016,X,Liverpool,Normal,Male,Bakery,8.96,6,2.69,56.45,08/01/2025,09:32:21,Mobile Wallet,53.76,0.11,5.91,7.5
ALT-201017,X,Liverpool,Member,Female,Frozen Foods,4.14,2,0.41,8.69,16/05/2025,20:45:17,Mobile Wallet,8.28,0.1,0.83,6.3
ALT-201018,Y,Sheffield,Member,Male,Household,12.73,3,1.91,40.1,21/06/2025,16:55:48,Mobile Wallet,38.19,0.19,7.26,8.5
ALT-201019,Y,Sheffield,Member,Female,Frozen Foods,3.98,4,0.8,16.72,28/09/2025,16:53:22,Cash,15.92,0.1,1.59,5.6
ALT-201020,Y,Sheffield,Member,Male,Household,23.3,8,9.32,195.72,29/07/2025,15:16:30,Debit Card,186.4,0.19,35.42,9.4
ALT-201021,Y,Sheffield,Normal,Male,Baby Products,24.03,1,1.2,25.23,04/12/2025,19:21:21,Mobile Wallet,24.03,0.18,4.33,6.7
ALT-201022,Z,Birmingham,Normal,Male,Health & Wellness,22.26,5,5.57,116.87,04/01/2025,20:07:16,Credit Card,111.3,0.24,26.71,4.5
ALT-201023,X,Liverpool,Member,Male,Fresh Produce,4.05,8,1.62,34.02,30/03/2025,20:56:38,Debit Card,32.4,0.08,2.59,7.4
ALT-201024,Z,Birmingham,Normal,Female,Beverages,9.16,8,3.66,76.94,18/05/2025,20:55:17,Mobile Wallet,73.28,0.13,9.53,5.4
ALT-201025,Y,Sheffield,Member,Female,Health & Wellness,10.9,4,2.18,45.78,25/10/2025,19:22:17,Credit Card,43.6,0.24,10.46,4.7
ALT-201026,Y,Sheffield,Normal,Male,Beverages,13.56,3,2.03,42.71,31/10/2025,09:59:14,Credit Card,40.68,0.13,5.29,5.0
ALT-201027,Z,Birmingham,Member,Female,Beverages,3.88,6,1.16,24.44,24/01/2025,15:37:00,Mobile Wallet,23.28,0.13,3.03,6.4
ALT-201028,Z,Birmingham,Member,Female,Bakery,5.51,8,2.2,46.28,02/03/2025,14:12:42,Debit Card,44.08,0.11,4.85,5.8
ALT-201029,Z,Birmingham,Normal,Female,Health & Wellness,39.03,5,9.76,204.91,24/11/2025,12:46:50,Credit Card,195.15,0.24,46.84,4.0
ALT-201030,X,Liverpool,Member,Male,Personal Care,18.76,1,0.94,19.7,28/06/2025,19:47:05,Credit Card,18.76,0.21,3.94,5.1
ALT-201031,X,Liverpool,Normal,Female,Snacks,1.48,5,0.37,7.77,06/09/2025,12:25:39,Mobile Wallet,7.4,0.17,1.26,6.6
ALT-201032,Y,Sheffield,Member,Female,Frozen Foods,5.84,2,0.58,12.26,11/09/2025,10:46:15,Mobile Wallet,11.68,0.1,1.17,9.3
ALT-201033,X,Liverpool,Normal,Male,Frozen Foods,12.57,5,3.14,65.99,17/10/2025,17:16:21,Credit Card,62.85,0.1,6.29,7.2
ALT-201034,X,Liverpool,Normal,Male,Dairy & Eggs,6.34,3,0.95,19.97,28/03/2025,21:55:40,Credit Card,19.02,0.07,1.33,5.6
ALT-201035,X,Liverpool,Member,Female,Frozen Foods,7.02,4,1.4,29.48,20/01/2025,15:07:07,Mobile Wallet,28.08,0.1,2.81,5.9
ALT-201036,X,Liverpool,Normal,Female,Personal Care,11.42,1,0.57,11.99,28/07/2025,17:29:19,Credit Card,11.42,0.21,2.4,6.7
ALT-201037,Z,Birmingham,Member,Male,Health & Wellness,25.81,2,2.58,54.2,01/11/2025,17:44:11,Credit Card,51.62,0.24,12.39,5.3
ALT-201038,Z,Birmingham,Member,Male,Fresh Produce,7.19,4,1.44,30.2,10/12/2025,18:42:08,Credit Card,28.76,0.08,2.3,6.4
ALT-201039,X,Liverpool,Normal,Female,Beverages,12.58,13,8.18,171.72,03/11/2025,18:49:16,Credit Card,163.54,0.13,21.26,7.4
ALT-201040,Z,Birmingham,Member,Male,Fresh Produce,5.88,5,1.47,30.87,09/10/2025,16:20:53,Debit Card,29.4,0.08,2.35,6.0
ALT-201041,Y,Sheffield,Normal,Male,Beverages,7.88,1,0.39,8.27,31/01/2025,17:35:08,Mobile Wallet,7.88,0.13,1.02,7.3
ALT-201042,Y,Sheffield,Normal,Male,Snacks,4.76,4,0.95,19.99,21/11/2025,15:34:54,Debit Card,19.04,0.17,3.24,6.5
ALT-201043,X,Liverpool,Member,Male,Snacks,3.77,4,0.75,15.83,27/08/2025,15:41:32,Credit Card,15.08,0.17,2.56,7.1
ALT-201044,Y,Sheffield,Normal,Female,Fresh Produce,7.93,6,2.38,49.96,06/03/2025,10:41:29,Cash,47.58,0.08,3.81,8.3
ALT-201045,Z,Birmingham,Member,Female,Bakery,3.13,5,0.78,16.43,04/09/2025,14:22:23,Debit Card,15.65,0.11,1.72,6.7
ALT-201046,Y,Sheffield,Normal,Male,Household,19.27,10,9.63,202.33,18/05/2025,12:52:11,Debit Card,192.7,0.19,36.61,6.3
ALT-201047,Y,Sheffield,Member,Male,Snacks,2.7,1,0.14,2.84,24/08/2025,17:06:36,Cash,2.7,0.17,0.46,7.5
ALT-201048,X,Liverpool,Member,Female,Beverages,9.95,9,4.48,94.03,30/04/2025,19:03:56,Cash,89.55,0.13,11.64,6.2
ALT-201049,Z,Birmingham,Normal,Female,Bakery,1.96,1,0.1,2.06,12/04/2025,14:46:04,Credit Card,1.96,0.11,0.22,6.5
ALT-201050,Y,Sheffield,Member,Female,Dairy & Eggs,4.0,3,0.6,12.6,30/12/2025,20:48:08,Cash,12.0,0.07,0.84,6.4
ALT-201051,Y,Sheffield,Normal,Male,Snacks,0.98,4,0.2,4.12,10/12/2025,19:25:42,Credit Card,3.92,0.17,0.67,5.6
ALT-201052,Y,Sheffield,Normal,Female,Bakery,2.06,2,0.21,4.33,06/10/2025,16:51:16,Mobile Wallet,4.12,0.11,0.45,7.9
ALT-201053,X,Liverpool,Member,Male,Health & Wellness,16.61,10,8.3,174.4,07/06/2025,13:06:19,Credit Card,166.1,0.24,39.86,6.8
ALT-201054,Z,Birmingham,Member,Male,Bakery,8.72,5,2.18,45.78,14/03/2025,15:05:30,Debit Card,43.6,0.11,4.8,7.1
ALT-201055,X,Liverpool,Normal,Male,Snacks,5.65,8,2.26,47.46,31/07/2025,12:57:09,Debit Card,45.2,0.17,7.68,5.5
ALT-201056,Y,Sheffield,Member,Male,Snacks,3.84,10,1.92,40.32,23/05/2025,18:12:00,Credit Card,38.4,0.17,6.53,6.6
ALT-201057,Y,Sheffield,Normal,Female,Personal Care,20.94,2,2.09,43.97,02/04/2025,13:03:16,Credit Card,41.88,0.21,8.79,6.3
ALT-201058,Z,Birmingham,Normal,Male,Personal Care,26.77,1,1.34,28.11,12/12/2025,19:50:45,Credit Card,26.77,0.21,5.62,5.9
ALT-201059,X,Liverpool,Member,Female,Dairy & Eggs,4.29,2,0.43,9.01,02/02/2025,11:30:13,Debit Card,8.58,0.07,0.6,8.1
ALT-201060,Y,Sheffield,Normal,Male,Baby Products,26.25,1,1.31,27.56,25/06/2025,15:17:13,Credit Card,26.25,0.18,4.72,5.8
ALT-201061,X,Liverpool,Member,Female,Personal Care,22.84,7,7.99,167.87,22/01/2025,13:12:25,Debit Card,159.88,0.21,33.57,8.1
ALT-201062,Y,Sheffield,Member,Male,Health & Wellness,8.9,2,0.89,18.69,11/06/2025,20:45:39,Debit Card,17.8,0.24,4.27,7.2
ALT-201063,X,Liverpool,Normal,Female,Health & Wellness,34.08,2,3.41,71.57,14/04/2025,13:34:04,Credit Card,68.16,0.24,16.36,5.5
ALT-201064,Z,Birmingham,Member,Female,Beverages,7.14,6,2.14,44.98,09/07/2025,17:51:01,Credit Card,42.84,0.13,5.57,6.3
ALT-201065,Y,Sheffield,Member,Female,Bakery,7.76,10,3.88,81.48,17/04/2025,19:23:40,Mobile Wallet,77.6,0.11,8.54,7.3
ALT-201066,X,Liverpool,Member,Female,Dairy & Eggs,1.93,5,0.48,10.13,11/03/2025,13:20:42,Debit Card,9.65,0.07,0.68,6.2
ALT-201067,X,Liverpool,Normal,Male,Frozen Foods,15.55,2,1.56,32.66,15/02/2025,17:38:36,Credit Card,31.1,0.1,3.11,6.5
ALT-201068,Z,Birmingham,Member,Male,Frozen Foods,5.33,9,2.4,50.37,23/12/2025,18:58:54,Debit Card,47.97,0.1,4.8,6.6
ALT-201069,X,Liverpool,Member,Male,Household,7.32,3,1.1,23.06,14/02/2025,10:21:36,Debit Card,21.96,0.19,4.17,7.9
ALT-201070,Z,Birmingham,Normal,Male,Personal Care,15.64,8,6.26,131.38,28/05/2025,16:30:34,Credit Card,125.12,0.21,26.28,5.8
ALT-201071,X,Liverpool,Normal,Male,Fresh Produce,3.28,4,0.66,13.78,24/01/2025,11:15:12,Mobile Wallet,13.12,0.08,1.05,6.4
ALT-201072,Z,Birmingham,Normal,Male,Household,14.31,5,3.58,75.13,10/04/2025,11:39:46,Credit Card,71.55,0.19,13.59,8.2
ALT-201073,Y,Sheffield,Normal,Male,Snacks,5.44,1,0.27,5.71,12/05/2025,16:05:19,Cash,5.44,0.17,0.92,5.2
ALT-201074,Z,Birmingham,Member,Female,Dairy & Eggs,7.16,7,2.51,52.63,31/08/2025,09:32:52,Cash,50.12,0.07,3.51,7.1
ALT-201075,Y,Sheffield,Normal,Female,Household,16.34,5,4.08,85.78,24/03/2025,15:59:34,Credit Card,81.7,0.19,15.52,5.3
ALT-201076,Y,Sheffield,Member,Female,Bakery,2.91,8,1.16,24.44,04/11/2025,19:58:33,Mobile Wallet,23.28,0.11,2.56,6.0
ALT-201077,Z,Birmingham,Normal,Male,Fresh Produce,8.18,11,4.5,94.48,01/07/2025,18:53:50,Credit Card,89.98,0.08,7.2,7.8
ALT-201078,X,Liverpool,Normal,Male,Frozen Foods,7.89,3,1.18,24.85,15/07/2025,18:33:06,Credit Card,23.67,0.1,2.37,6.1
ALT-201079,Y,Sheffield,Normal,Male,Dairy & Eggs,2.25,1,0.11,2.36,30/03/2025,12:17:59,Debit Card,2.25,0.07,0.16,7.1
ALT-201080,Z,Birmingham,Member,Male,Health & Wellness,31.91,5,7.98,167.53,03/08/2025,13:10:58,Debit Card,159.55,0.24,38.29,6.4
ALT-201081,X,Liverpool,Normal,Male,Snacks,5.43,1,0.27,5.7,30/05/2025,12:49:11,Mobile Wallet,5.43,0.17,0.92,8.0
ALT-201082,X,Liverpool,Member,Male,Baby Products,31.04,9,13.97,293.33,21/06/2025,13:06:49,Cash,279.36,0.18,50.28,5.7
ALT-201083,X,Liverpool,Member,Female,Fresh Produce,5.04,1,0.25,5.29,08/06/2025,14:07:37,Mobile Wallet,5.04,0.08,0.4,8.3
ALT-201084,X,Liverpool,Member,Male,Personal Care,16.84,7,5.89,123.77,28/07/2025,11:31:31,Debit Card,117.88,0.21,24.75,5.6
ALT-201085,Z,Birmingham,Normal,Female,Household,21.29,6,6.39,134.13,16/12/2025,12:05:31,Credit Card,127.74,0.19,24.27,6.1
ALT-201086,Z,Birmingham,Member,Male,Beverages,14.79,3,2.22,46.59,23/09/2025,10:42:51,Mobile Wallet,44.37,0.13,5.77,6.5
ALT-201087,Z,Birmingham,Member,Female,Health & Wellness,23.39,9,10.53,221.04,21/03/2025,13:14:00,Debit Card,210.51,0.24,50.52,5.2
ALT-201088,Z,Birmingham,Member,Female,Beverages,12.57,4,2.51,52.79,05/04/2025,16:18:40,Cash,50.28,0.13,6.54,6.7
ALT-201089,Z,Birmingham,Member,Female,Snacks,2.14,7,0.75,15.73,02/03/2025,12:19:03,Debit Card,14.98,0.17,2.55,6.2
ALT-201090,Z,Birmingham,Member,Male,Dairy & Eggs,2.6,2,0.26,5.46,15/11/2025,11:07:41,Mobile Wallet,5.2,0.07,0.36,6.3
ALT-201091,Z,Birmingham,Member,Female,Frozen Foods,11.64,11,6.4,134.44,29/07/2025,19:35:05,Mobile Wallet,128.04,0.1,12.8,7.7
ALT-201092,X,Liverpool,Member,Female,Frozen Foods,7.54,5,1.89,39.59,20/01/2025,21:41:08,Mobile Wallet,37.7,0.1,3.77,8.2
ALT-201093,Y,Sheffield,Member,Female,Baby Products,30.31,4,6.06,127.3,01/11/2025,16:02:28,Mobile Wallet,121.24,0.18,21.82,6.5
ALT-201094,X,Liverpool,Member,Male,Baby Products,30.7,4,6.14,128.94,03/03/2025,11:56:27,Debit Card,122.8,0.18,22.1,6.5
ALT-201095,Y,Sheffield,Member,Male,Fresh Produce,8.53,4,1.71,35.83,20/02/2025,19:43:14,Debit Card,34.12,0.08,2.73,7.0
ALT-201096,Y,Sheffield,Normal,Female,Personal Care,26.23,8,10.49,220.33,03/08/2025,14:38:25,Credit Card,209.84,0.21,44.07,6.2
ALT-201097,Y,Sheffield,Normal,Male,Snacks,1.61,9,0.72,15.21,29/05/2025,08:14:08,Credit Card,14.49,0.17,2.46,7.6
ALT-201098,Y,Sheffield,Member,Male,Snacks,4.01,8,1.6,33.68,10/04/2025,18:46:36,Credit Card,32.08,0.17,5.45,6.6
ALT-201099,Y,Sheffield,Normal,Male,Snacks,5.45,8,2.18,45.78,02/01/2025,16:46:56,Debit Card,43.6,0.17,7.41,8.0
ALT-201100,Z,Birmingham,Normal,Female,Baby Products,12.09,6,3.63,76.17,02/10/2025,15:32:38,Cash,72.54,0.18,13.06,5.1
ALT-201101,Z,Birmingham,Member,Female,Dairy & Eggs,2.67,9,1.2,25.23,08/06/2025,16:13:41,Debit Card,24.03,0.07,1.68,8.1
ALT-201102,X,Liverpool,Member,Female,Frozen Foods,3.05,8,1.22,25.62,29/10/2025,16:31:36,Credit Card,24.4,0.1,2.44,6.8
ALT-201103,Z,Birmingham,Member,Female,Fresh Produce,6.92,4,1.38,29.06,27/04/2025,11:19:06,Mobile Wallet,27.68,0.08,2.21,7.0
ALT-201104,Y,Sheffield,Normal,Male,Snacks,3.47,2,0.35,7.29,12/11/2025,10:56:21,Debit Card,6.94,0.17,1.18,6.9
ALT-201105,Z,Birmingham,Normal,Male,Baby Products,10.65,3,1.6,33.55,20/01/2025,08:30:14,Debit Card,31.95,0.18,5.75,6.6
ALT-201106,Z,Birmingham,Member,Male,Beverages,3.39,7,1.19,24.92,25/12/2025,13:44:07,Debit Card,23.73,0.13,3.08,8.2
ALT-201107,Y,Sheffield,Normal,Male,Frozen Foods,12.31,4,2.46,51.7,02/01/2025,15:06:54,Mobile Wallet,49.24,0.1,4.92,7.2
ALT-201108,Z,Birmingham,Member,Male,Health & Wellness,32.56,7,11.4,239.32,26/05/2025,12:59:18,Debit Card,227.92,0.24,54.7,7.0
ALT-201109,X,Liverpool,Normal,Male,Fresh Produce,6.29,7,2.2,46.23,08/02/2025,20:20:42,Cash,44.03,0.08,3.52,6.6
ALT-201110,Z,Birmingham,Member,Female,Baby Products,31.57,4,6.31,132.59,21/08/2025,14:58:57,Debit Card,126.28,0.18,22.73,7.1
ALT-201111,Y,Sheffield,Member,Male,Frozen Foods,3.51,7,1.23,25.8,31/01/2025,12:31:35,Credit Card,24.57,0.1,2.46,8.4
ALT-201112,X,Liverpool,Normal,Female,Bakery,3.6,4,0.72,15.12,08/04/2025,08:11:57,Cash,14.4,0.11,1.58,5.3
ALT-201113,Y,Sheffield,Member,Female,Baby Products,14.57,6,4.37,91.79,18/01/2025,16:00:03,Debit Card,87.42,0.18,15.74,7.0
ALT-201114,Y,Sheffield,Member,Male,Frozen Foods,13.07,1,0.65,13.72,10/07/2025,11:48:45,Credit Card,13.07,0.1,1.31,6.5
ALT-201115,Y,Sheffield,Member,Male,Beverages,10.84,1,0.54,11.38,23/04/2025,14:17:35,Debit Card,10.84,0.13,1.41,4.7
ALT-201116,Z,Birmingham,Normal,Male,Health & Wellness,32.66,6,9.8,205.76,19/04/2025,14:10:22,Credit Card,195.96,0.24,47.03,6.8
ALT-201117,Y,Sheffield,Normal,Male,Baby Products,26.24,2,2.62,55.1,14/12/2025,16:20:34,Debit Card,52.48,0.18,9.45,6.1
ALT-201118,Z,Birmingham,Member,Female,Frozen Foods,18.59,2,1.86,39.04,09/04/2025,12:16:41,Cash,37.18,0.1,3.72,7.3
ALT-201119,X,Liverpool,Normal,Male,Fresh Produce,6.3,4,1.26,26.46,19/07/2025,10:33:29,Mobile Wallet,25.2,0.08,2.02,6.8
ALT-201120,Z,Birmingham,Normal,Female,Fresh Produce,5.53,6,1.66,34.84,02/11/2025,17:33:46,Credit Card,33.18,0.08,2.65,7.2
ALT-201121,Y,Sheffield,Normal,Male,Fresh Produce,6.31,7,2.21,46.38,17/05/2025,15:11:09,Credit Card,44.17,0.08,3.53,8.0
ALT-201122,X,Liverpool,Member,Female,Beverages,7.91,3,1.19,24.92,07/06/2025,18:54:58,Debit Card,23.73,0.13,3.08,7.8
ALT-201123,Y,Sheffield,Member,Female,Personal Care,12.98,1,0.65,13.63,03/09/2025,10:09:41,Debit Card,12.98,0.21,2.73,5.7
ALT-201124,X,Liverpool,Member,Male,Fresh Produce,6.49,5,1.62,34.07,12/11/2025,18:54:12,Debit Card,32.45,0.08,2.6,4.3
ALT-201125,Z,Birmingham,Member,Male,Snacks,1.12,2,0.11,2.35,24/08/2025,18:19:05,Debit Card,2.24,0.17,0.38,6.7
ALT-201126,X,Liverpool,Member,Male,Fresh Produce,6.79,3,1.02,21.39,26/01/2025,14:13:04,Cash,20.37,0.08,1.63,7.5
ALT-201127,X,Liverpool,Member,Male,Baby Products,28.56,5,7.14,149.94,08/08/2025,21:35:21,Cash,142.8,0.18,25.7,5.6
ALT-201128,X,Liverpool,Member,Female,Bakery,5.51,6,1.65,34.71,12/01/2025,20:43:04,Credit Card,33.06,0.11,3.64,8.5
ALT-201129,Y,Sheffield,Normal,Female,Snacks,2.93,11,1.61,33.84,17/04/2025,14:11:34,Debit Card,32.23,0.17,5.48,5.6
ALT-201130,Y,Sheffield,Member,Female,Personal Care,12.6,5,3.15,66.15,26/01/2025,12:33:37,Credit Card,63.0,0.21,13.23,5.8
ALT-201131,X,Liverpool,Normal,Female,Bakery,1.73,9,0.78,16.35,11/06/2025,18:21:59,Mobile Wallet,15.57,0.11,1.71,5.6
ALT-201132,Z,Birmingham,Normal,Female,Personal Care,5.75,6,1.73,36.23,29/09/2025,15:36:37,Debit Card,34.5,0.21,7.25,5.8
ALT-201133,X,Liverpool,Member,Male,Personal Care,28.51,2,2.85,59.87,10/12/2025,16:56:38,Cash,57.02,0.21,11.97,7.8
ALT-201134,Z,Birmingham,Normal,Male,Personal Care,11.47,3,1.72,36.13,16/04/2025,15:18:26,Mobile Wallet,34.41,0.21,7.23,7.5
ALT-201135,Y,Sheffield,Normal,Male,Frozen Foods,16.69,7,5.84,122.67,29/09/2025,18:40:30,Mobile Wallet,116.83,0.1,11.68,5.6
ALT-201136,Y,Sheffield,Normal,Female,Fresh Produce,4.17,2,0.42,8.76,11/10/2025,11:49:41,Credit Card,8.34,0.08,0.67,6.7
ALT-201137,Z,Birmingham,Member,Female,Health & Wellness,10.21,7,3.57,75.04,08/07/2025,17:29:17,Credit Card,71.47,0.24,17.15,7.4
ALT-201138,Z,Birmingham,Normal,Female,Personal Care,7.63,2,0.76,16.02,09/01/2025,19:05:04,Cash,15.26,0.21,3.2,4.3
ALT-201139,Z,Birmingham,Member,Female,Dairy & Eggs,7.82,12,4.69,98.53,13/08/2025,20:52:43,Cash,93.84,0.07,6.57,7.1
ALT-201140,X,Liverpool,Normal,Female,Snacks,3.27,9,1.47,30.9,13/10/2025,15:12:03,Debit Card,29.43,0.17,5.0,7.2
ALT-201141,X,Liverpool,Member,Female,Fresh Produce,4.24,10,2.12,44.52,29/06/2025,08:21:01,Credit Card,42.4,0.08,3.39,6.6
ALT-201142,X,Liverpool,Normal,Male,Beverages,9.16,7,3.21,67.33,13/04/2025,11:12:24,Cash,64.12,0.13,8.34,6.3
ALT-201143,X,Liverpool,Member,Female,Personal Care,21.37,1,1.07,22.44,30/05/2025,16:51:08,Debit Card,21.37,0.21,4.49,6.8
ALT-201144,X,Liverpool,Member,Male,Household,9.69,5,2.42,50.87,12/05/2025,21:13:50,Cash,48.45,0.19,9.21,7.4
ALT-201145,X,Liverpool,Normal,Female,Frozen Foods,12.12,7,4.24,89.08,14/10/2025,10:05:25,Mobile Wallet,84.84,0.1,8.48,6.2
ALT-201146,X,Liverpool,Member,Male,Snacks,3.65,6,1.09,22.99,25/06/2025,21:42:36,Mobile Wallet,21.9,0.17,3.72,6.7
ALT-201147,Z,Birmingham,Member,Female,Fresh Produce,3.98,8,1.59,33.43,22/02/2025,17:26:25,Credit Card,31.84,0.08,2.55,6.3
ALT-201148,Y,Sheffield,Normal,Female,Snacks,3.65,2,0.36,7.66,02/12/2025,16:31:31,Mobile Wallet,7.3,0.17,1.24,5.9
ALT-201149,Y,Sheffield,Member,Male,Fresh Produce,8.19,2,0.82,17.2,13/12/2025,14:28:09,Debit Card,16.38,0.08,1.31,6.3
ALT-201150,X,Liverpool,Member,Female,Household,13.69,1,0.68,14.37,11/04/2025,16:10:55,Debit Card,13.69,0.19,2.6,8.2
ALT-201151,X,Liverpool,Normal,Male,Personal Care,26.5,11,14.58,306.08,04/10/2025,16:27:56,Debit Card,291.5,0.21,61.21,7.1
ALT-201152,Y,Sheffield,Member,Female,Health & Wellness,35.62,3,5.34,112.2,27/11/2025,16:26:03,Debit Card,106.86,0.24,25.65,8.3
ALT-201153,Z,Birmingham,Member,Female,Beverages,8.34,7,2.92,61.3,22/04/2025,12:51:58,Credit Card,58.38,0.13,7.59,6.0
ALT-201154,X,Liverpool,Member,Male,Personal Care,22.05,3,3.31,69.46,23/02/2025,18:39:25,Mobile Wallet,66.15,0.21,13.89,6.1
ALT-201155,X,Liverpool,Normal,Female,Dairy & Eggs,6.27,7,2.19,46.08,03/10/2025,11:45:46,Credit Card,43.89,0.07,3.07,6.7
ALT-201156,Z,Birmingham,Member,Female,Frozen Foods,17.2,1,0.86,18.06,04/10/2025,13:21:38,Credit Card,17.2,0.1,1.72,5.2
ALT-201157,Y,Sheffield,Member,Male,Household,9.74,3,1.46,30.68,20/10/2025,18:06:04,Credit Card,29.22,0.19,5.55,7.3
ALT-201158,X,Liverpool,Member,Female,Bakery,4.77,3,0.72,15.03,03/11/2025,17:41:25,Mobile Wallet,14.31,0.11,1.57,6.1
ALT-201159,Z,Birmingham,Normal,Female,Dairy & Eggs,2.29,6,0.69,14.43,05/10/2025,17:13:05,Credit Card,13.74,0.07,0.96,6.8
ALT-201160,X,Liverpool,Normal,Female,Bakery,3.38,2,0.34,7.1,13/08/2025,16:54:52,Debit Card,6.76,0.11,0.74,5.9
ALT-201161,Z,Birmingham,Member,Female,Bakery,10.54,2,1.05,22.13,31/12/2025,18:37:10,Debit Card,21.08,0.11,2.32,7.0
ALT-201162,Y,Sheffield,Member,Female,Fresh Produce,2.44,3,0.37,7.69,15/08/2025,11:36:46,Mobile Wallet,7.32,0.08,0.59,5.7
ALT-201163,Z,Birmingham,Normal,Female,Fresh Produce,8.93,2,0.89,18.75,23/02/2025,10:02:50,Debit Card,17.86,0.08,1.43,6.3
ALT-201164,Z,Birmingham,Member,Male,Beverages,1.43,7,0.5,10.51,13/08/2025,21:18:29,Debit Card,10.01,0.13,1.3,7.8
ALT-201165,Z,Birmingham,Normal,Female,Beverages,11.3,5,2.83,59.33,07/03/2025,11:45:34,Debit Card,56.5,0.13,7.35,5.9
ALT-201166,Y,Sheffield,Member,Male,Dairy & Eggs,4.04,5,1.01,21.21,01/07/2025,12:03:55,Debit Card,20.2,0.07,1.41,5.7
ALT-201167,Z,Birmingham,Member,Female,Household,13.76,6,4.13,86.69,31/05/2025,17:58:16,Debit Card,82.56,0.19,15.69,6.9
ALT-201168,Z,Birmingham,Normal,Male,Health & Wellness,9.29,7,3.25,68.28,15/05/2025,12:18:15,Credit Card,65.03,0.24,15.61,5.6
ALT-201169,X,Liverpool,Normal,Female,Frozen Foods,9.77,8,3.91,82.07,09/09/2025,15:19:00,Debit Card,78.16,0.1,7.82,5.7
ALT-201170,Y,Sheffield,Member,Female,Frozen Foods,8.39,6,2.52,52.86,25/11/2025,11:55:54,Mobile Wallet,50.34,0.1,5.03,8.4
ALT-201171,Z,Birmingham,Normal,Male,Fresh Produce,8.24,4,1.65,34.61,09/11/2025,13:59:10,Credit Card,32.96,0.08,2.64,6.8
ALT-201172,Z,Birmingham,Normal,Female,Personal Care,2.6,5,0.65,13.65,12/02/2025,16:21:10,Credit Card,13.0,0.21,2.73,6.4
ALT-201173,Y,Sheffield,Member,Male,Frozen Foods,13.27,10,6.63,139.33,03/07/2025,16:37:19,Debit Card,132.7,0.1,13.27,8.8
ALT-201174,Y,Sheffield,Member,Male,Fresh Produce,4.05,12,2.43,51.03,12/09/2025,19:12:56,Cash,48.6,0.08,3.89,5.8
ALT-201175,X,Liverpool,Normal,Female,Frozen Foods,12.28,4,2.46,51.58,11/06/2025,09:36:12,Mobile Wallet,49.12,0.1,4.91,6.7
ALT-201176,X,Liverpool,Normal,Male,Snacks,4.23,5,1.06,22.21,21/02/2025,11:04:06,Cash,21.15,0.17,3.6,8.5
ALT-201177,X,Liverpool,Normal,Male,Health & Wellness,8.38,6,2.51,52.79,02/05/2025,10:38:34,Credit Card,50.28,0.24,12.07,6.6
ALT-201178,X,Liverpool,Member,Female,Baby Products,20.24,4,4.05,85.01,16/11/2025,14:59:01,Debit Card,80.96,0.18,14.57,7.7
ALT-201179,Y,Sheffield,Member,Female,Bakery,7.16,1,0.36,7.52,04/08/2025,11:56:24,Debit Card,7.16,0.11,0.79,6.5
ALT-201180,Y,Sheffield,Member,Female,Snacks,3.37,5,0.84,17.69,12/05/2025,16:22:58,Debit Card,16.85,0.17,2.86,7.3
ALT-201181,X,Liverpool,Member,Male,Household,8.9,4,1.78,37.38,11/05/2025,12:36:15,Cash,35.6,0.19,6.76,6.6
ALT-201182,Y,Sheffield,Normal,Female,Bakery,3.89,8,1.56,32.68,08/12/2025,21:10:07,Cash,31.12,0.11,3.42,6.6
ALT-201183,X,Liverpool,Member,Male,Beverages,5.86,7,2.05,43.07,23/03/2025,15:21:28,Mobile Wallet,41.02,0.13,5.33,7.2
ALT-201184,Y,Sheffield,Member,Male,Health & Wellness,12.39,3,1.86,39.03,22/05/2025,11:52:25,Credit Card,37.17,0.24,8.92,5.6
ALT-201185,Z,Birmingham,Normal,Male,Fresh Produce,11.03,10,5.52,115.82,16/03/2025,14:09:54,Mobile Wallet,110.3,0.08,8.82,6.1
ALT-201186,X,Liverpool,Member,Male,Personal Care,4.54,3,0.68,14.3,06/08/2025,19:05:51,Credit Card,13.62,0.21,2.86,5.7
ALT-201187,X,Liverpool,Member,Male,Baby Products,8.33,7,2.92,61.23,24/11/2025,17:50:04,Mobile Wallet,58.31,0.18,10.5,6.7
ALT-201188,Z,Birmingham,Normal,Male,Bakery,3.2,1,0.16,3.36,13/01/2025,16:40:51,Debit Card,3.2,0.11,0.35,9.1
ALT-201189,Y,Sheffield,Normal,Male,Personal Care,6.76,7,2.37,49.69,24/10/2025,08:46:42,Mobile Wallet,47.32,0.21,9.94,7.6
ALT-201190,Z,Birmingham,Member,Female,Baby Products,37.17,5,9.29,195.14,03/10/2025,10:50:53,Debit Card,185.85,0.18,33.45,5.6
ALT-201191,Y,Sheffield,Normal,Female,Baby Products,17.77,7,6.22,130.61,31/05/2025,17:14:56,Credit Card,124.39,0.18,22.39,5.6
ALT-201192,Z,Birmingham,Member,Female,Health & Wellness,41.56,5,10.39,218.19,19/08/2025,21:42:04,Credit Card,207.8,0.24,49.87,5.8
ALT-201193,X,Liverpool,Normal,Female,Frozen Foods,5.41,5,1.35,28.4,09/03/2025,15:32:34,Credit Card,27.05,0.1,2.71,7.8
ALT-201194,Y,Sheffield,Normal,Female,Health & Wellness,27.16,1,1.36,28.52,10/03/2025,15:46:21,Debit Card,27.16,0.24,6.52,6.0
ALT-201195,Z,Birmingham,Member,Male,Personal Care,2.97,8,1.19,24.95,17/03/2025,13:01:02,Debit Card,23.76,0.21,4.99,5.9
ALT-201196,Y,Sheffield,Member,Female,Beverages,9.92,6,2.98,62.5,02/03/2025,17:21:01,Cash,59.52,0.13,7.74,7.0
ALT-201197,Z,Birmingham,Normal,Male,Health & Wellness,12.22,7,4.28,89.82,13/11/2025,19:38:00,Credit Card,85.54,0.24,20.53,7.2
ALT-201198,Z,Birmingham,Member,Male,Frozen Foods,7.63,8,3.05,64.09,29/09/2025,11:06:28,Mobile Wallet,61.04,0.1,6.1,7.2
ALT-201199,Z,Birmingham,Normal,Male,Personal Care,21.53,5,5.38,113.03,12/06/2025,19:32:19,Credit Card,107.65,0.21,22.61,5.7
ALT-201200,X,Liverpool,Normal,Female,Household,22.29,6,6.69,140.43,04/01/2025,13:09:45,Credit Card,133.74,0.19,25.41,6.4
ALT-201201,Y,Sheffield,Normal,Female,Fresh Produce,6.71,2,0.67,14.09,10/09/2025,13:12:36,Mobile Wallet,13.42,0.08,1.07,5.1
ALT-201202,Z,Birmingham,Normal,Male,Fresh Produce,1.88,8,0.75,15.79,07/11/2025,18:31:13,Credit Card,15.04,0.08,1.2,8.0
ALT-201203,Z,Birmingham,Member,Male,Baby Products,12.54,1,0.63,13.17,16/01/2025,14:43:51,Cash,12.54,0.18,2.26,7.2
ALT-201204,X,Liverpool,Normal,Male,Beverages,4.54,3,0.68,14.3,07/05/2025,11:26:26,Credit Card,13.62,0.13,1.77,6.6
ALT-201205,Y,Sheffield,Normal,Male,Bakery,5.15,7,1.8,37.85,10/08/2025,10:10:45,Debit Card,36.05,0.11,3.97,6.1
ALT-201206,Z,Birmingham,Member,Female,Dairy & Eggs,5.39,1,0.27,5.66,08/08/2025,21:36:15,Cash,5.39,0.07,0.38,7.8
ALT-201207,Z,Birmingham,Normal,Male,Beverages,4.59,8,1.84,38.56,14/11/2025,16:35:59,Credit Card,36.72,0.13,4.77,7.9
ALT-201208,Y,Sheffield,Normal,Male,Health & Wellness,41.98,2,4.2,88.16,17/12/2025,18:44:48,Debit Card,83.96,0.24,20.15,4.7
ALT-201209,Y,Sheffield,Member,Male,Health & Wellness,7.97,5,1.99,41.84,02/02/2025,16:02:59,Credit Card,39.85,0.24,9.56,7.1
ALT-201210,Z,Birmingham,Member,Male,Personal Care,24.34,2,2.43,51.11,05/06/2025,18:59:27,Debit Card,48.68,0.21,10.22,7.5
ALT-201211,Z,Birmingham,Member,Male,Fresh Produce,2.34,4,0.47,9.83,03/04/2025,15:29:39,Credit Card,9.36,0.08,0.75,8.7
ALT-201212,Z,Birmingham,Normal,Female,Baby Products,26.07,1,1.3,27.37,21/02/2025,13:42:18,Cash,26.07,0.18,4.69,8.2
ALT-201213,Z,Birmingham,Member,Male,Household,12.55,1,0.63,13.18,19/05/2025,18:02:46,Mobile Wallet,12.55,0.19,2.38,7.7
ALT-201214,Y,Sheffield,Normal,Male,Beverages,9.67,5,2.42,50.77,28/07/2025,10:50:41,Debit Card,48.35,0.13,6.29,7.0
ALT-201215,Z,Birmingham,Normal,Female,Health & Wellness,14.12,1,0.71,14.83,01/09/2025,15:57:37,Credit Card,14.12,0.24,3.39,6.7
ALT-201216,Z,Birmingham,Member,Male,Fresh Produce,2.65,1,0.13,2.78,12/01/2025,16:38:33,Mobile Wallet,2.65,0.08,0.21,6.3
ALT-201217,Y,Sheffield,Member,Female,Household,13.85,11,7.62,159.97,04/06/2025,12:13:17,Credit Card,152.35,0.19,28.95,4.5
ALT-201218,Y,Sheffield,Member,Male,Household,6.81,4,1.36,28.6,21/02/2025,15:23:50,Mobile Wallet,27.24,0.19,5.18,7.4
ALT-201219,Z,Birmingham,Normal,Male,Health & Wellness,30.19,1,1.51,31.7,06/02/2025,17:00:33,Debit Card,30.19,0.24,7.25,6.0
ALT-201220,Y,Sheffield,Member,Female,Beverages,6.32,8,2.53,53.09,08/04/2025,21:59:56,Mobile Wallet,50.56,0.13,6.57,5.5
ALT-201221,Z,Birmingham,Member,Male,Personal Care,25.98,3,3.9,81.84,25/07/2025,19:40:55,Credit Card,77.94,0.21,16.37,6.2
ALT-201222,Y,Sheffield,Normal,Male,Snacks,4.04,10,2.02,42.42,13/01/2025,20:12:44,Mobile Wallet,40.4,0.17,6.87,4.9
ALT-201223,Z,Birmingham,Member,Female,Snacks,5.71,1,0.29,6.0,24/02/2025,16:03:23,Debit Card,5.71,0.17,0.97,5.4
ALT-201224,X,Liverpool,Normal,Female,Baby Products,7.23,1,0.36,7.59,02/11/2025,15:41:31,Mobile Wallet,7.23,0.18,1.3,6.9
ALT-201225,Y,Sheffield,Normal,Male,Health & Wellness,21.59,2,2.16,45.34,02/09/2025,12:13:06,Credit Card,43.18,0.24,10.36,7.0
ALT-201226,Y,Sheffield,Member,Male,Snacks,2.1,10,1.05,22.05,28/07/2025,15:27:35,Mobile Wallet,21.0,0.17,3.57,8.2
ALT-201227,Y,Sheffield,Member,Female,Baby Products,30.63,11,16.85,353.78,28/01/2025,14:09:50,Debit Card,336.93,0.18,60.65,5.7
ALT-201228,Y,Sheffield,Normal,Female,Household,11.57,4,2.31,48.59,02/05/2025,18:56:54,Debit Card,46.28,0.19,8.79,5.8
ALT-201229,X,Liverpool,Member,Male,Beverages,6.39,10,3.2,67.1,14/08/2025,18:35:21,Mobile Wallet,63.9,0.13,8.31,6.0
ALT-201230,Z,Birmingham,Normal,Male,Fresh Produce,11.25,1,0.56,11.81,11/05/2025,19:33:59,Cash,11.25,0.08,0.9,7.1
ALT-201231,Z,Birmingham,Normal,Male,Personal Care,16.06,2,1.61,33.73,01/12/2025,14:42:03,Debit Card,32.12,0.21,6.75,7.1
ALT-201232,Y,Sheffield,Normal,Female,Beverages,9.91,2,0.99,20.81,24/12/2025,12:45:20,Credit Card,19.82,0.13,2.58,7.4
ALT-201233,Z,Birmingham,Normal,Male,Health & Wellness,45.29,11,24.91,523.1,18/12/2025,14:17:10,Credit Card,498.19,0.24,119.57,6.6
ALT-201234,Y,Sheffield,Member,Female,Bakery,5.12,5,1.28,26.88,20/01/2025,17:01:34,Debit Card,25.6,0.11,2.82,6.1
ALT-201235,Y,Sheffield,Member,Male,Baby Products,13.33,10,6.67,139.97,17/09/2025,11:59:49,Mobile Wallet,133.3,0.18,23.99,7.8
ALT-201236,Z,Birmingham,Normal,Male,Fresh Produce,2.65,7,0.93,19.48,05/08/2025,19:32:19,Mobile Wallet,18.55,0.08,1.48,6.4
ALT-201237,X,Liverpool,Normal,Female,Bakery,3.46,8,1.38,29.06,23/10/2025,20:56:34,Credit Card,27.68,0.11,3.04,4.6
ALT-201238,Y,Sheffield,Normal,Female,Health & Wellness,37.5,5,9.38,196.88,15/07/2025,18:18:51,Credit Card,187.5,0.24,45.0,4.8
ALT-201239,Z,Birmingham,Normal,Male,Fresh Produce,2.62,8,1.05,22.01,06/10/2025,20:21:36,Mobile Wallet,20.96,0.08,1.68,5.6
ALT-201240,Y,Sheffield,Member,Male,Dairy & Eggs,2.09,5,0.52,10.97,23/04/2025,15:45:15,Cash,10.45,0.07,0.73,7.0
ALT-201241,Z,Birmingham,Normal,Male,Beverages,12.34,8,4.94,103.66,22/03/2025,14:23:57,Debit Card,98.72,0.13,12.83,6.1
ALT-201242,X,Liverpool,Normal,Female,Personal Care,9.63,1,0.48,10.11,08/03/2025,13:22:44,Cash,9.63,0.21,2.02,6.9
ALT-201243,Y,Sheffield,Member,Female,Dairy & Eggs,5.51,2,0.55,11.57,12/04/2025,17:13:24,Mobile Wallet,11.02,0.07,0.77,6.0
ALT-201244,X,Liverpool,Normal,Female,Beverages,0.97,2,0.1,2.04,25/07/2025,15:02:24,Mobile Wallet,1.94,0.13,0.25,6.5
ALT-201245,Y,Sheffield,Member,Female,Personal Care,22.36,6,6.71,140.87,22/05/2025,10:28:41,Cash,134.16,0.21,28.17,5.1
ALT-201246,X,Liverpool,Normal,Female,Frozen Foods,4.08,10,2.04,42.84,21/03/2025,17:46:12,Debit Card,40.8,0.1,4.08,7.0
ALT-201247,Y,Sheffield,Member,Male,Health & Wellness,13.18,1,0.66,13.84,07/05/2025,14:34:32,Credit Card,13.18,0.24,3.16,7.4
ALT-201248,X,Liverpool,Normal,Female,Beverages,6.59,5,1.65,34.6,13/05/2025,14:19:39,Debit Card,32.95,0.13,4.28,5.2
ALT-201249,Z,Birmingham,Normal,Male,Fresh Produce,4.94,7,1.73,36.31,27/10/2025,18:58:11,Debit Card,34.58,0.08,2.77,6.3
ALT-201250,Z,Birmingham,Member,Female,Household,4.08,1,0.2,4.28,24/12/2025,19:01:44,Debit Card,4.08,0.19,0.78,5.5
ALT-201251,X,Liverpool,Normal,Male,Beverages,10.04,3,1.51,31.63,29/10/2025,18:13:42,Debit Card,30.12,0.13,3.92,6.2
ALT-201252,Y,Sheffield,Normal,Male,Household,8.94,1,0.45,9.39,20/11/2025,13:33:52,Credit Card,8.94,0.19,1.7,4.8
ALT-201253,X,Liverpool,Member,Female,Fresh Produce,4.59,7,1.61,33.74,20/03/2025,15:44:04,Credit Card,32.13,0.08,2.57,9.2
ALT-201254,X,Liverpool,Member,Female,Bakery,2.06,6,0.62,12.98,12/12/2025,11:15:50,Credit Card,12.36,0.11,1.36,6.8
ALT-201255,X,Liverpool,Normal,Male,Health & Wellness,4.19,1,0.21,4.4,27/05/2025,15:07:27,Debit Card,4.19,0.24,1.01,5.8
ALT-201256,Z,Birmingham,Member,Female,Health & Wellness,30.41,2,3.04,63.86,12/03/2025,21:09:03,Credit Card,60.82,0.24,14.6,7.6
ALT-201257,Y,Sheffield,Normal,Female,Snacks,5.79,9,2.61,54.72,20/03/2025,17:43:25,Cash,52.11,0.17,8.86,6.4
ALT-201258,X,Liverpool,Member,Female,Fresh Produce,5.47,2,0.55,11.49,04/04/2025,19:11:22,Debit Card,10.94,0.08,0.88,7.6
ALT-201259,Z,Birmingham,Member,Male,Personal Care,13.82,6,4.15,87.07,17/02/2025,15:46:41,Cash,82.92,0.21,17.41,6.4
ALT-201260,X,Liverpool,Normal,Female,Health & Wellness,22.35,9,10.06,211.21,27/09/2025,21:29:09,Credit Card,201.15,0.24,48.28,6.5
ALT-201261,X,Liverpool,Normal,Male,Bakery,8.61,5,2.15,45.2,22/03/2025,17:09:05,Credit Card,43.05,0.11,4.74,5.9
ALT-201262,Z,Birmingham,Member,Female,Dairy & Eggs,2.73,6,0.82,17.2,03/07/2025,16:25:01,Credit Card,16.38,0.07,1.15,6.0
ALT-201263,X,Liverpool,Member,Male,Bakery,4.64,1,0.23,4.87,18/11/2025,16:04:45,Debit Card,4.64,0.11,0.51,7.9
ALT-201264,Y,Sheffield,Member,Male,Personal Care,15.51,5,3.88,81.43,13/03/2025,13:15:35,Credit Card,77.55,0.21,16.29,7.5
ALT-201265,X,Liverpool,Normal,Female,Personal Care,6.67,1,0.33,7.0,01/11/2025,10:26:14,Credit Card,6.67,0.21,1.4,6.3
ALT-201266,X,Liverpool,Normal,Male,Health & Wellness,7.08,5,1.77,37.17,28/12/2025,17:17:33,Debit Card,35.4,0.24,8.5,6.0
ALT-201267,X,Liverpool,Normal,Male,Health & Wellness,22.17,3,3.33,69.84,08/07/2025,11:09:18,Credit Card,66.51,0.24,15.96,4.7
ALT-201268,Z,Birmingham,Member,Female,Fresh Produce,9.8,2,0.98,20.58,16/08/2025,18:27:35,Debit Card,19.6,0.08,1.57,4.8
ALT-201269,Y,Sheffield,Normal,Female,Health & Wellness,36.75,5,9.19,192.94,09/12/2025,15:10:56,Cash,183.75,0.24,44.1,7.1
ALT-201270,X,Liverpool,Member,Female,Bakery,4.78,1,0.24,5.02,16/03/2025,10:40:44,Debit Card,4.78,0.11,0.53,7.3
ALT-201271,X,Liverpool,Normal,Male,Frozen Foods,13.78,6,4.13,86.81,13/10/2025,16:15:27,Credit Card,82.68,0.1,8.27,7.9
ALT-201272,Z,Birmingham,Normal,Male,Dairy & Eggs,5.24,3,0.79,16.51,02/05/2025,17:38:52,Credit Card,15.72,0.07,1.1,5.7
ALT-201273,Y,Sheffield,Member,Male,Dairy & Eggs,2.68,1,0.13,2.81,05/05/2025,14:41:27,Debit Card,2.68,0.07,0.19,7.8
ALT-201274,Y,Sheffield,Member,Male,Baby Products,37.58,6,11.27,236.75,25/07/2025,18:00:09,Debit Card,225.48,0.18,40.59,7.0
ALT-201275,Y,Sheffield,Normal,Female,Bakery,2.62,2,0.26,5.5,20/03/2025,12:31:48,Debit Card,5.24,0.11,0.58,5.9
ALT-201276,X,Liverpool,Member,Female,Fresh Produce,8.33,8,3.33,69.97,04/07/2025,21:53:18,Credit Card,66.64,0.08,5.33,6.5
ALT-201277,X,Liverpool,Member,Female,Snacks,3.84,1,0.19,4.03,27/11/2025,18:05:48,Mobile Wallet,3.84,0.17,0.65,7.8
ALT-201278,Y,Sheffield,Member,Female,Dairy & Eggs,4.89,6,1.47,30.81,14/01/2025,13:20:52,Mobile Wallet,29.34,0.07,2.05,5.8
ALT-201279,Y,Sheffield,Member,Male,Baby Products,39.33,2,3.93,82.59,03/04/2025,15:32:33,Credit Card,78.66,0.18,14.16,5.4
ALT-201280,X,Liverpool,Normal,Male,Household,10.22,13,6.64,139.5,22/12/2025,17:43:41,Cash,132.86,0.19,25.24,6.5
ALT-201281,Y,Sheffield,Normal,Female,Snacks,3.73,7,1.31,27.42,09/10/2025,18:37:55,Cash,26.11,0.17,4.44,5.3
ALT-201282,Z,Birmingham,Member,Female,Frozen Foods,11.48,9,5.17,108.49,26/08/2025,20:28:31,Debit Card,103.32,0.1,10.33,6.6
ALT-201283,Y,Sheffield,Normal,Male,Fresh Produce,9.04,3,1.36,28.48,28/11/2025,16:35:22,Cash,27.12,0.08,2.17,7.1
ALT-201284,X,Liverpool,Normal,Female,Baby Products,23.67,2,2.37,49.71,28/06/2025,11:55:29,Debit Card,47.34,0.18,8.52,7.6
ALT-201285,Y,Sheffield,Member,Male,Bakery,2.67,2,0.27,5.61,23/10/2025,16:13:41,Credit Card,5.34,0.11,0.59,7.8
ALT-201286,X,Liverpool,Member,Female,Fresh Produce,7.32,1,0.37,7.69,03/11/2025,12:26:46,Credit Card,7.32,0.08,0.59,6.5
ALT-201287,X,Liverpool,Normal,Male,Household,19.18,5,4.8,100.7,11/07/2025,19:57:58,Mobile Wallet,95.9,0.19,18.22,7.1
ALT-201288,Y,Sheffield,Member,Female,Household,15.35,2,1.54,32.24,26/09/2025,12:08:17,Mobile Wallet,30.7,0.19,5.83,7.0
ALT-201289,X,Liverpool,Normal,Female,Health & Wellness,3.8,3,0.57,11.97,08/07/2025,15:28:05,Debit Card,11.4,0.24,2.74,5.8
ALT-201290,Y,Sheffield,Normal,Male,Baby Products,34.31,10,17.16,360.26,17/06/2025,11:05:27,Debit Card,343.1,0.18,61.76,6.4
ALT-201291,X,Liverpool,Member,Male,Household,24.39,1,1.22,25.61,29/07/2025,18:02:27,Cash,24.39,0.19,4.63,6.6
ALT-201292,Z,Birmingham,Normal,Male,Household,15.85,5,3.96,83.21,01/10/2025,17:56:37,Credit Card,79.25,0.19,15.06,6.8
ALT-201293,Z,Birmingham,Member,Female,Baby Products,33.17,9,14.93,313.46,24/12/2025,10:31:32,Debit Card,298.53,0.18,53.74,5.8
ALT-201294,X,Liverpool,Normal,Female,Health & Wellness,20.86,3,3.13,65.71,16/09/2025,08:23:11,Debit Card,62.58,0.24,15.02,5.3
ALT-201295,Z,Birmingham,Normal,Female,Health & Wellness,23.61,4,4.72,99.16,14/03/2025,12:38:35,Debit Card,94.44,0.24,22.67,6.5
ALT-201296,X,Liverpool,Member,Female,Frozen Foods,3.85,1,0.19,4.04,06/02/2025,19:56:33,Debit Card,3.85,0.1,0.39,8.3
ALT-201297,Y,Sheffield,Member,Male,Personal Care,3.23,3,0.48,10.17,06/11/2025,11:31:11,Debit Card,9.69,0.21,2.03,8.7
ALT-201298,Z,Birmingham,Normal,Male,Fresh Produce,9.43,2,0.94,19.8,10/01/2025,15:08:45,Cash,18.86,0.08,1.51,4.7
ALT-201299,Y,Sheffield,Normal,Male,Beverages,5.07,3,0.76,15.97,08/07/2025,11:32:17,Credit Card,15.21,0.13,1.98,4.1
ALT-201300,Z,Birmingham,Normal,Female,Household,14.89,5,3.72,78.17,10/04/2025,13:03:25,Mobile Wallet,74.45,0.19,14.15,5.2
ALT-201301,Y,Sheffield,Normal,Female,Health & Wellness,24.58,9,11.06,232.28,05/04/2025,10:54:26,Debit Card,221.22,0.24,53.09,6.9
ALT-201302,Y,Sheffield,Member,Male,Dairy & Eggs,4.63,6,1.39,29.17,12/10/2025,14:22:13,Credit Card,27.78,0.07,1.94,8.3
ALT-201303,Y,Sheffield,Normal,Male,Personal Care,16.64,1,0.83,17.47,21/09/2025,16:01:35,Debit Card,16.64,0.21,3.49,8.2
ALT-201304,Y,Sheffield,Normal,Male,Baby Products,12.22,10,6.11,128.31,20/07/2025,12:11:56,Mobile Wallet,122.2,0.18,22.0,7.4
ALT-201305,Y,Sheffield,Member,Male,Personal Care,4.85,6,1.46,30.56,20/11/2025,13:22:21,Credit Card,29.1,0.21,6.11,9.4
ALT-201306,Y,Sheffield,Member,Male,Frozen Foods,12.72,2,1.27,26.71,30/05/2025,16:43:55,Credit Card,25.44,0.1,2.54,6.7
ALT-201307,Z,Birmingham,Member,Male,Health & Wellness,41.7,11,22.94,481.64,06/07/2025,19:48:05,Cash,458.7,0.24,110.09,7.2
ALT-201308,Y,Sheffield,Member,Female,Frozen Foods,5.65,3,0.85,17.8,25/08/2025,14:05:28,Credit Card,16.95,0.1,1.7,6.0
ALT-201309,X,Liverpool,Member,Female,Bakery,4.25,5,1.06,22.31,13/03/2025,16:39:46,Debit Card,21.25,0.11,2.34,6.7
ALT-201310,X,Liverpool,Normal,Male,Beverages,8.98,1,0.45,9.43,28/04/2025,12:26:32,Credit Card,8.98,0.13,1.17,4.7
ALT-201311,Z,Birmingham,Normal,Male,Bakery,11.54,8,4.62,96.94,23/11/2025,12:57:32,Debit Card,92.32,0.11,10.16,8.5
ALT-201312,Y,Sheffield,Member,Female,Bakery,1.34,7,0.47,9.85,07/08/2025,10:42:41,Credit Card,9.38,0.11,1.03,6.9
ALT-201313,Z,Birmingham,Member,Female,Beverages,3.98,3,0.6,12.54,15/06/2025,15:24:51,Debit Card,11.94,0.13,1.55,6.9
ALT-201314,X,Liverpool,Normal,Male,Baby Products,5.38,5,1.34,28.24,12/12/2025,16:54:02,Cash,26.9,0.18,4.84,6.8
ALT-201315,Z,Birmingham,Member,Male,Health & Wellness,14.24,9,6.41,134.57,18/07/2025,13:53:39,Mobile Wallet,128.16,0.24,30.76,5.9
ALT-201316,Y,Sheffield,Member,Male,Household,14.97,6,4.49,94.31,19/01/2025,09:55:33,Credit Card,89.82,0.19,17.07,7.2
ALT-201317,Y,Sheffield,Normal,Male,Personal Care,4.24,1,0.21,4.45,17/04/2025,19:39:43,Mobile Wallet,4.24,0.21,0.89,6.7
ALT-201318,X,Liverpool,Normal,Male,Personal Care,16.08,4,3.22,67.54,22/12/2025,09:07:50,Credit Card,64.32,0.21,13.51,5.5
ALT-201319,Z,Birmingham,Normal,Female,Frozen Foods,9.43,5,2.36,49.51,07/12/2025,14:34:10,Debit Card,47.15,0.1,4.71,5.8
ALT-201320,Z,Birmingham,Normal,Male,Snacks,0.91,5,0.23,4.78,10/06/2025,18:23:34,Credit Card,4.55,0.17,0.77,4.4
ALT-201321,Y,Sheffield,Normal,Male,Beverages,2.02,3,0.3,6.36,22/06/2025,12:27:14,Mobile Wallet,6.06,0.13,0.79,5.9
ALT-201322,X,Liverpool,Normal,Female,Fresh Produce,6.22,7,2.18,45.72,10/02/2025,13:07:55,Cash,43.54,0.08,3.48,6.0
ALT-201323,Z,Birmingham,Member,Female,Dairy & Eggs,1.76,1,0.09,1.85,20/01/2025,20:55:41,Cash,1.76,0.07,0.12,6.5
ALT-201324,Z,Birmingham,Normal,Female,Household,10.78,8,4.31,90.55,08/04/2025,16:00:51,Mobile Wallet,86.24,0.19,16.39,8.0
ALT-201325,X,Liverpool,Normal,Female,Beverages,7.64,4,1.53,32.09,30/05/2025,16:09:06,Mobile Wallet,30.56,0.13,3.97,5.2
ALT-201326,Y,Sheffield,Normal,Female,Frozen Foods,14.88,3,2.23,46.87,09/02/2025,16:16:34,Mobile Wallet,44.64,0.1,4.46,6.9
ALT-201327,Z,Birmingham,Member,Female,Household,14.58,5,3.65,76.55,04/05/2025,16:56:38,Cash,72.9,0.19,13.85,6.3
ALT-201328,Z,Birmingham,Normal,Male,Household,8.6,8,3.44,72.24,11/03/2025,19:23:33,Credit Card,68.8,0.19,13.07,7.8
ALT-201329,Y,Sheffield,Member,Female,Baby Products,14.3,1,0.72,15.02,23/07/2025,11:44:44,Credit Card,14.3,0.18,2.57,7.0
ALT-201330,Z,Birmingham,Normal,Female,Dairy & Eggs,6.98,2,0.7,14.66,24/01/2025,13:21:54,Debit Card,13.96,0.07,0.98,7.1
ALT-201331,Z,Birmingham,Member,Female,Health & Wellness,29.68,5,7.42,155.82,01/01/2025,16:19:37,Credit Card,148.4,0.24,35.62,8.7
ALT-201332,Z,Birmingham,Member,Male,Beverages,8.59,1,0.43,9.02,22/06/2025,16:09:19,Credit Card,8.59,0.13,1.12,8.7
ALT-201333,Y,Sheffield,Normal,Female,Snacks,1.75,3,0.26,5.51,16/06/2025,18:49:33,Debit Card,5.25,0.17,0.89,7.0
ALT-201334,Y,Sheffield,Member,Male,Baby Products,33.02,4,6.6,138.68,19/06/2025,19:31:52,Mobile Wallet,132.08,0.18,23.77,7.1
ALT-201335,Z,Birmingham,Member,Male,Snacks,4.32,6,1.3,27.22,30/12/2025,17:59:35,Debit Card,25.92,0.17,4.41,5.4
ALT-201336,Z,Birmingham,Member,Female,Household,19.7,12,11.82,248.22,28/05/2025,15:57:47,Mobile Wallet,236.4,0.19,44.92,8.0
ALT-201337,Z,Birmingham,Normal,Male,Dairy & Eggs,4.85,2,0.48,10.18,17/11/2025,17:53:37,Debit Card,9.7,0.07,0.68,5.3
ALT-201338,Z,Birmingham,Member,Female,Frozen Foods,14.37,4,2.87,60.35,14/01/2025,13:25:07,Credit Card,57.48,0.1,5.75,6.9
ALT-201339,Z,Birmingham,Normal,Male,Personal Care,13.92,9,6.26,131.54,14/10/2025,14:26:07,Credit Card,125.28,0.21,26.31,7.6
ALT-201340,Y,Sheffield,Normal,Male,Baby Products,15.53,2,1.55,32.61,29/01/2025,16:17:30,Credit Card,31.06,0.18,5.59,6.7
ALT-201341,X,Liverpool,Normal,Female,Beverages,11.49,2,1.15,24.13,09/05/2025,15:44:48,Credit Card,22.98,0.13,2.99,6.6
ALT-201342,X,Liverpool,Member,Male,Bakery,3.1,1,0.16,3.26,02/03/2025,15:27:15,Debit Card,3.1,0.11,0.34,8.1
ALT-201343,Z,Birmingham,Member,Male,Fresh Produce,9.58,2,0.96,20.12,22/04/2025,16:34:11,Mobile Wallet,19.16,0.08,1.53,6.5
ALT-201344,Z,Birmingham,Member,Female,Frozen Foods,16.6,3,2.49,52.29,06/03/2025,15:13:40,Credit Card,49.8,0.1,4.98,4.0
ALT-201345,Z,Birmingham,Member,Male,Bakery,3.82,6,1.15,24.07,28/08/2025,14:36:33,Cash,22.92,0.11,2.52,7.9
ALT-201346,X,Liverpool,Member,Female,Household,23.94,2,2.39,50.27,17/10/2025,17:31:43,Debit Card,47.88,0.19,9.1,9.0
ALT-201347,Z,Birmingham,Normal,Male,Frozen Foods,5.45,6,1.64,34.34,18/01/2025,10:00:42,Cash,32.7,0.1,3.27,7.0
ALT-201348,Y,Sheffield,Normal,Male,Bakery,3.39,8,1.36,28.48,12/07/2025,14:58:02,Mobile Wallet,27.12,0.11,2.98,6.8
ALT-201349,Z,Birmingham,Normal,Male,Household,23.0,7,8.05,169.05,25/10/2025,15:32:51,Credit Card,161.0,0.19,30.59,6.0
ALT-201350,Z,Birmingham,Member,Male,Household,20.83,5,5.21,109.36,18/08/2025,14:57:38,Mobile Wallet,104.15,0.19,19.79,7.4
ALT-201351,Z,Birmingham,Normal,Female,Snacks,1.88,4,0.38,7.9,28/09/2025,09:19:02,Debit Card,7.52,0.17,1.28,7.2
ALT-201352,Z,Birmingham,Normal,Male,Baby Products,4.9,7,1.71,36.01,11/03/2025,17:20:15,Debit Card,34.3,0.18,6.17,6.5
ALT-201353,X,Liverpool,Normal,Female,Frozen Foods,14.46,7,5.06,106.28,30/12/2025,11:57:31,Cash,101.22,0.1,10.12,7.6
ALT-201354,Z,Birmingham,Normal,Female,Snacks,0.8,2,0.08,1.68,18/09/2025,13:07:41,Credit Card,1.6,0.17,0.27,4.8
ALT-201355,Y,Sheffield,Member,Female,Beverages,2.09,4,0.42,8.78,09/05/2025,15:27:34,Mobile Wallet,8.36,0.13,1.09,9.3
ALT-201356,Y,Sheffield,Member,Female,Personal Care,5.81,10,2.91,61.01,31/01/2025,11:25:01,Mobile Wallet,58.1,0.21,12.2,7.8
ALT-201357,X,Liverpool,Normal,Female,Personal Care,9.9,6,2.97,62.37,28/08/2025,09:04:29,Credit Card,59.4,0.21,12.47,6.3
ALT-201358,Z,Birmingham,Normal,Male,Frozen Foods,16.33,2,1.63,34.29,23/07/2025,14:10:01,Credit Card,32.66,0.1,3.27,6.4
ALT-201359,Y,Sheffield,Member,Male,Beverages,5.18,8,2.07,43.51,26/08/2025,10:02:02,Credit Card,41.44,0.13,5.39,7.4
ALT-201360,Y,Sheffield,Member,Female,Baby Products,34.45,9,15.5,325.55,19/04/2025,17:38:39,Debit Card,310.05,0.18,55.81,5.3
ALT-201361,Z,Birmingham,Normal,Male,Fresh Produce,3.86,2,0.39,8.11,17/05/2025,15:09:42,Debit Card,7.72,0.08,0.62,8.8
ALT-201362,Z,Birmingham,Member,Male,Fresh Produce,10.66,4,2.13,44.77,01/04/2025,15:15:42,Debit Card,42.64,0.08,3.41,6.0
ALT-201363,X,Liverpool,Member,Male,Frozen Foods,11.89,3,1.78,37.45,07/04/2025,17:54:09,Debit Card,35.67,0.1,3.57,6.0
ALT-201364,X,Liverpool,Member,Female,Household,19.03,1,0.95,19.98,13/08/2025,13:41:06,Debit Card,19.03,0.19,3.62,7.3
ALT-201365,Y,Sheffield,Member,Female,Fresh Produce,9.3,5,2.33,48.83,01/04/2025,09:30:19,Debit Card,46.5,0.08,3.72,7.2
ALT-201366,Z,Birmingham,Member,Female,Household,5.17,10,2.59,54.29,07/01/2025,15:29:30,Mobile Wallet,51.7,0.19,9.82,6.3
ALT-201367,Z,Birmingham,Normal,Female,Household,24.68,6,7.4,155.48,04/05/2025,14:30:15,Debit Card,148.08,0.19,28.14,5.6
ALT-201368,Z,Birmingham,Member,Male,Snacks,4.36,1,0.22,4.58,14/06/2025,19:13:11,Debit Card,4.36,0.17,0.74,7.4
ALT-201369,Y,Sheffield,Normal,Male,Snacks,4.88,5,1.22,25.62,22/07/2025,21:30:03,Debit Card,24.4,0.17,4.15,7.2
ALT-201370,Z,Birmingham,Member,Female,Frozen Foods,14.35,5,3.59,75.34,29/12/2025,20:26:27,Mobile Wallet,71.75,0.1,7.18,6.2
ALT-201371,Y,Sheffield,Member,Female,Beverages,2.29,1,0.11,2.4,30/03/2025,19:19:17,Mobile Wallet,2.29,0.13,0.3,8.2
ALT-201372,X,Liverpool,Normal,Female,Dairy & Eggs,2.86,4,0.57,12.01,19/08/2025,14:20:06,Debit Card,11.44,0.07,0.8,6.0
ALT-201373,X,Liverpool,Member,Female,Fresh Produce,10.5,2,1.05,22.05,06/08/2025,14:19:40,Mobile Wallet,21.0,0.08,1.68,6.5
ALT-201374,Y,Sheffield,Member,Male,Personal Care,19.97,13,12.98,272.59,30/05/2025,15:25:20,Debit Card,259.61,0.21,54.52,7.0
ALT-201375,X,Liverpool,Member,Female,Snacks,5.57,6,1.67,35.09,06/01/2025,19:18:15,Credit Card,33.42,0.17,5.68,5.6
ALT-201376,X,Liverpool,Normal,Male,Dairy & Eggs,6.31,6,1.89,39.75,03/04/2025,10:26:29,Credit Card,37.86,0.07,2.65,7.0
ALT-201377,Y,Sheffield,Member,Male,Snacks,2.26,11,1.24,26.1,17/04/2025,12:57:49,Cash,24.86,0.17,4.23,7.3
ALT-201378,Z,Birmingham,Member,Male,Personal Care,18.86,12,11.32,237.64,09/02/2025,12:14:06,Cash,226.32,0.21,47.53,7.6
ALT-201379,Y,Sheffield,Normal,Male,Beverages,12.68,11,6.97,146.45,09/02/2025,12:44:14,Cash,139.48,0.13,18.13,7.5
ALT-201380,Y,Sheffield,Normal,Female,Frozen Foods,14.49,1,0.72,15.21,25/09/2025,19:44:29,Credit Card,14.49,0.1,1.45,6.4
ALT-201381,Y,Sheffield,Normal,Female,Health & Wellness,10.71,3,1.61,33.74,17/01/2025,16:25:01,Mobile Wallet,32.13,0.24,7.71,6.1
ALT-201382,Y,Sheffield,Member,Male,Beverages,12.51,2,1.25,26.27,07/02/2025,15:56:51,Cash,25.02,0.13,3.25,7.9
ALT-201383,X,Liverpool,Normal,Female,Bakery,7.63,5,1.91,40.06,18/08/2025,17:47:23,Debit Card,38.15,0.11,4.2,6.8
ALT-201384,Y,Sheffield,Normal,Female,Dairy & Eggs,4.61,2,0.46,9.68,07/06/2025,17:42:41,Mobile Wallet,9.22,0.07,0.65,8.1
ALT-201385,Z,Birmingham,Normal,Female,Fresh Produce,7.91,6,2.37,49.83,14/11/2025,16:09:53,Mobile Wallet,47.46,0.08,3.8,5.6
ALT-201386,Z,Birmingham,Normal,Male,Baby Products,24.83,3,3.72,78.21,05/07/2025,10:53:50,Debit Card,74.49,0.18,13.41,6.4
ALT-201387,Y,Sheffield,Normal,Male,Dairy & Eggs,4.57,5,1.14,23.99,06/04/2025,14:48:35,Cash,22.85,0.07,1.6,5.8
ALT-201388,X,Liverpool,Member,Male,Snacks,5.5,2,0.55,11.55,15/05/2025,11:08:17,Credit Card,11.0,0.17,1.87,5.5
ALT-201389,X,Liverpool,Normal,Male,Dairy & Eggs,1.76,3,0.26,5.54,08/03/2025,15:45:41,Debit Card,5.28,0.07,0.37,8.5
ALT-201390,Y,Sheffield,Normal,Female,Health & Wellness,4.57,5,1.14,23.99,21/10/2025,21:02:33,Debit Card,22.85,0.24,5.48,8.0
ALT-201391,Y,Sheffield,Normal,Female,Dairy & Eggs,3.71,1,0.19,3.9,26/11/2025,17:23:55,Mobile Wallet,3.71,0.07,0.26,7.6
ALT-201392,Z,Birmingham,Member,Female,Fresh Produce,3.2,1,0.16,3.36,19/05/2025,20:21:16,Cash,3.2,0.08,0.26,7.2
ALT-201393,Z,Birmingham,Member,Male,Personal Care,23.9,9,10.76,225.86,23/02/2025,17:49:25,Credit Card,215.1,0.21,45.17,7.1
ALT-201394,Y,Sheffield,Normal,Male,Frozen Foods,1.97,3,0.3,6.21,30/03/2025,10:00:59,Credit Card,5.91,0.1,0.59,7.6
ALT-201395,Y,Sheffield,Member,Female,Household,8.5,9,3.83,80.33,23/03/2025,08:12:22,Credit Card,76.5,0.19,14.54,7.6
ALT-201396,X,Liverpool,Normal,Male,Fresh Produce,5.05,7,1.77,37.12,26/01/2025,20:14:15,Credit Card,35.35,0.08,2.83,5.6
ALT-201397,Z,Birmingham,Normal,Male,Dairy & Eggs,2.49,1,0.12,2.61,09/02/2025,12:13:34,Credit Card,2.49,0.07,0.17,5.5
ALT-201398,Y,Sheffield,Normal,Female,Health & Wellness,9.48,5,2.37,49.77,24/05/2025,13:25:27,Debit Card,47.4,0.24,11.38,6.1
ALT-201399,X,Liverpool,Normal,Male,Frozen Foods,17.32,6,5.2,109.12,17/11/2025,17:23:48,Debit Card,103.92,0.1,10.39,6.5
ALT-201400,Y,Sheffield,Member,Female,Household,4.97,7,1.74,36.53,01/12/2025,14:17:16,Mobile Wallet,34.79,0.19,6.61,6.6
ALT-201401,X,Liverpool,Normal,Female,Health & Wellness,9.98,10,4.99,104.79,07/06/2025,21:49:22,Credit Card,99.8,0.24,23.95,6.7
ALT-201402,X,Liverpool,Member,Female,Beverages,2.45,4,0.49,10.29,27/04/2025,18:31:49,Credit Card,9.8,0.13,1.27,6.3
ALT-201403,Y,Sheffield,Normal,Male,Fresh Produce,3.9,2,0.39,8.19,15/04/2025,17:12:07,Mobile Wallet,7.8,0.08,0.62,7.6
ALT-201404,Y,Sheffield,Normal,Male,Beverages,5.54,9,2.49,52.35,13/08/2025,11:02:09,Mobile Wallet,49.86,0.13,6.48,7.5
ALT-201405,Z,Birmingham,Member,Male,Frozen Foods,16.01,5,4.0,84.05,02/01/2025,15:55:40,Cash,80.05,0.1,8.01,7.4
ALT-201406,X,Liverpool,Normal,Female,Bakery,6.24,4,1.25,26.21,27/12/2025,18:50:25,Debit Card,24.96,0.11,2.75,7.5
ALT-201407,Z,Birmingham,Normal,Female,Baby Products,7.16,5,1.79,37.59,06/02/2025,10:39:01,Cash,35.8,0.18,6.44,5.1
ALT-201408,Y,Sheffield,Normal,Male,Fresh Produce,1.8,3,0.27,5.67,18/06/2025,12:17:02,Mobile Wallet,5.4,0.08,0.43,5.7
ALT-201409,Y,Sheffield,Member,Female,Beverages,6.87,7,2.4,50.49,21/01/2025,12:36:34,Debit Card,48.09,0.13,6.25,6.2
ALT-201410,Y,Sheffield,Normal,Female,Bakery,2.53,1,0.13,2.66,13/05/2025,12:21:26,Debit Card,2.53,0.11,0.28,7.4
ALT-201411,Y,Sheffield,Member,Female,Bakery,2.7,2,0.27,5.67,13/04/2025,16:52:21,Mobile Wallet,5.4,0.11,0.59,6.8
ALT-201412,Z,Birmingham,Member,Female,Baby Products,13.51,4,2.7,56.74,13/05/2025,11:43:38,Debit Card,54.04,0.18,9.73,6.8
ALT-201413,X,Liverpool,Normal,Female,Baby Products,36.01,5,9.0,189.05,12/12/2025,16:26:23,Debit Card,180.05,0.18,32.41,5.3
ALT-201414,X,Liverpool,Member,Female,Bakery,5.02,4,1.0,21.08,12/01/2025,10:43:45,Cash,20.08,0.11,2.21,6.6
ALT-201415,Y,Sheffield,Normal,Male,Snacks,5.97,6,1.79,37.61,02/07/2025,15:57:26,Debit Card,35.82,0.17,6.09,6.4
ALT-201416,X,Liverpool,Member,Female,Frozen Foods,2.79,3,0.42,8.79,25/06/2025,15:34:50,Credit Card,8.37,0.1,0.84,6.8
ALT-201417,Y,Sheffield,Normal,Female,Personal Care,14.62,5,3.65,76.75,02/01/2025,18:31:56,Credit Card,73.1,0.21,15.35,5.8
ALT-201418,Y,Sheffield,Member,Female,Bakery,7.68,4,1.54,32.26,27/06/2025,19:14:14,Mobile Wallet,30.72,0.11,3.38,5.7
ALT-201419,Z,Birmingham,Member,Male,Household,21.97,1,1.1,23.07,14/03/2025,17:29:05,Credit Card,21.97,0.19,4.17,6.8
ALT-201420,X,Liverpool,Normal,Male,Beverages,5.59,2,0.56,11.74,13/12/2025,19:26:18,Debit Card,11.18,0.13,1.45,7.4
ALT-201421,X,Liverpool,Normal,Male,Frozen Foods,9.62,3,1.44,30.3,07/10/2025,13:59:39,Cash,28.86,0.1,2.89,6.9
ALT-201422,X,Liverpool,Member,Female,Personal Care,11.99,9,5.4,113.31,26/01/2025,16:54:36,Debit Card,107.91,0.21,22.66,6.3
ALT-201423,Y,Sheffield,Member,Female,Bakery,6.67,4,1.33,28.01,02/09/2025,13:33:50,Mobile Wallet,26.68,0.11,2.93,7.8
ALT-201424,Z,Birmingham,Member,Male,Frozen Foods,3.93,6,1.18,24.76,12/10/2025,17:06:22,Mobile Wallet,23.58,0.1,2.36,7.9
ALT-201425,Z,Birmingham,Normal,Male,Beverages,14.0,9,6.3,132.3,03/03/2025,19:12:36,Debit Card,126.0,0.13,16.38,5.8
ALT-201426,Y,Sheffield,Normal,Male,Bakery,8.87,12,5.32,111.76,29/10/2025,19:22:39,Debit Card,106.44,0.11,11.71,5.1
ALT-201427,X,Liverpool,Normal,Female,Snacks,1.06,1,0.05,1.11,08/02/2025,15:31:14,Debit Card,1.06,0.17,0.18,6.6
ALT-201428,Z,Birmingham,Normal,Male,Personal Care,13.57,5,3.39,71.24,26/02/2025,21:21:31,Debit Card,67.85,0.21,14.25,7.2
ALT-201429,X,Liverpool,Member,Female,Personal Care,21.46,13,13.95,292.93,18/05/2025,11:09:50,Cash,278.98,0.21,58.59,5.9
ALT-201430,Y,Sheffield,Member,Male,Baby Products,18.45,6,5.54,116.24,14/05/2025,16:49:30,Debit Card,110.7,0.18,19.93,6.9
ALT-201431,Z,Birmingham,Normal,Female,Baby Products,32.16,12,19.3,405.22,09/09/2025,09:19:03,Debit Card,385.92,0.18,69.47,6.1
ALT-201432,X,Liverpool,Member,Female,Household,3.6,9,1.62,34.02,19/03/2025,18:54:04,Cash,32.4,0.19,6.16,8.6
ALT-201433,X,Liverpool,Normal,Female,Baby Products,27.04,4,5.41,113.57,15/11/2025,15:23:18,Credit Card,108.16,0.18,19.47,7.0
ALT-201434,Y,Sheffield,Member,Male,Bakery,9.24,7,3.23,67.91,20/08/2025,12:12:31,Credit Card,64.68,0.11,7.11,7.4
ALT-201435,Z,Birmingham,Normal,Male,Snacks,4.64,1,0.23,4.87,11/02/2025,18:42:04,Credit Card,4.64,0.17,0.79,6.4
ALT-201436,Z,Birmingham,Normal,Male,Baby Products,14.73,5,3.68,77.33,11/07/2025,19:27:32,Debit Card,73.65,0.18,13.26,6.5
ALT-201437,Y,Sheffield,Normal,Male,Baby Products,19.19,3,2.88,60.45,17/03/2025,11:28:58,Debit Card,57.57,0.18,10.36,4.8
ALT-201438,Z,Birmingham,Normal,Female,Snacks,3.62,3,0.54,11.4,11/12/2025,17:26:46,Cash,10.86,0.17,1.85,7.8
ALT-201439,X,Liverpool,Member,Male,Fresh Produce,9.64,1,0.48,10.12,04/10/2025,17:05:40,Debit Card,9.64,0.08,0.77,6.2
ALT-201440,Y,Sheffield,Member,Male,Baby Products,31.16,8,12.46,261.74,15/05/2025,19:12:49,Debit Card,249.28,0.18,44.87,6.0
ALT-201441,Y,Sheffield,Normal,Female,Dairy & Eggs,6.73,9,3.03,63.6,31/07/2025,13:18:46,Mobile Wallet,60.57,0.07,4.24,6.6
ALT-201442,X,Liverpool,Member,Female,Household,8.52,2,0.85,17.89,04/07/2025,10:02:00,Mobile Wallet,17.04,0.19,3.24,6.6
ALT-201443,Z,Birmingham,Normal,Female,Frozen Foods,17.02,7,5.96,125.1,30/04/2025,11:20:14,Debit Card,119.14,0.1,11.91,6.5
ALT-201444,Y,Sheffield,Normal,Male,Frozen Foods,8.27,6,2.48,52.1,15/02/2025,19:45:23,Credit Card,49.62,0.1,4.96,6.1
ALT-201445,Z,Birmingham,Member,Female,Snacks,4.9,3,0.73,15.43,24/06/2025,16:10:48,Debit Card,14.7,0.17,2.5,6.0
ALT-201446,X,Liverpool,Normal,Female,Bakery,7.16,8,2.86,60.14,14/01/2025,14:04:20,Debit Card,57.28,0.11,6.3,4.8
ALT-201447,Z,Birmingham,Normal,Female,Frozen Foods,15.75,5,3.94,82.69,14/10/2025,17:11:53,Mobile Wallet,78.75,0.1,7.88,6.6
ALT-201448,Z,Birmingham,Member,Female,Beverages,12.97,9,5.84,122.57,05/02/2025,08:46:22,Cash,116.73,0.13,15.17,7.2
ALT-201449,Z,Birmingham,Member,Male,Health & Wellness,4.66,5,1.17,24.47,11/01/2025,19:42:01,Credit Card,23.3,0.24,5.59,8.4
ALT-201450,Y,Sheffield,Member,Female,Household,12.96,5,3.24,68.04,24/07/2025,15:52:15,Debit Card,64.8,0.19,12.31,6.7
ALT-201451,X,Liverpool,Normal,Female,Baby Products,39.12,1,1.96,41.08,05/03/2025,18:55:56,Debit Card,39.12,0.18,7.04,5.0
ALT-201452,Y,Sheffield,Normal,Female,Snacks,2.93,4,0.59,12.31,23/03/2025,15:43:51,Debit Card,11.72,0.17,1.99,8.1
ALT-201453,Y,Sheffield,Member,Female,Baby Products,6.29,8,2.52,52.84,13/09/2025,11:48:19,Credit Card,50.32,0.18,9.06,6.5
ALT-201454,X,Liverpool,Member,Female,Health & Wellness,37.86,3,5.68,119.26,25/09/2025,19:32:03,Credit Card,113.58,0.24,27.26,7.1
ALT-201455,X,Liverpool,Member,Female,Fresh Produce,7.26,1,0.36,7.62,05/02/2025,16:31:42,Debit Card,7.26,0.08,0.58,5.8
ALT-201456,Z,Birmingham,Member,Female,Personal Care,21.29,4,4.26,89.42,28/11/2025,19:55:20,Credit Card,85.16,0.21,17.88,6.5
ALT-201457,Y,Sheffield,Normal,Male,Baby Products,24.39,4,4.88,102.44,01/12/2025,11:21:18,Debit Card,97.56,0.18,17.56,5.7
ALT-201458,Y,Sheffield,Member,Female,Snacks,1.69,3,0.25,5.32,24/08/2025,12:55:12,Debit Card,5.07,0.17,0.86,7.1
ALT-201459,Z,Birmingham,Member,Male,Snacks,2.3,8,0.92,19.32,16/03/2025,13:06:03,Credit Card,18.4,0.17,3.13,6.5
ALT-201460,X,Liverpool,Member,Male,Frozen Foods,5.47,7,1.91,40.2,12/06/2025,15:07:32,Cash,38.29,0.1,3.83,7.2
ALT-201461,Z,Birmingham,Normal,Female,Household,17.24,1,0.86,18.1,17/09/2025,16:54:57,Credit Card,17.24,0.19,3.28,6.5
ALT-201462,X,Liverpool,Normal,Female,Household,12.33,6,3.7,77.68,26/11/2025,17:23:14,Credit Card,73.98,0.19,14.06,6.3
ALT-201463,X,Liverpool,Normal,Male,Household,6.54,6,1.96,41.2,13/03/2025,19:16:35,Credit Card,39.24,0.19,7.46,5.0
ALT-201464,Y,Sheffield,Member,Female,Bakery,6.56,8,2.62,55.1,20/06/2025,14:20:27,Cash,52.48,0.11,5.77,6.3
ALT-201465,X,Liverpool,Normal,Male,Fresh Produce,9.77,1,0.49,10.26,18/11/2025,17:53:28,Debit Card,9.77,0.08,0.78,5.6
ALT-201466,Y,Sheffield,Member,Female,Bakery,4.33,3,0.65,13.64,18/07/2025,17:12:40,Credit Card,12.99,0.11,1.43,7.7
ALT-201467,Y,Sheffield,Normal,Female,Bakery,7.04,6,2.11,44.35,22/04/2025,19:41:35,Debit Card,42.24,0.11,4.65,5.2
ALT-201468,X,Liverpool,Normal,Male,Snacks,2.5,8,1.0,21.0,01/07/2025,19:18:02,Debit Card,20.0,0.17,3.4,6.1
ALT-201469,X,Liverpool,Normal,Male,Baby Products,6.55,1,0.33,6.88,21/11/2025,16:00:35,Credit Card,6.55,0.18,1.18,5.9
ALT-201470,X,Liverpool,Member,Male,Fresh Produce,8.29,6,2.49,52.23,21/03/2025,17:33:23,Credit Card,49.74,0.08,3.98,4.8
ALT-201471,Y,Sheffield,Member,Male,Baby Products,28.85,10,14.43,302.93,19/11/2025,16:20:29,Mobile Wallet,288.5,0.18,51.93,6.1
ALT-201472,X,Liverpool,Member,Female,Baby Products,26.11,2,2.61,54.83,03/06/2025,14:38:58,Credit Card,52.22,0.18,9.4,8.0
ALT-201473,Z,Birmingham,Normal,Male,Personal Care,15.81,7,5.53,116.2,06/07/2025,13:29:52,Cash,110.67,0.21,23.24,5.8
ALT-201474,Y,Sheffield,Normal,Male,Beverages,9.17,10,4.58,96.28,15/03/2025,19:14:19,Debit Card,91.7,0.13,11.92,7.2
ALT-201475,Y,Sheffield,Normal,Male,Baby Products,37.38,2,3.74,78.5,21/07/2025,19:41:44,Cash,74.76,0.18,13.46,6.8
ALT-201476,X,Liverpool,Member,Female,Household,7.9,8,3.16,66.36,05/02/2025,16:33:46,Debit Card,63.2,0.19,12.01,6.5
ALT-201477,Z,Birmingham,Normal,Male,Bakery,5.54,2,0.55,11.63,21/05/2025,14:37:04,Cash,11.08,0.11,1.22,5.4
ALT-201478,Z,Birmingham,Normal,Female,Household,13.35,8,5.34,112.14,03/10/2025,20:10:29,Credit Card,106.8,0.19,20.29,5.8
ALT-201479,Y,Sheffield,Member,Male,Bakery,9.86,10,4.93,103.53,24/12/2025,16:56:49,Credit Card,98.6,0.11,10.85,5.9
ALT-201480,X,Liverpool,Member,Female,Dairy & Eggs,6.8,1,0.34,7.14,30/08/2025,14:45:05,Mobile Wallet,6.8,0.07,0.48,4.6
ALT-201481,X,Liverpool,Member,Female,Household,23.74,5,5.94,124.64,16/08/2025,16:17:35,Credit Card,118.7,0.19,22.55,5.4
ALT-201482,Y,Sheffield,Member,Male,Frozen Foods,16.56,8,6.62,139.1,13/07/2025,14:15:53,Credit Card,132.48,0.1,13.25,6.9
ALT-201483,X,Liverpool,Member,Male,Beverages,3.2,5,0.8,16.8,07/04/2025,11:22:16,Mobile Wallet,16.0,0.13,2.08,6.6
ALT-201484,Y,Sheffield,Normal,Female,Health & Wellness,25.74,6,7.72,162.16,03/07/2025,17:33:54,Debit Card,154.44,0.24,37.07,4.9
ALT-201485,X,Liverpool,Normal,Female,Fresh Produce,7.93,9,3.57,74.94,15/09/2025,11:47:48,Mobile Wallet,71.37,0.08,5.71,7.0
ALT-201486,X,Liverpool,Member,Female,Beverages,2.08,2,0.21,4.37,22/09/2025,13:16:34,Debit Card,4.16,0.13,0.54,6.7
ALT-201487,X,Liverpool,Normal,Male,Dairy & Eggs,3.34,2,0.33,7.01,27/05/2025,16:48:32,Cash,6.68,0.07,0.47,8.4
ALT-201488,X,Liverpool,Member,Male,Bakery,5.09,5,1.27,26.72,28/05/2025,13:34:40,Credit Card,25.45,0.11,2.8,8.0
ALT-201489,Y,Sheffield,Member,Male,Personal Care,20.36,1,1.02,21.38,24/06/2025,13:35:22,Debit Card,20.36,0.21,4.28,6.3
ALT-201490,Z,Birmingham,Member,Male,Personal Care,24.99,5,6.25,131.2,23/08/2025,16:10:42,Mobile Wallet,124.95,0.21,26.24,7.6
ALT-201491,X,Liverpool,Normal,Male,Fresh Produce,4.54,3,0.68,14.3,28/08/2025,19:36:19,Debit Card,13.62,0.08,1.09,6.2
ALT-201492,Y,Sheffield,Member,Male,Dairy & Eggs,6.68,4,1.34,28.06,05/12/2025,10:40:26,Debit Card,26.72,0.07,1.87,6.4
ALT-201493,Y,Sheffield,Member,Female,Fresh Produce,3.17,1,0.16,3.33,08/09/2025,17:09:23,Credit Card,3.17,0.08,0.25,5.9
ALT-201494,Z,Birmingham,Normal,Male,Bakery,6.7,5,1.68,35.18,26/10/2025,11:24:07,Debit Card,33.5,0.11,3.69,5.9
ALT-201495,X,Liverpool,Member,Male,Dairy & Eggs,6.86,3,1.03,21.61,07/06/2025,16:42:22,Cash,20.58,0.07,1.44,5.7
ALT-201496,X,Liverpool,Normal,Female,Baby Products,22.1,3,3.31,69.61,19/01/2025,14:45:58,Cash,66.3,0.18,11.93,7.2
ALT-201497,X,Liverpool,Normal,Male,Dairy & Eggs,6.16,3,0.92,19.4,03/06/2025,09:37:29,Mobile Wallet,18.48,0.07,1.29,7.5
ALT-201498,Y,Sheffield,Member,Male,Snacks,1.19,1,0.06,1.25,25/04/2025,17:14:44,Credit Card,1.19,0.17,0.2,7.3
ALT-201499,Y,Sheffield,Member,Female,Bakery,6.05,1,0.3,6.35,07/12/2025,18:27:52,Debit Card,6.05,0.11,0.67,6.2
ALT-201500,Y,Sheffield,Normal,Female,Frozen Foods,17.43,5,4.36,91.51,07/11/2025,13:22:24,Debit Card,87.15,0.1,8.72,4.0
ALT-201501,X,Liverpool,Normal,Female,Snacks,1.8,10,0.9,18.9,30/06/2025,15:20:20,Cash,18.0,0.17,3.06,5.8
ALT-201502,Z,Birmingham,Member,Male,Bakery,2.58,1,0.13,2.71,28/03/2025,15:23:36,Credit Card,2.58,0.11,0.28,5.7
ALT-201503,Z,Birmingham,Member,Male,Health & Wellness,13.68,4,2.74,57.46,10/05/2025,12:47:10,Mobile Wallet,54.72,0.24,13.13,7.0
ALT-201504,X,Liverpool,Member,Male,Bakery,5.69,1,0.28,5.97,17/07/2025,13:07:43,Credit Card,5.69,0.11,0.63,7.6
ALT-201505,Y,Sheffield,Normal,Male,Beverages,10.94,3,1.64,34.46,17/03/2025,12:36:44,Cash,32.82,0.13,4.27,8.5
ALT-201506,X,Liverpool,Member,Male,Household,10.4,7,3.64,76.44,09/05/2025,20:33:50,Mobile Wallet,72.8,0.19,13.83,7.5
ALT-201507,X,Liverpool,Normal,Male,Snacks,1.26,7,0.44,9.26,09/09/2025,15:11:25,Debit Card,8.82,0.17,1.5,7.3
ALT-201508,Z,Birmingham,Normal,Female,Personal Care,27.66,7,9.68,203.3,14/03/2025,13:15:49,Credit Card,193.62,0.21,40.66,4.1
ALT-201509,Z,Birmingham,Normal,Male,Health & Wellness,11.02,8,4.41,92.57,05/07/2025,18:59:19,Cash,88.16,0.24,21.16,5.2
ALT-201510,Z,Birmingham,Normal,Male,Personal Care,10.64,4,2.13,44.69,14/12/2025,10:56:37,Mobile Wallet,42.56,0.21,8.94,6.9
ALT-201511,Z,Birmingham,Normal,Female,Bakery,7.52,5,1.88,39.48,18/07/2025,20:41:50,Debit Card,37.6,0.11,4.14,8.0
ALT-201512,Y,Sheffield,Normal,Male,Dairy & Eggs,2.85,1,0.14,2.99,11/11/2025,17:10:19,Credit Card,2.85,0.07,0.2,6.9
ALT-201513,Z,Birmingham,Member,Male,Beverages,2.4,5,0.6,12.6,22/11/2025,13:34:06,Mobile Wallet,12.0,0.13,1.56,6.1
ALT-201514,Z,Birmingham,Normal,Male,Frozen Foods,10.5,4,2.1,44.1,15/04/2025,08:06:17,Credit Card,42.0,0.1,4.2,6.3
ALT-201515,Z,Birmingham,Normal,Female,Snacks,2.13,4,0.43,8.95,22/09/2025,20:28:00,Credit Card,8.52,0.17,1.45,8.3
ALT-201516,X,Liverpool,Normal,Male,Household,15.22,1,0.76,15.98,30/11/2025,16:03:56,Debit Card,15.22,0.19,2.89,7.4
ALT-201517,Z,Birmingham,Normal,Female,Health & Wellness,4.66,8,1.86,39.14,01/06/2025,16:21:47,Mobile Wallet,37.28,0.24,8.95,6.8
ALT-201518,X,Liverpool,Member,Female,Health & Wellness,22.28,2,2.23,46.79,29/03/2025,12:28:36,Mobile Wallet,44.56,0.24,10.69,7.5
ALT-201519,Z,Birmingham,Member,Female,Personal Care,20.82,3,3.12,65.58,14/04/2025,11:28:54,Mobile Wallet,62.46,0.21,13.12,8.7
ALT-201520,X,Liverpool,Normal,Female,Fresh Produce,4.63,2,0.46,9.72,29/10/2025,14:49:37,Debit Card,9.26,0.08,0.74,7.0
ALT-201521,Y,Sheffield,Member,Male,Baby Products,25.74,9,11.58,243.24,18/01/2025,13:24:16,Credit Card,231.66,0.18,41.7,5.5
ALT-201522,Y,Sheffield,Normal,Male,Baby Products,16.38,7,5.73,120.39,13/12/2025,16:04:41,Debit Card,114.66,0.18,20.64,6.6
ALT-201523,Z,Birmingham,Normal,Female,Dairy & Eggs,5.28,2,0.53,11.09,02/10/2025,11:47:48,Credit Card,10.56,0.07,0.74,6.9
ALT-201524,Z,Birmingham,Normal,Male,Bakery,1.48,6,0.44,9.32,09/04/2025,15:58:24,Debit Card,8.88,0.11,0.98,8.0
ALT-201525,X,Liverpool,Member,Male,Beverages,8.44,2,0.84,17.72,21/08/2025,14:58:23,Credit Card,16.88,0.13,2.19,5.4
ALT-201526,Y,Sheffield,Normal,Female,Dairy & Eggs,3.8,2,0.38,7.98,07/09/2025,19:35:05,Credit Card,7.6,0.07,0.53,4.9
ALT-201527,Z,Birmingham,Member,Male,Snacks,0.99,2,0.1,2.08,31/07/2025,20:08:08,Credit Card,1.98,0.17,0.34,6.9
ALT-201528,Y,Sheffield,Member,Male,Personal Care,21.39,4,4.28,89.84,20/12/2025,11:22:03,Credit Card,85.56,0.21,17.97,6.2
ALT-201529,Z,Birmingham,Normal,Female,Frozen Foods,9.53,1,0.48,10.01,10/06/2025,10:25:26,Debit Card,9.53,0.1,0.95,6.8
ALT-201530,Z,Birmingham,Normal,Female,Fresh Produce,1.41,12,0.85,17.77,27/08/2025,18:12:30,Credit Card,16.92,0.08,1.35,5.4
ALT-201531,Z,Birmingham,Member,Female,Snacks,0.99,6,0.3,6.24,17/01/2025,11:49:10,Debit Card,5.94,0.17,1.01,7.5
ALT-201532,Y,Sheffield,Normal,Male,Dairy & Eggs,1.56,6,0.47,9.83,17/02/2025,12:35:18,Credit Card,9.36,0.07,0.66,7.1
ALT-201533,X,Liverpool,Normal,Female,Household,9.39,2,0.94,19.72,08/03/2025,14:29:14,Debit Card,18.78,0.19,3.57,6.5
ALT-201534,X,Liverpool,Member,Male,Baby Products,14.05,5,3.51,73.76,24/01/2025,11:25:08,Debit Card,70.25,0.18,12.64,6.9
ALT-201535,X,Liverpool,Member,Female,Snacks,2.69,1,0.13,2.82,14/08/2025,18:17:10,Mobile Wallet,2.69,0.17,0.46,7.8
ALT-201536,Y,Sheffield,Member,Male,Dairy & Eggs,6.72,10,3.36,70.56,23/07/2025,13:24:38,Debit Card,67.2,0.07,4.7,8.7
ALT-201537,X,Liverpool,Normal,Female,Health & Wellness,25.77,3,3.87,81.18,01/03/2025,12:27:46,Credit Card,77.31,0.24,18.55,9.1
ALT-201538,Z,Birmingham,Member,Male,Frozen Foods,2.23,4,0.45,9.37,23/03/2025,11:11:06,Debit Card,8.92,0.1,0.89,6.1
ALT-201539,Z,Birmingham,Normal,Female,Frozen Foods,12.74,6,3.82,80.26,03/02/2025,18:28:30,Debit Card,76.44,0.1,7.64,6.3
ALT-201540,Y,Sheffield,Member,Female,Personal Care,16.55,7,5.79,121.64,04/10/2025,09:46:22,Mobile Wallet,115.85,0.21,24.33,6.0
ALT-201541,Z,Birmingham,Member,Male,Baby Products,26.38,5,6.6,138.5,22/08/2025,16:30:22,Mobile Wallet,131.9,0.18,23.74,6.1
ALT-201542,Y,Sheffield,Member,Male,Household,16.34,6,4.9,102.94,21/03/2025,16:16:18,Credit Card,98.04,0.19,18.63,5.6
ALT-201543,X,Liverpool,Normal,Male,Dairy & Eggs,7.08,6,2.12,44.6,07/07/2025,11:07:20,Cash,42.48,0.07,2.97,7.0
ALT-201544,Z,Birmingham,Normal,Male,Beverages,15.09,8,6.04,126.76,20/08/2025,18:19:31,Credit Card,120.72,0.13,15.69,5.9
ALT-201545,X,Liverpool,Normal,Female,Frozen Foods,11.0,5,2.75,57.75,03/04/2025,19:55:27,Credit Card,55.0,0.1,5.5,5.9
ALT-201546,X,Liverpool,Member,Female,Health & Wellness,10.35,1,0.52,10.87,13/08/2025,17:29:08,Debit Card,10.35,0.24,2.48,6.9
ALT-201547,Z,Birmingham,Normal,Male,Bakery,2.09,4,0.42,8.78,09/05/2025,12:20:42,Debit Card,8.36,0.11,0.92,6.7
ALT-201548,X,Liverpool,Normal,Male,Household,7.27,5,1.82,38.17,14/07/2025,13:13:50,Cash,36.35,0.19,6.91,6.3
ALT-201549,Z,Birmingham,Member,Male,Baby Products,13.98,2,1.4,29.36,03/07/2025,17:53:37,Mobile Wallet,27.96,0.18,5.03,8.3
ALT-201550,Z,Birmingham,Member,Male,Frozen Foods,15.71,5,3.93,82.48,27/11/2025,19:52:06,Credit Card,78.55,0.1,7.86,6.1
ALT-201551,Y,Sheffield,Member,Male,Household,19.65,2,1.96,41.26,24/11/2025,19:00:15,Cash,39.3,0.19,7.47,8.4
ALT-201552,Z,Birmingham,Normal,Female,Frozen Foods,2.55,6,0.77,16.07,22/09/2025,15:41:04,Cash,15.3,0.1,1.53,5.4
ALT-201553,X,Liverpool,Normal,Female,Fresh Produce,9.78,2,0.98,20.54,15/04/2025,16:01:46,Debit Card,19.56,0.08,1.56,9.9
ALT-201554,X,Liverpool,Member,Male,Bakery,2.55,3,0.38,8.03,22/08/2025,13:59:24,Mobile Wallet,7.65,0.11,0.84,6.5
ALT-201555,Z,Birmingham,Normal,Female,Bakery,6.01,4,1.2,25.24,28/10/2025,20:04:48,Credit Card,24.04,0.11,2.64,5.6
ALT-201556,Y,Sheffield,Member,Male,Household,22.23,4,4.45,93.37,19/12/2025,20:43:18,Mobile Wallet,88.92,0.19,16.89,6.6
ALT-201557,Y,Sheffield,Member,Female,Baby Products,12.91,4,2.58,54.22,06/03/2025,15:13:51,Credit Card,51.64,0.18,9.3,7.5
ALT-201558,X,Liverpool,Normal,Male,Household,21.31,7,7.46,156.63,29/10/2025,15:18:20,Credit Card,149.17,0.19,28.34,5.9
ALT-201559,Y,Sheffield,Normal,Female,Beverages,6.51,1,0.33,6.84,02/11/2025,19:29:39,Debit Card,6.51,0.13,0.85,7.8
ALT-201560,X,Liverpool,Member,Male,Snacks,1.13,6,0.34,7.12,15/01/2025,17:20:26,Mobile Wallet,6.78,0.17,1.15,6.7
ALT-201561,Z,Birmingham,Normal,Female,Snacks,5.77,4,1.15,24.23,20/05/2025,16:22:48,Credit Card,23.08,0.17,3.92,7.5
ALT-201562,Z,Birmingham,Member,Female,Fresh Produce,10.62,4,2.12,44.6,24/10/2025,13:15:16,Mobile Wallet,42.48,0.08,3.4,7.9
ALT-201563,Z,Birmingham,Normal,Female,Bakery,6.98,5,1.75,36.65,09/03/2025,19:01:46,Debit Card,34.9,0.11,3.84,5.9
ALT-201564,X,Liverpool,Normal,Female,Personal Care,8.87,4,1.77,37.25,13/10/2025,12:57:23,Debit Card,35.48,0.21,7.45,6.9
ALT-201565,X,Liverpool,Member,Male,Baby Products,29.89,5,7.47,156.92,27/08/2025,18:37:44,Credit Card,149.45,0.18,26.9,5.7
ALT-201566,Y,Sheffield,Member,Male,Bakery,10.59,7,3.71,77.84,10/11/2025,20:43:52,Debit Card,74.13,0.11,8.15,6.1
ALT-201567,Z,Birmingham,Normal,Male,Baby Products,13.64,2,1.36,28.64,07/06/2025,16:19:29,Credit Card,27.28,0.18,4.91,8.9
ALT-201568,Z,Birmingham,Normal,Female,Beverages,15.29,2,1.53,32.11,17/08/2025,15:27:35,Credit Card,30.58,0.13,3.98,6.2
ALT-201569,Z,Birmingham,Member,Male,Personal Care,26.77,9,12.05,252.98,09/04/2025,13:53:17,Debit Card,240.93,0.21,50.6,5.2
ALT-201570,Z,Birmingham,Member,Female,Baby Products,25.87,5,6.47,135.82,19/10/2025,16:21:07,Debit Card,129.35,0.18,23.28,7.0
ALT-201571,Y,Sheffield,Member,Female,Personal Care,8.47,9,3.81,80.04,20/10/2025,10:37:21,Credit Card,76.23,0.21,16.01,7.3
ALT-201572,Y,Sheffield,Member,Male,Fresh Produce,4.27,7,1.49,31.38,20/11/2025,21:40:31,Cash,29.89,0.08,2.39,6.2
ALT-201573,Y,Sheffield,Normal,Female,Household,16.23,3,2.43,51.12,19/09/2025,13:42:08,Debit Card,48.69,0.19,9.25,5.6
ALT-201574,X,Liverpool,Normal,Female,Household,15.85,11,8.72,183.07,12/12/2025,16:44:59,Credit Card,174.35,0.19,33.13,5.9
ALT-201575,Y,Sheffield,Member,Female,Baby Products,14.15,4,2.83,59.43,16/08/2025,17:48:21,Mobile Wallet,56.6,0.18,10.19,7.3
ALT-201576,X,Liverpool,Member,Male,Household,17.92,10,8.96,188.16,17/08/2025,18:30:40,Debit Card,179.2,0.19,34.05,5.5
ALT-201577,X,Liverpool,Member,Female,Baby Products,19.0,5,4.75,99.75,25/07/2025,17:26:11,Mobile Wallet,95.0,0.18,17.1,6.8
ALT-201578,X,Liverpool,Member,Male,Health & Wellness,37.02,5,9.26,194.36,25/03/2025,15:29:26,Credit Card,185.1,0.24,44.42,8.7
ALT-201579,Z,Birmingham,Member,Male,Frozen Foods,11.69,5,2.92,61.37,17/08/2025,20:51:33,Cash,58.45,0.1,5.85,6.1
ALT-201580,Y,Sheffield,Member,Female,Health & Wellness,34.04,6,10.21,214.45,25/06/2025,13:01:50,Credit Card,204.24,0.24,49.02,6.2
ALT-201581,Y,Sheffield,Member,Female,Snacks,4.55,2,0.46,9.56,14/12/2025,21:51:21,Cash,9.1,0.17,1.55,7.6
ALT-201582,Y,Sheffield,Normal,Male,Personal Care,13.6,9,6.12,128.52,07/10/2025,14:09:48,Mobile Wallet,122.4,0.21,25.7,7.3
ALT-201583,Z,Birmingham,Member,Male,Fresh Produce,2.91,3,0.44,9.17,20/06/2025,21:54:20,Mobile Wallet,8.73,0.08,0.7,6.5
ALT-201584,X,Liverpool,Normal,Male,Frozen Foods,3.19,5,0.8,16.75,30/12/2025,19:50:59,Mobile Wallet,15.95,0.1,1.59,4.6
ALT-201585,Z,Birmingham,Normal,Male,Frozen Foods,13.72,5,3.43,72.03,11/02/2025,14:11:41,Credit Card,68.6,0.1,6.86,5.6
ALT-201586,Y,Sheffield,Normal,Female,Fresh Produce,3.83,5,0.96,20.11,21/12/2025,17:44:16,Credit Card,19.15,0.08,1.53,5.3
ALT-201587,Z,Birmingham,Normal,Male,Personal Care,5.8,11,3.19,66.99,11/11/2025,16:31:47,Debit Card,63.8,0.21,13.4,5.8
ALT-201588,X,Liverpool,Member,Female,Frozen Foods,5.17,4,1.03,21.71,26/03/2025,10:18:48,Debit Card,20.68,0.1,2.07,7.2
ALT-201589,Y,Sheffield,Normal,Male,Fresh Produce,1.31,2,0.13,2.75,02/01/2025,18:51:28,Credit Card,2.62,0.08,0.21,6.7
ALT-201590,Z,Birmingham,Member,Male,Bakery,2.73,3,0.41,8.6,20/06/2025,15:48:14,Debit Card,8.19,0.11,0.9,6.5
ALT-201591,Z,Birmingham,Member,Female,Bakery,6.08,7,2.13,44.69,30/01/2025,18:29:21,Debit Card,42.56,0.11,4.68,7.3
ALT-201592,Z,Birmingham,Normal,Female,Fresh Produce,11.3,6,3.39,71.19,10/10/2025,14:26:32,Cash,67.8,0.08,5.42,6.7
ALT-201593,Y,Sheffield,Member,Female,Frozen Foods,14.68,1,0.73,15.41,09/08/2025,09:34:18,Debit Card,14.68,0.1,1.47,5.9
ALT-201594,X,Liverpool,Normal,Male,Fresh Produce,1.36,2,0.14,2.86,25/03/2025,17:21:44,Credit Card,2.72,0.08,0.22,8.2
ALT-201595,Y,Sheffield,Normal,Male,Dairy & Eggs,2.26,1,0.11,2.37,12/07/2025,13:11:03,Cash,2.26,0.07,0.16,5.5
ALT-201596,X,Liverpool,Normal,Male,Dairy & Eggs,5.8,9,2.61,54.81,23/11/2025,12:58:24,Credit Card,52.2,0.07,3.65,4.8
ALT-201597,Y,Sheffield,Member,Male,Household,21.48,4,4.3,90.22,03/07/2025,12:21:28,Credit Card,85.92,0.19,16.32,4.9
ALT-201598,Z,Birmingham,Normal,Male,Beverages,13.44,3,2.02,42.34,29/11/2025,21:30:34,Credit Card,40.32,0.13,5.24,7.1
ALT-201599,X,Liverpool,Normal,Female,Dairy & Eggs,3.89,7,1.36,28.59,20/03/2025,10:50:24,Credit Card,27.23,0.07,1.91,7.0
ALT-201600,X,Liverpool,Normal,Female,Snacks,4.64,5,1.16,24.36,23/12/2025,17:01:31,Debit Card,23.2,0.17,3.94,6.0
ALT-201601,X,Liverpool,Member,Female,Snacks,3.59,6,1.08,22.62,13/01/2025,10:04:39,Credit Card,21.54,0.17,3.66,6.9
ALT-201602,Z,Birmingham,Normal,Male,Dairy & Eggs,3.51,6,1.05,22.11,18/01/2025,14:37:07,Debit Card,21.06,0.07,1.47,6.1
ALT-201603,Y,Sheffield,Member,Female,Dairy & Eggs,5.22,1,0.26,5.48,09/12/2025,14:51:03,Debit Card,5.22,0.07,0.37,7.5
ALT-201604,X,Liverpool,Normal,Female,Snacks,4.54,6,1.36,28.6,24/03/2025,14:28:09,Debit Card,27.24,0.17,4.63,6.8
ALT-201605,X,Liverpool,Member,Female,Snacks,5.53,9,2.49,52.26,10/07/2025,13:51:58,Mobile Wallet,49.77,0.17,8.46,6.8
ALT-201606,Z,Birmingham,Member,Male,Fresh Produce,5.72,6,1.72,36.04,11/05/2025,11:53:06,Debit Card,34.32,0.08,2.75,6.1
ALT-201607,Y,Sheffield,Member,Female,Health & Wellness,13.54,2,1.35,28.43,26/11/2025,17:09:47,Credit Card,27.08,0.24,6.5,7.4
ALT-201608,Y,Sheffield,Member,Male,Bakery,10.16,2,1.02,21.34,02/11/2025,19:39:06,Debit Card,20.32,0.11,2.24,8.5
ALT-201609,X,Liverpool,Member,Male,Beverages,4.32,3,0.65,13.61,06/01/2025,09:33:18,Debit Card,12.96,0.13,1.68,8.8
ALT-201610,Y,Sheffield,Normal,Male,Beverages,2.04,3,0.31,6.43,10/10/2025,11:50:15,Cash,6.12,0.13,0.8,8.0
ALT-201611,X,Liverpool,Member,Female,Bakery,9.56,9,4.3,90.34,11/04/2025,15:28:57,Debit Card,86.04,0.11,9.46,4.2
ALT-201612,Z,Birmingham,Normal,Male,Snacks,6.42,4,1.28,26.96,27/10/2025,14:30:45,Debit Card,25.68,0.17,4.37,4.3
ALT-201613,Y,Sheffield,Member,Male,Baby Products,39.09,9,17.59,369.4,21/12/2025,18:09:39,Debit Card,351.81,0.18,63.33,6.0
ALT-201614,X,Liverpool,Normal,Female,Bakery,2.87,6,0.86,18.08,03/04/2025,08:19:00,Credit Card,17.22,0.11,1.89,8.0
ALT-201615,X,Liverpool,Normal,Male,Health & Wellness,29.31,7,10.26,215.43,14/09/2025,14:53:36,Debit Card,205.17,0.24,49.24,6.8
ALT-201616,Z,Birmingham,Member,Female,Beverages,11.53,1,0.58,12.11,22/02/2025,13:39:21,Debit Card,11.53,0.13,1.5,7.7
ALT-201617,Z,Birmingham,Normal,Female,Baby Products,33.74,8,13.5,283.42,21/03/2025,17:43:58,Credit Card,269.92,0.18,48.59,5.5
ALT-201618,X,Liverpool,Member,Male,Bakery,7.46,4,1.49,31.33,12/02/2025,17:08:09,Mobile Wallet,29.84,0.11,3.28,9.7
ALT-201619,Y,Sheffield,Normal,Female,Bakery,1.3,8,0.52,10.92,12/09/2025,16:18:35,Debit Card,10.4,0.11,1.14,5.7
ALT-201620,Z,Birmingham,Normal,Female,Dairy & Eggs,2.68,2,0.27,5.63,18/12/2025,17:14:23,Cash,5.36,0.07,0.38,5.2
ALT-201621,Z,Birmingham,Member,Male,Health & Wellness,21.47,3,3.22,67.63,04/01/2025,21:30:14,Credit Card,64.41,0.24,15.46,8.8
ALT-201622,Y,Sheffield,Member,Male,Personal Care,22.54,3,3.38,71.0,15/07/2025,15:43:25,Cash,67.62,0.21,14.2,8.4
ALT-201623,X,Liverpool,Member,Female,Bakery,4.62,8,1.85,38.81,03/07/2025,18:24:01,Mobile Wallet,36.96,0.11,4.07,6.5
ALT-201624,Z,Birmingham,Member,Male,Dairy & Eggs,5.97,6,1.79,37.61,07/01/2025,18:51:46,Cash,35.82,0.07,2.51,6.5
ALT-201625,X,Liverpool,Normal,Female,Health & Wellness,37.41,1,1.87,39.28,26/04/2025,15:56:10,Credit Card,37.41,0.24,8.98,7.5
ALT-201626,Y,Sheffield,Normal,Female,Personal Care,17.66,11,9.71,203.97,25/03/2025,14:24:35,Mobile Wallet,194.26,0.21,40.79,6.9
ALT-201627,Z,Birmingham,Member,Male,Bakery,2.19,2,0.22,4.6,27/01/2025,08:25:39,Mobile Wallet,4.38,0.11,0.48,6.3
ALT-201628,Y,Sheffield,Normal,Male,Dairy & Eggs,4.33,3,0.65,13.64,25/10/2025,10:39:40,Debit Card,12.99,0.07,0.91,7.7
ALT-201629,X,Liverpool,Member,Female,Frozen Foods,13.37,5,3.34,70.19,29/01/2025,20:55:45,Cash,66.85,0.1,6.68,7.1
ALT-201630,Y,Sheffield,Normal,Female,Health & Wellness,4.63,8,1.85,38.89,05/09/2025,20:44:02,Mobile Wallet,37.04,0.24,8.89,6.0
ALT-201631,Z,Birmingham,Normal,Male,Personal Care,15.41,4,3.08,64.72,03/09/2025,14:42:34,Debit Card,61.64,0.21,12.94,6.2
ALT-201632,Y,Sheffield,Normal,Male,Household,14.4,7,5.04,105.84,01/01/2025,13:30:43,Mobile Wallet,100.8,0.19,19.15,5.9
ALT-201633,Y,Sheffield,Member,Female,Dairy & Eggs,6.06,7,2.12,44.54,15/11/2025,12:28:22,Mobile Wallet,42.42,0.07,2.97,7.8
ALT-201634,Z,Birmingham,Normal,Female,Health & Wellness,40.06,6,12.02,252.38,03/10/2025,11:50:49,Credit Card,240.36,0.24,57.69,7.8
ALT-201635,Z,Birmingham,Member,Male,Fresh Produce,10.02,6,3.01,63.13,01/11/2025,10:24:40,Credit Card,60.12,0.08,4.81,7.1
ALT-201636,X,Liverpool,Normal,Male,Frozen Foods,10.06,7,3.52,73.94,21/03/2025,11:43:56,Debit Card,70.42,0.1,7.04,6.0
ALT-201637,Y,Sheffield,Member,Male,Personal Care,16.53,3,2.48,52.07,04/02/2025,16:12:14,Credit Card,49.59,0.21,10.41,6.0
ALT-201638,X,Liverpool,Member,Female,Snacks,1.79,6,0.54,11.28,31/07/2025,10:46:54,Credit Card,10.74,0.17,1.83,8.3
ALT-201639,X,Liverpool,Normal,Female,Frozen Foods,9.4,3,1.41,29.61,13/11/2025,08:41:42,Debit Card,28.2,0.1,2.82,5.1
ALT-201640,Y,Sheffield,Normal,Male,Personal Care,19.57,2,1.96,41.1,03/09/2025,20:49:02,Credit Card,39.14,0.21,8.22,6.8
ALT-201641,X,Liverpool,Member,Female,Household,17.92,8,7.17,150.53,17/04/2025,15:40:13,Debit Card,143.36,0.19,27.24,7.9
ALT-201642,Y,Sheffield,Normal,Male,Frozen Foods,8.55,9,3.85,80.8,28/10/2025,17:26:57,Debit Card,76.95,0.1,7.7,6.6
ALT-201643,X,Liverpool,Normal,Female,Household,9.34,9,4.2,88.26,11/12/2025,09:15:27,Cash,84.06,0.19,15.97,5.0
ALT-201644,Y,Sheffield,Member,Female,Baby Products,8.01,1,0.4,8.41,19/04/2025,18:24:51,Credit Card,8.01,0.18,1.44,7.5
ALT-201645,Y,Sheffield,Member,Male,Household,15.52,4,3.1,65.18,25/04/2025,16:00:06,Debit Card,62.08,0.19,11.8,5.0
ALT-201646,X,Liverpool,Normal,Male,Health & Wellness,24.09,5,6.02,126.47,19/02/2025,16:26:28,Debit Card,120.45,0.24,28.91,7.0
ALT-201647,Z,Birmingham,Normal,Female,Bakery,4.58,2,0.46,9.62,28/12/2025,12:14:33,Cash,9.16,0.11,1.01,5.5
ALT-201648,Z,Birmingham,Member,Female,Personal Care,25.8,8,10.32,216.72,28/06/2025,18:30:07,Debit Card,206.4,0.21,43.34,4.5
ALT-201649,Z,Birmingham,Normal,Female,Snacks,0.85,3,0.13,2.68,21/10/2025,11:18:32,Cash,2.55,0.17,0.43,7.9
ALT-201650,Y,Sheffield,Member,Male,Household,6.55,9,2.95,61.9,23/08/2025,19:32:49,Debit Card,58.95,0.19,11.2,6.7
ALT-201651,X,Liverpool,Member,Female,Dairy & Eggs,6.31,6,1.89,39.75,18/10/2025,10:19:14,Credit Card,37.86,0.07,2.65,4.5
ALT-201652,Y,Sheffield,Member,Female,Baby Products,36.45,12,21.87,459.27,17/11/2025,19:33:12,Cash,437.4,0.18,78.73,6.3
ALT-201653,Y,Sheffield,Member,Female,Dairy & Eggs,2.17,4,0.43,9.11,04/12/2025,19:51:10,Credit Card,8.68,0.07,0.61,7.0
ALT-201654,Y,Sheffield,Member,Male,Personal Care,9.59,6,2.88,60.42,25/01/2025,17:55:52,Cash,57.54,0.21,12.08,6.2
ALT-201655,Y,Sheffield,Member,Female,Household,17.75,5,4.44,93.19,19/07/2025,13:27:26,Credit Card,88.75,0.19,16.86,7.2
ALT-201656,Z,Birmingham,Normal,Female,Beverages,9.49,11,5.22,109.61,04/04/2025,12:12:57,Debit Card,104.39,0.13,13.57,8.8
ALT-201657,Y,Sheffield,Normal,Female,Frozen Foods,10.16,7,3.56,74.68,25/12/2025,13:40:20,Debit Card,71.12,0.1,7.11,6.1
ALT-201658,Y,Sheffield,Normal,Female,Bakery,3.34,3,0.5,10.52,12/10/2025,10:15:29,Cash,10.02,0.11,1.1,6.5
ALT-201659,X,Liverpool,Normal,Male,Snacks,2.3,5,0.58,12.08,26/07/2025,15:27:37,Credit Card,11.5,0.17,1.96,8.2
ALT-201660,Z,Birmingham,Member,Female,Baby Products,42.48,4,8.5,178.42,13/04/2025,16:42:03,Mobile Wallet,169.92,0.18,30.59,8.1
ALT-201661,Z,Birmingham,Member,Female,Snacks,2.96,8,1.18,24.86,25/08/2025,17:10:52,Credit Card,23.68,0.17,4.03,7.8
ALT-201662,Y,Sheffield,Normal,Female,Household,9.58,6,2.87,60.35,31/12/2025,18:05:13,Debit Card,57.48,0.19,10.92,6.2
ALT-201663,X,Liverpool,Member,Female,Snacks,2.59,2,0.26,5.44,07/05/2025,18:34:22,Debit Card,5.18,0.17,0.88,6.3
ALT-201664,X,Liverpool,Normal,Female,Snacks,0.66,6,0.2,4.16,03/06/2025,20:35:37,Debit Card,3.96,0.17,0.67,6.6
ALT-201665,Z,Birmingham,Normal,Male,Baby Products,37.51,2,3.75,78.77,16/03/2025,16:33:24,Cash,75.02,0.18,13.5,6.1
ALT-201666,Y,Sheffield,Member,Female,Personal Care,19.53,4,3.91,82.03,20/07/2025,13:42:37,Debit Card,78.12,0.21,16.41,7.3
ALT-201667,Z,Birmingham,Member,Male,Fresh Produce,2.14,2,0.21,4.49,31/07/2025,15:23:35,Debit Card,4.28,0.08,0.34,6.8
ALT-201668,Z,Birmingham,Normal,Male,Baby Products,7.97,2,0.8,16.74,07/02/2025,16:41:54,Credit Card,15.94,0.18,2.87,8.5
ALT-201669,X,Liverpool,Normal,Male,Frozen Foods,3.71,3,0.56,11.69,31/08/2025,13:53:02,Debit Card,11.13,0.1,1.11,7.0
ALT-201670,X,Liverpool,Member,Male,Bakery,5.28,7,1.85,38.81,21/09/2025,15:15:50,Credit Card,36.96,0.11,4.07,6.0
ALT-201671,Z,Birmingham,Member,Male,Baby Products,26.51,1,1.33,27.84,28/02/2025,17:03:20,Debit Card,26.51,0.18,4.77,8.3
ALT-201672,Y,Sheffield,Normal,Male,Beverages,6.12,3,0.92,19.28,21/10/2025,14:45:48,Credit Card,18.36,0.13,2.39,5.9
ALT-201673,Y,Sheffield,Normal,Male,Beverages,5.67,8,2.27,47.63,13/11/2025,13:55:37,Credit Card,45.36,0.13,5.9,5.2
ALT-201674,Y,Sheffield,Normal,Male,Bakery,7.64,2,0.76,16.04,06/04/2025,19:02:53,Credit Card,15.28,0.11,1.68,7.0
ALT-201675,Z,Birmingham,Normal,Male,Personal Care,28.86,2,2.89,60.61,27/11/2025,15:24:19,Mobile Wallet,57.72,0.21,12.12,7.3
ALT-201676,Z,Birmingham,Member,Male,Bakery,9.36,1,0.47,9.83,21/04/2025,12:25:09,Credit Card,9.36,0.11,1.03,6.3
ALT-201677,Z,Birmingham,Member,Female,Health & Wellness,14.64,5,3.66,76.86,14/07/2025,19:44:07,Mobile Wallet,73.2,0.24,17.57,6.9
ALT-201678,Y,Sheffield,Member,Female,Personal Care,19.84,2,1.98,41.66,20/07/2025,17:32:50,Mobile Wallet,39.68,0.21,8.33,6.4
ALT-201679,Z,Birmingham,Member,Female,Household,13.49,13,8.77,184.14,04/10/2025,13:38:38,Debit Card,175.37,0.19,33.32,6.5
ALT-201680,Y,Sheffield,Member,Male,Dairy & Eggs,3.4,11,1.87,39.27,03/09/2025,12:46:12,Credit Card,37.4,0.07,2.62,6.3
ALT-201681,Z,Birmingham,Member,Female,Household,23.61,6,7.08,148.74,09/09/2025,12:18:01,Mobile Wallet,141.66,0.19,26.92,6.9
ALT-201682,X,Liverpool,Member,Female,Baby Products,16.05,5,4.01,84.26,06/04/2025,15:48:22,Debit Card,80.25,0.18,14.45,4.5
ALT-201683,X,Liverpool,Normal,Male,Fresh Produce,3.51,1,0.18,3.69,23/08/2025,18:04:26,Credit Card,3.51,0.08,0.28,6.9
ALT-201684,X,Liverpool,Normal,Male,Snacks,2.79,6,0.84,17.58,29/10/2025,17:43:57,Debit Card,16.74,0.17,2.85,4.8
ALT-201685,X,Liverpool,Member,Female,Fresh Produce,7.23,5,1.81,37.96,08/12/2025,15:12:25,Credit Card,36.15,0.08,2.89,7.9
ALT-201686,X,Liverpool,Member,Female,Dairy & Eggs,4.03,5,1.01,21.16,12/03/2025,16:13:40,Mobile Wallet,20.15,0.07,1.41,7.1
ALT-201687,Z,Birmingham,Normal,Female,Baby Products,20.77,12,12.46,261.7,10/07/2025,19:34:54,Mobile Wallet,249.24,0.18,44.86,7.4
ALT-201688,X,Liverpool,Member,Male,Fresh Produce,10.48,7,3.67,77.03,01/12/2025,17:03:53,Debit Card,73.36,0.08,5.87,5.8
ALT-201689,Y,Sheffield,Member,Female,Beverages,9.93,2,0.99,20.85,06/12/2025,11:43:09,Credit Card,19.86,0.13,2.58,7.2
ALT-201690,Z,Birmingham,Normal,Female,Baby Products,38.44,12,23.06,484.34,02/07/2025,21:47:26,Debit Card,461.28,0.18,83.03,5.5
ALT-201691,X,Liverpool,Normal,Female,Health & Wellness,13.46,1,0.67,14.13,30/11/2025,14:46:38,Debit Card,13.46,0.24,3.23,4.2
ALT-201692,Y,Sheffield,Normal,Female,Bakery,6.85,9,3.08,64.73,04/11/2025,21:04:31,Credit Card,61.65,0.11,6.78,7.0
ALT-201693,Y,Sheffield,Member,Female,Fresh Produce,5.86,6,1.76,36.92,17/12/2025,14:44:10,Mobile Wallet,35.16,0.08,2.81,7.3
ALT-201694,Y,Sheffield,Member,Male,Beverages,8.11,9,3.65,76.64,19/06/2025,21:43:14,Mobile Wallet,72.99,0.13,9.49,8.1
ALT-201695,X,Liverpool,Member,Female,Personal Care,25.6,3,3.84,80.64,31/08/2025,19:56:01,Mobile Wallet,76.8,0.21,16.13,6.8
ALT-201696,Y,Sheffield,Member,Male,Bakery,8.95,1,0.45,9.4,02/09/2025,13:09:13,Mobile Wallet,8.95,0.11,0.98,6.8
ALT-201697,Z,Birmingham,Normal,Male,Beverages,12.5,4,2.5,52.5,20/12/2025,16:43:36,Mobile Wallet,50.0,0.13,6.5,6.4
ALT-201698,X,Liverpool,Member,Female,Snacks,4.46,3,0.67,14.05,22/03/2025,19:38:17,Mobile Wallet,13.38,0.17,2.27,7.6
ALT-201699,Y,Sheffield,Member,Female,Health & Wellness,30.79,1,1.54,32.33,04/01/2025,14:07:07,Cash,30.79,0.24,7.39,6.1
ALT-201700,Y,Sheffield,Member,Female,Dairy & Eggs,2.42,6,0.73,15.25,10/09/2025,13:10:17,Credit Card,14.52,0.07,1.02,4.2
ALT-201701,Z,Birmingham,Member,Male,Dairy & Eggs,5.77,2,0.58,12.12,08/09/2025,11:44:35,Mobile Wallet,11.54,0.07,0.81,7.9
ALT-201702,X,Liverpool,Member,Male,Bakery,3.92,7,1.37,28.81,23/01/2025,18:43:38,Mobile Wallet,27.44,0.11,3.02,8.2
ALT-201703,Y,Sheffield,Normal,Male,Household,11.83,4,2.37,49.69,05/06/2025,10:46:15,Credit Card,47.32,0.19,8.99,7.4
ALT-201704,Z,Birmingham,Member,Female,Fresh Produce,8.14,6,2.44,51.28,21/01/2025,14:45:12,Debit Card,48.84,0.08,3.91,6.7
ALT-201705,Z,Birmingham,Member,Male,Personal Care,14.33,8,5.73,120.37,01/06/2025,14:33:47,Debit Card,114.64,0.21,24.07,7.5
ALT-201706,Y,Sheffield,Normal,Male,Household,10.88,7,3.81,79.97,12/12/2025,09:58:08,Debit Card,76.16,0.19,14.47,8.4
ALT-201707,Y,Sheffield,Member,Male,Dairy & Eggs,3.88,2,0.39,8.15,14/11/2025,15:06:54,Debit Card,7.76,0.07,0.54,5.3
ALT-201708,Z,Birmingham,Member,Male,Personal Care,10.66,2,1.07,22.39,11/08/2025,14:46:13,Debit Card,21.32,0.21,4.48,6.5
ALT-201709,X,Liverpool,Normal,Male,Health & Wellness,15.97,1,0.8,16.77,01/09/2025,17:35:52,Debit Card,15.97,0.24,3.83,6.9
ALT-201710,Y,Sheffield,Member,Male,Fresh Produce,6.45,7,2.26,47.41,23/02/2025,13:38:26,Credit Card,45.15,0.08,3.61,6.2
ALT-201711,Y,Sheffield,Normal,Female,Snacks,2.37,3,0.36,7.47,08/09/2025,13:15:58,Cash,7.11,0.17,1.21,7.1
ALT-201712,Z,Birmingham,Member,Female,Snacks,2.67,5,0.67,14.02,08/11/2025,16:45:18,Cash,13.35,0.17,2.27,7.1
ALT-201713,X,Liverpool,Member,Female,Personal Care,21.33,11,11.73,246.36,15/04/2025,12:28:39,Debit Card,234.63,0.21,49.27,5.6
ALT-201714,Y,Sheffield,Member,Female,Beverages,6.22,5,1.56,32.66,03/05/2025,11:36:44,Debit Card,31.1,0.13,4.04,7.0
ALT-201715,Z,Birmingham,Normal,Female,Beverages,10.78,7,3.77,79.23,30/11/2025,14:01:42,Debit Card,75.46,0.13,9.81,5.5
ALT-201716,Y,Sheffield,Normal,Male,Baby Products,38.12,2,3.81,80.05,03/08/2025,19:28:55,Cash,76.24,0.18,13.72,7.2
ALT-201717,Z,Birmingham,Member,Male,Health & Wellness,4.07,10,2.04,42.74,20/09/2025,10:47:44,Credit Card,40.7,0.24,9.77,6.2
ALT-201718,Z,Birmingham,Member,Male,Beverages,13.89,11,7.64,160.43,05/02/2025,13:46:43,Mobile Wallet,152.79,0.13,19.86,6.7
ALT-201719,Y,Sheffield,Normal,Female,Snacks,4.36,6,1.31,27.47,04/04/2025,16:23:56,Credit Card,26.16,0.17,4.45,7.5
ALT-201720,Z,Birmingham,Normal,Female,Beverages,5.28,8,2.11,44.35,28/04/2025,16:17:07,Mobile Wallet,42.24,0.13,5.49,8.2
ALT-201721,Y,Sheffield,Member,Male,Fresh Produce,8.91,3,1.34,28.07,20/09/2025,17:07:14,Debit Card,26.73,0.08,2.14,6.1
ALT-201722,Z,Birmingham,Member,Female,Beverages,2.94,9,1.32,27.78,26/09/2025,14:05:04,Mobile Wallet,26.46,0.13,3.44,6.8
ALT-201723,Z,Birmingham,Normal,Female,Household,23.28,5,5.82,122.22,11/01/2025,18:41:32,Credit Card,116.4,0.19,22.12,7.1
ALT-201724,Z,Birmingham,Member,Male,Household,20.07,8,8.03,168.59,20/02/2025,12:40:20,Credit Card,160.56,0.19,30.51,6.8
ALT-201725,X,Liverpool,Member,Female,Household,28.02,4,5.6,117.68,10/12/2025,15:31:07,Debit Card,112.08,0.19,21.3,7.9
ALT-201726,Z,Birmingham,Normal,Female,Health & Wellness,34.26,5,8.57,179.87,03/03/2025,16:46:40,Credit Card,171.3,0.24,41.11,7.0
ALT-201727,Y,Sheffield,Normal,Male,Dairy & Eggs,2.08,5,0.52,10.92,22/11/2025,17:17:16,Mobile Wallet,10.4,0.07,0.73,7.1
ALT-201728,X,Liverpool,Member,Female,Snacks,5.26,6,1.58,33.14,21/05/2025,10:22:34,Cash,31.56,0.17,5.37,5.7
ALT-201729,Y,Sheffield,Member,Female,Fresh Produce,6.24,1,0.31,6.55,04/07/2025,16:41:17,Debit Card,6.24,0.08,0.5,7.2
ALT-201730,Y,Sheffield,Normal,Female,Dairy & Eggs,5.07,6,1.52,31.94,23/12/2025,15:52:55,Debit Card,30.42,0.07,2.13,5.4
ALT-201731,X,Liverpool,Member,Female,Beverages,3.24,1,0.16,3.4,24/12/2025,10:01:53,Debit Card,3.24,0.13,0.42,8.1
ALT-201732,Y,Sheffield,Member,Female,Fresh Produce,6.78,1,0.34,7.12,04/07/2025,15:58:13,Debit Card,6.78,0.08,0.54,5.3
ALT-201733,X,Liverpool,Member,Female,Bakery,7.43,2,0.74,15.6,01/01/2025,18:12:57,Debit Card,14.86,0.11,1.63,6.5
ALT-201734,Z,Birmingham,Normal,Male,Bakery,7.21,1,0.36,7.57,28/02/2025,10:21:18,Credit Card,7.21,0.11,0.79,7.1
ALT-201735,Y,Sheffield,Normal,Male,Frozen Foods,1.73,6,0.52,10.9,26/01/2025,15:18:09,Cash,10.38,0.1,1.04,6.2
ALT-201736,Y,Sheffield,Normal,Male,Beverages,11.79,2,1.18,24.76,11/03/2025,16:04:06,Mobile Wallet,23.58,0.13,3.07,4.3
ALT-201737,X,Liverpool,Member,Male,Frozen Foods,13.02,6,3.91,82.03,01/02/2025,13:13:05,Debit Card,78.12,0.1,7.81,5.2
ALT-201738,Z,Birmingham,Member,Male,Dairy & Eggs,5.72,10,2.86,60.06,22/07/2025,13:49:32,Debit Card,57.2,0.07,4.0,6.0
ALT-201739,Y,Sheffield,Member,Female,Frozen Foods,5.57,1,0.28,5.85,25/06/2025,13:01:43,Mobile Wallet,5.57,0.1,0.56,4.1
ALT-201740,Y,Sheffield,Normal,Female,Fresh Produce,3.72,9,1.67,35.15,01/12/2025,12:27:39,Cash,33.48,0.08,2.68,5.5
ALT-201741,Z,Birmingham,Normal,Male,Baby Products,44.72,2,4.47,93.91,18/11/2025,18:44:09,Credit Card,89.44,0.18,16.1,6.3
ALT-201742,X,Liverpool,Member,Female,Fresh Produce,6.42,10,3.21,67.41,03/04/2025,17:57:45,Credit Card,64.2,0.08,5.14,7.1
ALT-201743,Z,Birmingham,Member,Male,Household,15.74,1,0.79,16.53,23/11/2025,19:21:19,Cash,15.74,0.19,2.99,6.2
ALT-201744,Z,Birmingham,Member,Female,Dairy & Eggs,5.81,2,0.58,12.2,07/03/2025,13:31:05,Cash,11.62,0.07,0.81,8.8
ALT-201745,X,Liverpool,Normal,Female,Baby Products,32.86,4,6.57,138.01,24/04/2025,19:24:04,Credit Card,131.44,0.18,23.66,4.8
ALT-201746,Z,Birmingham,Member,Female,Frozen Foods,16.12,3,2.42,50.78,22/03/2025,20:39:07,Credit Card,48.36,0.1,4.84,6.0
ALT-201747,Y,Sheffield,Normal,Female,Personal Care,9.72,3,1.46,30.62,13/05/2025,10:58:00,Cash,29.16,0.21,6.12,5.7
ALT-201748,X,Liverpool,Member,Female,Frozen Foods,15.07,9,6.78,142.41,26/01/2025,15:16:52,Debit Card,135.63,0.1,13.56,8.3
ALT-201749,Y,Sheffield,Normal,Male,Fresh Produce,9.17,4,1.83,38.51,11/02/2025,12:33:53,Credit Card,36.68,0.08,2.93,7.3
ALT-201750,Z,Birmingham,Normal,Female,Bakery,4.48,8,1.79,37.63,07/05/2025,09:59:55,Credit Card,35.84,0.11,3.94,6.0
ALT-201751,Z,Birmingham,Normal,Female,Baby Products,21.56,4,4.31,90.55,18/01/2025,19:49:21,Debit Card,86.24,0.18,15.52,6.6
ALT-201752,Z,Birmingham,Member,Female,Beverages,12.52,5,3.13,65.73,01/10/2025,14:23:33,Credit Card,62.6,0.13,8.14,6.6
ALT-201753,Z,Birmingham,Member,Female,Fresh Produce,4.37,4,0.87,18.35,09/09/2025,15:26:37,Mobile Wallet,17.48,0.08,1.4,6.8
ALT-201754,Y,Sheffield,Normal,Male,Health & Wellness,22.37,7,7.83,164.42,15/01/2025,18:40:48,Debit Card,156.59,0.24,37.58,7.1
ALT-201755,X,Liverpool,Member,Female,Health & Wellness,10.18,5,2.54,53.44,14/02/2025,13:18:51,Mobile Wallet,50.9,0.24,12.22,6.2
ALT-201756,Z,Birmingham,Member,Male,Frozen Foods,6.76,3,1.01,21.29,18/10/2025,15:06:11,Credit Card,20.28,0.1,2.03,7.2
ALT-201757,Z,Birmingham,Member,Male,Household,21.59,5,5.4,113.35,17/01/2025,11:27:18,Cash,107.95,0.19,20.51,5.7
ALT-201758,Z,Birmingham,Normal,Male,Personal Care,23.7,2,2.37,49.77,19/09/2025,19:06:36,Credit Card,47.4,0.21,9.95,5.5
ALT-201759,X,Liverpool,Member,Female,Snacks,5.14,1,0.26,5.4,14/07/2025,10:05:17,Cash,5.14,0.17,0.87,7.1
ALT-201760,Y,Sheffield,Normal,Male,Frozen Foods,6.0,2,0.6,12.6,26/12/2025,19:30:57,Debit Card,12.0,0.1,1.2,6.6
ALT-201761,Z,Birmingham,Normal,Male,Snacks,5.23,9,2.35,49.42,22/10/2025,17:14:22,Credit Card,47.07,0.17,8.0,6.2
ALT-201762,X,Liverpool,Normal,Male,Beverages,3.66,3,0.55,11.53,26/10/2025,11:13:27,Mobile Wallet,10.98,0.13,1.43,5.5
ALT-201763,Z,Birmingham,Member,Female,Baby Products,15.52,2,1.55,32.59,05/05/2025,15:49:37,Debit Card,31.04,0.18,5.59,6.9
ALT-201764,Y,Sheffield,Normal,Male,Frozen Foods,4.05,2,0.41,8.51,02/06/2025,17:50:10,Credit Card,8.1,0.1,0.81,5.6
ALT-201765,Y,Sheffield,Member,Male,Bakery,2.56,1,0.13,2.69,02/03/2025,09:31:03,Debit Card,2.56,0.11,0.28,7.5
ALT-201766,Z,Birmingham,Normal,Female,Dairy & Eggs,6.38,12,3.83,80.39,19/10/2025,10:14:40,Cash,76.56,0.07,5.36,6.9
ALT-201767,Y,Sheffield,Member,Male,Frozen Foods,2.66,1,0.13,2.79,05/09/2025,10:21:50,Credit Card,2.66,0.1,0.27,6.2
ALT-201768,Z,Birmingham,Normal,Female,Beverages,12.04,1,0.6,12.64,28/10/2025,15:00:09,Credit Card,12.04,0.13,1.57,6.3
ALT-201769,Z,Birmingham,Normal,Female,Snacks,1.9,10,0.95,19.95,10/11/2025,10:32:04,Debit Card,19.0,0.17,3.23,6.4
ALT-201770,Y,Sheffield,Normal,Male,Snacks,2.56,2,0.26,5.38,11/01/2025,13:49:17,Mobile Wallet,5.12,0.17,0.87,4.0
ALT-201771,Y,Sheffield,Member,Male,Snacks,1.49,1,0.07,1.56,27/11/2025,17:49:06,Credit Card,1.49,0.17,0.25,9.3
ALT-201772,Z,Birmingham,Normal,Male,Fresh Produce,11.1,5,2.78,58.28,26/08/2025,15:52:58,Credit Card,55.5,0.08,4.44,7.3
ALT-201773,Y,Sheffield,Normal,Male,Health & Wellness,16.76,1,0.84,17.6,17/09/2025,15:48:03,Mobile Wallet,16.76,0.24,4.02,5.4
ALT-201774,X,Liverpool,Normal,Male,Bakery,5.95,6,1.79,37.49,05/01/2025,12:24:52,Mobile Wallet,35.7,0.11,3.93,5.7
ALT-201775,X,Liverpool,Member,Female,Dairy & Eggs,1.73,4,0.35,7.27,04/11/2025,13:24:42,Debit Card,6.92,0.07,0.48,5.8
ALT-201776,X,Liverpool,Normal,Male,Fresh Produce,1.43,6,0.43,9.01,11/03/2025,17:44:03,Mobile Wallet,8.58,0.08,0.69,6.5
ALT-201777,Y,Sheffield,Normal,Female,Bakery,3.47,4,0.69,14.57,25/01/2025,11:12:24,Credit Card,13.88,0.11,1.53,6.4
ALT-201778,Y,Sheffield,Normal,Female,Health & Wellness,16.04,6,4.81,101.05,20/03/2025,14:42:42,Debit Card,96.24,0.24,23.1,4.6
ALT-201779,Z,Birmingham,Member,Female,Beverages,4.44,7,1.55,32.63,10/08/2025,20:04:35,Mobile Wallet,31.08,0.13,4.04,7.4
ALT-201780,Y,Sheffield,Member,Female,Personal Care,10.04,1,0.5,10.54,13/06/2025,19:50:20,Debit Card,10.04,0.21,2.11,6.0
ALT-201781,X,Liverpool,Normal,Female,Snacks,1.39,7,0.49,10.22,05/03/2025,16:02:03,Credit Card,9.73,0.17,1.65,6.6
ALT-201782,X,Liverpool,Member,Male,Dairy & Eggs,2.84,10,1.42,29.82,03/07/2025,09:03:35,Debit Card,28.4,0.07,1.99,8.9
ALT-201783,Z,Birmingham,Normal,Female,Dairy & Eggs,6.26,4,1.25,26.29,07/09/2025,11:41:06,Credit Card,25.04,0.07,1.75,8.3
ALT-201784,Z,Birmingham,Normal,Female,Health & Wellness,10.13,6,3.04,63.82,12/09/2025,17:19:30,Mobile Wallet,60.78,0.24,14.59,6.8
ALT-201785,Y,Sheffield,Normal,Female,Personal Care,16.74,1,0.84,17.58,15/05/2025,17:23:05,Cash,16.74,0.21,3.52,8.1
ALT-201786,X,Liverpool,Normal,Male,Frozen Foods,1.7,4,0.34,7.14,13/01/2025,18:08:51,Cash,6.8,0.1,0.68,5.1
ALT-201787,Y,Sheffield,Member,Female,Snacks,2.16,6,0.65,13.61,25/06/2025,18:09:24,Debit Card,12.96,0.17,2.2,6.2
ALT-201788,Z,Birmingham,Member,Female,Fresh Produce,4.85,8,1.94,40.74,02/01/2025,15:46:00,Credit Card,38.8,0.08,3.1,8.4
ALT-201789,Y,Sheffield,Normal,Male,Baby Products,39.82,7,13.94,292.68,12/09/2025,16:07:28,Credit Card,278.74,0.18,50.17,4.1
ALT-201790,Z,Birmingham,Normal,Female,Personal Care,17.77,2,1.78,37.32,06/10/2025,19:28:05,Debit Card,35.54,0.21,7.46,5.7
ALT-201791,Z,Birmingham,Member,Male,Household,12.7,12,7.62,160.02,20/09/2025,13:15:20,Mobile Wallet,152.4,0.19,28.96,5.1
ALT-201792,Y,Sheffield,Normal,Female,Bakery,8.52,1,0.43,8.95,30/04/2025,15:38:25,Cash,8.52,0.11,0.94,5.6
ALT-201793,Z,Birmingham,Member,Male,Snacks,3.13,5,0.78,16.43,16/04/2025,14:13:53,Debit Card,15.65,0.17,2.66,7.4
ALT-201794,Y,Sheffield,Normal,Female,Frozen Foods,10.08,4,2.02,42.34,19/02/2025,11:09:43,Mobile Wallet,40.32,0.1,4.03,6.9
ALT-201795,X,Liverpool,Member,Female,Health & Wellness,12.35,7,4.32,90.77,21/09/2025,15:18:32,Mobile Wallet,86.45,0.24,20.75,7.4
ALT-201796,Y,Sheffield,Member,Male,Dairy & Eggs,2.92,5,0.73,15.33,19/02/2025,21:52:30,Credit Card,14.6,0.07,1.02,5.3
ALT-201797,Z,Birmingham,Normal,Male,Snacks,5.19,3,0.78,16.35,08/02/2025,17:26:21,Debit Card,15.57,0.17,2.65,8.2
ALT-201798,Z,Birmingham,Normal,Male,Household,24.1,8,9.64,202.44,11/02/2025,16:34:01,Debit Card,192.8,0.19,36.63,5.8
ALT-201799,Y,Sheffield,Member,Male,Snacks,2.59,1,0.13,2.72,23/06/2025,09:30:24,Mobile Wallet,2.59,0.17,0.44,7.0
ALT-201800,Y,Sheffield,Normal,Female,Beverages,10.88,9,4.9,102.82,02/01/2025,17:42:18,Credit Card,97.92,0.13,12.73,8.2
ALT-201801,X,Liverpool,Normal,Male,Dairy & Eggs,3.33,7,1.17,24.48,09/10/2025,09:56:50,Credit Card,23.31,0.07,1.63,8.3
ALT-201802,Y,Sheffield,Normal,Female,Household,14.71,4,2.94,61.78,26/08/2025,11:23:26,Cash,58.84,0.19,11.18,6.7
ALT-201803,Y,Sheffield,Normal,Male,Bakery,6.06,1,0.3,6.36,31/08/2025,12:01:41,Credit Card,6.06,0.11,0.67,6.4
ALT-201804,X,Liverpool,Member,Female,Personal Care,12.41,2,1.24,26.06,29/01/2025,12:59:17,Debit Card,24.82,0.21,5.21,6.9
ALT-201805,Z,Birmingham,Member,Female,Personal Care,7.52,9,3.38,71.06,09/05/2025,19:08:05,Debit Card,67.68,0.21,14.21,7.7
ALT-201806,X,Liverpool,Normal,Male,Beverages,9.89,8,3.96,83.08,11/12/2025,10:37:25,Debit Card,79.12,0.13,10.29,7.8
ALT-201807,Y,Sheffield,Normal,Male,Beverages,10.69,1,0.53,11.22,08/01/2025,14:31:15,Cash,10.69,0.13,1.39,6.6
ALT-201808,X,Liverpool,Member,Female,Frozen Foods,1.99,2,0.2,4.18,24/04/2025,20:08:43,Debit Card,3.98,0.1,0.4,7.3
ALT-201809,Y,Sheffield,Member,Female,Snacks,4.59,7,1.61,33.74,04/09/2025,19:42:10,Debit Card,32.13,0.17,5.46,5.2
ALT-201810,X,Liverpool,Normal,Male,Fresh Produce,10.61,5,2.65,55.7,07/05/2025,16:28:01,Credit Card,53.05,0.08,4.24,4.8
ALT-201811,Z,Birmingham,Member,Male,Snacks,4.54,6,1.36,28.6,19/05/2025,21:48:18,Debit Card,27.24,0.17,4.63,7.3
ALT-201812,Z,Birmingham,Normal,Male,Personal Care,18.59,1,0.93,19.52,11/01/2025,12:34:21,Mobile Wallet,18.59,0.21,3.9,6.4
ALT-201813,X,Liverpool,Normal,Male,Snacks,3.15,2,0.32,6.62,05/02/2025,21:48:32,Credit Card,6.3,0.17,1.07,6.2
ALT-201814,X,Liverpool,Normal,Male,Bakery,9.67,3,1.45,30.46,13/08/2025,16:27:53,Cash,29.01,0.11,3.19,5.1
ALT-201815,X,Liverpool,Normal,Female,Beverages,4.96,4,0.99,20.83,12/03/2025,18:27:34,Credit Card,19.84,0.13,2.58,6.2
ALT-201816,Z,Birmingham,Normal,Male,Household,12.61,6,3.78,79.44,13/04/2025,14:21:52,Cash,75.66,0.19,14.38,6.0
ALT-201817,Z,Birmingham,Member,Female,Personal Care,27.95,5,6.99,146.74,08/07/2025,20:38:56,Mobile Wallet,139.75,0.21,29.35,7.3
ALT-201818,X,Liverpool,Member,Female,Dairy & Eggs,2.45,1,0.12,2.57,05/04/2025,18:39:06,Mobile Wallet,2.45,0.07,0.17,7.4
ALT-201819,X,Liverpool,Normal,Female,Personal Care,15.49,1,0.77,16.26,06/07/2025,18:29:54,Credit Card,15.49,0.21,3.25,7.1
ALT-201820,Y,Sheffield,Normal,Male,Household,18.31,6,5.49,115.35,07/11/2025,15:42:38,Cash,109.86,0.19,20.87,5.7
ALT-201821,Y,Sheffield,Member,Female,Health & Wellness,36.62,5,9.15,192.25,15/11/2025,13:01:40,Debit Card,183.1,0.24,43.94,6.3
ALT-201822,Z,Birmingham,Normal,Female,Baby Products,15.6,2,1.56,32.76,24/04/2025,16:45:44,Credit Card,31.2,0.18,5.62,7.7
ALT-201823,X,Liverpool,Normal,Male,Household,14.01,6,4.2,88.26,12/01/2025,21:30:02,Debit Card,84.06,0.19,15.97,8.2
ALT-201824,Y,Sheffield,Member,Female,Personal Care,11.42,3,1.71,35.97,20/07/2025,20:46:33,Debit Card,34.26,0.21,7.19,6.2
ALT-201825,Y,Sheffield,Normal,Female,Fresh Produce,5.07,2,0.51,10.65,12/05/2025,11:11:41,Mobile Wallet,10.14,0.08,0.81,5.9
ALT-201826,Z,Birmingham,Member,Male,Fresh Produce,6.32,1,0.32,6.64,27/06/2025,15:23:34,Cash,6.32,0.08,0.51,8.2
ALT-201827,Y,Sheffield,Member,Female,Bakery,6.15,12,3.69,77.49,26/12/2025,17:34:06,Mobile Wallet,73.8,0.11,8.12,5.1
ALT-201828,X,Liverpool,Member,Male,Beverages,13.38,1,0.67,14.05,14/08/2025,19:51:58,Debit Card,13.38,0.13,1.74,7.4
ALT-201829,X,Liverpool,Member,Female,Bakery,3.6,8,1.44,30.24,24/12/2025,19:14:17,Mobile Wallet,28.8,0.11,3.17,6.7
ALT-201830,X,Liverpool,Normal,Female,Beverages,3.12,3,0.47,9.83,14/01/2025,12:29:11,Debit Card,9.36,0.13,1.22,6.3
ALT-201831,Z,Birmingham,Normal,Female,Bakery,3.32,2,0.33,6.97,20/04/2025,16:29:48,Mobile Wallet,6.64,0.11,0.73,6.5
ALT-201832,X,Liverpool,Member,Female,Health & Wellness,38.99,10,19.5,409.4,04/12/2025,17:50:22,Credit Card,389.9,0.24,93.58,7.3
ALT-201833,Z,Birmingham,Member,Female,Snacks,3.26,3,0.49,10.27,27/11/2025,13:44:27,Credit Card,9.78,0.17,1.66,7.0
ALT-201834,Z,Birmingham,Normal,Male,Bakery,2.88,5,0.72,15.12,31/10/2025,09:33:10,Cash,14.4,0.11,1.58,7.2
ALT-201835,Y,Sheffield,Member,Female,Beverages,3.76,1,0.19,3.95,08/02/2025,10:52:45,Credit Card,3.76,0.13,0.49,6.3
ALT-201836,X,Liverpool,Normal,Male,Personal Care,16.39,10,8.2,172.1,20/04/2025,17:20:21,Credit Card,163.9,0.21,34.42,6.9
ALT-201837,X,Liverpool,Normal,Female,Frozen Foods,5.29,2,0.53,11.11,22/01/2025,11:15:58,Cash,10.58,0.1,1.06,6.5
ALT-201838,X,Liverpool,Member,Female,Dairy & Eggs,4.05,2,0.41,8.51,14/03/2025,14:47:03,Credit Card,8.1,0.07,0.57,6.6
ALT-201839,Y,Sheffield,Normal,Male,Household,10.74,6,3.22,67.66,22/04/2025,15:02:32,Credit Card,64.44,0.19,12.24,8.6
ALT-201840,Z,Birmingham,Normal,Male,Bakery,6.08,1,0.3,6.38,22/08/2025,12:50:36,Credit Card,6.08,0.11,0.67,6.2
ALT-201841,X,Liverpool,Member,Female,Beverages,11.62,3,1.74,36.6,29/01/2025,20:48:31,Mobile Wallet,34.86,0.13,4.53,5.3
ALT-201842,Z,Birmingham,Normal,Female,Fresh Produce,5.13,3,0.77,16.16,20/10/2025,13:52:26,Credit Card,15.39,0.08,1.23,8.3
ALT-201843,Z,Birmingham,Member,Female,Dairy & Eggs,2.14,5,0.54,11.24,17/07/2025,20:20:35,Debit Card,10.7,0.07,0.75,6.3
ALT-201844,X,Liverpool,Member,Female,Health & Wellness,23.23,9,10.45,219.52,26/09/2025,11:50:32,Mobile Wallet,209.07,0.24,50.18,6.5
ALT-201845,Z,Birmingham,Member,Male,Frozen Foods,8.21,2,0.82,17.24,14/03/2025,09:53:18,Credit Card,16.42,0.1,1.64,7.1
ALT-201846,Z,Birmingham,Normal,Male,Bakery,3.24,5,0.81,17.01,23/10/2025,15:11:20,Mobile Wallet,16.2,0.11,1.78,6.8
ALT-201847,Z,Birmingham,Member,Female,Bakery,9.5,12,5.7,119.7,19/06/2025,12:52:09,Credit Card,114.0,0.11,12.54,5.4
ALT-201848,Z,Birmingham,Normal,Male,Personal Care,27.62,7,9.67,203.01,07/07/2025,18:10:36,Debit Card,193.34,0.21,40.6,7.0
ALT-201849,Y,Sheffield,Normal,Female,Household,16.54,4,3.31,69.47,24/02/2025,21:32:06,Cash,66.16,0.19,12.57,6.6
ALT-201850,Y,Sheffield,Normal,Male,Dairy & Eggs,2.65,5,0.66,13.91,27/01/2025,16:53:12,Credit Card,13.25,0.07,0.93,7.3
ALT-201851,Z,Birmingham,Normal,Female,Frozen Foods,14.32,8,5.73,120.29,08/09/2025,17:00:24,Credit Card,114.56,0.1,11.46,6.0
ALT-201852,X,Liverpool,Normal,Female,Dairy & Eggs,5.97,5,1.49,31.34,11/01/2025,11:03:37,Debit Card,29.85,0.07,2.09,5.5
ALT-201853,X,Liverpool,Normal,Male,Health & Wellness,33.48,4,6.7,140.62,05/12/2025,18:05:38,Debit Card,133.92,0.24,32.14,5.6
ALT-201854,X,Liverpool,Normal,Female,Health & Wellness,10.23,10,5.12,107.42,22/06/2025,15:17:54,Credit Card,102.3,0.24,24.55,7.5
ALT-201855,Y,Sheffield,Member,Male,Bakery,4.2,11,2.31,48.51,14/11/2025,11:45:24,Credit Card,46.2,0.11,5.08,7.1
ALT-201856,Z,Birmingham,Normal,Male,Baby Products,40.69,6,12.21,256.35,06/05/2025,14:18:49,Credit Card,244.14,0.18,43.95,6.2
ALT-201857,X,Liverpool,Normal,Male,Household,3.19,4,0.64,13.4,09/03/2025,11:59:00,Mobile Wallet,12.76,0.19,2.42,6.5
ALT-201858,Z,Birmingham,Member,Female,Health & Wellness,14.15,3,2.12,44.57,01/06/2025,19:49:27,Mobile Wallet,42.45,0.24,10.19,6.4
ALT-201859,Y,Sheffield,Normal,Female,Baby Products,33.69,7,11.79,247.62,15/03/2025,15:55:09,Credit Card,235.83,0.18,42.45,5.0
ALT-201860,Z,Birmingham,Member,Male,Frozen Foods,18.14,5,4.54,95.24,30/12/2025,13:10:41,Mobile Wallet,90.7,0.1,9.07,5.7
ALT-201861,X,Liverpool,Normal,Male,Baby Products,40.81,7,14.28,299.95,15/05/2025,13:24:44,Mobile Wallet,285.67,0.18,51.42,5.7
ALT-201862,X,Liverpool,Member,Male,Beverages,5.91,9,2.66,55.85,09/01/2025,10:12:32,Debit Card,53.19,0.13,6.91,8.1
ALT-201863,Z,Birmingham,Normal,Male,Baby Products,14.28,11,7.85,164.93,27/07/2025,15:39:35,Debit Card,157.08,0.18,28.27,7.6
ALT-201864,Z,Birmingham,Normal,Female,Bakery,7.74,2,0.77,16.25,06/07/2025,13:27:42,Credit Card,15.48,0.11,1.7,6.0
ALT-201865,X,Liverpool,Member,Male,Snacks,2.66,6,0.8,16.76,21/02/2025,14:32:33,Credit Card,15.96,0.17,2.71,5.2
ALT-201866,X,Liverpool,Normal,Female,Frozen Foods,2.53,5,0.63,13.28,20/12/2025,16:56:02,Credit Card,12.65,0.1,1.27,6.3
ALT-201867,Z,Birmingham,Normal,Male,Baby Products,11.45,2,1.15,24.05,13/09/2025,11:24:17,Cash,22.9,0.18,4.12,7.0
ALT-201868,X,Liverpool,Member,Female,Bakery,5.64,3,0.85,17.77,21/11/2025,18:19:56,Cash,16.92,0.11,1.86,6.9
ALT-201869,Z,Birmingham,Normal,Male,Bakery,7.92,9,3.56,74.84,25/06/2025,17:17:21,Debit Card,71.28,0.11,7.84,6.7
ALT-201870,Z,Birmingham,Member,Female,Bakery,8.11,2,0.81,17.03,04/05/2025,09:33:34,Cash,16.22,0.11,1.78,7.6
ALT-201871,Z,Birmingham,Member,Female,Personal Care,24.63,3,3.69,77.58,01/03/2025,19:21:43,Cash,73.89,0.21,15.52,5.9
ALT-201872,Y,Sheffield,Member,Female,Snacks,1.68,5,0.42,8.82,09/05/2025,15:28:59,Debit Card,8.4,0.17,1.43,6.0
ALT-201873,Z,Birmingham,Normal,Male,Dairy & Eggs,3.39,4,0.68,14.24,21/07/2025,14:33:45,Mobile Wallet,13.56,0.07,0.95,7.0
ALT-201874,Y,Sheffield,Normal,Male,Household,17.73,10,8.87,186.17,28/09/2025,19:32:04,Mobile Wallet,177.3,0.19,33.69,6.8
ALT-201875,Y,Sheffield,Member,Male,Fresh Produce,9.4,6,2.82,59.22,27/03/2025,17:17:35,Credit Card,56.4,0.08,4.51,5.5
ALT-201876,Y,Sheffield,Member,Female,Dairy & Eggs,5.19,1,0.26,5.45,15/11/2025,17:21:07,Credit Card,5.19,0.07,0.36,7.0
ALT-201877,Y,Sheffield,Member,Male,Baby Products,24.91,2,2.49,52.31,26/11/2025,14:56:37,Cash,49.82,0.18,8.97,6.1
ALT-201878,Z,Birmingham,Member,Female,Snacks,7.31,2,0.73,15.35,09/12/2025,13:16:02,Debit Card,14.62,0.17,2.49,5.4
ALT-201879,Z,Birmingham,Normal,Female,Fresh Produce,10.73,6,3.22,67.6,19/12/2025,14:39:51,Credit Card,64.38,0.08,5.15,6.8
ALT-201880,Y,Sheffield,Normal,Male,Household,12.26,5,3.06,64.36,23/06/2025,15:19:43,Credit Card,61.3,0.19,11.65,6.9
ALT-201881,Y,Sheffield,Member,Male,Health & Wellness,17.88,4,3.58,75.1,15/09/2025,15:39:56,Cash,71.52,0.24,17.16,6.4
ALT-201882,Y,Sheffield,Normal,Female,Snacks,5.48,1,0.27,5.75,18/06/2025,14:46:15,Credit Card,5.48,0.17,0.93,7.5
ALT-201883,Y,Sheffield,Normal,Male,Dairy & Eggs,5.15,6,1.54,32.44,09/01/2025,17:04:41,Credit Card,30.9,0.07,2.16,5.9
ALT-201884,X,Liverpool,Member,Female,Dairy & Eggs,8.01,9,3.6,75.69,20/12/2025,17:07:55,Debit Card,72.09,0.07,5.05,8.1
ALT-201885,X,Liverpool,Normal,Male,Personal Care,18.01,13,11.71,245.84,01/05/2025,17:41:13,Credit Card,234.13,0.21,49.17,4.1
ALT-201886,Z,Birmingham,Member,Female,Bakery,3.8,4,0.76,15.96,04/02/2025,12:38:08,Debit Card,15.2,0.11,1.67,5.3
ALT-201887,Y,Sheffield,Member,Male,Bakery,2.46,2,0.25,5.17,02/03/2025,11:23:41,Credit Card,4.92,0.11,0.54,6.3
ALT-201888,X,Liverpool,Member,Female,Bakery,8.85,7,3.1,65.05,15/04/2025,14:21:49,Debit Card,61.95,0.11,6.81,7.7
ALT-201889,X,Liverpool,Normal,Male,Beverages,4.18,10,2.09,43.89,12/06/2025,08:46:50,Debit Card,41.8,0.13,5.43,6.0
ALT-201890,Z,Birmingham,Normal,Male,Frozen Foods,13.87,5,3.47,72.82,01/08/2025,08:12:05,Debit Card,69.35,0.1,6.93,7.5
ALT-201891,Y,Sheffield,Normal,Female,Frozen Foods,4.41,5,1.1,23.15,30/08/2025,11:29:02,Debit Card,22.05,0.1,2.21,6.2
ALT-201892,Y,Sheffield,Normal,Male,Health & Wellness,29.85,11,16.42,344.77,31/07/2025,11:21:37,Debit Card,328.35,0.24,78.8,5.8
ALT-201893,Y,Sheffield,Normal,Female,Dairy & Eggs,2.66,10,1.33,27.93,30/01/2025,11:32:23,Cash,26.6,0.07,1.86,5.6
ALT-201894,X,Liverpool,Normal,Female,Bakery,10.01,6,3.0,63.06,06/07/2025,13:59:17,Debit Card,60.06,0.11,6.61,4.4
ALT-201895,Z,Birmingham,Member,Female,Beverages,2.41,2,0.24,5.06,04/09/2025,12:20:53,Debit Card,4.82,0.13,0.63,8.0
ALT-201896,Z,Birmingham,Member,Female,Dairy & Eggs,5.64,2,0.56,11.84,18/11/2025,17:01:48,Mobile Wallet,11.28,0.07,0.79,8.1
ALT-201897,Y,Sheffield,Normal,Male,Baby Products,15.52,9,6.98,146.66,06/10/2025,13:41:12,Credit Card,139.68,0.18,25.14,7.3
ALT-201898,X,Liverpool,Normal,Male,Household,11.57,3,1.74,36.45,03/01/2025,11:13:34,Credit Card,34.71,0.19,6.59,6.6
ALT-201899,Y,Sheffield,Member,Male,Beverages,12.72,9,5.72,120.2,16/01/2025,14:49:09,Debit Card,114.48,0.13,14.88,7.0
ALT-201900,Z,Birmingham,Normal,Male,Dairy & Eggs,5.12,6,1.54,32.26,07/12/2025,14:24:49,Debit Card,30.72,0.07,2.15,6.5
ALT-201901,Z,Birmingham,Member,Male,Beverages,5.76,4,1.15,24.19,19/04/2025,21:50:18,Credit Card,23.04,0.13,3.0,6.1
ALT-201902,Z,Birmingham,Member,Male,Baby Products,35.18,6,10.55,221.63,22/05/2025,15:00:33,Cash,211.08,0.18,37.99,7.0
ALT-201903,Y,Sheffield,Normal,Female,Bakery,9.61,10,4.8,100.9,12/11/2025,14:58:06,Mobile Wallet,96.1,0.11,10.57,7.5
ALT-201904,Y,Sheffield,Normal,Male,Baby Products,33.07,9,14.88,312.51,27/09/2025,18:02:37,Debit Card,297.63,0.18,53.57,7.9
ALT-201905,Z,Birmingham,Member,Male,Frozen Foods,6.98,6,2.09,43.97,06/05/2025,14:52:20,Credit Card,41.88,0.1,4.19,5.8
ALT-201906,Y,Sheffield,Member,Female,Fresh Produce,3.3,1,0.17,3.47,01/05/2025,21:02:43,Debit Card,3.3,0.08,0.26,7.3
ALT-201907,Z,Birmingham,Member,Male,Personal Care,10.91,11,6.0,126.01,19/04/2025,12:42:27,Credit Card,120.01,0.21,25.2,6.9
ALT-201908,X,Liverpool,Normal,Female,Baby Products,34.07,5,8.52,178.87,02/06/2025,08:52:28,Debit Card,170.35,0.18,30.66,6.6
ALT-201909,Y,Sheffield,Member,Female,Health & Wellness,10.99,11,6.04,126.93,17/12/2025,19:48:32,Cash,120.89,0.24,29.01,7.5
ALT-201910,X,Liverpool,Normal,Female,Frozen Foods,10.24,5,2.56,53.76,09/02/2025,12:49:03,Credit Card,51.2,0.1,5.12,7.1
ALT-201911,Y,Sheffield,Normal,Male,Health & Wellness,4.52,12,2.71,56.95,04/11/2025,17:42:21,Credit Card,54.24,0.24,13.02,4.2
ALT-201912,X,Liverpool,Member,Female,Household,21.52,9,9.68,203.36,24/09/2025,13:18:25,Credit Card,193.68,0.19,36.8,6.9
ALT-201913,Z,Birmingham,Member,Male,Household,17.54,3,2.63,55.25,03/07/2025,13:51:05,Mobile Wallet,52.62,0.19,10.0,8.1
ALT-201914,Z,Birmingham,Member,Female,Personal Care,19.95,10,9.98,209.48,18/11/2025,13:23:54,Debit Card,199.5,0.21,41.89,6.1
ALT-201915,X,Liverpool,Normal,Male,Health & Wellness,38.41,9,17.28,362.97,16/07/2025,15:59:52,Credit Card,345.69,0.24,82.97,6.2
ALT-201916,Z,Birmingham,Normal,Male,Health & Wellness,43.87,3,6.58,138.19,29/11/2025,17:41:01,Debit Card,131.61,0.24,31.59,6.7
ALT-201917,Y,Sheffield,Normal,Female,Snacks,1.42,6,0.43,8.95,02/09/2025,16:49:30,Mobile Wallet,8.52,0.17,1.45,5.8
ALT-201918,Z,Birmingham,Normal,Female,Snacks,2.92,5,0.73,15.33,04/08/2025,12:28:31,Credit Card,14.6,0.17,2.48,5.8
ALT-201919,Y,Sheffield,Member,Female,Beverages,8.38,9,3.77,79.19,23/12/2025,18:16:03,Debit Card,75.42,0.13,9.8,7.7
ALT-201920,X,Liverpool,Normal,Female,Snacks,3.02,8,1.21,25.37,13/08/2025,16:54:10,Debit Card,24.16,0.17,4.11,5.7
ALT-201921,X,Liverpool,Normal,Female,Bakery,9.25,7,3.24,67.99,13/09/2025,18:55:11,Credit Card,64.75,0.11,7.12,6.2
ALT-201922,Z,Birmingham,Member,Male,Health & Wellness,31.81,2,3.18,66.8,30/01/2025,18:08:39,Mobile Wallet,63.62,0.24,15.27,6.5
ALT-201923,Y,Sheffield,Normal,Male,Snacks,5.14,4,1.03,21.59,24/10/2025,13:49:48,Mobile Wallet,20.56,0.17,3.5,6.0
ALT-201924,Y,Sheffield,Normal,Female,Household,22.28,5,5.57,116.97,28/08/2025,20:49:48,Debit Card,111.4,0.19,21.17,8.5
ALT-201925,X,Liverpool,Member,Female,Frozen Foods,17.33,9,7.8,163.77,01/08/2025,09:02:58,Credit Card,155.97,0.1,15.6,6.8
ALT-201926,X,Liverpool,Normal,Female,Snacks,3.43,7,1.2,25.21,07/11/2025,15:23:53,Mobile Wallet,24.01,0.17,4.08,6.5
ALT-201927,Z,Birmingham,Normal,Female,Health & Wellness,33.43,4,6.69,140.41,13/12/2025,13:56:46,Cash,133.72,0.24,32.09,5.5
ALT-201928,Z,Birmingham,Normal,Female,Bakery,2.91,2,0.29,6.11,22/05/2025,17:01:18,Debit Card,5.82,0.11,0.64,5.9
ALT-201929,Z,Birmingham,Member,Male,Dairy & Eggs,6.55,1,0.33,6.88,17/01/2025,17:17:16,Debit Card,6.55,0.07,0.46,8.1
ALT-201930,X,Liverpool,Member,Female,Fresh Produce,9.44,3,1.42,29.74,02/02/2025,17:14:28,Debit Card,28.32,0.08,2.27,8.5
ALT-201931,Y,Sheffield,Member,Female,Personal Care,23.53,4,4.71,98.83,02/10/2025,21:46:43,Mobile Wallet,94.12,0.21,19.77,8.3
ALT-201932,X,Liverpool,Member,Male,Dairy & Eggs,5.92,10,2.96,62.16,07/11/2025,12:22:09,Cash,59.2,0.07,4.14,5.9
ALT-201933,Z,Birmingham,Normal,Female,Dairy & Eggs,2.13,3,0.32,6.71,09/03/2025,13:11:32,Debit Card,6.39,0.07,0.45,5.6
ALT-201934,Y,Sheffield,Member,Male,Dairy & Eggs,5.6,4,1.12,23.52,06/09/2025,11:42:47,Cash,22.4,0.07,1.57,5.2
ALT-201935,Y,Sheffield,Normal,Male,Frozen Foods,15.15,5,3.79,79.54,25/05/2025,14:48:14,Cash,75.75,0.1,7.58,8.3
ALT-201936,Z,Birmingham,Member,Male,Household,22.9,2,2.29,48.09,29/08/2025,09:16:22,Credit Card,45.8,0.19,8.7,8.9
ALT-201937,Y,Sheffield,Member,Female,Baby Products,38.96,6,11.69,245.45,29/04/2025,19:49:39,Credit Card,233.76,0.18,42.08,6.1
ALT-201938,Y,Sheffield,Normal,Female,Health & Wellness,28.54,10,14.27,299.67,12/11/2025,16:20:39,Mobile Wallet,285.4,0.24,68.5,6.9
ALT-201939,X,Liverpool,Normal,Female,Health & Wellness,26.12,8,10.45,219.41,06/05/2025,17:56:36,Mobile Wallet,208.96,0.24,50.15,6.9
ALT-201940,X,Liverpool,Member,Male,Bakery,3.63,1,0.18,3.81,25/01/2025,12:09:10,Cash,3.63,0.11,0.4,6.8
ALT-201941,X,Liverpool,Member,Female,Snacks,2.19,5,0.55,11.5,07/09/2025,13:22:43,Debit Card,10.95,0.17,1.86,5.5
ALT-201942,Y,Sheffield,Normal,Male,Fresh Produce,1.82,2,0.18,3.82,25/09/2025,16:55:34,Mobile Wallet,3.64,0.08,0.29,6.2
ALT-201943,Y,Sheffield,Member,Male,Dairy & Eggs,3.27,8,1.31,27.47,04/03/2025,13:07:26,Debit Card,26.16,0.07,1.83,5.7
ALT-201944,X,Liverpool,Normal,Female,Baby Products,19.06,8,7.62,160.1,12/10/2025,21:26:35,Debit Card,152.48,0.18,27.45,7.3
ALT-201945,X,Liverpool,Member,Male,Dairy & Eggs,1.87,8,0.75,15.71,13/07/2025,20:35:20,Mobile Wallet,14.96,0.07,1.05,8.1
ALT-201946,X,Liverpool,Member,Male,Household,22.59,1,1.13,23.72,26/03/2025,18:47:54,Debit Card,22.59,0.19,4.29,6.1
ALT-201947,Z,Birmingham,Member,Male,Health & Wellness,9.47,12,5.68,119.32,06/03/2025,14:34:30,Debit Card,113.64,0.24,27.27,7.5
ALT-201948,X,Liverpool,Member,Male,Bakery,8.97,5,2.24,47.09,06/10/2025,15:44:28,Credit Card,44.85,0.11,4.93,8.3
ALT-201949,Z,Birmingham,Normal,Female,Snacks,6.35,6,1.91,40.01,22/12/2025,15:06:38,Credit Card,38.1,0.17,6.48,7.4
ALT-201950,Z,Birmingham,Normal,Male,Bakery,1.65,3,0.25,5.2,25/05/2025,14:06:31,Cash,4.95,0.11,0.54,7.9
ALT-201951,Y,Sheffield,Member,Female,Household,20.5,1,1.03,21.53,27/11/2025,11:49:36,Mobile Wallet,20.5,0.19,3.9,8.4
ALT-201952,Y,Sheffield,Member,Male,Frozen Foods,3.97,11,2.18,45.85,20/09/2025,19:49:49,Mobile Wallet,43.67,0.1,4.37,6.1
ALT-201953,X,Liverpool,Normal,Male,Frozen Foods,17.03,5,4.26,89.41,22/03/2025,17:16:02,Credit Card,85.15,0.1,8.52,4.0
ALT-201954,Z,Birmingham,Normal,Male,Beverages,13.55,9,6.1,128.05,11/07/2025,21:17:31,Debit Card,121.95,0.13,15.85,6.3
ALT-201955,Z,Birmingham,Member,Female,Dairy & Eggs,2.11,1,0.11,2.22,08/09/2025,12:37:41,Credit Card,2.11,0.07,0.15,6.2
ALT-201956,X,Liverpool,Member,Female,Personal Care,2.7,2,0.27,5.67,28/07/2025,14:08:50,Mobile Wallet,5.4,0.21,1.13,6.2
ALT-201957,X,Liverpool,Member,Female,Personal Care,17.06,8,6.82,143.3,27/05/2025,08:52:58,Cash,136.48,0.21,28.66,6.4
ALT-201958,X,Liverpool,Member,Female,Baby Products,19.52,1,0.98,20.5,18/04/2025,16:37:06,Credit Card,19.52,0.18,3.51,6.8
ALT-201959,Y,Sheffield,Member,Female,Baby Products,17.82,11,9.8,205.82,11/04/2025,12:36:33,Credit Card,196.02,0.18,35.28,7.5
ALT-201960,Z,Birmingham,Normal,Female,Frozen Foods,9.95,1,0.5,10.45,29/07/2025,10:23:00,Debit Card,9.95,0.1,0.99,7.4
ALT-201961,X,Liverpool,Member,Female,Baby Products,17.14,3,2.57,53.99,23/02/2025,19:19:53,Debit Card,51.42,0.18,9.26,6.0
ALT-201962,X,Liverpool,Member,Male,Fresh Produce,3.57,5,0.89,18.74,24/12/2025,12:38:12,Cash,17.85,0.08,1.43,6.3
ALT-201963,X,Liverpool,Normal,Male,Personal Care,30.2,5,7.55,158.55,25/11/2025,15:12:48,Debit Card,151.0,0.21,31.71,6.4
ALT-201964,X,Liverpool,Normal,Female,Bakery,4.82,2,0.48,10.12,17/06/2025,16:29:53,Debit Card,9.64,0.11,1.06,6.8
ALT-201965,Y,Sheffield,Member,Male,Dairy & Eggs,6.81,10,3.4,71.5,03/12/2025,12:08:22,Credit Card,68.1,0.07,4.77,7.0
ALT-201966,X,Liverpool,Member,Male,Bakery,5.37,3,0.81,16.92,12/05/2025,14:21:01,Debit Card,16.11,0.11,1.77,5.7
ALT-201967,Y,Sheffield,Normal,Female,Health & Wellness,17.96,4,3.59,75.43,25/08/2025,14:25:40,Mobile Wallet,71.84,0.24,17.24,6.9
ALT-201968,Y,Sheffield,Normal,Male,Snacks,1.01,10,0.51,10.61,09/02/2025,11:28:26,Mobile Wallet,10.1,0.17,1.72,6.4
ALT-201969,X,Liverpool,Normal,Female,Frozen Foods,16.82,1,0.84,17.66,13/06/2025,15:29:53,Mobile Wallet,16.82,0.1,1.68,6.7
ALT-201970,Z,Birmingham,Member,Female,Household,21.01,1,1.05,22.06,05/03/2025,15:28:45,Debit Card,21.01,0.19,3.99,8.5
ALT-201971,Z,Birmingham,Member,Female,Dairy & Eggs,2.97,7,1.04,21.83,10/11/2025,12:21:35,Mobile Wallet,20.79,0.07,1.46,6.5
ALT-201972,X,Liverpool,Member,Female,Dairy & Eggs,2.8,6,0.84,17.64,14/11/2025,18:46:49,Cash,16.8,0.07,1.18,5.4
ALT-201973,Y,Sheffield,Member,Female,Bakery,1.68,8,0.67,14.11,03/12/2025,10:12:26,Mobile Wallet,13.44,0.11,1.48,7.3
ALT-201974,X,Liverpool,Member,Female,Snacks,1.57,6,0.47,9.89,04/06/2025,18:57:49,Mobile Wallet,9.42,0.17,1.6,6.9
ALT-201975,X,Liverpool,Normal,Female,Frozen Foods,15.88,8,6.35,133.39,27/11/2025,13:34:17,Credit Card,127.04,0.1,12.7,6.4
ALT-201976,Z,Birmingham,Member,Female,Baby Products,41.55,8,16.62,349.02,03/04/2025,13:29:03,Mobile Wallet,332.4,0.18,59.83,7.8
ALT-201977,Z,Birmingham,Member,Female,Beverages,6.08,1,0.3,6.38,16/06/2025,15:50:10,Debit Card,6.08,0.13,0.79,7.8
ALT-201978,X,Liverpool,Member,Male,Fresh Produce,11.66,9,5.25,110.19,20/11/2025,12:13:55,Credit Card,104.94,0.08,8.4,6.9
ALT-201979,X,Liverpool,Member,Male,Baby Products,42.19,7,14.77,310.1,20/07/2025,18:39:20,Mobile Wallet,295.33,0.18,53.16,7.5
ALT-201980,Z,Birmingham,Normal,Male,Baby Products,9.12,6,2.74,57.46,28/04/2025,10:26:57,Cash,54.72,0.18,9.85,5.9
ALT-201981,X,Liverpool,Member,Female,Baby Products,17.47,2,1.75,36.69,02/02/2025,14:30:36,Mobile Wallet,34.94,0.18,6.29,7.0
ALT-201982,Z,Birmingham,Normal,Male,Baby Products,29.11,5,7.28,152.83,10/06/2025,13:42:01,Credit Card,145.55,0.18,26.2,4.7
ALT-201983,X,Liverpool,Member,Male,Bakery,7.96,4,1.59,33.43,20/04/2025,14:31:35,Credit Card,31.84,0.11,3.5,7.5
ALT-201984,Z,Birmingham,Member,Female,Baby Products,26.62,6,7.99,167.71,11/08/2025,20:26:42,Debit Card,159.72,0.18,28.75,7.1
ALT-201985,Y,Sheffield,Member,Female,Frozen Foods,3.9,5,0.98,20.48,04/07/2025,21:22:30,Debit Card,19.5,0.1,1.95,6.6
ALT-201986,X,Liverpool,Normal,Female,Baby Products,12.99,3,1.95,40.92,11/01/2025,17:36:25,Cash,38.97,0.18,7.01,6.6
ALT-201987,Z,Birmingham,Normal,Female,Baby Products,11.69,11,6.43,135.02,02/10/2025,11:16:12,Credit Card,128.59,0.18,23.15,7.9
ALT-201988,X,Liverpool,Normal,Male,Baby Products,28.82,9,12.97,272.35,30/09/2025,10:18:15,Credit Card,259.38,0.18,46.69,5.3
ALT-201989,X,Liverpool,Normal,Male,Fresh Produce,4.27,6,1.28,26.9,08/03/2025,16:17:25,Debit Card,25.62,0.08,2.05,6.9
ALT-201990,X,Liverpool,Member,Female,Household,8.75,6,2.62,55.12,10/03/2025,17:16:15,Cash,52.5,0.19,9.97,6.3
ALT-201991,Y,Sheffield,Normal,Male,Bakery,8.52,9,3.83,80.51,05/03/2025,19:50:13,Debit Card,76.68,0.11,8.43,8.0
ALT-201992,X,Liverpool,Normal,Male,Fresh Produce,4.05,2,0.41,8.51,26/11/2025,08:07:56,Debit Card,8.1,0.08,0.65,5.6
ALT-201993,X,Liverpool,Normal,Female,Dairy & Eggs,4.68,11,2.57,54.05,02/06/2025,09:37:25,Debit Card,51.48,0.07,3.6,6.5
ALT-201994,Z,Birmingham,Member,Female,Household,26.24,2,2.62,55.1,12/11/2025,12:49:19,Credit Card,52.48,0.19,9.97,5.4
ALT-201995,Z,Birmingham,Member,Male,Personal Care,16.85,2,1.69,35.39,05/05/2025,21:41:06,Cash,33.7,0.21,7.08,6.8
ALT-201996,Z,Birmingham,Member,Female,Dairy & Eggs,1.65,3,0.25,5.2,07/07/2025,13:31:32,Credit Card,4.95,0.07,0.35,8.2
ALT-201997,Y,Sheffield,Member,Male,Snacks,4.25,2,0.43,8.93,23/04/2025,13:02:27,Mobile Wallet,8.5,0.17,1.45,7.0
ALT-201998,Z,Birmingham,Member,Male,Fresh Produce,2.08,6,0.62,13.1,21/09/2025,12:32:56,Mobile Wallet,12.48,0.08,1.0,8.6
ALT-201999,Z,Birmingham,Member,Female,Health & Wellness,29.02,6,8.71,182.83,04/12/2025,15:59:27,Debit Card,174.12,0.24,41.79,6.8
ALT-202000,Y,Sheffield,Member,Female,Bakery,1.98,1,0.1,2.08,15/03/2025,17:52:53,Credit Card,1.98,0.11,0.22,5.7
ALT-202001,X,Liverpool,Member,Male,Personal Care,6.58,6,1.97,41.45,28/08/2025,11:47:01,Mobile Wallet,39.48,0.21,8.29,6.0
ALT-202002,X,Liverpool,Normal,Male,Baby Products,43.43,1,2.17,45.6,26/08/2025,20:58:49,Debit Card,43.43,0.18,7.82,8.2
ALT-202003,X,Liverpool,Member,Female,Dairy & Eggs,4.95,1,0.25,5.2,28/12/2025,10:35:51,Debit Card,4.95,0.07,0.35,5.6
ALT-202004,Y,Sheffield,Normal,Male,Beverages,3.12,2,0.31,6.55,23/10/2025,18:51:35,Debit Card,6.24,0.13,0.81,5.5
ALT-202005,X,Liverpool,Normal,Female,Personal Care,10.43,1,0.52,10.95,07/05/2025,18:22:26,Credit Card,10.43,0.21,2.19,6.7
ALT-202006,X,Liverpool,Normal,Female,Dairy & Eggs,4.05,5,1.01,21.26,09/12/2025,14:43:38,Credit Card,20.25,0.07,1.42,8.4
ALT-202007,Z,Birmingham,Member,Female,Household,14.88,6,4.46,93.74,26/04/2025,14:31:59,Cash,89.28,0.19,16.96,6.7
ALT-202008,Z,Birmingham,Member,Male,Fresh Produce,10.72,3,1.61,33.77,14/03/2025,19:48:13,Cash,32.16,0.08,2.57,7.4
ALT-202009,Y,Sheffield,Member,Male,Dairy & Eggs,7.04,11,3.87,81.31,09/07/2025,14:03:15,Debit Card,77.44,0.07,5.42,7.2
ALT-202010,Z,Birmingham,Member,Male,Household,5.5,8,2.2,46.2,04/01/2025,21:10:53,Cash,44.0,0.19,8.36,7.6
ALT-202011,Z,Birmingham,Member,Female,Dairy & Eggs,3.72,7,1.3,27.34,31/05/2025,14:47:28,Credit Card,26.04,0.07,1.82,8.1
ALT-202012,Y,Sheffield,Normal,Male,Beverages,12.38,6,3.71,77.99,16/04/2025,14:18:12,Debit Card,74.28,0.13,9.66,6.4
ALT-202013,Z,Birmingham,Normal,Male,Health & Wellness,17.04,4,3.41,71.57,05/07/2025,12:02:37,Credit Card,68.16,0.24,16.36,6.4
ALT-202014,Z,Birmingham,Normal,Male,Frozen Foods,11.59,5,2.9,60.85,23/10/2025,15:11:36,Debit Card,57.95,0.1,5.8,7.6
ALT-202015,X,Liverpool,Normal,Male,Frozen Foods,14.73,5,3.68,77.33,28/12/2025,14:55:47,Mobile Wallet,73.65,0.1,7.37,7.8
ALT-202016,X,Liverpool,Member,Male,Frozen Foods,14.23,2,1.42,29.88,17/04/2025,17:57:51,Debit Card,28.46,0.1,2.85,7.7
ALT-202017,X,Liverpool,Member,Female,Fresh Produce,2.87,10,1.44,30.14,16/10/2025,14:02:33,Debit Card,28.7,0.08,2.3,7.5
ALT-202018,X,Liverpool,Member,Female,Beverages,5.05,6,1.52,31.82,28/03/2025,11:53:43,Debit Card,30.3,0.13,3.94,6.0
ALT-202019,X,Liverpool,Normal,Female,Personal Care,17.61,7,6.16,129.43,05/04/2025,19:59:46,Debit Card,123.27,0.21,25.89,7.6
ALT-202020,X,Liverpool,Member,Male,Snacks,1.57,9,0.71,14.84,30/04/2025,14:50:30,Cash,14.13,0.17,2.4,6.0
ALT-202021,X,Liverpool,Member,Male,Snacks,4.87,7,1.7,35.79,18/08/2025,16:38:41,Debit Card,34.09,0.17,5.8,7.3
ALT-202022,X,Liverpool,Normal,Male,Bakery,7.42,8,2.97,62.33,03/03/2025,15:12:01,Credit Card,59.36,0.11,6.53,7.2
ALT-202023,Z,Birmingham,Normal,Female,Snacks,5.92,4,1.18,24.86,04/01/2025,15:40:53,Credit Card,23.68,0.17,4.03,4.9
ALT-202024,Y,Sheffield,Member,Male,Frozen Foods,10.39,4,2.08,43.64,30/09/2025,13:40:30,Debit Card,41.56,0.1,4.16,6.0
ALT-202025,X,Liverpool,Member,Male,Beverages,7.75,8,3.1,65.1,01/10/2025,12:23:52,Credit Card,62.0,0.13,8.06,6.0
ALT-202026,X,Liverpool,Normal,Female,Bakery,4.07,5,1.02,21.37,09/07/2025,19:42:55,Cash,20.35,0.11,2.24,6.8
ALT-202027,Z,Birmingham,Member,Male,Snacks,4.53,3,0.68,14.27,20/06/2025,19:29:44,Debit Card,13.59,0.17,2.31,6.0
ALT-202028,X,Liverpool,Member,Female,Beverages,4.0,2,0.4,8.4,03/06/2025,11:29:51,Debit Card,8.0,0.13,1.04,8.8
ALT-202029,X,Liverpool,Member,Male,Baby Products,36.6,5,9.15,192.15,18/05/2025,10:38:55,Mobile Wallet,183.0,0.18,32.94,5.2
ALT-202030,Y,Sheffield,Member,Male,Fresh Produce,7.19,8,2.88,60.4,07/02/2025,14:38:46,Credit Card,57.52,0.08,4.6,7.9
ALT-202031,Z,Birmingham,Member,Male,Household,19.75,10,9.88,207.38,06/11/2025,08:09:22,Credit Card,197.5,0.19,37.52,7.1
ALT-202032,Y,Sheffield,Member,Female,Health & Wellness,26.83,7,9.39,197.2,28/10/2025,11:10:44,Mobile Wallet,187.81,0.24,45.07,7.0
ALT-202033,Z,Birmingham,Normal,Female,Fresh Produce,11.02,5,2.76,57.86,08/04/2025,09:59:00,Credit Card,55.1,0.08,4.41,6.3
ALT-202034,Z,Birmingham,Member,Male,Household,9.88,2,0.99,20.75,26/12/2025,17:40:17,Credit Card,19.76,0.19,3.75,6.6
ALT-202035,Z,Birmingham,Normal,Female,Fresh Produce,9.74,5,2.44,51.14,18/02/2025,15:58:25,Debit Card,48.7,0.08,3.9,7.5
ALT-202036,Y,Sheffield,Member,Male,Health & Wellness,17.0,8,6.8,142.8,22/10/2025,15:20:52,Debit Card,136.0,0.24,32.64,6.5
ALT-202037,Z,Birmingham,Normal,Male,Dairy & Eggs,5.94,1,0.3,6.24,13/02/2025,20:49:42,Credit Card,5.94,0.07,0.42,5.8
ALT-202038,X,Liverpool,Member,Female,Personal Care,24.72,8,9.89,207.65,08/06/2025,12:02:41,Debit Card,197.76,0.21,41.53,8.4
ALT-202039,X,Liverpool,Normal,Female,Household,6.88,6,2.06,43.34,02/02/2025,16:30:18,Credit Card,41.28,0.19,7.84,6.0
ALT-202040,X,Liverpool,Member,Male,Beverages,10.76,5,2.69,56.49,04/06/2025,13:22:33,Cash,53.8,0.13,6.99,5.2
ALT-202041,Y,Sheffield,Member,Female,Health & Wellness,13.14,1,0.66,13.8,14/02/2025,17:00:51,Debit Card,13.14,0.24,3.15,7.9
ALT-202042,Z,Birmingham,Member,Female,Bakery,8.61,5,2.15,45.2,26/09/2025,16:51:12,Mobile Wallet,43.05,0.11,4.74,7.6
ALT-202043,Z,Birmingham,Normal,Male,Health & Wellness,25.04,6,7.51,157.75,11/08/2025,09:54:46,Debit Card,150.24,0.24,36.06,6.5
ALT-202044,Z,Birmingham,Member,Male,Household,12.13,7,4.25,89.16,01/09/2025,19:58:24,Credit Card,84.91,0.19,16.13,6.1
ALT-202045,Z,Birmingham,Normal,Male,Baby Products,17.8,4,3.56,74.76,15/10/2025,21:25:54,Mobile Wallet,71.2,0.18,12.82,9.2
ALT-202046,X,Liverpool,Member,Male,Dairy & Eggs,7.14,10,3.57,74.97,14/05/2025,14:08:38,Credit Card,71.4,0.07,5.0,6.4
ALT-202047,X,Liverpool,Member,Male,Fresh Produce,5.85,5,1.46,30.71,02/08/2025,17:54:04,Debit Card,29.25,0.08,2.34,5.7
ALT-202048,X,Liverpool,Normal,Male,Snacks,0.94,3,0.14,2.96,16/01/2025,19:54:41,Cash,2.82,0.17,0.48,5.8
ALT-202049,Z,Birmingham,Normal,Female,Personal Care,26.01,4,5.2,109.24,20/04/2025,18:07:06,Credit Card,104.04,0.21,21.85,6.9
ALT-202050,Y,Sheffield,Member,Female,Fresh Produce,5.74,4,1.15,24.11,30/08/2025,16:02:43,Debit Card,22.96,0.08,1.84,8.5
ALT-202051,Y,Sheffield,Member,Female,Beverages,2.15,8,0.86,18.06,23/07/2025,20:31:06,Mobile Wallet,17.2,0.13,2.24,6.1
ALT-202052,Z,Birmingham,Member,Male,Dairy & Eggs,3.33,4,0.67,13.99,23/07/2025,12:27:58,Mobile Wallet,13.32,0.07,0.93,4.6
ALT-202053,Z,Birmingham,Member,Male,Fresh Produce,9.48,3,1.42,29.86,10/06/2025,17:44:38,Cash,28.44,0.08,2.28,6.7
ALT-202054,X,Liverpool,Member,Female,Household,7.65,4,1.53,32.13,01/01/2025,20:04:56,Cash,30.6,0.19,5.81,7.1
ALT-202055,Z,Birmingham,Normal,Male,Health & Wellness,17.48,5,4.37,91.77,08/12/2025,12:19:01,Mobile Wallet,87.4,0.24,20.98,6.2
ALT-202056,X,Liverpool,Normal,Male,Fresh Produce,2.41,1,0.12,2.53,24/08/2025,20:08:31,Mobile Wallet,2.41,0.08,0.19,6.5
ALT-202057,Z,Birmingham,Normal,Male,Bakery,10.47,6,3.14,65.96,17/06/2025,12:44:00,Credit Card,62.82,0.11,6.91,5.0
ALT-202058,Y,Sheffield,Member,Male,Health & Wellness,18.83,2,1.88,39.54,27/09/2025,16:59:50,Debit Card,37.66,0.24,9.04,7.4
ALT-202059,Z,Birmingham,Normal,Female,Baby Products,10.26,3,1.54,32.32,08/09/2025,11:39:02,Debit Card,30.78,0.18,5.54,8.4
ALT-202060,Y,Sheffield,Member,Male,Frozen Foods,1.99,2,0.2,4.18,14/09/2025,14:29:25,Credit Card,3.98,0.1,0.4,7.6
ALT-202061,Z,Birmingham,Normal,Male,Fresh Produce,9.09,12,5.45,114.53,05/05/2025,15:08:54,Credit Card,109.08,0.08,8.73,6.8
ALT-202062,Y,Sheffield,Member,Female,Bakery,8.97,2,0.9,18.84,02/06/2025,20:25:38,Mobile Wallet,17.94,0.11,1.97,7.9
ALT-202063,X,Liverpool,Member,Male,Household,27.36,11,15.05,316.01,13/11/2025,17:54:06,Mobile Wallet,300.96,0.19,57.18,6.9
ALT-202064,Z,Birmingham,Member,Female,Dairy & Eggs,1.88,3,0.28,5.92,16/06/2025,16:10:42,Credit Card,5.64,0.07,0.39,6.9
ALT-202065,Z,Birmingham,Member,Female,Health & Wellness,18.34,13,11.92,250.34,18/09/2025,14:12:21,Mobile Wallet,238.42,0.24,57.22,7.1
ALT-202066,X,Liverpool,Normal,Male,Baby Products,24.32,2,2.43,51.07,27/05/2025,15:07:01,Debit Card,48.64,0.18,8.76,5.1
ALT-202067,X,Liverpool,Member,Male,Health & Wellness,31.62,1,1.58,33.2,11/06/2025,15:32:50,Cash,31.62,0.24,7.59,5.5
ALT-202068,Y,Sheffield,Member,Male,Snacks,2.9,10,1.45,30.45,17/09/2025,14:14:13,Debit Card,29.0,0.17,4.93,7.1
ALT-202069,X,Liverpool,Member,Male,Fresh Produce,5.84,13,3.8,79.72,27/12/2025,10:02:31,Mobile Wallet,75.92,0.08,6.07,6.5
ALT-202070,Z,Birmingham,Member,Female,Beverages,6.59,4,1.32,27.68,04/11/2025,12:27:04,Mobile Wallet,26.36,0.13,3.43,6.3
ALT-202071,Z,Birmingham,Normal,Male,Fresh Produce,2.14,2,0.21,4.49,12/11/2025,18:26:33,Credit Card,4.28,0.08,0.34,6.3
ALT-202072,X,Liverpool,Member,Female,Bakery,5.83,5,1.46,30.61,24/10/2025,10:25:11,Credit Card,29.15,0.11,3.21,6.5
ALT-202073,X,Liverpool,Normal,Female,Beverages,12.92,8,5.17,108.53,11/05/2025,16:08:11,Debit Card,103.36,0.13,13.44,6.3
ALT-202074,Z,Birmingham,Member,Female,Frozen Foods,6.09,2,0.61,12.79,01/08/2025,12:21:59,Debit Card,12.18,0.1,1.22,6.4
ALT-202075,Z,Birmingham,Normal,Female,Baby Products,44.9,2,4.49,94.29,09/11/2025,11:33:48,Cash,89.8,0.18,16.16,8.2
ALT-202076,X,Liverpool,Member,Female,Baby Products,40.78,6,12.23,256.91,21/06/2025,12:37:39,Debit Card,244.68,0.18,44.04,6.4
ALT-202077,Y,Sheffield,Normal,Female,Personal Care,22.9,7,8.02,168.32,17/09/2025,14:58:57,Debit Card,160.3,0.21,33.66,7.9
ALT-202078,Y,Sheffield,Normal,Male,Bakery,5.35,1,0.27,5.62,21/10/2025,16:20:54,Debit Card,5.35,0.11,0.59,4.0
ALT-202079,X,Liverpool,Member,Male,Personal Care,10.98,9,4.94,103.76,27/04/2025,20:29:41,Mobile Wallet,98.82,0.21,20.75,5.7
ALT-202080,Y,Sheffield,Normal,Male,Beverages,5.67,6,1.7,35.72,25/04/2025,09:50:59,Debit Card,34.02,0.13,4.42,7.2
ALT-202081,Y,Sheffield,Normal,Female,Dairy & Eggs,3.04,4,0.61,12.77,16/04/2025,16:20:20,Debit Card,12.16,0.07,0.85,6.9
ALT-202082,Z,Birmingham,Normal,Female,Fresh Produce,7.14,6,2.14,44.98,25/06/2025,20:20:03,Credit Card,42.84,0.08,3.43,8.1
ALT-202083,X,Liverpool,Member,Male,Personal Care,24.55,1,1.23,25.78,11/03/2025,13:03:08,Mobile Wallet,24.55,0.21,5.16,6.8
ALT-202084,Z,Birmingham,Member,Male,Beverages,16.36,1,0.82,17.18,07/11/2025,11:27:04,Credit Card,16.36,0.13,2.13,5.5
ALT-202085,Z,Birmingham,Normal,Female,Fresh Produce,9.45,10,4.73,99.23,01/11/2025,19:58:17,Debit Card,94.5,0.08,7.56,5.8
ALT-202086,Z,Birmingham,Member,Female,Fresh Produce,10.48,1,0.52,11.0,14/04/2025,11:18:52,Cash,10.48,0.08,0.84,6.0
ALT-202087,Y,Sheffield,Normal,Female,Personal Care,10.03,2,1.0,21.06,20/08/2025,13:34:50,Cash,20.06,0.21,4.21,8.8
ALT-202088,Z,Birmingham,Normal,Male,Snacks,3.28,9,1.48,31.0,28/03/2025,10:06:40,Mobile Wallet,29.52,0.17,5.02,7.3
ALT-202089,Z,Birmingham,Normal,Male,Health & Wellness,32.59,3,4.89,102.66,25/08/2025,13:57:51,Debit Card,97.77,0.24,23.46,5.5
ALT-202090,Y,Sheffield,Normal,Male,Snacks,1.45,5,0.36,7.61,24/01/2025,08:56:29,Debit Card,7.25,0.17,1.23,7.3
ALT-202091,Z,Birmingham,Normal,Male,Baby Products,24.78,4,4.96,104.08,27/04/2025,19:43:27,Mobile Wallet,99.12,0.18,17.84,5.1
ALT-202092,Y,Sheffield,Normal,Female,Dairy & Eggs,5.44,3,0.82,17.14,31/10/2025,10:01:56,Mobile Wallet,16.32,0.07,1.14,6.9
ALT-202093,Y,Sheffield,Normal,Female,Beverages,10.28,6,3.08,64.76,08/09/2025,18:33:02,Debit Card,61.68,0.13,8.02,5.9
ALT-202094,Y,Sheffield,Member,Male,Frozen Foods,14.01,7,4.9,102.97,02/08/2025,14:28:52,Credit Card,98.07,0.1,9.81,7.6
ALT-202095,X,Liverpool,Normal,Male,Personal Care,11.36,6,3.41,71.57,28/01/2025,16:35:49,Mobile Wallet,68.16,0.21,14.31,6.5
ALT-202096,X,Liverpool,Normal,Male,Fresh Produce,2.83,3,0.42,8.91,24/12/2025,18:09:39,Cash,8.49,0.08,0.68,5.5
ALT-202097,Y,Sheffield,Normal,Female,Dairy & Eggs,2.18,3,0.33,6.87,02/01/2025,11:39:38,Credit Card,6.54,0.07,0.46,4.0
ALT-202098,Z,Birmingham,Normal,Male,Dairy & Eggs,3.9,8,1.56,32.76,08/10/2025,19:36:04,Credit Card,31.2,0.07,2.18,4.9
ALT-202099,Y,Sheffield,Normal,Female,Snacks,5.69,8,2.28,47.8,12/03/2025,08:43:35,Mobile Wallet,45.52,0.17,7.74,4.8
ALT-202100,Y,Sheffield,Member,Female,Snacks,2.5,4,0.5,10.5,23/11/2025,14:26:14,Cash,10.0,0.17,1.7,6.0
ALT-202101,X,Liverpool,Member,Female,Personal Care,5.36,1,0.27,5.63,06/01/2025,11:48:38,Credit Card,5.36,0.21,1.13,6.8
ALT-202102,Z,Birmingham,Member,Female,Baby Products,31.7,4,6.34,133.14,14/09/2025,19:10:37,Debit Card,126.8,0.18,22.82,6.7
ALT-202103,Y,Sheffield,Normal,Male,Snacks,4.08,5,1.02,21.42,21/02/2025,18:10:11,Credit Card,20.4,0.17,3.47,6.6
ALT-202104,Z,Birmingham,Normal,Male,Dairy & Eggs,3.03,9,1.36,28.63,02/01/2025,19:50:43,Debit Card,27.27,0.07,1.91,6.1
ALT-202105,Y,Sheffield,Normal,Female,Fresh Produce,2.47,10,1.24,25.94,04/03/2025,15:17:46,Credit Card,24.7,0.08,1.98,7.5
ALT-202106,Y,Sheffield,Normal,Female,Frozen Foods,5.59,8,2.24,46.96,30/11/2025,15:02:52,Mobile Wallet,44.72,0.1,4.47,6.4
ALT-202107,Y,Sheffield,Member,Female,Baby Products,36.85,2,3.69,77.39,22/12/2025,09:58:51,Mobile Wallet,73.7,0.18,13.27,7.2
ALT-202108,Y,Sheffield,Normal,Male,Snacks,4.39,2,0.44,9.22,24/03/2025,15:38:22,Debit Card,8.78,0.17,1.49,8.9
ALT-202109,Z,Birmingham,Normal,Female,Health & Wellness,34.19,2,3.42,71.8,17/03/2025,15:56:49,Mobile Wallet,68.38,0.24,16.41,5.6
ALT-202110,X,Liverpool,Member,Female,Fresh Produce,6.1,3,0.92,19.22,25/08/2025,10:17:14,Credit Card,18.3,0.08,1.46,7.1
ALT-202111,Z,Birmingham,Normal,Male,Snacks,1.75,10,0.88,18.38,03/09/2025,12:56:39,Debit Card,17.5,0.17,2.98,6.3
ALT-202112,Y,Sheffield,Normal,Male,Household,15.31,2,1.53,32.15,24/07/2025,08:58:56,Credit Card,30.62,0.19,5.82,6.3
ALT-202113,X,Liverpool,Normal,Female,Bakery,9.05,11,4.98,104.53,06/09/2025,17:42:15,Debit Card,99.55,0.11,10.95,6.2
ALT-202114,Z,Birmingham,Normal,Female,Baby Products,26.29,5,6.57,138.02,11/05/2025,14:37:30,Credit Card,131.45,0.18,23.66,7.3
ALT-202115,Y,Sheffield,Member,Female,Fresh Produce,6.35,5,1.59,33.34,23/05/2025,16:10:46,Credit Card,31.75,0.08,2.54,6.1
ALT-202116,Y,Sheffield,Member,Male,Bakery,6.74,3,1.01,21.23,24/07/2025,14:39:27,Cash,20.22,0.11,2.22,5.3
ALT-202117,Y,Sheffield,Member,Male,Household,22.71,2,2.27,47.69,17/05/2025,13:23:34,Mobile Wallet,45.42,0.19,8.63,6.8
ALT-202118,Z,Birmingham,Normal,Female,Dairy & Eggs,3.54,4,0.71,14.87,03/09/2025,13:35:09,Debit Card,14.16,0.07,0.99,7.8
ALT-202119,X,Liverpool,Normal,Female,Household,11.56,9,5.2,109.24,08/11/2025,11:11:47,Debit Card,104.04,0.19,19.77,6.9
ALT-202120,Y,Sheffield,Member,Male,Fresh Produce,9.98,5,2.5,52.4,19/12/2025,16:54:53,Credit Card,49.9,0.08,3.99,7.7
ALT-202121,Y,Sheffield,Member,Male,Frozen Foods,7.06,7,2.47,51.89,27/11/2025,12:10:42,Debit Card,49.42,0.1,4.94,9.0
ALT-202122,X,Liverpool,Member,Female,Dairy & Eggs,2.43,8,0.97,20.41,06/07/2025,19:56:15,Debit Card,19.44,0.07,1.36,4.5
ALT-202123,Z,Birmingham,Member,Male,Fresh Produce,7.28,2,0.73,15.29,01/03/2025,18:36:09,Mobile Wallet,14.56,0.08,1.16,7.5
ALT-202124,Z,Birmingham,Member,Male,Fresh Produce,5.43,2,0.54,11.4,12/06/2025,15:42:12,Cash,10.86,0.08,0.87,6.9
ALT-202125,Z,Birmingham,Member,Male,Dairy & Eggs,7.73,3,1.16,24.35,04/04/2025,15:00:53,Debit Card,23.19,0.07,1.62,7.1
ALT-202126,X,Liverpool,Member,Male,Baby Products,17.35,4,3.47,72.87,22/12/2025,15:33:57,Debit Card,69.4,0.18,12.49,7.4
ALT-202127,Y,Sheffield,Member,Female,Fresh Produce,4.76,2,0.48,10.0,14/02/2025,18:36:55,Cash,9.52,0.08,0.76,7.1
ALT-202128,X,Liverpool,Normal,Female,Snacks,3.41,5,0.85,17.9,28/04/2025,10:38:28,Mobile Wallet,17.05,0.17,2.9,5.9
ALT-202129,Y,Sheffield,Member,Male,Snacks,0.99,3,0.15,3.12,09/10/2025,21:01:39,Credit Card,2.97,0.17,0.5,7.1
ALT-202130,Y,Sheffield,Member,Female,Household,22.66,2,2.27,47.59,16/04/2025,11:58:50,Debit Card,45.32,0.19,8.61,5.2
ALT-202131,Z,Birmingham,Member,Male,Health & Wellness,21.25,4,4.25,89.25,31/10/2025,19:50:24,Credit Card,85.0,0.24,20.4,5.9
ALT-202132,Z,Birmingham,Member,Female,Beverages,6.53,6,1.96,41.14,14/02/2025,08:28:19,Credit Card,39.18,0.13,5.09,5.1
ALT-202133,Z,Birmingham,Member,Female,Health & Wellness,34.76,4,6.95,145.99,23/10/2025,18:54:26,Credit Card,139.04,0.24,33.37,8.0
ALT-202134,X,Liverpool,Member,Female,Bakery,2.02,1,0.1,2.12,10/01/2025,10:22:31,Credit Card,2.02,0.11,0.22,5.9
ALT-202135,Z,Birmingham,Member,Female,Fresh Produce,3.09,10,1.54,32.44,06/04/2025,13:25:48,Credit Card,30.9,0.08,2.47,8.4
ALT-202136,X,Liverpool,Normal,Male,Beverages,9.83,2,0.98,20.64,06/08/2025,13:39:34,Credit Card,19.66,0.13,2.56,6.2
ALT-202137,Z,Birmingham,Normal,Female,Bakery,2.14,5,0.54,11.24,22/07/2025,17:51:39,Mobile Wallet,10.7,0.11,1.18,7.7
ALT-202138,Y,Sheffield,Normal,Female,Fresh Produce,7.13,9,3.21,67.38,26/01/2025,11:24:40,Debit Card,64.17,0.08,5.13,7.7
ALT-202139,Z,Birmingham,Normal,Male,Personal Care,24.46,13,15.9,333.88,05/09/2025,18:40:17,Debit Card,317.98,0.21,66.78,5.8
ALT-202140,Y,Sheffield,Normal,Female,Baby Products,16.7,9,7.52,157.82,10/02/2025,19:04:23,Credit Card,150.3,0.18,27.05,5.6
ALT-202141,Y,Sheffield,Member,Male,Dairy & Eggs,2.11,1,0.11,2.22,15/04/2025,10:14:11,Credit Card,2.11,0.07,0.15,6.6
ALT-202142,Y,Sheffield,Member,Female,Fresh Produce,9.48,9,4.27,89.59,23/04/2025,16:38:51,Debit Card,85.32,0.08,6.83,7.1
ALT-202143,Y,Sheffield,Member,Female,Frozen Foods,7.54,3,1.13,23.75,17/11/2025,16:51:54,Credit Card,22.62,0.1,2.26,6.3
ALT-202144,Z,Birmingham,Member,Female,Household,22.57,2,2.26,47.4,10/07/2025,09:30:23,Debit Card,45.14,0.19,8.58,7.0
ALT-202145,Y,Sheffield,Member,Female,Dairy & Eggs,6.19,3,0.93,19.5,24/11/2025,13:20:31,Cash,18.57,0.07,1.3,8.4
ALT-202146,Y,Sheffield,Member,Male,Snacks,0.94,7,0.33,6.91,15/12/2025,15:27:47,Credit Card,6.58,0.17,1.12,9.5
ALT-202147,X,Liverpool,Member,Female,Dairy & Eggs,1.92,8,0.77,16.13,15/02/2025,18:04:13,Cash,15.36,0.07,1.08,6.9
ALT-202148,Y,Sheffield,Member,Female,Fresh Produce,8.23,7,2.88,60.49,23/12/2025,17:35:30,Mobile Wallet,57.61,0.08,4.61,7.6
ALT-202149,Z,Birmingham,Normal,Male,Snacks,1.36,1,0.07,1.43,25/02/2025,18:35:53,Credit Card,1.36,0.17,0.23,6.2
ALT-202150,Z,Birmingham,Normal,Male,Fresh Produce,5.45,1,0.27,5.72,30/01/2025,15:42:40,Credit Card,5.45,0.08,0.44,8.8
ALT-202151,Y,Sheffield,Member,Female,Personal Care,18.56,6,5.57,116.93,17/02/2025,18:30:01,Debit Card,111.36,0.21,23.39,8.0
ALT-202152,Z,Birmingham,Normal,Female,Personal Care,3.27,7,1.14,24.03,08/05/2025,14:01:10,Mobile Wallet,22.89,0.21,4.81,7.0
ALT-202153,Z,Birmingham,Normal,Male,Bakery,11.37,4,2.27,47.75,08/12/2025,11:12:03,Credit Card,45.48,0.11,5.0,7.3
ALT-202154,Z,Birmingham,Member,Male,Frozen Foods,18.6,2,1.86,39.06,13/09/2025,16:29:34,Debit Card,37.2,0.1,3.72,6.9
ALT-202155,Z,Birmingham,Normal,Female,Dairy & Eggs,6.08,1,0.3,6.38,25/02/2025,13:39:53,Credit Card,6.08,0.07,0.43,6.2
ALT-202156,Z,Birmingham,Member,Female,Beverages,13.39,6,4.02,84.36,29/09/2025,15:22:50,Mobile Wallet,80.34,0.13,10.44,7.6
ALT-202157,X,Liverpool,Normal,Male,Dairy & Eggs,7.45,1,0.37,7.82,25/05/2025,11:15:31,Debit Card,7.45,0.07,0.52,6.3
ALT-202158,X,Liverpool,Normal,Male,Beverages,7.52,11,4.14,86.86,12/08/2025,10:59:12,Debit Card,82.72,0.13,10.75,5.3
ALT-202159,Z,Birmingham,Normal,Male,Beverages,13.17,5,3.29,69.14,12/10/2025,17:01:46,Mobile Wallet,65.85,0.13,8.56,5.1
ALT-202160,X,Liverpool,Normal,Female,Fresh Produce,10.49,8,4.2,88.12,30/11/2025,14:36:54,Credit Card,83.92,0.08,6.71,7.2
ALT-202161,Z,Birmingham,Member,Male,Frozen Foods,5.0,1,0.25,5.25,13/02/2025,14:11:57,Cash,5.0,0.1,0.5,5.2
ALT-202162,Y,Sheffield,Member,Male,Baby Products,17.86,11,9.82,206.28,29/01/2025,14:22:37,Credit Card,196.46,0.18,35.36,6.5
ALT-202163,X,Liverpool,Member,Female,Household,12.81,5,3.2,67.25,26/05/2025,17:41:11,Cash,64.05,0.19,12.17,6.5
ALT-202164,X,Liverpool,Member,Female,Baby Products,46.34,12,27.8,583.88,16/12/2025,16:10:37,Mobile Wallet,556.08,0.18,100.09,6.5
ALT-202165,Z,Birmingham,Member,Male,Household,13.85,4,2.77,58.17,26/08/2025,13:22:34,Debit Card,55.4,0.19,10.53,6.8
ALT-202166,Y,Sheffield,Member,Female,Personal Care,14.44,3,2.17,45.49,15/09/2025,08:40:55,Mobile Wallet,43.32,0.21,9.1,6.4
ALT-202167,X,Liverpool,Normal,Male,Health & Wellness,24.8,5,6.2,130.2,23/06/2025,18:08:07,Debit Card,124.0,0.24,29.76,7.1
ALT-202168,X,Liverpool,Member,Male,Fresh Produce,9.7,11,5.34,112.04,06/11/2025,12:36:34,Credit Card,106.7,0.08,8.54,7.1
ALT-202169,X,Liverpool,Normal,Male,Frozen Foods,17.46,8,6.98,146.66,02/12/2025,09:29:51,Mobile Wallet,139.68,0.1,13.97,8.1
ALT-202170,Y,Sheffield,Normal,Female,Frozen Foods,5.11,5,1.28,26.83,16/10/2025,18:58:45,Debit Card,25.55,0.1,2.56,6.3
ALT-202171,Z,Birmingham,Normal,Female,Bakery,1.84,7,0.64,13.52,31/03/2025,19:58:00,Debit Card,12.88,0.11,1.42,7.4
ALT-202172,X,Liverpool,Normal,Male,Snacks,5.3,7,1.86,38.96,08/08/2025,13:35:16,Credit Card,37.1,0.17,6.31,5.3
ALT-202173,X,Liverpool,Normal,Female,Dairy & Eggs,2.99,9,1.35,28.26,01/07/2025,15:27:35,Debit Card,26.91,0.07,1.88,7.8
ALT-202174,Z,Birmingham,Normal,Male,Beverages,4.59,5,1.15,24.1,28/07/2025,18:17:50,Mobile Wallet,22.95,0.13,2.98,4.7
ALT-202175,Z,Birmingham,Member,Male,Beverages,8.0,7,2.8,58.8,09/02/2025,17:08:26,Cash,56.0,0.13,7.28,5.4
ALT-202176,Z,Birmingham,Normal,Female,Dairy & Eggs,5.65,2,0.57,11.87,04/06/2025,10:38:10,Mobile Wallet,11.3,0.07,0.79,7.5
ALT-202177,Z,Birmingham,Normal,Female,Snacks,3.69,1,0.18,3.87,17/10/2025,18:56:15,Debit Card,3.69,0.17,0.63,7.3
ALT-202178,Z,Birmingham,Member,Female,Snacks,1.09,6,0.33,6.87,12/07/2025,13:44:21,Credit Card,6.54,0.17,1.11,5.3
ALT-202179,Z,Birmingham,Normal,Female,Frozen Foods,5.71,5,1.43,29.98,21/11/2025,15:07:15,Debit Card,28.55,0.1,2.86,7.4
ALT-202180,Z,Birmingham,Member,Female,Frozen Foods,15.37,8,6.15,129.11,22/06/2025,09:51:31,Credit Card,122.96,0.1,12.3,5.0
ALT-202181,Y,Sheffield,Member,Male,Health & Wellness,22.56,3,3.38,71.06,30/12/2025,19:36:16,Cash,67.68,0.24,16.24,6.9
ALT-202182,Z,Birmingham,Member,Male,Snacks,3.72,2,0.37,7.81,11/05/2025,17:38:51,Cash,7.44,0.17,1.26,4.8
ALT-202183,Z,Birmingham,Member,Male,Frozen Foods,4.36,4,0.87,18.31,07/01/2025,19:26:44,Mobile Wallet,17.44,0.1,1.74,7.1
ALT-202184,Y,Sheffield,Normal,Female,Fresh Produce,7.23,2,0.72,15.18,23/05/2025,15:39:40,Credit Card,14.46,0.08,1.16,6.0
ALT-202185,Y,Sheffield,Normal,Male,Bakery,4.57,1,0.23,4.8,11/11/2025,11:01:21,Debit Card,4.57,0.11,0.5,5.5
ALT-202186,X,Liverpool,Member,Female,Personal Care,15.79,2,1.58,33.16,29/04/2025,11:15:48,Credit Card,31.58,0.21,6.63,6.6
ALT-202187,X,Liverpool,Member,Female,Beverages,12.49,1,0.62,13.11,30/09/2025,14:12:13,Debit Card,12.49,0.13,1.62,7.0
ALT-202188,Y,Sheffield,Normal,Male,Personal Care,6.75,3,1.01,21.26,11/03/2025,18:06:37,Credit Card,20.25,0.21,4.25,6.3
ALT-202189,Y,Sheffield,Member,Female,Household,14.01,4,2.8,58.84,22/07/2025,15:29:40,Debit Card,56.04,0.19,10.65,6.0
ALT-202190,Y,Sheffield,Member,Male,Health & Wellness,35.88,1,1.79,37.67,04/09/2025,19:33:16,Cash,35.88,0.24,8.61,6.4
ALT-202191,Z,Birmingham,Member,Male,Fresh Produce,6.29,12,3.77,79.25,09/03/2025,14:25:54,Credit Card,75.48,0.08,6.04,6.0
ALT-202192,Y,Sheffield,Member,Female,Beverages,13.15,8,5.26,110.46,14/09/2025,17:05:28,Mobile Wallet,105.2,0.13,13.68,5.2
ALT-202193,X,Liverpool,Normal,Female,Household,16.39,7,5.74,120.47,15/03/2025,15:56:47,Credit Card,114.73,0.19,21.8,7.6
ALT-202194,Z,Birmingham,Member,Female,Frozen Foods,8.2,6,2.46,51.66,11/03/2025,14:10:35,Cash,49.2,0.1,4.92,8.5
ALT-202195,Z,Birmingham,Normal,Female,Snacks,1.14,13,0.74,15.56,29/10/2025,12:17:54,Mobile Wallet,14.82,0.17,2.52,6.8
ALT-202196,Y,Sheffield,Normal,Female,Fresh Produce,1.71,7,0.6,12.57,09/06/2025,20:33:13,Cash,11.97,0.08,0.96,6.6
ALT-202197,Z,Birmingham,Normal,Female,Frozen Foods,15.91,5,3.98,83.53,10/11/2025,14:54:59,Cash,79.55,0.1,7.96,6.7
ALT-202198,Z,Birmingham,Member,Female,Baby Products,12.26,12,7.36,154.48,07/06/2025,08:34:16,Mobile Wallet,147.12,0.18,26.48,7.6
ALT-202199,Y,Sheffield,Member,Female,Bakery,1.91,5,0.48,10.03,21/01/2025,15:32:50,Debit Card,9.55,0.11,1.05,7.8
ALT-202200,Y,Sheffield,Member,Male,Fresh Produce,3.37,3,0.51,10.62,05/04/2025,19:55:47,Cash,10.11,0.08,0.81,7.7
ALT-202201,Y,Sheffield,Member,Male,Health & Wellness,32.8,4,6.56,137.76,24/02/2025,11:29:56,Credit Card,131.2,0.24,31.49,6.0
ALT-202202,X,Liverpool,Normal,Female,Household,14.0,3,2.1,44.1,11/02/2025,10:01:44,Mobile Wallet,42.0,0.19,7.98,6.0
ALT-202203,Z,Birmingham,Normal,Male,Household,25.21,8,10.08,211.76,14/11/2025,11:11:13,Credit Card,201.68,0.19,38.32,5.8
ALT-202204,X,Liverpool,Member,Male,Snacks,0.97,3,0.15,3.06,18/10/2025,10:48:25,Cash,2.91,0.17,0.49,6.4
ALT-202205,Y,Sheffield,Normal,Male,Fresh Produce,7.91,1,0.4,8.31,07/09/2025,15:06:32,Debit Card,7.91,0.08,0.63,6.2
ALT-202206,Y,Sheffield,Normal,Male,Baby Products,31.65,10,15.83,332.33,27/01/2025,18:25:07,Mobile Wallet,316.5,0.18,56.97,7.0
ALT-202207,Y,Sheffield,Member,Male,Frozen Foods,13.67,9,6.15,129.18,27/07/2025,14:51:23,Debit Card,123.03,0.1,12.3,5.7
ALT-202208,Z,Birmingham,Member,Female,Personal Care,6.08,1,0.3,6.38,19/01/2025,17:23:48,Debit Card,6.08,0.21,1.28,7.4
ALT-202209,Z,Birmingham,Normal,Female,Snacks,3.46,9,1.56,32.7,20/04/2025,14:52:59,Mobile Wallet,31.14,0.17,5.29,7.9
ALT-202210,Z,Birmingham,Member,Female,Personal Care,4.47,13,2.91,61.02,09/08/2025,12:26:14,Cash,58.11,0.21,12.2,5.4
ALT-202211,Z,Birmingham,Normal,Female,Dairy & Eggs,5.72,5,1.43,30.03,06/04/2025,17:57:36,Mobile Wallet,28.6,0.07,2.0,6.4
ALT-202212,Z,Birmingham,Normal,Male,Beverages,9.87,8,3.95,82.91,06/12/2025,17:57:35,Credit Card,78.96,0.13,10.26,4.0
ALT-202213,Y,Sheffield,Member,Male,Household,26.33,5,6.58,138.23,19/11/2025,15:18:42,Credit Card,131.65,0.19,25.01,6.4
ALT-202214,Z,Birmingham,Member,Female,Fresh Produce,6.05,7,2.12,44.47,28/08/2025,10:03:36,Cash,42.35,0.08,3.39,8.2
ALT-202215,Z,Birmingham,Member,Male,Dairy & Eggs,7.65,2,0.77,16.07,29/10/2025,11:16:42,Mobile Wallet,15.3,0.07,1.07,7.9
ALT-202216,Y,Sheffield,Member,Male,Fresh Produce,4.11,10,2.06,43.16,11/05/2025,20:13:02,Credit Card,41.1,0.08,3.29,5.9
ALT-202217,Z,Birmingham,Member,Female,Baby Products,32.29,6,9.69,203.43,03/01/2025,16:58:39,Credit Card,193.74,0.18,34.87,6.9
ALT-202218,X,Liverpool,Normal,Female,Household,22.72,2,2.27,47.71,21/01/2025,12:48:55,Mobile Wallet,45.44,0.19,8.63,5.5
ALT-202219,Z,Birmingham,Member,Female,Baby Products,33.88,6,10.16,213.44,13/02/2025,16:28:38,Debit Card,203.28,0.18,36.59,5.0
ALT-202220,Z,Birmingham,Normal,Female,Snacks,4.5,3,0.68,14.18,24/10/2025,16:07:34,Credit Card,13.5,0.17,2.3,7.9
ALT-202221,Z,Birmingham,Member,Male,Bakery,3.27,4,0.65,13.73,31/08/2025,20:10:04,Debit Card,13.08,0.11,1.44,5.9
ALT-202222,Z,Birmingham,Normal,Male,Snacks,5.89,1,0.29,6.18,12/07/2025,18:07:15,Debit Card,5.89,0.17,1.0,6.1
ALT-202223,Z,Birmingham,Member,Female,Personal Care,30.45,3,4.57,95.92,27/12/2025,15:23:11,Mobile Wallet,91.35,0.21,19.18,8.3
ALT-202224,X,Liverpool,Normal,Female,Snacks,4.61,3,0.69,14.52,11/08/2025,14:00:39,Credit Card,13.83,0.17,2.35,5.7
ALT-202225,X,Liverpool,Member,Male,Health & Wellness,8.61,3,1.29,27.12,09/11/2025,15:24:44,Debit Card,25.83,0.24,6.2,7.6
ALT-202226,Z,Birmingham,Normal,Male,Bakery,9.6,1,0.48,10.08,06/07/2025,13:11:26,Credit Card,9.6,0.11,1.06,6.0
ALT-202227,Y,Sheffield,Normal,Male,Beverages,5.24,6,1.57,33.01,10/03/2025,17:55:17,Credit Card,31.44,0.13,4.09,7.0
ALT-202228,Y,Sheffield,Normal,Male,Snacks,2.75,2,0.28,5.78,23/12/2025,15:02:42,Mobile Wallet,5.5,0.17,0.94,5.8
ALT-202229,Y,Sheffield,Member,Male,Beverages,12.16,3,1.82,38.3,17/03/2025,14:55:34,Mobile Wallet,36.48,0.13,4.74,6.9
ALT-202230,Z,Birmingham,Normal,Male,Frozen Foods,9.34,8,3.74,78.46,13/03/2025,20:47:55,Debit Card,74.72,0.1,7.47,7.1
ALT-202231,Z,Birmingham,Normal,Male,Personal Care,17.62,1,0.88,18.5,14/08/2025,09:59:07,Credit Card,17.62,0.21,3.7,7.0
ALT-202232,Y,Sheffield,Member,Male,Baby Products,40.14,7,14.05,295.03,19/10/2025,17:53:55,Mobile Wallet,280.98,0.18,50.58,6.5
ALT-202233,X,Liverpool,Member,Male,Snacks,2.77,10,1.39,29.09,23/01/2025,09:15:33,Credit Card,27.7,0.17,4.71,5.4
ALT-202234,X,Liverpool,Member,Female,Personal Care,5.78,4,1.16,24.28,06/11/2025,14:09:58,Credit Card,23.12,0.21,4.86,4.3
ALT-202235,Y,Sheffield,Member,Male,Bakery,5.56,1,0.28,5.84,05/11/2025,15:10:13,Credit Card,5.56,0.11,0.61,8.6
ALT-202236,Z,Birmingham,Normal,Female,Fresh Produce,3.85,12,2.31,48.51,19/10/2025,16:08:33,Cash,46.2,0.08,3.7,6.1
ALT-202237,X,Liverpool,Normal,Female,Fresh Produce,7.21,1,0.36,7.57,05/03/2025,14:38:47,Debit Card,7.21,0.08,0.58,5.7
ALT-202238,Y,Sheffield,Normal,Female,Baby Products,34.53,7,12.09,253.8,25/07/2025,11:04:11,Debit Card,241.71,0.18,43.51,8.3
ALT-202239,X,Liverpool,Normal,Female,Snacks,3.29,7,1.15,24.18,31/10/2025,11:31:46,Debit Card,23.03,0.17,3.92,5.9
ALT-202240,Z,Birmingham,Normal,Male,Bakery,2.91,4,0.58,12.22,16/07/2025,12:28:59,Credit Card,11.64,0.11,1.28,7.3
ALT-202241,Z,Birmingham,Member,Female,Bakery,3.94,3,0.59,12.41,29/12/2025,15:48:26,Mobile Wallet,11.82,0.11,1.3,6.7
ALT-202242,X,Liverpool,Member,Female,Household,5.56,4,1.11,23.35,26/09/2025,16:20:57,Cash,22.24,0.19,4.23,8.6
ALT-202243,Z,Birmingham,Normal,Female,Snacks,3.83,4,0.77,16.09,17/02/2025,13:51:05,Debit Card,15.32,0.17,2.6,6.7
ALT-202244,X,Liverpool,Normal,Female,Household,15.85,4,3.17,66.57,16/11/2025,13:32:12,Credit Card,63.4,0.19,12.05,6.0
ALT-202245,Z,Birmingham,Normal,Female,Snacks,4.73,5,1.18,24.83,06/12/2025,16:45:36,Debit Card,23.65,0.17,4.02,5.5
ALT-202246,Z,Birmingham,Normal,Male,Personal Care,14.88,9,6.7,140.62,28/08/2025,17:07:52,Debit Card,133.92,0.21,28.12,6.4
ALT-202247,Y,Sheffield,Member,Female,Frozen Foods,12.14,4,2.43,50.99,23/03/2025,12:26:57,Credit Card,48.56,0.1,4.86,5.7
ALT-202248,Z,Birmingham,Normal,Female,Fresh Produce,3.32,8,1.33,27.89,19/07/2025,15:16:16,Debit Card,26.56,0.08,2.12,5.9
ALT-202249,Z,Birmingham,Normal,Female,Household,6.92,7,2.42,50.86,21/06/2025,21:40:13,Mobile Wallet,48.44,0.19,9.2,7.5
ALT-202250,Z,Birmingham,Member,Male,Fresh Produce,5.54,3,0.83,17.45,13/07/2025,11:33:13,Mobile Wallet,16.62,0.08,1.33,6.6
ALT-202251,X,Liverpool,Normal,Male,Household,13.35,7,4.67,98.12,21/02/2025,18:48:59,Credit Card,93.45,0.19,17.76,5.2
ALT-202252,Y,Sheffield,Member,Female,Beverages,7.55,7,2.64,55.49,03/12/2025,08:56:00,Cash,52.85,0.13,6.87,6.8
ALT-202253,Y,Sheffield,Member,Male,Dairy & Eggs,5.25,1,0.26,5.51,14/04/2025,17:44:14,Credit Card,5.25,0.07,0.37,7.0
ALT-202254,X,Liverpool,Member,Male,Bakery,1.71,3,0.26,5.39,13/12/2025,14:24:26,Credit Card,5.13,0.11,0.56,6.9
ALT-202255,Y,Sheffield,Normal,Male,Bakery,5.94,4,1.19,24.95,25/09/2025,16:04:45,Credit Card,23.76,0.11,2.61,6.2
ALT-202256,Y,Sheffield,Member,Male,Snacks,1.89,1,0.09,1.98,11/06/2025,18:04:41,Debit Card,1.89,0.17,0.32,5.0
ALT-202257,Y,Sheffield,Normal,Female,Baby Products,26.4,6,7.92,166.32,24/12/2025,17:41:14,Debit Card,158.4,0.18,28.51,6.9
ALT-202258,Y,Sheffield,Member,Male,Frozen Foods,4.52,7,1.58,33.22,01/05/2025,19:37:56,Credit Card,31.64,0.1,3.16,7.9
ALT-202259,X,Liverpool,Member,Male,Fresh Produce,7.4,12,4.44,93.24,11/02/2025,18:57:08,Credit Card,88.8,0.08,7.1,6.1
ALT-202260,Z,Birmingham,Member,Male,Dairy & Eggs,6.44,1,0.32,6.76,30/06/2025,18:59:41,Credit Card,6.44,0.07,0.45,5.9
ALT-202261,Y,Sheffield,Normal,Female,Household,9.86,1,0.49,10.35,06/10/2025,08:55:15,Credit Card,9.86,0.19,1.87,5.2
ALT-202262,Z,Birmingham,Normal,Female,Household,18.09,4,3.62,75.98,10/02/2025,13:46:56,Mobile Wallet,72.36,0.19,13.75,4.7
ALT-202263,Z,Birmingham,Member,Female,Snacks,5.78,3,0.87,18.21,17/12/2025,15:03:08,Credit Card,17.34,0.17,2.95,7.9
ALT-202264,Y,Sheffield,Member,Female,Personal Care,17.07,11,9.39,197.16,28/10/2025,15:26:13,Mobile Wallet,187.77,0.21,39.43,9.3
ALT-202265,Y,Sheffield,Member,Female,Bakery,6.91,5,1.73,36.28,03/05/2025,14:34:49,Credit Card,34.55,0.11,3.8,7.7
ALT-202266,X,Liverpool,Member,Male,Personal Care,21.69,7,7.59,159.42,27/06/2025,20:29:54,Credit Card,151.83,0.21,31.88,7.3
ALT-202267,Y,Sheffield,Normal,Female,Frozen Foods,2.54,3,0.38,8.0,15/10/2025,12:41:52,Mobile Wallet,7.62,0.1,0.76,7.4
ALT-202268,Z,Birmingham,Member,Male,Fresh Produce,3.76,2,0.38,7.9,02/08/2025,14:12:59,Mobile Wallet,7.52,0.08,0.6,7.3
ALT-202269,X,Liverpool,Normal,Female,Health & Wellness,22.08,12,13.25,278.21,02/06/2025,12:36:29,Mobile Wallet,264.96,0.24,63.59,7.2
ALT-202270,Z,Birmingham,Normal,Female,Frozen Foods,15.63,8,6.25,131.29,18/09/2025,18:05:32,Credit Card,125.04,0.1,12.5,6.2
ALT-202271,Z,Birmingham,Normal,Female,Frozen Foods,7.31,5,1.83,38.38,31/01/2025,14:18:02,Cash,36.55,0.1,3.65,5.7
ALT-202272,Y,Sheffield,Normal,Male,Baby Products,17.67,2,1.77,37.11,09/12/2025,10:45:54,Mobile Wallet,35.34,0.18,6.36,6.7
ALT-202273,X,Liverpool,Member,Female,Beverages,6.18,1,0.31,6.49,23/02/2025,11:36:41,Debit Card,6.18,0.13,0.8,8.1
ALT-202274,Y,Sheffield,Normal,Male,Bakery,1.82,3,0.27,5.73,26/08/2025,14:07:42,Credit Card,5.46,0.11,0.6,5.0
ALT-202275,X,Liverpool,Member,Female,Bakery,6.7,3,1.01,21.11,09/10/2025,19:32:11,Mobile Wallet,20.1,0.11,2.21,6.0
ALT-202276,Z,Birmingham,Normal,Male,Personal Care,11.53,5,2.88,60.53,09/02/2025,14:18:18,Credit Card,57.65,0.21,12.11,5.1
ALT-202277,Z,Birmingham,Normal,Male,Dairy & Eggs,2.68,6,0.8,16.88,05/01/2025,08:26:07,Debit Card,16.08,0.07,1.13,7.3
ALT-202278,Z,Birmingham,Member,Male,Fresh Produce,7.73,4,1.55,32.47,13/09/2025,14:46:47,Credit Card,30.92,0.08,2.47,7.5
ALT-202279,X,Liverpool,Normal,Female,Bakery,3.12,6,0.94,19.66,17/10/2025,08:02:09,Credit Card,18.72,0.11,2.06,5.8
ALT-202280,X,Liverpool,Member,Male,Bakery,1.43,3,0.21,4.5,12/03/2025,17:17:33,Credit Card,4.29,0.11,0.47,7.3
ALT-202281,Y,Sheffield,Member,Male,Fresh Produce,4.43,1,0.22,4.65,12/07/2025,14:17:26,Credit Card,4.43,0.08,0.35,7.3
ALT-202282,Z,Birmingham,Normal,Female,Bakery,8.76,9,3.94,82.78,02/01/2025,15:55:20,Credit Card,78.84,0.11,8.67,7.8
ALT-202283,Z,Birmingham,Normal,Male,Dairy & Eggs,6.77,6,2.03,42.65,20/02/2025,16:58:07,Credit Card,40.62,0.07,2.84,5.6
ALT-202284,Y,Sheffield,Member,Male,Dairy & Eggs,2.45,5,0.61,12.86,06/03/2025,18:35:16,Credit Card,12.25,0.07,0.86,6.6
ALT-202285,Z,Birmingham,Normal,Female,Snacks,3.54,3,0.53,11.15,20/10/2025,18:21:17,Credit Card,10.62,0.17,1.81,6.4
ALT-202286,Y,Sheffield,Member,Male,Dairy & Eggs,3.56,5,0.89,18.69,08/04/2025,18:10:49,Credit Card,17.8,0.07,1.25,5.2
ALT-202287,Y,Sheffield,Member,Female,Fresh Produce,4.79,11,2.63,55.32,02/03/2025,13:51:42,Debit Card,52.69,0.08,4.22,4.8
ALT-202288,Z,Birmingham,Normal,Male,Baby Products,19.98,5,5.0,104.9,29/09/2025,17:05:33,Credit Card,99.9,0.18,17.98,6.2
ALT-202289,Y,Sheffield,Member,Female,Beverages,5.47,7,1.91,40.2,10/10/2025,19:13:34,Mobile Wallet,38.29,0.13,4.98,5.4
ALT-202290,X,Liverpool,Member,Female,Fresh Produce,3.8,7,1.33,27.93,22/03/2025,19:27:38,Cash,26.6,0.08,2.13,8.4
ALT-202291,Y,Sheffield,Member,Male,Personal Care,22.13,2,2.21,46.47,04/12/2025,10:38:02,Cash,44.26,0.21,9.29,6.4
ALT-202292,Y,Sheffield,Normal,Male,Baby Products,33.2,1,1.66,34.86,10/04/2025,14:17:59,Mobile Wallet,33.2,0.18,5.98,7.2
ALT-202293,Y,Sheffield,Normal,Male,Household,10.88,7,3.81,79.97,01/03/2025,11:12:21,Credit Card,76.16,0.19,14.47,7.2
ALT-202294,Z,Birmingham,Member,Male,Snacks,4.77,9,2.15,45.08,21/04/2025,11:44:09,Mobile Wallet,42.93,0.17,7.3,7.0
ALT-202295,Z,Birmingham,Member,Female,Household,16.52,2,1.65,34.69,15/02/2025,13:29:28,Credit Card,33.04,0.19,6.28,4.9
ALT-202296,X,Liverpool,Normal,Male,Dairy & Eggs,6.69,4,1.34,28.1,16/11/2025,15:56:30,Cash,26.76,0.07,1.87,6.1
ALT-202297,Y,Sheffield,Member,Male,Personal Care,25.8,1,1.29,27.09,03/12/2025,11:18:42,Cash,25.8,0.21,5.42,8.0
ALT-202298,Z,Birmingham,Member,Male,Baby Products,38.73,1,1.94,40.67,09/05/2025,17:31:35,Mobile Wallet,38.73,0.18,6.97,5.4
ALT-202299,Y,Sheffield,Normal,Male,Household,8.2,4,1.64,34.44,13/08/2025,15:19:12,Debit Card,32.8,0.19,6.23,7.6
ALT-202300,X,Liverpool,Normal,Male,Snacks,5.63,3,0.84,17.73,03/01/2025,14:40:41,Credit Card,16.89,0.17,2.87,6.3
ALT-202301,X,Liverpool,Member,Female,Snacks,3.78,4,0.76,15.88,11/10/2025,10:28:36,Mobile Wallet,15.12,0.17,2.57,8.1
ALT-202302,Z,Birmingham,Member,Male,Dairy & Eggs,3.85,5,0.96,20.21,01/12/2025,19:34:31,Mobile Wallet,19.25,0.07,1.35,6.5
ALT-202303,Z,Birmingham,Member,Male,Beverages,12.0,7,4.2,88.2,15/06/2025,09:15:39,Debit Card,84.0,0.13,10.92,9.2
ALT-202304,Z,Birmingham,Normal,Female,Household,25.59,1,1.28,26.87,17/11/2025,09:10:29,Debit Card,25.59,0.19,4.86,6.3
ALT-202305,X,Liverpool,Member,Female,Snacks,5.74,1,0.29,6.03,06/12/2025,09:21:00,Debit Card,5.74,0.17,0.98,8.0
ALT-202306,Y,Sheffield,Member,Female,Health & Wellness,16.98,3,2.55,53.49,09/11/2025,10:45:48,Debit Card,50.94,0.24,12.23,9.3
ALT-202307,Z,Birmingham,Normal,Male,Snacks,1.25,5,0.31,6.56,11/11/2025,13:54:38,Debit Card,6.25,0.17,1.06,6.0
ALT-202308,Z,Birmingham,Member,Male,Fresh Produce,8.33,1,0.42,8.75,23/02/2025,13:59:09,Mobile Wallet,8.33,0.08,0.67,6.5
ALT-202309,Y,Sheffield,Normal,Male,Household,20.96,1,1.05,22.01,26/07/2025,18:58:45,Credit Card,20.96,0.19,3.98,5.8
ALT-202310,Z,Birmingham,Member,Male,Health & Wellness,10.5,4,2.1,44.1,23/05/2025,10:35:29,Mobile Wallet,42.0,0.24,10.08,7.4
ALT-202311,Z,Birmingham,Normal,Male,Snacks,1.82,1,0.09,1.91,10/08/2025,13:51:48,Credit Card,1.82,0.17,0.31,4.0
ALT-202312,X,Liverpool,Member,Male,Dairy & Eggs,2.52,9,1.13,23.81,24/08/2025,20:02:49,Debit Card,22.68,0.07,1.59,7.3
ALT-202313,Y,Sheffield,Member,Male,Beverages,3.73,6,1.12,23.5,20/10/2025,10:50:06,Cash,22.38,0.13,2.91,5.8
ALT-202314,X,Liverpool,Member,Female,Personal Care,17.64,3,2.65,55.57,03/08/2025,15:29:39,Credit Card,52.92,0.21,11.11,7.1
ALT-202315,Z,Birmingham,Member,Female,Beverages,4.42,9,1.99,41.77,03/01/2025,14:26:34,Credit Card,39.78,0.13,5.17,6.9
ALT-202316,Y,Sheffield,Normal,Male,Bakery,10.09,6,3.03,63.57,20/12/2025,12:33:50,Cash,60.54,0.11,6.66,6.9
ALT-202317,Z,Birmingham,Member,Female,Health & Wellness,22.06,5,5.52,115.82,09/07/2025,16:43:29,Debit Card,110.3,0.24,26.47,6.3
ALT-202318,Z,Birmingham,Member,Female,Frozen Foods,7.76,10,3.88,81.48,20/09/2025,12:32:58,Mobile Wallet,77.6,0.1,7.76,7.4
ALT-202319,Z,Birmingham,Normal,Male,Fresh Produce,8.75,9,3.94,82.69,10/12/2025,18:56:06,Debit Card,78.75,0.08,6.3,7.1
ALT-202320,Y,Sheffield,Normal,Female,Dairy & Eggs,6.08,8,2.43,51.07,10/04/2025,12:05:44,Mobile Wallet,48.64,0.07,3.4,6.7
ALT-202321,Z,Birmingham,Normal,Female,Household,19.89,2,1.99,41.77,03/01/2025,10:28:23,Cash,39.78,0.19,7.56,7.4
ALT-202322,Y,Sheffield,Normal,Male,Personal Care,5.52,11,3.04,63.76,10/05/2025,20:04:19,Credit Card,60.72,0.21,12.75,7.0
ALT-202323,Y,Sheffield,Member,Female,Snacks,5.62,3,0.84,17.7,12/04/2025,16:34:34,Credit Card,16.86,0.17,2.87,5.9
ALT-202324,Y,Sheffield,Normal,Female,Personal Care,13.92,5,3.48,73.08,21/11/2025,16:22:28,Debit Card,69.6,0.21,14.62,5.9
ALT-202325,X,Liverpool,Member,Female,Health & Wellness,23.14,9,10.41,218.67,01/01/2025,16:02:09,Mobile Wallet,208.26,0.24,49.98,7.4
ALT-202326,X,Liverpool,Member,Female,Baby Products,14.45,2,1.45,30.35,19/04/2025,19:16:43,Debit Card,28.9,0.18,5.2,7.2
ALT-202327,X,Liverpool,Member,Female,Beverages,5.43,1,0.27,5.7,20/10/2025,16:36:01,Cash,5.43,0.13,0.71,6.1
ALT-202328,Y,Sheffield,Member,Female,Baby Products,23.08,1,1.15,24.23,02/01/2025,12:04:38,Credit Card,23.08,0.18,4.15,6.7
ALT-202329,X,Liverpool,Member,Male,Baby Products,18.82,1,0.94,19.76,22/02/2025,20:15:17,Cash,18.82,0.18,3.39,6.1
ALT-202330,Y,Sheffield,Member,Male,Dairy & Eggs,6.15,1,0.31,6.46,03/02/2025,13:07:35,Credit Card,6.15,0.07,0.43,6.4
ALT-202331,X,Liverpool,Member,Male,Baby Products,12.94,2,1.29,27.17,11/05/2025,18:59:34,Debit Card,25.88,0.18,4.66,7.2
ALT-202332,Z,Birmingham,Member,Male,Fresh Produce,2.99,5,0.75,15.7,30/10/2025,12:20:51,Cash,14.95,0.08,1.2,6.3
ALT-202333,Z,Birmingham,Normal,Male,Beverages,10.04,1,0.5,10.54,23/11/2025,14:29:54,Mobile Wallet,10.04,0.13,1.31,6.3
ALT-202334,Z,Birmingham,Normal,Female,Fresh Produce,5.96,5,1.49,31.29,12/06/2025,16:23:43,Mobile Wallet,29.8,0.08,2.38,6.7
ALT-202335,Y,Sheffield,Normal,Male,Household,14.21,9,6.39,134.28,22/09/2025,15:42:22,Cash,127.89,0.19,24.3,7.4
ALT-202336,Z,Birmingham,Normal,Female,Baby Products,14.65,5,3.66,76.91,30/07/2025,14:34:12,Cash,73.25,0.18,13.18,6.5
ALT-202337,Z,Birmingham,Member,Male,Fresh Produce,5.43,5,1.36,28.51,01/02/2025,16:44:13,Credit Card,27.15,0.08,2.17,5.9
ALT-202338,Y,Sheffield,Member,Female,Beverages,12.01,1,0.6,12.61,11/03/2025,20:50:22,Mobile Wallet,12.01,0.13,1.56,7.3
ALT-202339,X,Liverpool,Normal,Female,Dairy & Eggs,4.43,6,1.33,27.91,03/01/2025,13:12:24,Mobile Wallet,26.58,0.07,1.86,6.9
ALT-202340,Y,Sheffield,Normal,Male,Beverages,10.34,4,2.07,43.43,27/12/2025,17:00:06,Debit Card,41.36,0.13,5.38,6.3
ALT-202341,Y,Sheffield,Member,Female,Frozen Foods,5.36,9,2.41,50.65,16/08/2025,17:03:08,Debit Card,48.24,0.1,4.82,5.8
ALT-202342,X,Liverpool,Member,Male,Bakery,4.78,11,2.63,55.21,19/05/2025,14:25:40,Debit Card,52.58,0.11,5.78,6.9
ALT-202343,Z,Birmingham,Member,Female,Frozen Foods,2.32,2,0.23,4.87,03/02/2025,17:34:05,Mobile Wallet,4.64,0.1,0.46,8.9
ALT-202344,Y,Sheffield,Normal,Male,Snacks,1.99,4,0.4,8.36,30/10/2025,12:48:15,Mobile Wallet,7.96,0.17,1.35,7.2
ALT-202345,Y,Sheffield,Member,Female,Fresh Produce,1.52,3,0.23,4.79,16/08/2025,16:47:24,Mobile Wallet,4.56,0.08,0.36,7.7
ALT-202346,X,Liverpool,Normal,Female,Health & Wellness,31.74,3,4.76,99.98,23/08/2025,15:13:28,Debit Card,95.22,0.24,22.85,7.2
ALT-202347,Z,Birmingham,Normal,Female,Health & Wellness,15.61,5,3.9,81.95,18/08/2025,18:35:48,Debit Card,78.05,0.24,18.73,5.3
ALT-202348,Y,Sheffield,Member,Male,Personal Care,13.94,3,2.09,43.91,26/06/2025,14:17:07,Credit Card,41.82,0.21,8.78,6.2
ALT-202349,Z,Birmingham,Normal,Male,Baby Products,37.72,2,3.77,79.21,01/09/2025,09:27:49,Credit Card,75.44,0.18,13.58,5.8
ALT-202350,Y,Sheffield,Normal,Male,Bakery,2.87,4,0.57,12.05,08/03/2025,19:21:26,Credit Card,11.48,0.11,1.26,8.3
ALT-202351,Y,Sheffield,Member,Male,Health & Wellness,21.46,6,6.44,135.2,25/08/2025,13:59:04,Mobile Wallet,128.76,0.24,30.9,7.9
ALT-202352,Z,Birmingham,Member,Male,Bakery,7.02,5,1.76,36.86,15/02/2025,11:29:54,Debit Card,35.1,0.11,3.86,4.7
ALT-202353,Y,Sheffield,Member,Female,Beverages,3.73,5,0.93,19.58,21/03/2025,11:41:34,Mobile Wallet,18.65,0.13,2.42,8.5
ALT-202354,X,Liverpool,Member,Female,Bakery,4.59,11,2.52,53.01,10/05/2025,14:12:11,Debit Card,50.49,0.11,5.55,7.8
ALT-202355,X,Liverpool,Member,Male,Frozen Foods,13.87,6,4.16,87.38,25/09/2025,18:34:46,Debit Card,83.22,0.1,8.32,6.2
ALT-202356,Y,Sheffield,Member,Male,Baby Products,4.4,9,1.98,41.58,07/09/2025,14:19:44,Mobile Wallet,39.6,0.18,7.13,5.2
ALT-202357,Z,Birmingham,Normal,Female,Dairy & Eggs,3.64,7,1.27,26.75,20/04/2025,14:25:51,Debit Card,25.48,0.07,1.78,7.3
ALT-202358,X,Liverpool,Normal,Male,Snacks,3.22,8,1.29,27.05,16/10/2025,15:58:35,Debit Card,25.76,0.17,4.38,6.8
ALT-202359,Z,Birmingham,Normal,Female,Bakery,5.09,2,0.51,10.69,13/10/2025,20:20:01,Credit Card,10.18,0.11,1.12,5.7
ALT-202360,Z,Birmingham,Member,Male,Fresh Produce,6.21,6,1.86,39.12,05/11/2025,21:56:28,Credit Card,37.26,0.08,2.98,6.3
ALT-202361,X,Liverpool,Member,Female,Frozen Foods,11.14,3,1.67,35.09,27/04/2025,14:08:29,Cash,33.42,0.1,3.34,6.1
ALT-202362,Z,Birmingham,Normal,Male,Health & Wellness,8.96,1,0.45,9.41,26/08/2025,17:41:55,Debit Card,8.96,0.24,2.15,7.5
ALT-202363,Z,Birmingham,Normal,Female,Personal Care,28.64,5,7.16,150.36,19/06/2025,21:16:27,Mobile Wallet,143.2,0.21,30.07,5.6
ALT-202364,X,Liverpool,Member,Male,Beverages,4.36,6,1.31,27.47,25/07/2025,10:44:14,Mobile Wallet,26.16,0.13,3.4,6.4
ALT-202365,X,Liverpool,Member,Male,Personal Care,2.57,10,1.29,26.99,15/06/2025,20:00:45,Credit Card,25.7,0.21,5.4,5.8
ALT-202366,Z,Birmingham,Normal,Female,Health & Wellness,38.14,10,19.07,400.47,21/08/2025,13:16:29,Mobile Wallet,381.4,0.24,91.54,5.2
ALT-202367,Y,Sheffield,Member,Male,Health & Wellness,8.02,1,0.4,8.42,04/01/2025,21:51:28,Credit Card,8.02,0.24,1.92,7.4
ALT-202368,Y,Sheffield,Normal,Male,Dairy & Eggs,3.25,7,1.14,23.89,01/06/2025,15:00:47,Mobile Wallet,22.75,0.07,1.59,6.1
ALT-202369,Z,Birmingham,Member,Male,Bakery,3.71,3,0.56,11.69,13/09/2025,11:18:37,Debit Card,11.13,0.11,1.22,7.3
ALT-202370,X,Liverpool,Member,Female,Bakery,11.02,1,0.55,11.57,12/12/2025,19:45:10,Mobile Wallet,11.02,0.11,1.21,5.5
ALT-202371,Z,Birmingham,Normal,Female,Fresh Produce,5.14,2,0.51,10.79,18/05/2025,13:23:18,Credit Card,10.28,0.08,0.82,6.3
ALT-202372,X,Liverpool,Member,Male,Baby Products,16.57,11,9.11,191.38,01/08/2025,18:44:19,Mobile Wallet,182.27,0.18,32.81,6.0
ALT-202373,Z,Birmingham,Member,Female,Personal Care,10.02,8,4.01,84.17,07/05/2025,17:33:49,Debit Card,80.16,0.21,16.83,5.6
ALT-202374,Z,Birmingham,Normal,Female,Beverages,12.55,5,3.14,65.89,26/06/2025,17:55:29,Debit Card,62.75,0.13,8.16,4.5
ALT-202375,Z,Birmingham,Member,Female,Baby Products,42.22,1,2.11,44.33,17/10/2025,18:19:30,Credit Card,42.22,0.18,7.6,5.7
ALT-202376,Z,Birmingham,Normal,Female,Household,22.29,6,6.69,140.43,05/01/2025,15:08:10,Debit Card,133.74,0.19,25.41,6.9
ALT-202377,X,Liverpool,Member,Female,Bakery,3.16,7,1.11,23.23,19/10/2025,14:55:46,Credit Card,22.12,0.11,2.43,7.0
ALT-202378,Z,Birmingham,Normal,Male,Personal Care,6.47,4,1.29,27.17,08/01/2025,20:15:41,Credit Card,25.88,0.21,5.43,6.2
ALT-202379,X,Liverpool,Normal,Male,Fresh Produce,7.14,4,1.43,29.99,24/10/2025,19:24:21,Cash,28.56,0.08,2.28,4.7
ALT-202380,X,Liverpool,Member,Male,Household,19.9,4,3.98,83.58,21/11/2025,14:02:43,Credit Card,79.6,0.19,15.12,6.6
ALT-202381,Z,Birmingham,Normal,Female,Dairy & Eggs,7.05,3,1.06,22.21,21/02/2025,10:01:14,Credit Card,21.15,0.07,1.48,6.8
ALT-202382,Y,Sheffield,Member,Male,Snacks,2.49,5,0.62,13.07,12/09/2025,15:48:26,Mobile Wallet,12.45,0.17,2.12,8.7
ALT-202383,Z,Birmingham,Normal,Male,Dairy & Eggs,1.9,9,0.86,17.96,11/10/2025,12:00:47,Debit Card,17.1,0.07,1.2,7.2
ALT-202384,X,Liverpool,Member,Female,Baby Products,10.67,10,5.34,112.04,31/01/2025,12:51:37,Credit Card,106.7,0.18,19.21,5.8
ALT-202385,Y,Sheffield,Normal,Male,Frozen Foods,2.08,7,0.73,15.29,28/11/2025,13:15:33,Debit Card,14.56,0.1,1.46,6.5
ALT-202386,Z,Birmingham,Normal,Male,Fresh Produce,6.68,1,0.33,7.01,12/07/2025,14:58:56,Cash,6.68,0.08,0.53,6.6
ALT-202387,Y,Sheffield,Member,Female,Health & Wellness,14.33,4,2.87,60.19,31/12/2025,16:09:16,Cash,57.32,0.24,13.76,5.4
ALT-202388,Y,Sheffield,Normal,Male,Dairy & Eggs,4.08,4,0.82,17.14,21/02/2025,14:14:49,Mobile Wallet,16.32,0.07,1.14,6.7
ALT-202389,Y,Sheffield,Normal,Male,Baby Products,19.71,1,0.99,20.7,21/02/2025,13:22:39,Mobile Wallet,19.71,0.18,3.55,6.6
ALT-202390,Y,Sheffield,Member,Female,Beverages,8.62,4,1.72,36.2,18/10/2025,16:06:02,Debit Card,34.48,0.13,4.48,7.0
ALT-202391,X,Liverpool,Member,Female,Beverages,9.72,8,3.89,81.65,27/05/2025,11:37:38,Cash,77.76,0.13,10.11,7.4
ALT-202392,Y,Sheffield,Normal,Male,Bakery,3.34,2,0.33,7.01,21/01/2025,17:36:08,Debit Card,6.68,0.11,0.73,6.5
ALT-202393,X,Liverpool,Member,Female,Beverages,13.65,2,1.37,28.67,28/05/2025,11:14:34,Credit Card,27.3,0.13,3.55,7.1
ALT-202394,Y,Sheffield,Member,Female,Bakery,3.52,2,0.35,7.39,02/10/2025,15:58:24,Credit Card,7.04,0.11,0.77,6.1
ALT-202395,Z,Birmingham,Member,Female,Fresh Produce,2.81,5,0.7,14.75,03/08/2025,15:25:35,Cash,14.05,0.08,1.12,6.0
ALT-202396,X,Liverpool,Member,Female,Snacks,1.02,3,0.15,3.21,17/09/2025,15:40:46,Credit Card,3.06,0.17,0.52,6.6
ALT-202397,X,Liverpool,Normal,Male,Personal Care,24.81,4,4.96,104.2,12/11/2025,15:33:49,Credit Card,99.24,0.21,20.84,8.2
ALT-202398,X,Liverpool,Normal,Male,Baby Products,4.93,10,2.46,51.76,09/02/2025,09:26:55,Debit Card,49.3,0.18,8.87,7.7
ALT-202399,X,Liverpool,Member,Female,Beverages,6.47,6,1.94,40.76,30/11/2025,13:25:39,Cash,38.82,0.13,5.05,7.0
ALT-202400,Y,Sheffield,Member,Male,Baby Products,16.12,1,0.81,16.93,25/06/2025,08:10:50,Credit Card,16.12,0.18,2.9,5.3
ALT-202401,Z,Birmingham,Normal,Male,Beverages,9.76,4,1.95,40.99,29/06/2025,20:08:19,Debit Card,39.04,0.13,5.08,7.3
ALT-202402,Z,Birmingham,Normal,Male,Frozen Foods,4.45,12,2.67,56.07,16/12/2025,21:12:50,Cash,53.4,0.1,5.34,6.0
ALT-202403,Y,Sheffield,Member,Female,Dairy & Eggs,7.09,7,2.48,52.11,31/10/2025,11:09:28,Debit Card,49.63,0.07,3.47,7.5
ALT-202404,Z,Birmingham,Normal,Female,Baby Products,34.72,9,15.62,328.1,25/07/2025,17:38:13,Debit Card,312.48,0.18,56.25,5.6
ALT-202405,Z,Birmingham,Member,Female,Dairy & Eggs,5.64,1,0.28,5.92,28/03/2025,17:48:03,Debit Card,5.64,0.07,0.39,5.6
ALT-202406,X,Liverpool,Member,Male,Baby Products,21.83,12,13.1,275.06,16/06/2025,19:26:53,Mobile Wallet,261.96,0.18,47.15,5.8
ALT-202407,Z,Birmingham,Member,Female,Bakery,6.69,6,2.01,42.15,21/09/2025,18:12:38,Mobile Wallet,40.14,0.11,4.42,6.8
ALT-202408,X,Liverpool,Normal,Male,Fresh Produce,1.8,1,0.09,1.89,06/12/2025,10:13:53,Cash,1.8,0.08,0.14,5.0
ALT-202409,X,Liverpool,Normal,Female,Bakery,9.62,11,5.29,111.11,16/06/2025,18:38:35,Debit Card,105.82,0.11,11.64,5.7
ALT-202410,X,Liverpool,Normal,Female,Health & Wellness,30.5,2,3.05,64.05,22/09/2025,12:50:37,Mobile Wallet,61.0,0.24,14.64,6.4
ALT-202411,X,Liverpool,Member,Male,Fresh Produce,3.04,9,1.37,28.73,28/01/2025,18:30:17,Debit Card,27.36,0.08,2.19,7.9
ALT-202412,X,Liverpool,Normal,Male,Household,16.86,2,1.69,35.41,06/09/2025,15:43:41,Debit Card,33.72,0.19,6.41,6.2
ALT-202413,Y,Sheffield,Normal,Male,Baby Products,5.18,3,0.78,16.32,08/01/2025,17:32:38,Cash,15.54,0.18,2.8,8.0
ALT-202414,X,Liverpool,Member,Female,Health & Wellness,28.88,8,11.55,242.59,08/04/2025,21:18:07,Cash,231.04,0.24,55.45,7.5
ALT-202415,Y,Sheffield,Normal,Male,Dairy & Eggs,5.5,4,1.1,23.1,02/01/2025,21:22:38,Credit Card,22.0,0.07,1.54,7.7
ALT-202416,X,Liverpool,Normal,Female,Health & Wellness,19.42,8,7.77,163.13,18/01/2025,16:12:12,Debit Card,155.36,0.24,37.29,7.0
ALT-202417,X,Liverpool,Normal,Male,Bakery,3.48,6,1.04,21.92,25/04/2025,16:19:18,Debit Card,20.88,0.11,2.3,7.0
ALT-202418,X,Liverpool,Member,Male,Bakery,8.28,7,2.9,60.86,15/08/2025,10:28:00,Debit Card,57.96,0.11,6.38,6.0
ALT-202419,X,Liverpool,Member,Female,Beverages,6.36,3,0.95,20.03,25/12/2025,14:37:25,Credit Card,19.08,0.13,2.48,5.9
ALT-202420,Y,Sheffield,Normal,Male,Snacks,5.22,3,0.78,16.44,27/10/2025,11:31:49,Credit Card,15.66,0.17,2.66,7.4
ALT-202421,X,Liverpool,Normal,Male,Personal Care,16.62,4,3.32,69.8,24/06/2025,19:16:17,Debit Card,66.48,0.21,13.96,5.7
ALT-202422,X,Liverpool,Member,Male,Household,20.27,5,5.07,106.42,22/05/2025,11:43:21,Credit Card,101.35,0.19,19.26,6.4
ALT-202423,X,Liverpool,Member,Female,Fresh Produce,8.84,8,3.54,74.26,10/07/2025,14:08:11,Debit Card,70.72,0.08,5.66,5.8
ALT-202424,Y,Sheffield,Normal,Male,Frozen Foods,13.26,9,5.97,125.31,12/08/2025,17:24:37,Credit Card,119.34,0.1,11.93,6.4
ALT-202425,Z,Birmingham,Normal,Male,Fresh Produce,10.34,1,0.52,10.86,13/11/2025,09:29:56,Debit Card,10.34,0.08,0.83,6.2
ALT-202426,Y,Sheffield,Member,Female,Dairy & Eggs,3.91,5,0.98,20.53,26/03/2025,18:04:09,Credit Card,19.55,0.07,1.37,7.3
ALT-202427,X,Liverpool,Normal,Male,Frozen Foods,16.94,7,5.93,124.51,17/11/2025,13:00:46,Debit Card,118.58,0.1,11.86,5.7
ALT-202428,X,Liverpool,Member,Female,Frozen Foods,13.51,9,6.08,127.67,15/12/2025,17:48:32,Credit Card,121.59,0.1,12.16,6.8
ALT-202429,X,Liverpool,Member,Female,Household,10.07,3,1.51,31.72,18/03/2025,13:57:59,Mobile Wallet,30.21,0.19,5.74,7.8
ALT-202430,Y,Sheffield,Member,Female,Fresh Produce,7.92,2,0.79,16.63,12/05/2025,20:41:09,Debit Card,15.84,0.08,1.27,6.3
ALT-202431,X,Liverpool,Normal,Female,Beverages,6.76,3,1.01,21.29,26/04/2025,17:52:07,Debit Card,20.28,0.13,2.64,6.6
ALT-202432,Y,Sheffield,Member,Female,Beverages,1.15,8,0.46,9.66,18/03/2025,16:28:09,Credit Card,9.2,0.13,1.2,6.8
ALT-202433,Y,Sheffield,Normal,Female,Bakery,2.49,5,0.62,13.07,12/02/2025,13:47:10,Debit Card,12.45,0.11,1.37,5.7
ALT-202434,Y,Sheffield,Member,Female,Snacks,5.52,5,1.38,28.98,02/08/2025,13:02:25,Cash,27.6,0.17,4.69,6.6
ALT-202435,X,Liverpool,Normal,Female,Bakery,6.67,3,1.0,21.01,07/08/2025,14:46:23,Mobile Wallet,20.01,0.11,2.2,7.1
ALT-202436,Z,Birmingham,Member,Male,Bakery,4.68,5,1.17,24.57,07/05/2025,19:16:37,Debit Card,23.4,0.11,2.57,5.5
ALT-202437,Y,Sheffield,Member,Female,Dairy & Eggs,6.34,3,0.95,19.97,01/04/2025,12:29:28,Cash,19.02,0.07,1.33,7.9
ALT-202438,Y,Sheffield,Member,Male,Personal Care,14.98,6,4.49,94.37,05/12/2025,17:14:16,Cash,89.88,0.21,18.87,6.1
ALT-202439,Y,Sheffield,Member,Male,Dairy & Eggs,3.06,5,0.77,16.07,09/07/2025,16:21:55,Mobile Wallet,15.3,0.07,1.07,7.9
ALT-202440,X,Liverpool,Member,Male,Health & Wellness,21.92,5,5.48,115.08,21/01/2025,14:52:59,Credit Card,109.6,0.24,26.3,6.3
ALT-202441,Z,Birmingham,Member,Male,Fresh Produce,7.67,5,1.92,40.27,19/02/2025,15:44:45,Debit Card,38.35,0.08,3.07,6.7
ALT-202442,X,Liverpool,Normal,Male,Dairy & Eggs,5.91,2,0.59,12.41,26/11/2025,17:45:21,Credit Card,11.82,0.07,0.83,6.5
ALT-202443,Z,Birmingham,Member,Female,Dairy & Eggs,6.06,2,0.61,12.73,28/03/2025,18:33:35,Debit Card,12.12,0.07,0.85,6.2
ALT-202444,Z,Birmingham,Normal,Female,Bakery,4.29,11,2.36,49.55,18/03/2025,16:30:36,Credit Card,47.19,0.11,5.19,6.9
ALT-202445,Y,Sheffield,Member,Male,Dairy & Eggs,6.68,7,2.34,49.1,07/02/2025,13:48:07,Credit Card,46.76,0.07,3.27,4.9
ALT-202446,Z,Birmingham,Member,Male,Snacks,4.25,5,1.06,22.31,06/04/2025,13:40:37,Cash,21.25,0.17,3.61,5.7
ALT-202447,Y,Sheffield,Member,Male,Dairy & Eggs,4.55,3,0.68,14.33,13/01/2025,09:42:01,Debit Card,13.65,0.07,0.96,8.7
ALT-202448,X,Liverpool,Normal,Female,Fresh Produce,4.84,7,1.69,35.57,25/09/2025,11:37:32,Cash,33.88,0.08,2.71,8.4
ALT-202449,Y,Sheffield,Normal,Female,Personal Care,11.5,3,1.73,36.23,20/08/2025,13:03:59,Mobile Wallet,34.5,0.21,7.25,6.3
ALT-202450,Y,Sheffield,Normal,Female,Dairy & Eggs,6.18,9,2.78,58.4,09/05/2025,13:59:05,Credit Card,55.62,0.07,3.89,6.1
ALT-202451,Z,Birmingham,Normal,Male,Fresh Produce,2.01,3,0.3,6.33,29/06/2025,18:18:45,Debit Card,6.03,0.08,0.48,6.4
ALT-202452,Z,Birmingham,Normal,Female,Health & Wellness,16.6,2,1.66,34.86,04/11/2025,19:10:56,Mobile Wallet,33.2,0.24,7.97,5.9
ALT-202453,Z,Birmingham,Normal,Female,Bakery,9.6,4,1.92,40.32,15/05/2025,15:36:46,Debit Card,38.4,0.11,4.22,6.6
ALT-202454,Z,Birmingham,Normal,Male,Snacks,2.59,1,0.13,2.72,18/12/2025,15:14:13,Mobile Wallet,2.59,0.17,0.44,6.7
ALT-202455,X,Liverpool,Member,Female,Personal Care,3.84,1,0.19,4.03,23/04/2025,15:22:56,Cash,3.84,0.21,0.81,7.6
ALT-202456,X,Liverpool,Normal,Female,Frozen Foods,11.49,9,5.17,108.58,14/06/2025,18:39:45,Mobile Wallet,103.41,0.1,10.34,5.1
ALT-202457,Y,Sheffield,Member,Female,Health & Wellness,17.24,3,2.59,54.31,06/06/2025,14:11:45,Debit Card,51.72,0.24,12.41,6.3
ALT-202458,Y,Sheffield,Normal,Male,Health & Wellness,6.73,2,0.67,14.13,28/01/2025,15:09:16,Cash,13.46,0.24,3.23,9.1
ALT-202459,Z,Birmingham,Member,Male,Dairy & Eggs,5.8,1,0.29,6.09,11/05/2025,13:06:19,Mobile Wallet,5.8,0.07,0.41,9.0
ALT-202460,Z,Birmingham,Normal,Male,Baby Products,40.78,2,4.08,85.64,22/12/2025,18:21:30,Debit Card,81.56,0.18,14.68,5.6
ALT-202461,X,Liverpool,Member,Female,Personal Care,12.91,10,6.46,135.56,06/10/2025,13:29:44,Credit Card,129.1,0.21,27.11,6.5
ALT-202462,Z,Birmingham,Normal,Male,Frozen Foods,14.77,9,6.65,139.58,16/07/2025,11:16:04,Mobile Wallet,132.93,0.1,13.29,5.7
ALT-202463,Y,Sheffield,Member,Male,Beverages,6.64,1,0.33,6.97,31/08/2025,12:21:11,Debit Card,6.64,0.13,0.86,5.7
ALT-202464,Y,Sheffield,Member,Female,Baby Products,22.59,3,3.39,71.16,03/05/2025,14:30:36,Cash,67.77,0.18,12.2,6.1
ALT-202465,Z,Birmingham,Member,Male,Bakery,4.12,8,1.65,34.61,07/10/2025,18:15:46,Credit Card,32.96,0.11,3.63,7.5
ALT-202466,Z,Birmingham,Member,Female,Fresh Produce,7.2,6,2.16,45.36,28/05/2025,14:06:03,Debit Card,43.2,0.08,3.46,6.5
ALT-202467,X,Liverpool,Member,Male,Snacks,5.4,6,1.62,34.02,06/02/2025,08:35:13,Credit Card,32.4,0.17,5.51,8.3
ALT-202468,Z,Birmingham,Normal,Male,Beverages,13.98,3,2.1,44.04,09/09/2025,17:55:13,Debit Card,41.94,0.13,5.45,5.2
ALT-202469,Y,Sheffield,Member,Female,Personal Care,12.04,5,3.01,63.21,08/12/2025,15:15:18,Mobile Wallet,60.2,0.21,12.64,6.4
ALT-202470,Y,Sheffield,Member,Male,Health & Wellness,17.55,3,2.63,55.28,31/05/2025,15:27:49,Debit Card,52.65,0.24,12.64,6.1
ALT-202471,Y,Sheffield,Member,Female,Health & Wellness,33.2,5,8.3,174.3,06/09/2025,13:44:17,Mobile Wallet,166.0,0.24,39.84,7.7
ALT-202472,X,Liverpool,Normal,Female,Health & Wellness,9.76,8,3.9,81.98,27/10/2025,17:30:21,Mobile Wallet,78.08,0.24,18.74,4.9
ALT-202473,Y,Sheffield,Member,Male,Fresh Produce,7.07,3,1.06,22.27,05/03/2025,10:34:36,Debit Card,21.21,0.08,1.7,7.1
ALT-202474,Y,Sheffield,Normal,Female,Fresh Produce,5.44,3,0.82,17.14,24/05/2025,10:06:45,Debit Card,16.32,0.08,1.31,6.0
ALT-202475,X,Liverpool,Normal,Male,Frozen Foods,16.79,5,4.2,88.15,27/03/2025,18:40:01,Mobile Wallet,83.95,0.1,8.4,5.6
ALT-202476,Y,Sheffield,Normal,Male,Dairy & Eggs,5.05,7,1.77,37.12,03/08/2025,14:06:55,Mobile Wallet,35.35,0.07,2.47,6.0
ALT-202477,Z,Birmingham,Normal,Male,Household,15.11,2,1.51,31.73,11/11/2025,14:28:38,Debit Card,30.22,0.19,5.74,7.1
ALT-202478,Z,Birmingham,Normal,Female,Bakery,10.94,1,0.55,11.49,20/12/2025,21:17:30,Credit Card,10.94,0.11,1.2,6.7
ALT-202479,Z,Birmingham,Normal,Male,Beverages,8.04,10,4.02,84.42,01/09/2025,12:02:08,Debit Card,80.4,0.13,10.45,5.0
ALT-202480,Z,Birmingham,Normal,Female,Baby Products,41.38,1,2.07,43.45,29/10/2025,21:37:29,Credit Card,41.38,0.18,7.45,8.4
ALT-202481,X,Liverpool,Normal,Male,Beverages,13.29,8,5.32,111.64,18/08/2025,10:16:21,Cash,106.32,0.13,13.82,6.1
ALT-202482,Y,Sheffield,Member,Male,Personal Care,8.95,8,3.58,75.18,26/01/2025,15:47:09,Debit Card,71.6,0.21,15.04,6.9
ALT-202483,Y,Sheffield,Member,Male,Beverages,6.45,5,1.61,33.86,18/06/2025,13:23:21,Cash,32.25,0.13,4.19,6.8
ALT-202484,Z,Birmingham,Normal,Female,Dairy & Eggs,2.55,6,0.77,16.07,05/10/2025,10:56:18,Credit Card,15.3,0.07,1.07,8.2
ALT-202485,Y,Sheffield,Normal,Female,Baby Products,16.7,4,3.34,70.14,10/10/2025,14:15:25,Credit Card,66.8,0.18,12.02,4.5
ALT-202486,Y,Sheffield,Normal,Male,Health & Wellness,22.58,4,4.52,94.84,31/05/2025,16:08:15,Cash,90.32,0.24,21.68,6.8
ALT-202487,Z,Birmingham,Member,Female,Snacks,5.15,3,0.77,16.22,11/10/2025,21:42:50,Debit Card,15.45,0.17,2.63,7.7
ALT-202488,Y,Sheffield,Member,Female,Household,8.85,6,2.66,55.76,07/05/2025,10:37:58,Debit Card,53.1,0.19,10.09,7.8
ALT-202489,Y,Sheffield,Normal,Female,Personal Care,27.81,1,1.39,29.2,05/11/2025,16:59:57,Debit Card,27.81,0.21,5.84,6.8
ALT-202490,Y,Sheffield,Normal,Female,Snacks,2.03,7,0.71,14.92,27/04/2025,17:16:22,Credit Card,14.21,0.17,2.42,7.9
ALT-202491,X,Liverpool,Normal,Male,Health & Wellness,4.08,8,1.63,34.27,03/01/2025,15:36:03,Cash,32.64,0.24,7.83,6.6
ALT-202492,Y,Sheffield,Normal,Female,Personal Care,6.91,1,0.35,7.26,13/04/2025,12:09:38,Debit Card,6.91,0.21,1.45,6.4
ALT-202493,Y,Sheffield,Member,Male,Beverages,2.44,2,0.24,5.12,27/03/2025,13:11:45,Debit Card,4.88,0.13,0.63,6.7
ALT-202494,Y,Sheffield,Member,Female,Beverages,4.25,4,0.85,17.85,16/05/2025,12:39:58,Cash,17.0,0.13,2.21,6.7
ALT-202495,Y,Sheffield,Member,Male,Frozen Foods,5.35,6,1.61,33.71,28/03/2025,20:34:00,Debit Card,32.1,0.1,3.21,6.3
ALT-202496,X,Liverpool,Member,Male,Fresh Produce,3.62,5,0.91,19.01,30/07/2025,14:50:55,Mobile Wallet,18.1,0.08,1.45,8.7
ALT-202497,Y,Sheffield,Normal,Male,Bakery,1.78,2,0.18,3.74,28/11/2025,18:06:37,Mobile Wallet,3.56,0.11,0.39,6.1
ALT-202498,X,Liverpool,Member,Female,Dairy & Eggs,5.48,10,2.74,57.54,09/04/2025,14:13:29,Credit Card,54.8,0.07,3.84,7.3
ALT-202499,X,Liverpool,Normal,Female,Baby Products,16.97,9,7.64,160.37,24/02/2025,12:44:15,Credit Card,152.73,0.18,27.49,5.9
ALT-202500,Y,Sheffield,Normal,Male,Snacks,4.99,7,1.75,36.68,26/02/2025,12:41:24,Debit Card,34.93,0.17,5.94,4.1
ALT-202501,X,Liverpool,Member,Male,Dairy & Eggs,3.69,5,0.92,19.37,11/09/2025,17:51:05,Cash,18.45,0.07,1.29,7.1
ALT-202502,Y,Sheffield,Normal,Male,Personal Care,16.87,9,7.59,159.42,22/09/2025,19:03:32,Debit Card,151.83,0.21,31.88,7.0
ALT-202503,Y,Sheffield,Normal,Male,Frozen Foods,16.56,5,4.14,86.94,25/08/2025,14:25:05,Credit Card,82.8,0.1,8.28,6.6
ALT-202504,Z,Birmingham,Member,Male,Fresh Produce,3.8,8,1.52,31.92,03/08/2025,18:33:56,Credit Card,30.4,0.08,2.43,7.7
ALT-202505,X,Liverpool,Member,Male,Bakery,5.96,8,2.38,50.06,28/12/2025,14:16:16,Debit Card,47.68,0.11,5.24,7.9
ALT-202506,X,Liverpool,Normal,Female,Bakery,5.34,1,0.27,5.61,11/01/2025,13:43:50,Debit Card,5.34,0.11,0.59,6.1
ALT-202507,Z,Birmingham,Member,Female,Snacks,2.11,2,0.21,4.43,04/01/2025,17:00:46,Cash,4.22,0.17,0.72,6.6
ALT-202508,Z,Birmingham,Member,Male,Health & Wellness,33.1,3,4.96,104.26,09/01/2025,12:15:14,Debit Card,99.3,0.24,23.83,6.5
ALT-202509,Z,Birmingham,Normal,Female,Health & Wellness,22.7,3,3.4,71.5,21/07/2025,12:54:34,Mobile Wallet,68.1,0.24,16.34,8.0
ALT-202510,X,Liverpool,Member,Female,Baby Products,25.69,1,1.28,26.97,16/02/2025,21:37:26,Cash,25.69,0.18,4.62,7.0
ALT-202511,Y,Sheffield,Member,Female,Bakery,6.99,10,3.5,73.4,16/04/2025,17:26:39,Credit Card,69.9,0.11,7.69,7.7
ALT-202512,Z,Birmingham,Member,Male,Personal Care,12.41,3,1.86,39.09,14/01/2025,16:10:40,Mobile Wallet,37.23,0.21,7.82,8.2
ALT-202513,Z,Birmingham,Member,Male,Frozen Foods,4.89,1,0.24,5.13,09/09/2025,12:44:14,Debit Card,4.89,0.1,0.49,5.6
ALT-202514,Y,Sheffield,Normal,Female,Beverages,9.58,7,3.35,70.41,11/08/2025,17:49:01,Credit Card,67.06,0.13,8.72,7.0
ALT-202515,X,Liverpool,Member,Male,Personal Care,27.67,7,9.68,203.37,17/12/2025,21:43:29,Credit Card,193.69,0.21,40.67,6.0
ALT-202516,Y,Sheffield,Normal,Female,Fresh Produce,8.25,5,2.06,43.31,19/06/2025,11:50:42,Debit Card,41.25,0.08,3.3,6.2
ALT-202517,Z,Birmingham,Normal,Female,Health & Wellness,35.37,9,15.92,334.25,16/09/2025,12:39:47,Mobile Wallet,318.33,0.24,76.4,7.0
ALT-202518,Y,Sheffield,Member,Female,Fresh Produce,6.27,4,1.25,26.33,27/09/2025,18:21:57,Credit Card,25.08,0.08,2.01,6.6
ALT-202519,Z,Birmingham,Normal,Female,Fresh Produce,9.16,1,0.46,9.62,18/10/2025,19:57:09,Credit Card,9.16,0.08,0.73,7.0
ALT-202520,Z,Birmingham,Normal,Female,Frozen Foods,15.38,7,5.38,113.04,14/03/2025,11:25:10,Mobile Wallet,107.66,0.1,10.77,6.2
ALT-202521,Y,Sheffield,Member,Female,Snacks,3.01,11,1.66,34.77,14/10/2025,12:40:22,Mobile Wallet,33.11,0.17,5.63,7.3
ALT-202522,X,Liverpool,Normal,Male,Frozen Foods,4.08,5,1.02,21.42,25/05/2025,14:15:39,Credit Card,20.4,0.1,2.04,5.5
ALT-202523,Y,Sheffield,Normal,Male,Dairy & Eggs,1.73,7,0.61,12.72,02/02/2025,18:45:44,Mobile Wallet,12.11,0.07,0.85,6.9
ALT-202524,Z,Birmingham,Normal,Male,Beverages,14.29,2,1.43,30.01,31/05/2025,21:11:46,Mobile Wallet,28.58,0.13,3.72,5.4
ALT-202525,X,Liverpool,Normal,Male,Personal Care,4.7,4,0.94,19.74,26/12/2025,08:05:38,Credit Card,18.8,0.21,3.95,6.8
ALT-202526,Z,Birmingham,Member,Male,Personal Care,17.68,9,7.96,167.08,02/11/2025,16:28:52,Credit Card,159.12,0.21,33.42,6.6
ALT-202527,Z,Birmingham,Member,Male,Snacks,2.24,8,0.9,18.82,11/02/2025,17:43:47,Debit Card,17.92,0.17,3.05,7.6
ALT-202528,Z,Birmingham,Member,Female,Health & Wellness,39.06,2,3.91,82.03,02/10/2025,21:12:17,Cash,78.12,0.24,18.75,7.4
ALT-202529,Y,Sheffield,Member,Male,Household,10.26,13,6.67,140.05,13/12/2025,11:10:42,Debit Card,133.38,0.19,25.34,7.4
ALT-202530,Z,Birmingham,Normal,Female,Bakery,3.43,4,0.69,14.41,27/11/2025,15:37:28,Debit Card,13.72,0.11,1.51,5.1
ALT-202531,Y,Sheffield,Member,Female,Personal Care,14.83,11,8.16,171.29,06/01/2025,20:46:33,Debit Card,163.13,0.21,34.26,6.9
ALT-202532,X,Liverpool,Normal,Male,Bakery,8.22,2,0.82,17.26,14/09/2025,15:17:26,Debit Card,16.44,0.11,1.81,8.6
ALT-202533,X,Liverpool,Normal,Female,Baby Products,33.17,3,4.98,104.49,28/03/2025,18:18:56,Debit Card,99.51,0.18,17.91,5.7
ALT-202534,X,Liverpool,Normal,Female,Snacks,5.14,2,0.51,10.79,02/11/2025,11:39:41,Debit Card,10.28,0.17,1.75,5.7
ALT-202535,Z,Birmingham,Member,Female,Dairy & Eggs,2.62,3,0.39,8.25,08/11/2025,16:27:29,Credit Card,7.86,0.07,0.55,7.2
ALT-202536,Z,Birmingham,Member,Male,Dairy & Eggs,2.97,2,0.3,6.24,18/10/2025,17:39:32,Debit Card,5.94,0.07,0.42,7.3
ALT-202537,X,Liverpool,Normal,Male,Dairy & Eggs,6.87,3,1.03,21.64,08/05/2025,19:27:58,Mobile Wallet,20.61,0.07,1.44,7.0
ALT-202538,Y,Sheffield,Normal,Male,Personal Care,20.96,1,1.05,22.01,11/05/2025,12:48:18,Cash,20.96,0.21,4.4,6.3
ALT-202539,X,Liverpool,Normal,Female,Baby Products,14.83,3,2.22,46.71,07/02/2025,13:10:04,Credit Card,44.49,0.18,8.01,5.8
ALT-202540,Z,Birmingham,Member,Male,Frozen Foods,16.76,5,4.19,87.99,04/01/2025,17:06:55,Cash,83.8,0.1,8.38,5.4
ALT-202541,Z,Birmingham,Normal,Male,Fresh Produce,5.08,5,1.27,26.67,30/11/2025,12:48:48,Cash,25.4,0.08,2.03,5.3
ALT-202542,Z,Birmingham,Member,Male,Household,24.77,4,4.95,104.03,25/10/2025,19:27:59,Debit Card,99.08,0.19,18.83,4.8
ALT-202543,X,Liverpool,Normal,Male,Household,23.1,1,1.16,24.26,28/06/2025,20:10:07,Debit Card,23.1,0.19,4.39,8.5
ALT-202544,Z,Birmingham,Member,Female,Fresh Produce,1.92,5,0.48,10.08,20/10/2025,12:33:18,Credit Card,9.6,0.08,0.77,7.2
ALT-202545,Z,Birmingham,Member,Female,Frozen Foods,5.21,1,0.26,5.47,02/12/2025,17:51:50,Mobile Wallet,5.21,0.1,0.52,6.6
ALT-202546,X,Liverpool,Member,Male,Bakery,9.35,4,1.87,39.27,09/04/2025,18:53:28,Debit Card,37.4,0.11,4.11,8.9
ALT-202547,Y,Sheffield,Member,Female,Dairy & Eggs,6.5,3,0.98,20.48,16/09/2025,18:45:39,Credit Card,19.5,0.07,1.37,5.2
ALT-202548,Y,Sheffield,Normal,Male,Personal Care,14.37,1,0.72,15.09,24/02/2025,17:07:30,Credit Card,14.37,0.21,3.02,6.3
ALT-202549,X,Liverpool,Member,Female,Fresh Produce,6.62,1,0.33,6.95,17/12/2025,18:51:13,Mobile Wallet,6.62,0.08,0.53,6.6
ALT-202550,Z,Birmingham,Normal,Female,Personal Care,13.82,9,6.22,130.6,07/01/2025,17:23:50,Credit Card,124.38,0.21,26.12,5.3
ALT-202551,Z,Birmingham,Member,Male,Fresh Produce,8.29,2,0.83,17.41,23/04/2025,13:12:00,Debit Card,16.58,0.08,1.33,7.6
ALT-202552,X,Liverpool,Member,Male,Personal Care,11.36,1,0.57,11.93,02/02/2025,15:10:46,Credit Card,11.36,0.21,2.39,6.4
ALT-202553,Z,Birmingham,Normal,Female,Baby Products,27.47,3,4.12,86.53,14/11/2025,19:03:32,Debit Card,82.41,0.18,14.83,4.1
ALT-202554,X,Liverpool,Member,Female,Dairy & Eggs,5.0,3,0.75,15.75,23/01/2025,14:18:38,Cash,15.0,0.07,1.05,7.1
ALT-202555,X,Liverpool,Member,Male,Snacks,2.69,2,0.27,5.65,01/12/2025,17:45:14,Cash,5.38,0.17,0.91,8.5
ALT-202556,Z,Birmingham,Member,Female,Beverages,3.57,7,1.25,26.24,29/07/2025,18:20:46,Mobile Wallet,24.99,0.13,3.25,6.4
ALT-202557,Y,Sheffield,Member,Male,Personal Care,10.34,5,2.59,54.29,08/08/2025,11:39:35,Cash,51.7,0.21,10.86,6.9
ALT-202558,X,Liverpool,Member,Male,Snacks,4.71,1,0.24,4.95,23/07/2025,12:20:07,Mobile Wallet,4.71,0.17,0.8,5.5
ALT-202559,Y,Sheffield,Member,Male,Snacks,2.17,9,0.98,20.51,04/12/2025,15:29:54,Debit Card,19.53,0.17,3.32,8.7
ALT-202560,X,Liverpool,Member,Female,Baby Products,22.61,9,10.17,213.66,07/07/2025,11:06:47,Cash,203.49,0.18,36.63,7.1
ALT-202561,X,Liverpool,Normal,Male,Personal Care,17.87,2,1.79,37.53,22/07/2025,20:26:31,Cash,35.74,0.21,7.51,6.0
ALT-202562,Z,Birmingham,Member,Male,Household,11.11,4,2.22,46.66,10/12/2025,14:49:46,Credit Card,44.44,0.19,8.44,7.3
ALT-202563,X,Liverpool,Member,Male,Frozen Foods,13.17,7,4.61,96.8,17/07/2025,18:29:52,Debit Card,92.19,0.1,9.22,6.2
ALT-202564,Z,Birmingham,Normal,Male,Baby Products,21.8,3,3.27,68.67,16/06/2025,19:03:21,Credit Card,65.4,0.18,11.77,8.2
ALT-202565,Z,Birmingham,Member,Female,Dairy & Eggs,4.09,6,1.23,25.77,09/02/2025,12:22:02,Debit Card,24.54,0.07,1.72,6.2
ALT-202566,X,Liverpool,Normal,Female,Personal Care,24.17,4,4.83,101.51,29/08/2025,19:19:25,Cash,96.68,0.21,20.3,4.7
ALT-202567,Z,Birmingham,Normal,Male,Baby Products,16.67,1,0.83,17.5,02/07/2025,20:49:36,Mobile Wallet,16.67,0.18,3.0,6.3
ALT-202568,X,Liverpool,Member,Female,Beverages,3.94,4,0.79,16.55,11/07/2025,10:58:58,Debit Card,15.76,0.13,2.05,5.3
ALT-202569,Z,Birmingham,Normal,Female,Fresh Produce,10.22,1,0.51,10.73,20/01/2025,12:50:44,Credit Card,10.22,0.08,0.82,6.3
ALT-202570,X,Liverpool,Normal,Male,Beverages,4.46,8,1.78,37.46,24/09/2025,11:50:08,Cash,35.68,0.13,4.64,7.5
ALT-202571,X,Liverpool,Normal,Female,Frozen Foods,2.95,8,1.18,24.78,07/02/2025,10:53:21,Cash,23.6,0.1,2.36,8.2
ALT-202572,Z,Birmingham,Normal,Male,Personal Care,27.47,1,1.37,28.84,08/12/2025,16:59:10,Cash,27.47,0.21,5.77,6.4
ALT-202573,Z,Birmingham,Member,Female,Baby Products,39.56,3,5.93,124.61,20/02/2025,13:58:42,Cash,118.68,0.18,21.36,5.4
ALT-202574,X,Liverpool,Normal,Male,Bakery,5.54,11,3.05,63.99,12/02/2025,19:26:19,Mobile Wallet,60.94,0.11,6.7,5.2
ALT-202575,Y,Sheffield,Member,Female,Beverages,11.04,6,3.31,69.55,17/03/2025,17:30:27,Mobile Wallet,66.24,0.13,8.61,6.0
ALT-202576,Y,Sheffield,Member,Female,Dairy & Eggs,6.05,7,2.12,44.47,23/10/2025,17:00:27,Credit Card,42.35,0.07,2.96,5.6
ALT-202577,X,Liverpool,Member,Male,Personal Care,21.41,9,9.63,202.32,05/08/2025,20:14:36,Debit Card,192.69,0.21,40.46,6.5
ALT-202578,Y,Sheffield,Member,Male,Dairy & Eggs,3.02,3,0.45,9.51,01/04/2025,15:19:48,Debit Card,9.06,0.07,0.63,6.7
ALT-202579,Y,Sheffield,Normal,Male,Baby Products,24.16,1,1.21,25.37,08/07/2025,20:35:12,Credit Card,24.16,0.18,4.35,6.3
ALT-202580,Z,Birmingham,Normal,Male,Dairy & Eggs,5.33,2,0.53,11.19,30/03/2025,14:55:54,Debit Card,10.66,0.07,0.75,7.9
ALT-202581,Z,Birmingham,Normal,Male,Bakery,5.75,7,2.01,42.26,26/10/2025,19:49:40,Credit Card,40.25,0.11,4.43,7.2
ALT-202582,X,Liverpool,Member,Male,Frozen Foods,4.87,13,3.17,66.48,26/06/2025,10:58:52,Mobile Wallet,63.31,0.1,6.33,6.3
ALT-202583,Z,Birmingham,Normal,Female,Household,8.22,6,2.47,51.79,14/03/2025,19:56:04,Mobile Wallet,49.32,0.19,9.37,7.7
ALT-202584,Z,Birmingham,Normal,Female,Snacks,3.89,9,1.75,36.76,05/08/2025,13:31:52,Cash,35.01,0.17,5.95,7.7
ALT-202585,Z,Birmingham,Normal,Female,Frozen Foods,3.97,5,0.99,20.84,15/12/2025,20:28:28,Mobile Wallet,19.85,0.1,1.99,7.7
ALT-202586,X,Liverpool,Member,Female,Dairy & Eggs,6.36,6,1.91,40.07,11/04/2025,13:12:11,Credit Card,38.16,0.07,2.67,5.9
ALT-202587,Y,Sheffield,Normal,Male,Beverages,9.22,9,4.15,87.13,28/08/2025,11:58:38,Debit Card,82.98,0.13,10.79,5.6
ALT-202588,Y,Sheffield,Member,Male,Personal Care,18.68,4,3.74,78.46,10/03/2025,13:39:10,Credit Card,74.72,0.21,15.69,5.4
ALT-202589,Z,Birmingham,Normal,Female,Personal Care,28.82,1,1.44,30.26,27/12/2025,16:16:37,Debit Card,28.82,0.21,6.05,4.0
ALT-202590,Z,Birmingham,Member,Female,Snacks,3.76,8,1.5,31.58,03/02/2025,17:21:56,Credit Card,30.08,0.17,5.11,4.2
ALT-202591,X,Liverpool,Member,Female,Health & Wellness,25.91,1,1.3,27.21,04/09/2025,10:08:16,Cash,25.91,0.24,6.22,7.8
ALT-202592,X,Liverpool,Normal,Male,Snacks,4.23,9,1.9,39.97,30/09/2025,16:32:13,Cash,38.07,0.17,6.47,7.4
ALT-202593,Z,Birmingham,Normal,Male,Dairy & Eggs,6.26,9,2.82,59.16,23/08/2025,12:52:05,Credit Card,56.34,0.07,3.94,6.4
ALT-202594,Y,Sheffield,Normal,Male,Personal Care,22.72,2,2.27,47.71,24/04/2025,14:54:15,Mobile Wallet,45.44,0.21,9.54,6.1
ALT-202595,Y,Sheffield,Normal,Female,Snacks,2.91,1,0.15,3.06,11/02/2025,09:01:54,Debit Card,2.91,0.17,0.49,4.1
ALT-202596,Y,Sheffield,Normal,Female,Health & Wellness,34.23,5,8.56,179.71,15/02/2025,13:24:49,Credit Card,171.15,0.24,41.08,7.8
ALT-202597,Y,Sheffield,Member,Female,Health & Wellness,31.66,7,11.08,232.7,29/10/2025,17:36:02,Credit Card,221.62,0.24,53.19,6.3
ALT-202598,X,Liverpool,Normal,Male,Household,13.29,7,4.65,97.68,20/08/2025,14:02:33,Debit Card,93.03,0.19,17.68,5.2
ALT-202599,X,Liverpool,Member,Female,Frozen Foods,10.93,11,6.01,126.24,08/01/2025,17:34:32,Mobile Wallet,120.23,0.1,12.02,7.4
ALT-202600,Y,Sheffield,Member,Female,Frozen Foods,15.53,7,5.44,114.15,15/11/2025,19:26:16,Debit Card,108.71,0.1,10.87,6.6
ALT-202601,Z,Birmingham,Member,Female,Beverages,6.31,1,0.32,6.63,08/01/2025,17:07:47,Cash,6.31,0.13,0.82,8.0
ALT-202602,Z,Birmingham,Normal,Male,Fresh Produce,4.37,4,0.87,18.35,02/11/2025,12:39:58,Debit Card,17.48,0.08,1.4,6.3
ALT-202603,Y,Sheffield,Normal,Male,Health & Wellness,14.63,2,1.46,30.72,07/08/2025,17:06:34,Debit Card,29.26,0.24,7.02,5.6
ALT-202604,X,Liverpool,Normal,Female,Personal Care,13.44,4,2.69,56.45,11/12/2025,15:19:35,Credit Card,53.76,0.21,11.29,4.9
ALT-202605,Y,Sheffield,Normal,Male,Bakery,2.12,3,0.32,6.68,07/03/2025,11:10:47,Mobile Wallet,6.36,0.11,0.7,4.9
ALT-202606,X,Liverpool,Normal,Male,Baby Products,29.06,4,5.81,122.05,24/12/2025,15:30:49,Mobile Wallet,116.24,0.18,20.92,5.7
ALT-202607,X,Liverpool,Member,Female,Household,13.63,10,6.82,143.12,07/01/2025,09:37:34,Mobile Wallet,136.3,0.19,25.9,7.4
ALT-202608,Z,Birmingham,Normal,Male,Beverages,3.24,2,0.32,6.8,05/09/2025,13:42:24,Cash,6.48,0.13,0.84,7.3
ALT-202609,X,Liverpool,Member,Female,Frozen Foods,16.59,5,4.15,87.1,15/06/2025,15:59:39,Mobile Wallet,82.95,0.1,8.29,7.6
ALT-202610,Y,Sheffield,Normal,Female,Health & Wellness,16.0,3,2.4,50.4,08/12/2025,14:02:26,Mobile Wallet,48.0,0.24,11.52,5.0
ALT-202611,X,Liverpool,Member,Female,Personal Care,22.0,4,4.4,92.4,09/04/2025,16:16:10,Debit Card,88.0,0.21,18.48,6.6
ALT-202612,X,Liverpool,Member,Male,Dairy & Eggs,4.09,3,0.61,12.88,04/12/2025,15:31:01,Debit Card,12.27,0.07,0.86,7.7
ALT-202613,X,Liverpool,Normal,Female,Beverages,1.3,3,0.2,4.1,14/06/2025,14:54:23,Credit Card,3.9,0.13,0.51,7.0
ALT-202614,Y,Sheffield,Normal,Male,Frozen Foods,2.5,4,0.5,10.5,18/06/2025,16:10:26,Credit Card,10.0,0.1,1.0,5.1
ALT-202615,Y,Sheffield,Normal,Female,Bakery,5.95,8,2.38,49.98,15/08/2025,17:39:23,Cash,47.6,0.11,5.24,6.4
ALT-202616,X,Liverpool,Member,Male,Health & Wellness,12.99,2,1.3,27.28,22/10/2025,10:03:02,Credit Card,25.98,0.24,6.24,7.0
ALT-202617,Z,Birmingham,Member,Female,Personal Care,17.95,3,2.69,56.54,04/06/2025,12:42:54,Mobile Wallet,53.85,0.21,11.31,6.4
ALT-202618,X,Liverpool,Normal,Male,Personal Care,22.54,9,10.14,213.0,20/03/2025,19:35:18,Debit Card,202.86,0.21,42.6,6.5
ALT-202619,Y,Sheffield,Member,Male,Personal Care,23.04,2,2.3,48.38,28/07/2025,20:40:03,Debit Card,46.08,0.21,9.68,7.1
ALT-202620,Z,Birmingham,Member,Female,Household,4.2,5,1.05,22.05,27/09/2025,11:36:16,Debit Card,21.0,0.19,3.99,8.1
ALT-202621,Z,Birmingham,Member,Male,Household,15.84,6,4.75,99.79,13/08/2025,17:22:22,Mobile Wallet,95.04,0.19,18.06,6.3
ALT-202622,X,Liverpool,Member,Female,Snacks,3.1,3,0.47,9.77,24/01/2025,19:41:36,Debit Card,9.3,0.17,1.58,6.5
ALT-202623,Y,Sheffield,Normal,Male,Household,19.92,11,10.96,230.08,15/11/2025,16:10:41,Credit Card,219.12,0.19,41.63,7.2
ALT-202624,Y,Sheffield,Member,Female,Snacks,5.03,8,2.01,42.25,24/03/2025,21:08:10,Mobile Wallet,40.24,0.17,6.84,7.2
ALT-202625,Z,Birmingham,Normal,Male,Baby Products,7.89,1,0.39,8.28,09/06/2025,14:12:14,Cash,7.89,0.18,1.42,5.0
ALT-202626,Y,Sheffield,Member,Male,Bakery,2.44,9,1.1,23.06,12/04/2025,09:34:40,Credit Card,21.96,0.11,2.42,8.7
ALT-202627,Y,Sheffield,Normal,Male,Baby Products,18.49,4,3.7,77.66,02/02/2025,08:37:57,Debit Card,73.96,0.18,13.31,5.1
ALT-202628,X,Liverpool,Normal,Female,Snacks,3.33,6,1.0,20.98,03/09/2025,13:43:29,Debit Card,19.98,0.17,3.4,6.5
ALT-202629,X,Liverpool,Member,Male,Frozen Foods,10.31,2,1.03,21.65,14/08/2025,17:30:13,Mobile Wallet,20.62,0.1,2.06,6.8
ALT-202630,Y,Sheffield,Normal,Female,Bakery,6.71,7,2.35,49.32,17/09/2025,17:30:40,Debit Card,46.97,0.11,5.17,7.3
ALT-202631,Y,Sheffield,Normal,Male,Personal Care,6.48,6,1.94,40.82,17/08/2025,15:16:41,Credit Card,38.88,0.21,8.16,5.6
ALT-202632,Y,Sheffield,Member,Male,Bakery,6.72,2,0.67,14.11,04/06/2025,19:13:09,Credit Card,13.44,0.11,1.48,6.2
ALT-202633,Z,Birmingham,Member,Male,Fresh Produce,2.49,10,1.25,26.15,16/01/2025,11:10:08,Cash,24.9,0.08,1.99,6.8
ALT-202634,X,Liverpool,Normal,Female,Health & Wellness,9.35,13,6.08,127.63,20/04/2025,11:17:39,Credit Card,121.55,0.24,29.17,7.4
ALT-202635,Z,Birmingham,Normal,Male,Baby Products,6.47,4,1.29,27.17,01/05/2025,12:09:25,Credit Card,25.88,0.18,4.66,7.2
ALT-202636,Z,Birmingham,Member,Male,Frozen Foods,9.44,8,3.78,79.3,19/12/2025,18:59:38,Credit Card,75.52,0.1,7.55,8.7
ALT-202637,X,Liverpool,Normal,Female,Frozen Foods,6.19,7,2.17,45.5,29/11/2025,17:09:21,Mobile Wallet,43.33,0.1,4.33,8.3
ALT-202638,X,Liverpool,Normal,Male,Dairy & Eggs,5.13,5,1.28,26.93,29/05/2025,17:33:48,Cash,25.65,0.07,1.8,5.5
ALT-202639,Y,Sheffield,Normal,Male,Fresh Produce,7.43,1,0.37,7.8,09/05/2025,16:18:48,Credit Card,7.43,0.08,0.59,6.2
ALT-202640,Y,Sheffield,Member,Male,Health & Wellness,13.25,1,0.66,13.91,12/07/2025,14:56:23,Mobile Wallet,13.25,0.24,3.18,8.5
ALT-202641,Z,Birmingham,Normal,Male,Personal Care,24.6,8,9.84,206.64,14/05/2025,10:41:12,Mobile Wallet,196.8,0.21,41.33,8.4
ALT-202642,X,Liverpool,Normal,Male,Beverages,6.97,1,0.35,7.32,27/10/2025,15:53:01,Credit Card,6.97,0.13,0.91,6.9
ALT-202643,X,Liverpool,Member,Male,Snacks,5.18,6,1.55,32.63,04/01/2025,10:22:39,Debit Card,31.08,0.17,5.28,7.0
ALT-202644,Z,Birmingham,Normal,Male,Household,19.04,2,1.9,39.98,22/12/2025,16:43:54,Cash,38.08,0.19,7.24,7.5
ALT-202645,Y,Sheffield,Normal,Female,Beverages,6.84,6,2.05,43.09,25/01/2025,13:42:15,Mobile Wallet,41.04,0.13,5.34,7.0
ALT-202646,Z,Birmingham,Member,Female,Personal Care,25.85,1,1.29,27.14,07/12/2025,19:56:32,Credit Card,25.85,0.21,5.43,5.8
ALT-202647,Z,Birmingham,Member,Male,Frozen Foods,15.09,4,3.02,63.38,17/04/2025,21:48:30,Credit Card,60.36,0.1,6.04,7.1
ALT-202648,Y,Sheffield,Member,Female,Household,5.62,10,2.81,59.01,03/02/2025,12:51:05,Mobile Wallet,56.2,0.19,10.68,7.6
ALT-202649,Y,Sheffield,Member,Male,Personal Care,16.08,9,7.24,151.96,15/04/2025,18:25:36,Debit Card,144.72,0.21,30.39,5.2
ALT-202650,X,Liverpool,Member,Male,Health & Wellness,39.47,2,3.95,82.89,19/08/2025,12:26:21,Credit Card,78.94,0.24,18.95,6.8
ALT-202651,Y,Sheffield,Member,Male,Frozen Foods,12.24,10,6.12,128.52,07/09/2025,18:38:10,Mobile Wallet,122.4,0.1,12.24,6.3
ALT-202652,X,Liverpool,Normal,Female,Household,12.28,1,0.61,12.89,30/11/2025,11:10:34,Debit Card,12.28,0.19,2.33,7.9
ALT-202653,X,Liverpool,Member,Male,Baby Products,11.27,5,2.82,59.17,23/04/2025,11:36:00,Credit Card,56.35,0.18,10.14,6.0
ALT-202654,X,Liverpool,Member,Female,Baby Products,34.29,3,5.14,108.01,14/04/2025,12:11:08,Credit Card,102.87,0.18,18.52,8.0
ALT-202655,Z,Birmingham,Member,Female,Frozen Foods,10.53,4,2.11,44.23,30/04/2025,21:42:37,Debit Card,42.12,0.1,4.21,6.6
ALT-202656,Z,Birmingham,Normal,Male,Snacks,5.84,1,0.29,6.13,23/05/2025,16:06:43,Mobile Wallet,5.84,0.17,0.99,9.2
ALT-202657,X,Liverpool,Normal,Female,Fresh Produce,10.76,9,4.84,101.68,18/06/2025,21:28:52,Mobile Wallet,96.84,0.08,7.75,7.2
ALT-202658,Z,Birmingham,Normal,Male,Bakery,2.49,2,0.25,5.23,25/07/2025,18:53:05,Mobile Wallet,4.98,0.11,0.55,6.9
ALT-202659,Y,Sheffield,Member,Male,Frozen Foods,17.15,9,7.72,162.07,31/08/2025,12:52:25,Mobile Wallet,154.35,0.1,15.44,7.5
ALT-202660,Y,Sheffield,Normal,Female,Fresh Produce,11.48,5,2.87,60.27,30/12/2025,18:24:51,Debit Card,57.4,0.08,4.59,7.4
ALT-202661,Z,Birmingham,Normal,Male,Household,9.75,1,0.49,10.24,20/10/2025,20:18:55,Cash,9.75,0.19,1.85,7.7
ALT-202662,Z,Birmingham,Member,Female,Snacks,6.54,2,0.65,13.73,13/08/2025,14:17:18,Debit Card,13.08,0.17,2.22,6.7
ALT-202663,Y,Sheffield,Member,Female,Dairy & Eggs,4.25,5,1.06,22.31,16/12/2025,17:44:00,Mobile Wallet,21.25,0.07,1.49,7.6
ALT-202664,Z,Birmingham,Normal,Male,Bakery,8.66,7,3.03,63.65,02/07/2025,17:47:16,Cash,60.62,0.11,6.67,7.8
ALT-202665,Y,Sheffield,Member,Female,Baby Products,6.88,3,1.03,21.67,16/07/2025,16:29:07,Credit Card,20.64,0.18,3.72,8.3
ALT-202666,Z,Birmingham,Member,Female,Frozen Foods,13.48,2,1.35,28.31,23/01/2025,17:34:06,Debit Card,26.96,0.1,2.7,5.0
ALT-202667,X,Liverpool,Member,Female,Health & Wellness,8.03,12,4.82,101.18,11/01/2025,17:15:50,Cash,96.36,0.24,23.13,7.7
ALT-202668,Z,Birmingham,Member,Female,Dairy & Eggs,8.38,3,1.26,26.4,16/07/2025,09:44:16,Debit Card,25.14,0.07,1.76,7.0
ALT-202669,Z,Birmingham,Member,Female,Personal Care,14.37,5,3.59,75.44,28/12/2025,14:21:11,Debit Card,71.85,0.21,15.09,4.5
ALT-202670,X,Liverpool,Member,Male,Personal Care,18.1,1,0.91,19.01,28/08/2025,19:34:30,Debit Card,18.1,0.21,3.8,6.3
ALT-202671,Z,Birmingham,Normal,Female,Fresh Produce,9.01,3,1.35,28.38,13/02/2025,21:33:42,Debit Card,27.03,0.08,2.16,5.8
ALT-202672,X,Liverpool,Member,Female,Frozen Foods,9.89,5,2.47,51.92,24/06/2025,14:08:55,Mobile Wallet,49.45,0.1,4.95,9.3
ALT-202673,Z,Birmingham,Normal,Female,Health & Wellness,33.69,1,1.68,35.37,23/01/2025,09:51:39,Debit Card,33.69,0.24,8.09,7.3
ALT-202674,Z,Birmingham,Normal,Male,Fresh Produce,7.3,1,0.36,7.66,25/05/2025,16:53:17,Credit Card,7.3,0.08,0.58,4.0
ALT-202675,Y,Sheffield,Member,Female,Health & Wellness,19.6,2,1.96,41.16,26/10/2025,16:17:09,Credit Card,39.2,0.24,9.41,8.1
ALT-202676,X,Liverpool,Normal,Male,Health & Wellness,20.13,8,8.05,169.09,18/07/2025,18:24:01,Debit Card,161.04,0.24,38.65,6.8
ALT-202677,X,Liverpool,Normal,Male,Baby Products,35.34,2,3.53,74.21,22/01/2025,14:25:47,Debit Card,70.68,0.18,12.72,6.6
ALT-202678,Y,Sheffield,Normal,Male,Beverages,7.98,7,2.79,58.65,22/11/2025,13:29:51,Cash,55.86,0.13,7.26,6.9
ALT-202679,Z,Birmingham,Member,Female,Beverages,13.49,5,3.37,70.82,21/08/2025,19:16:33,Cash,67.45,0.13,8.77,8.0
ALT-202680,Z,Birmingham,Member,Male,Fresh Produce,2.5,2,0.25,5.25,24/04/2025,11:28:00,Mobile Wallet,5.0,0.08,0.4,7.1
ALT-202681,X,Liverpool,Normal,Male,Beverages,6.88,2,0.69,14.45,10/04/2025,16:23:34,Cash,13.76,0.13,1.79,7.2
ALT-202682,Z,Birmingham,Normal,Male,Beverages,11.95,3,1.79,37.64,30/10/2025,11:42:39,Debit Card,35.85,0.13,4.66,5.2
ALT-202683,Z,Birmingham,Member,Female,Fresh Produce,5.78,4,1.16,24.28,07/02/2025,13:03:26,Debit Card,23.12,0.08,1.85,6.2
ALT-202684,Y,Sheffield,Normal,Female,Frozen Foods,7.8,7,2.73,57.33,07/01/2025,19:41:12,Credit Card,54.6,0.1,5.46,7.4
ALT-202685,Y,Sheffield,Member,Male,Household,13.25,5,3.31,69.56,15/06/2025,11:43:38,Credit Card,66.25,0.19,12.59,7.3
ALT-202686,X,Liverpool,Member,Male,Fresh Produce,2.67,7,0.93,19.62,19/01/2025,10:58:38,Cash,18.69,0.08,1.5,6.2
ALT-202687,Y,Sheffield,Normal,Male,Health & Wellness,27.08,4,5.42,113.74,22/03/2025,18:29:43,Debit Card,108.32,0.24,26.0,5.5
ALT-202688,Y,Sheffield,Member,Female,Snacks,3.04,4,0.61,12.77,03/07/2025,09:07:02,Credit Card,12.16,0.17,2.07,5.9
ALT-202689,X,Liverpool,Member,Male,Bakery,8.3,2,0.83,17.43,16/03/2025,12:58:23,Credit Card,16.6,0.11,1.83,7.3
ALT-202690,Y,Sheffield,Normal,Male,Dairy & Eggs,3.58,3,0.54,11.28,19/02/2025,12:03:55,Debit Card,10.74,0.07,0.75,6.9
ALT-202691,X,Liverpool,Member,Male,Health & Wellness,29.7,9,13.37,280.67,31/07/2025,13:23:01,Mobile Wallet,267.3,0.24,64.15,6.3
ALT-202692,Z,Birmingham,Normal,Male,Dairy & Eggs,4.55,7,1.59,33.44,24/02/2025,18:04:33,Mobile Wallet,31.85,0.07,2.23,7.1
ALT-202693,Z,Birmingham,Normal,Male,Snacks,5.42,2,0.54,11.38,16/03/2025,17:59:46,Debit Card,10.84,0.17,1.84,5.7
ALT-202694,Y,Sheffield,Normal,Female,Beverages,13.18,2,1.32,27.68,08/11/2025,12:03:53,Debit Card,26.36,0.13,3.43,6.5
ALT-202695,Z,Birmingham,Normal,Male,Personal Care,7.36,4,1.47,30.91,14/01/2025,10:13:23,Credit Card,29.44,0.21,6.18,5.0
ALT-202696,Z,Birmingham,Member,Female,Baby Products,46.16,5,11.54,242.34,19/07/2025,11:30:13,Cash,230.8,0.18,41.54,5.1
ALT-202697,Y,Sheffield,Normal,Male,Health & Wellness,7.17,7,2.51,52.7,26/06/2025,10:32:38,Cash,50.19,0.24,12.05,8.5
ALT-202698,X,Liverpool,Member,Male,Health & Wellness,28.69,6,8.61,180.75,08/01/2025,11:46:59,Debit Card,172.14,0.24,41.31,6.3
ALT-202699,X,Liverpool,Member,Male,Baby Products,29.51,13,19.18,402.81,01/06/2025,12:50:16,Mobile Wallet,383.63,0.18,69.05,7.5
ALT-202700,Y,Sheffield,Member,Female,Snacks,1.92,3,0.29,6.05,17/05/2025,16:52:25,Cash,5.76,0.17,0.98,7.6
ALT-202701,X,Liverpool,Normal,Female,Bakery,3.52,5,0.88,18.48,15/02/2025,19:04:48,Mobile Wallet,17.6,0.11,1.94,7.0
ALT-202702,Z,Birmingham,Member,Male,Household,21.67,3,3.25,68.26,11/07/2025,17:45:06,Mobile Wallet,65.01,0.19,12.35,4.9
ALT-202703,Y,Sheffield,Normal,Male,Bakery,5.72,1,0.29,6.01,06/04/2025,11:36:30,Mobile Wallet,5.72,0.11,0.63,7.2
ALT-202704,X,Liverpool,Member,Male,Frozen Foods,16.15,7,5.65,118.7,15/05/2025,13:46:41,Debit Card,113.05,0.1,11.3,6.8
ALT-202705,X,Liverpool,Member,Male,Health & Wellness,8.97,1,0.45,9.42,08/02/2025,14:35:11,Mobile Wallet,8.97,0.24,2.15,7.1
ALT-202706,Y,Sheffield,Member,Female,Bakery,2.39,5,0.6,12.55,20/02/2025,18:35:11,Cash,11.95,0.11,1.31,5.1
ALT-202707,Z,Birmingham,Member,Male,Snacks,1.13,12,0.68,14.24,18/06/2025,15:26:02,Mobile Wallet,13.56,0.17,2.31,7.6
ALT-202708,Y,Sheffield,Normal,Male,Baby Products,7.76,5,1.94,40.74,24/06/2025,16:24:24,Debit Card,38.8,0.18,6.98,5.1
ALT-202709,Z,Birmingham,Normal,Male,Fresh Produce,11.88,4,2.38,49.9,09/12/2025,15:57:04,Debit Card,47.52,0.08,3.8,8.0
ALT-202710,X,Liverpool,Normal,Male,Health & Wellness,28.67,2,2.87,60.21,26/09/2025,11:11:46,Debit Card,57.34,0.24,13.76,5.5
ALT-202711,Y,Sheffield,Member,Female,Baby Products,17.97,3,2.7,56.61,13/01/2025,19:41:23,Credit Card,53.91,0.18,9.7,6.2
ALT-202712,Z,Birmingham,Normal,Male,Personal Care,25.21,7,8.82,185.29,13/12/2025,11:39:34,Debit Card,176.47,0.21,37.06,7.0
ALT-202713,Z,Birmingham,Member,Male,Frozen Foods,16.78,8,6.71,140.95,20/11/2025,14:02:56,Debit Card,134.24,0.1,13.42,5.1
ALT-202714,Z,Birmingham,Normal,Male,Snacks,4.52,13,2.94,61.7,25/09/2025,12:04:02,Debit Card,58.76,0.17,9.99,4.4
ALT-202715,Z,Birmingham,Member,Male,Baby Products,17.29,1,0.86,18.15,22/03/2025,11:29:59,Debit Card,17.29,0.18,3.11,8.4
ALT-202716,Y,Sheffield,Member,Female,Personal Care,11.29,3,1.69,35.56,13/11/2025,10:22:04,Debit Card,33.87,0.21,7.11,8.9
ALT-202717,Z,Birmingham,Member,Female,Personal Care,12.72,2,1.27,26.71,20/04/2025,21:08:27,Debit Card,25.44,0.21,5.34,8.2
ALT-202718,Z,Birmingham,Member,Male,Baby Products,15.37,11,8.45,177.52,18/02/2025,14:16:09,Debit Card,169.07,0.18,30.43,4.8
ALT-202719,Y,Sheffield,Member,Male,Personal Care,8.58,2,0.86,18.02,02/01/2025,13:50:52,Debit Card,17.16,0.21,3.6,5.8
ALT-202720,Y,Sheffield,Normal,Male,Frozen Foods,7.52,4,1.5,31.58,27/05/2025,18:30:05,Mobile Wallet,30.08,0.1,3.01,7.4
ALT-202721,Z,Birmingham,Normal,Male,Baby Products,7.39,2,0.74,15.52,23/10/2025,14:47:44,Credit Card,14.78,0.18,2.66,5.9
ALT-202722,Y,Sheffield,Member,Female,Personal Care,19.62,1,0.98,20.6,08/06/2025,13:07:18,Cash,19.62,0.21,4.12,5.4
ALT-202723,Z,Birmingham,Normal,Male,Household,4.4,11,2.42,50.82,07/05/2025,17:48:26,Debit Card,48.4,0.19,9.2,5.6
ALT-202724,X,Liverpool,Normal,Male,Fresh Produce,9.51,6,2.85,59.91,31/10/2025,14:24:09,Cash,57.06,0.08,4.56,5.5
ALT-202725,X,Liverpool,Normal,Male,Baby Products,15.71,10,7.86,164.96,29/01/2025,16:58:06,Debit Card,157.1,0.18,28.28,5.5
ALT-202726,X,Liverpool,Member,Female,Dairy & Eggs,2.68,1,0.13,2.81,21/05/2025,11:55:26,Debit Card,2.68,0.07,0.19,8.1
ALT-202727,X,Liverpool,Member,Female,Bakery,8.34,2,0.83,17.51,11/11/2025,17:00:17,Mobile Wallet,16.68,0.11,1.83,7.7
ALT-202728,Y,Sheffield,Member,Male,Health & Wellness,26.37,9,11.87,249.2,18/11/2025,14:42:02,Credit Card,237.33,0.24,56.96,9.3
ALT-202729,Y,Sheffield,Normal,Female,Bakery,2.36,5,0.59,12.39,25/06/2025,18:21:09,Cash,11.8,0.11,1.3,6.3
ALT-202730,X,Liverpool,Member,Female,Snacks,4.9,6,1.47,30.87,19/08/2025,09:19:35,Debit Card,29.4,0.17,5.0,5.3
ALT-202731,Z,Birmingham,Normal,Male,Snacks,3.62,4,0.72,15.2,24/07/2025,18:58:38,Credit Card,14.48,0.17,2.46,6.2
ALT-202732,Y,Sheffield,Member,Male,Snacks,3.64,6,1.09,22.93,05/11/2025,18:19:45,Debit Card,21.84,0.17,3.71,6.6
ALT-202733,X,Liverpool,Member,Male,Frozen Foods,13.69,1,0.68,14.37,02/05/2025,10:55:59,Mobile Wallet,13.69,0.1,1.37,9.3
ALT-202734,Z,Birmingham,Member,Male,Fresh Produce,9.64,5,2.41,50.61,04/04/2025,11:27:45,Debit Card,48.2,0.08,3.86,6.7
ALT-202735,Y,Sheffield,Normal,Male,Baby Products,30.94,6,9.28,194.92,03/03/2025,20:49:04,Debit Card,185.64,0.18,33.42,6.3
ALT-202736,Y,Sheffield,Normal,Female,Household,6.39,1,0.32,6.71,12/06/2025,18:43:50,Credit Card,6.39,0.19,1.21,6.5
ALT-202737,Y,Sheffield,Normal,Female,Frozen Foods,7.7,4,1.54,32.34,04/06/2025,14:33:40,Cash,30.8,0.1,3.08,5.9
ALT-202738,Y,Sheffield,Member,Male,Baby Products,5.99,9,2.7,56.61,26/06/2025,12:09:33,Debit Card,53.91,0.18,9.7,5.3
ALT-202739,Y,Sheffield,Normal,Male,Bakery,2.19,7,0.77,16.1,21/02/2025,17:41:57,Debit Card,15.33,0.11,1.69,5.4
ALT-202740,Z,Birmingham,Member,Female,Beverages,7.15,1,0.36,7.51,09/04/2025,12:00:54,Debit Card,7.15,0.13,0.93,5.8
ALT-202741,Z,Birmingham,Member,Male,Health & Wellness,7.12,1,0.36,7.48,03/01/2025,17:44:32,Credit Card,7.12,0.24,1.71,6.1
ALT-202742,Z,Birmingham,Normal,Male,Dairy & Eggs,5.99,1,0.3,6.29,20/01/2025,18:21:03,Mobile Wallet,5.99,0.07,0.42,4.9
ALT-202743,X,Liverpool,Member,Male,Baby Products,10.76,3,1.61,33.89,26/03/2025,09:11:35,Credit Card,32.28,0.18,5.81,7.4
ALT-202744,X,Liverpool,Normal,Male,Personal Care,15.43,9,6.94,145.81,02/06/2025,11:43:51,Cash,138.87,0.21,29.16,5.7
ALT-202745,Z,Birmingham,Normal,Female,Baby Products,40.24,1,2.01,42.25,16/09/2025,14:25:31,Credit Card,40.24,0.18,7.24,7.4
ALT-202746,Z,Birmingham,Normal,Male,Snacks,5.78,7,2.02,42.48,21/07/2025,15:57:38,Debit Card,40.46,0.17,6.88,6.6
ALT-202747,X,Liverpool,Member,Female,Health & Wellness,17.52,4,3.5,73.58,29/04/2025,17:25:39,Cash,70.08,0.24,16.82,6.1
ALT-202748,Y,Sheffield,Normal,Male,Beverages,1.45,1,0.07,1.52,28/08/2025,12:26:31,Debit Card,1.45,0.13,0.19,6.8
ALT-202749,Z,Birmingham,Member,Female,Household,18.22,4,3.64,76.52,08/10/2025,18:04:41,Mobile Wallet,72.88,0.19,13.85,6.2
ALT-202750,Z,Birmingham,Normal,Female,Bakery,2.63,7,0.92,19.33,03/09/2025,21:23:05,Credit Card,18.41,0.11,2.03,5.5
ALT-202751,X,Liverpool,Normal,Male,Household,18.02,1,0.9,18.92,04/10/2025,14:57:48,Credit Card,18.02,0.19,3.42,7.5
ALT-202752,Z,Birmingham,Normal,Male,Frozen Foods,7.54,10,3.77,79.17,19/01/2025,20:34:52,Credit Card,75.4,0.1,7.54,6.1
ALT-202753,Y,Sheffield,Normal,Female,Bakery,1.71,3,0.26,5.39,23/12/2025,21:52:03,Debit Card,5.13,0.11,0.56,6.7
ALT-202754,X,Liverpool,Normal,Male,Baby Products,22.02,6,6.61,138.73,26/12/2025,13:55:17,Credit Card,132.12,0.18,23.78,6.7
ALT-202755,Z,Birmingham,Normal,Female,Personal Care,12.24,9,5.51,115.67,10/04/2025,21:47:36,Credit Card,110.16,0.21,23.13,7.8
ALT-202756,X,Liverpool,Member,Female,Dairy & Eggs,2.49,2,0.25,5.23,23/09/2025,10:20:48,Debit Card,4.98,0.07,0.35,5.5
ALT-202757,Z,Birmingham,Member,Female,Health & Wellness,17.65,3,2.65,55.6,21/01/2025,08:47:47,Credit Card,52.95,0.24,12.71,6.5
ALT-202758,Y,Sheffield,Member,Male,Baby Products,23.51,1,1.18,24.69,14/02/2025,17:18:42,Debit Card,23.51,0.18,4.23,7.1
ALT-202759,Y,Sheffield,Normal,Male,Baby Products,21.74,5,5.44,114.14,20/08/2025,12:50:52,Cash,108.7,0.18,19.57,5.9
ALT-202760,X,Liverpool,Normal,Male,Baby Products,22.45,7,7.86,165.01,15/09/2025,17:06:23,Mobile Wallet,157.15,0.18,28.29,7.5
ALT-202761,Y,Sheffield,Member,Male,Household,14.69,6,4.41,92.55,30/08/2025,12:02:53,Credit Card,88.14,0.19,16.75,6.2
ALT-202762,Y,Sheffield,Normal,Male,Bakery,3.59,4,0.72,15.08,22/05/2025,08:35:34,Credit Card,14.36,0.11,1.58,6.3
ALT-202763,Z,Birmingham,Member,Male,Household,15.65,3,2.35,49.3,12/12/2025,14:47:06,Cash,46.95,0.19,8.92,4.8
ALT-202764,Z,Birmingham,Normal,Male,Dairy & Eggs,4.24,1,0.21,4.45,20/10/2025,15:05:59,Debit Card,4.24,0.07,0.3,5.1
ALT-202765,X,Liverpool,Normal,Female,Household,26.81,2,2.68,56.3,04/11/2025,16:54:17,Cash,53.62,0.19,10.19,4.5
ALT-202766,Z,Birmingham,Normal,Female,Baby Products,26.14,3,3.92,82.34,15/08/2025,18:10:33,Credit Card,78.42,0.18,14.12,5.7
ALT-202767,Z,Birmingham,Normal,Male,Frozen Foods,7.52,2,0.75,15.79,30/10/2025,11:57:07,Debit Card,15.04,0.1,1.5,6.2
ALT-202768,X,Liverpool,Member,Female,Dairy & Eggs,1.43,5,0.36,7.51,01/03/2025,19:24:16,Debit Card,7.15,0.07,0.5,6.6
ALT-202769,X,Liverpool,Normal,Female,Snacks,2.92,3,0.44,9.2,12/01/2025,13:52:59,Credit Card,8.76,0.17,1.49,6.4
ALT-202770,Z,Birmingham,Normal,Male,Fresh Produce,6.91,7,2.42,50.79,28/09/2025,21:25:28,Debit Card,48.37,0.08,3.87,6.1
ALT-202771,X,Liverpool,Member,Male,Fresh Produce,8.94,2,0.89,18.77,18/12/2025,13:12:32,Credit Card,17.88,0.08,1.43,8.2
ALT-202772,Y,Sheffield,Member,Female,Baby Products,31.12,2,3.11,65.35,27/10/2025,13:14:49,Mobile Wallet,62.24,0.18,11.2,6.3
ALT-202773,X,Liverpool,Member,Female,Frozen Foods,9.36,4,1.87,39.31,24/08/2025,13:11:52,Mobile Wallet,37.44,0.1,3.74,7.5
ALT-202774,X,Liverpool,Member,Male,Household,12.89,9,5.8,121.81,22/02/2025,16:20:03,Mobile Wallet,116.01,0.19,22.04,5.6
ALT-202775,X,Liverpool,Member,Female,Fresh Produce,6.49,11,3.57,74.96,21/02/2025,19:54:42,Cash,71.39,0.08,5.71,6.7
ALT-202776,X,Liverpool,Normal,Female,Beverages,3.58,2,0.36,7.52,01/10/2025,17:22:56,Cash,7.16,0.13,0.93,6.1
ALT-202777,Z,Birmingham,Normal,Female,Frozen Foods,8.24,3,1.24,25.96,18/08/2025,11:53:25,Debit Card,24.72,0.1,2.47,7.6
ALT-202778,Z,Birmingham,Normal,Male,Health & Wellness,30.82,4,6.16,129.44,09/11/2025,16:53:44,Mobile Wallet,123.28,0.24,29.59,7.2
ALT-202779,X,Liverpool,Member,Male,Bakery,6.23,1,0.31,6.54,31/01/2025,14:03:32,Debit Card,6.23,0.11,0.69,6.7
ALT-202780,Y,Sheffield,Member,Female,Frozen Foods,17.29,2,1.73,36.31,12/07/2025,19:29:49,Debit Card,34.58,0.1,3.46,5.7
ALT-202781,X,Liverpool,Normal,Male,Frozen Foods,6.4,5,1.6,33.6,16/06/2025,11:44:33,Cash,32.0,0.1,3.2,6.7
ALT-202782,Y,Sheffield,Normal,Female,Health & Wellness,26.81,2,2.68,56.3,25/11/2025,17:38:51,Credit Card,53.62,0.24,12.87,6.3
ALT-202783,X,Liverpool,Normal,Male,Fresh Produce,1.61,8,0.64,13.52,22/09/2025,15:24:24,Credit Card,12.88,0.08,1.03,4.9
ALT-202784,Z,Birmingham,Member,Male,Dairy & Eggs,8.37,6,2.51,52.73,05/11/2025,15:47:46,Debit Card,50.22,0.07,3.52,7.5
ALT-202785,X,Liverpool,Member,Male,Household,15.19,1,0.76,15.95,30/05/2025,16:48:23,Debit Card,15.19,0.19,2.89,6.4
ALT-202786,X,Liverpool,Normal,Female,Snacks,3.83,7,1.34,28.15,12/01/2025,13:09:02,Debit Card,26.81,0.17,4.56,6.1
ALT-202787,Z,Birmingham,Normal,Male,Baby Products,5.08,3,0.76,16.0,18/04/2025,15:44:26,Debit Card,15.24,0.18,2.74,5.3
ALT-202788,Z,Birmingham,Member,Male,Personal Care,19.24,4,3.85,80.81,24/03/2025,16:48:27,Debit Card,76.96,0.21,16.16,7.1
ALT-202789,Z,Birmingham,Normal,Female,Fresh Produce,5.86,8,2.34,49.22,12/12/2025,20:55:55,Debit Card,46.88,0.08,3.75,7.5
ALT-202790,X,Liverpool,Member,Male,Dairy & Eggs,7.49,4,1.5,31.46,23/08/2025,21:42:08,Debit Card,29.96,0.07,2.1,6.1
ALT-202791,X,Liverpool,Normal,Male,Fresh Produce,3.12,6,0.94,19.66,17/06/2025,14:58:34,Credit Card,18.72,0.08,1.5,8.9
ALT-202792,Z,Birmingham,Member,Female,Frozen Foods,17.61,6,5.28,110.94,25/11/2025,17:17:41,Cash,105.66,0.1,10.57,6.3
ALT-202793,Y,Sheffield,Member,Female,Snacks,1.08,11,0.59,12.47,03/04/2025,17:19:08,Mobile Wallet,11.88,0.17,2.02,7.3
ALT-202794,Y,Sheffield,Member,Female,Dairy & Eggs,6.84,2,0.68,14.36,18/04/2025,19:03:14,Credit Card,13.68,0.07,0.96,5.9
ALT-202795,Z,Birmingham,Normal,Female,Baby Products,39.23,2,3.92,82.38,24/03/2025,14:47:31,Credit Card,78.46,0.18,14.12,8.4
ALT-202796,Z,Birmingham,Normal,Male,Personal Care,25.7,5,6.43,134.93,26/03/2025,11:25:57,Cash,128.5,0.21,26.98,7.9
ALT-202797,X,Liverpool,Member,Male,Personal Care,21.92,5,5.48,115.08,01/10/2025,21:42:40,Credit Card,109.6,0.21,23.02,7.2
ALT-202798,Z,Birmingham,Normal,Male,Dairy & Eggs,2.2,5,0.55,11.55,12/12/2025,18:37:22,Mobile Wallet,11.0,0.07,0.77,4.2
ALT-202799,Y,Sheffield,Member,Male,Personal Care,2.98,9,1.34,28.16,23/01/2025,11:22:55,Debit Card,26.82,0.21,5.63,6.5
ALT-202800,Y,Sheffield,Member,Female,Beverages,11.83,4,2.37,49.69,07/11/2025,19:28:59,Credit Card,47.32,0.13,6.15,5.9
ALT-202801,X,Liverpool,Normal,Male,Baby Products,27.21,4,5.44,114.28,15/02/2025,17:54:09,Debit Card,108.84,0.18,19.59,6.6
ALT-202802,Y,Sheffield,Member,Male,Household,10.91,1,0.55,11.46,21/11/2025,16:56:20,Cash,10.91,0.19,2.07,6.8
ALT-202803,Y,Sheffield,Member,Female,Fresh Produce,5.83,5,1.46,30.61,13/05/2025,16:42:40,Cash,29.15,0.08,2.33,9.0
ALT-202804,X,Liverpool,Normal,Female,Household,18.07,10,9.04,189.74,04/02/2025,16:12:32,Debit Card,180.7,0.19,34.33,6.6
ALT-202805,Z,Birmingham,Member,Male,Dairy & Eggs,4.38,12,2.63,55.19,19/04/2025,15:30:21,Debit Card,52.56,0.07,3.68,6.6
ALT-202806,X,Liverpool,Member,Male,Personal Care,17.72,4,3.54,74.42,29/12/2025,11:36:45,Credit Card,70.88,0.21,14.88,5.1
ALT-202807,X,Liverpool,Member,Female,Health & Wellness,12.25,2,1.23,25.73,25/10/2025,11:14:07,Debit Card,24.5,0.24,5.88,6.6
ALT-202808,Z,Birmingham,Normal,Male,Health & Wellness,36.71,10,18.36,385.46,19/12/2025,20:49:05,Debit Card,367.1,0.24,88.1,6.5
ALT-202809,Z,Birmingham,Member,Male,Bakery,10.07,1,0.5,10.57,09/05/2025,12:37:03,Cash,10.07,0.11,1.11,6.9
ALT-202810,Y,Sheffield,Member,Female,Frozen Foods,17.18,11,9.45,198.43,14/12/2025,12:50:19,Debit Card,188.98,0.1,18.9,6.0
ALT-202811,Z,Birmingham,Member,Female,Dairy & Eggs,3.44,3,0.52,10.84,19/06/2025,18:28:12,Cash,10.32,0.07,0.72,7.1
ALT-202812,Y,Sheffield,Normal,Male,Fresh Produce,6.87,1,0.34,7.21,21/07/2025,18:15:08,Cash,6.87,0.08,0.55,6.9
ALT-202813,X,Liverpool,Member,Female,Fresh Produce,3.39,4,0.68,14.24,29/05/2025,14:31:42,Debit Card,13.56,0.08,1.08,8.3
ALT-202814,Z,Birmingham,Normal,Male,Beverages,11.4,5,2.85,59.85,09/01/2025,15:22:04,Credit Card,57.0,0.13,7.41,5.3
ALT-202815,Z,Birmingham,Normal,Male,Snacks,0.66,11,0.36,7.62,17/05/2025,20:54:37,Credit Card,7.26,0.17,1.23,7.9
ALT-202816,X,Liverpool,Member,Male,Dairy & Eggs,3.83,6,1.15,24.13,19/09/2025,15:07:10,Credit Card,22.98,0.07,1.61,7.9
ALT-202817,X,Liverpool,Member,Male,Frozen Foods,3.46,1,0.17,3.63,14/07/2025,13:09:23,Debit Card,3.46,0.1,0.35,7.5
ALT-202818,Y,Sheffield,Normal,Female,Snacks,4.34,4,0.87,18.23,30/01/2025,16:08:28,Credit Card,17.36,0.17,2.95,7.1
ALT-202819,Y,Sheffield,Member,Male,Frozen Foods,8.81,2,0.88,18.5,11/03/2025,12:34:55,Debit Card,17.62,0.1,1.76,7.8
ALT-202820,Z,Birmingham,Member,Female,Beverages,6.53,5,1.63,34.28,21/04/2025,14:04:50,Debit Card,32.65,0.13,4.24,8.1
ALT-202821,Y,Sheffield,Member,Male,Bakery,4.65,8,1.86,39.06,25/05/2025,16:44:48,Credit Card,37.2,0.11,4.09,7.5
ALT-202822,Y,Sheffield,Member,Female,Bakery,1.48,4,0.3,6.22,27/11/2025,16:07:39,Mobile Wallet,5.92,0.11,0.65,6.8
ALT-202823,Y,Sheffield,Member,Male,Bakery,4.32,3,0.65,13.61,22/07/2025,11:58:34,Credit Card,12.96,0.11,1.43,8.2
ALT-202824,Z,Birmingham,Normal,Male,Bakery,6.8,10,3.4,71.4,04/02/2025,21:23:33,Mobile Wallet,68.0,0.11,7.48,7.1
ALT-202825,Y,Sheffield,Normal,Female,Household,13.71,1,0.69,14.4,07/11/2025,12:36:17,Credit Card,13.71,0.19,2.6,5.2
ALT-202826,Z,Birmingham,Normal,Male,Beverages,7.93,13,5.15,108.24,27/08/2025,14:48:47,Credit Card,103.09,0.13,13.4,4.8
ALT-202827,Y,Sheffield,Normal,Male,Snacks,3.09,1,0.15,3.24,21/02/2025,15:13:45,Credit Card,3.09,0.17,0.53,5.8
ALT-202828,Z,Birmingham,Normal,Female,Personal Care,3.29,9,1.48,31.09,22/12/2025,13:33:40,Debit Card,29.61,0.21,6.22,4.9
ALT-202829,Z,Birmingham,Member,Female,Beverages,8.15,10,4.08,85.58,01/03/2025,14:35:11,Debit Card,81.5,0.13,10.6,6.0
ALT-202830,Z,Birmingham,Normal,Female,Health & Wellness,9.95,1,0.5,10.45,08/12/2025,20:10:09,Mobile Wallet,9.95,0.24,2.39,5.9
ALT-202831,X,Liverpool,Member,Female,Snacks,1.6,7,0.56,11.76,11/03/2025,12:41:43,Debit Card,11.2,0.17,1.9,6.1
ALT-202832,Y,Sheffield,Member,Female,Personal Care,18.32,1,0.92,19.24,01/12/2025,10:46:52,Mobile Wallet,18.32,0.21,3.85,6.8
ALT-202833,Y,Sheffield,Member,Female,Snacks,4.94,2,0.49,10.37,22/12/2025,17:41:34,Mobile Wallet,9.88,0.17,1.68,6.5
ALT-202834,Y,Sheffield,Member,Male,Frozen Foods,16.55,3,2.48,52.13,03/05/2025,14:39:20,Mobile Wallet,49.65,0.1,4.96,7.4
ALT-202835,Y,Sheffield,Member,Male,Baby Products,19.94,3,2.99,62.81,11/11/2025,09:24:26,Credit Card,59.82,0.18,10.77,6.0
ALT-202836,Z,Birmingham,Normal,Male,Baby Products,38.29,4,7.66,160.82,29/09/2025,17:31:00,Credit Card,153.16,0.18,27.57,8.1
ALT-202837,Z,Birmingham,Member,Female,Fresh Produce,10.21,5,2.55,53.6,17/10/2025,17:06:53,Credit Card,51.05,0.08,4.08,5.5
ALT-202838,Z,Birmingham,Normal,Female,Fresh Produce,3.75,8,1.5,31.5,07/02/2025,14:09:08,Debit Card,30.0,0.08,2.4,7.4
ALT-202839,Z,Birmingham,Member,Male,Snacks,5.86,2,0.59,12.31,20/01/2025,18:04:22,Credit Card,11.72,0.17,1.99,8.4
ALT-202840,Z,Birmingham,Normal,Male,Household,5.45,2,0.55,11.45,31/08/2025,13:50:20,Cash,10.9,0.19,2.07,7.2
ALT-202841,Z,Birmingham,Normal,Male,Fresh Produce,10.58,3,1.59,33.33,02/01/2025,16:58:32,Mobile Wallet,31.74,0.08,2.54,7.9
ALT-202842,Y,Sheffield,Member,Female,Beverages,6.22,4,1.24,26.12,01/09/2025,10:03:24,Mobile Wallet,24.88,0.13,3.23,6.9
ALT-202843,Z,Birmingham,Member,Female,Snacks,2.54,7,0.89,18.67,09/08/2025,12:05:15,Debit Card,17.78,0.17,3.02,6.7
ALT-202844,X,Liverpool,Member,Female,Frozen Foods,3.17,9,1.43,29.96,18/01/2025,21:18:49,Credit Card,28.53,0.1,2.85,5.9
ALT-202845,X,Liverpool,Normal,Female,Dairy & Eggs,2.5,3,0.38,7.88,12/06/2025,13:42:50,Credit Card,7.5,0.07,0.53,6.8
ALT-202846,X,Liverpool,Normal,Female,Health & Wellness,14.95,6,4.49,94.19,05/04/2025,16:09:27,Credit Card,89.7,0.24,21.53,7.0
ALT-202847,Z,Birmingham,Member,Female,Frozen Foods,2.78,3,0.42,8.76,08/09/2025,16:30:29,Debit Card,8.34,0.1,0.83,8.9
ALT-202848,Y,Sheffield,Normal,Male,Bakery,8.33,1,0.42,8.75,29/09/2025,16:36:24,Debit Card,8.33,0.11,0.92,5.3
ALT-202849,X,Liverpool,Member,Male,Dairy & Eggs,5.93,12,3.56,74.72,06/10/2025,08:18:24,Credit Card,71.16,0.07,4.98,5.8
ALT-202850,Y,Sheffield,Member,Female,Household,7.55,7,2.64,55.49,13/04/2025,10:19:00,Credit Card,52.85,0.19,10.04,6.8
ALT-202851,X,Liverpool,Normal,Female,Snacks,3.88,8,1.55,32.59,04/10/2025,14:12:29,Debit Card,31.04,0.17,5.28,6.4
ALT-202852,Z,Birmingham,Normal,Female,Dairy & Eggs,4.14,5,1.03,21.73,13/01/2025,14:30:35,Credit Card,20.7,0.07,1.45,6.1
ALT-202853,Y,Sheffield,Normal,Male,Bakery,6.6,1,0.33,6.93,02/01/2025,12:08:43,Debit Card,6.6,0.11,0.73,5.2
ALT-202854,Y,Sheffield,Member,Male,Health & Wellness,30.81,5,7.7,161.75,01/12/2025,11:30:33,Mobile Wallet,154.05,0.24,36.97,7.5
ALT-202855,Y,Sheffield,Normal,Female,Fresh Produce,3.97,5,0.99,20.84,29/03/2025,15:10:12,Mobile Wallet,19.85,0.08,1.59,7.2
ALT-202856,Y,Sheffield,Member,Female,Frozen Foods,14.82,3,2.22,46.68,14/05/2025,14:23:03,Credit Card,44.46,0.1,4.45,6.1
ALT-202857,Z,Birmingham,Normal,Male,Personal Care,20.59,7,7.21,151.34,29/01/2025,15:53:46,Mobile Wallet,144.13,0.21,30.27,5.2
ALT-202858,Z,Birmingham,Normal,Male,Frozen Foods,11.1,10,5.55,116.55,27/06/2025,18:20:07,Credit Card,111.0,0.1,11.1,6.5
ALT-202859,Y,Sheffield,Member,Female,Dairy & Eggs,3.31,8,1.32,27.8,04/06/2025,17:26:40,Credit Card,26.48,0.07,1.85,6.1
ALT-202860,Y,Sheffield,Normal,Female,Personal Care,12.25,2,1.23,25.73,23/04/2025,13:45:56,Debit Card,24.5,0.21,5.14,5.8
ALT-202861,Z,Birmingham,Member,Male,Personal Care,29.9,12,17.94,376.74,08/12/2025,11:22:25,Cash,358.8,0.21,75.35,8.8
ALT-202862,Y,Sheffield,Member,Male,Dairy & Eggs,5.74,5,1.44,30.14,07/06/2025,11:59:04,Credit Card,28.7,0.07,2.01,7.1
ALT-202863,X,Liverpool,Normal,Male,Household,7.74,6,2.32,48.76,17/08/2025,13:59:49,Credit Card,46.44,0.19,8.82,5.5
ALT-202864,Y,Sheffield,Normal,Female,Household,16.26,2,1.63,34.15,18/05/2025,15:39:08,Credit Card,32.52,0.19,6.18,8.2
ALT-202865,Z,Birmingham,Normal,Female,Beverages,11.54,2,1.15,24.23,29/01/2025,08:06:14,Credit Card,23.08,0.13,3.0,6.4
ALT-202866,Z,Birmingham,Normal,Female,Health & Wellness,10.38,4,2.08,43.6,13/03/2025,11:01:49,Mobile Wallet,41.52,0.24,9.96,6.6
ALT-202867,Y,Sheffield,Member,Male,Household,14.88,11,8.18,171.86,15/09/2025,15:49:51,Mobile Wallet,163.68,0.19,31.1,6.5
ALT-202868,Y,Sheffield,Member,Male,Health & Wellness,28.96,2,2.9,60.82,11/05/2025,14:19:32,Debit Card,57.92,0.24,13.9,6.1
ALT-202869,X,Liverpool,Member,Male,Bakery,7.37,7,2.58,54.17,20/06/2025,20:42:39,Mobile Wallet,51.59,0.11,5.67,5.6
ALT-202870,Y,Sheffield,Normal,Female,Dairy & Eggs,4.19,6,1.26,26.4,28/02/2025,13:23:23,Debit Card,25.14,0.07,1.76,5.4
ALT-202871,X,Liverpool,Member,Female,Household,7.47,11,4.11,86.28,02/10/2025,17:43:08,Credit Card,82.17,0.19,15.61,5.7
ALT-202872,X,Liverpool,Normal,Male,Bakery,1.42,5,0.35,7.45,30/08/2025,13:31:57,Credit Card,7.1,0.11,0.78,4.6
ALT-202873,Y,Sheffield,Member,Female,Baby Products,11.38,4,2.28,47.8,05/07/2025,11:12:50,Mobile Wallet,45.52,0.18,8.19,7.1
ALT-202874,Z,Birmingham,Normal,Female,Health & Wellness,27.33,3,4.1,86.09,09/01/2025,13:26:29,Mobile Wallet,81.99,0.24,19.68,5.3
ALT-202875,X,Liverpool,Member,Male,Health & Wellness,20.58,1,1.03,21.61,17/06/2025,18:40:50,Mobile Wallet,20.58,0.24,4.94,6.5
ALT-202876,X,Liverpool,Member,Female,Dairy & Eggs,3.7,6,1.11,23.31,25/04/2025,10:37:30,Debit Card,22.2,0.07,1.55,5.8
ALT-202877,Z,Birmingham,Normal,Male,Baby Products,14.78,1,0.74,15.52,27/07/2025,09:49:56,Mobile Wallet,14.78,0.18,2.66,4.6
ALT-202878,Z,Birmingham,Member,Female,Household,22.37,8,8.95,187.91,26/03/2025,14:30:44,Credit Card,178.96,0.19,34.0,5.8
ALT-202879,Z,Birmingham,Normal,Female,Beverages,11.93,9,5.37,112.74,17/03/2025,19:14:59,Credit Card,107.37,0.13,13.96,6.5
ALT-202880,X,Liverpool,Member,Female,Bakery,4.59,8,1.84,38.56,23/05/2025,20:28:37,Debit Card,36.72,0.11,4.04,7.1
ALT-202881,X,Liverpool,Normal,Male,Household,23.34,2,2.33,49.01,11/12/2025,09:44:05,Cash,46.68,0.19,8.87,6.6
ALT-202882,Z,Birmingham,Normal,Female,Baby Products,25.78,3,3.87,81.21,26/01/2025,17:01:54,Cash,77.34,0.18,13.92,5.2
ALT-202883,Y,Sheffield,Normal,Male,Household,22.77,2,2.28,47.82,23/09/2025,14:05:18,Debit Card,45.54,0.19,8.65,6.7
ALT-202884,X,Liverpool,Member,Male,Household,8.79,3,1.32,27.69,24/09/2025,20:25:19,Debit Card,26.37,0.19,5.01,6.5
ALT-202885,X,Liverpool,Member,Female,Fresh Produce,5.92,1,0.3,6.22,13/08/2025,09:16:36,Credit Card,5.92,0.08,0.47,6.0
ALT-202886,Z,Birmingham,Normal,Female,Health & Wellness,35.6,8,14.24,299.04,01/12/2025,15:47:36,Credit Card,284.8,0.24,68.35,5.8
ALT-202887,X,Liverpool,Normal,Female,Bakery,6.89,5,1.72,36.17,06/10/2025,12:21:52,Cash,34.45,0.11,3.79,5.6
ALT-202888,Y,Sheffield,Member,Male,Frozen Foods,11.0,6,3.3,69.3,15/10/2025,15:21:07,Debit Card,66.0,0.1,6.6,6.0
ALT-202889,Z,Birmingham,Member,Male,Bakery,7.49,7,2.62,55.05,01/10/2025,16:16:54,Cash,52.43,0.11,5.77,8.0
ALT-202890,Y,Sheffield,Normal,Male,Health & Wellness,21.18,9,9.53,200.15,01/11/2025,17:03:23,Debit Card,190.62,0.24,45.75,6.2
ALT-202891,X,Liverpool,Member,Female,Dairy & Eggs,5.69,8,2.28,47.8,03/09/2025,18:38:29,Mobile Wallet,45.52,0.07,3.19,7.0
ALT-202892,Z,Birmingham,Normal,Male,Frozen Foods,6.9,5,1.73,36.23,16/02/2025,12:34:51,Mobile Wallet,34.5,0.1,3.45,7.8
ALT-202893,X,Liverpool,Normal,Female,Snacks,3.01,2,0.3,6.32,02/02/2025,19:21:06,Cash,6.02,0.17,1.02,5.5
ALT-202894,X,Liverpool,Member,Male,Snacks,1.4,2,0.14,2.94,19/10/2025,19:12:43,Mobile Wallet,2.8,0.17,0.48,8.5
ALT-202895,Z,Birmingham,Member,Male,Dairy & Eggs,1.47,3,0.22,4.63,11/02/2025,08:54:18,Credit Card,4.41,0.07,0.31,6.7
ALT-202896,Z,Birmingham,Member,Male,Bakery,8.78,2,0.88,18.44,27/03/2025,21:32:20,Debit Card,17.56,0.11,1.93,5.7
ALT-202897,X,Liverpool,Member,Female,Bakery,2.33,8,0.93,19.57,22/02/2025,14:21:38,Credit Card,18.64,0.11,2.05,7.1
ALT-202898,Y,Sheffield,Normal,Female,Household,18.04,1,0.9,18.94,25/08/2025,10:28:21,Cash,18.04,0.19,3.43,5.3
ALT-202899,Z,Birmingham,Normal,Male,Household,24.3,2,2.43,51.03,05/07/2025,11:09:19,Debit Card,48.6,0.19,9.23,7.6
ALT-202900,Z,Birmingham,Member,Female,Fresh Produce,3.69,4,0.74,15.5,04/04/2025,13:51:46,Cash,14.76,0.08,1.18,6.1
ALT-202901,X,Liverpool,Normal,Female,Frozen Foods,11.54,6,3.46,72.7,08/04/2025,08:14:55,Debit Card,69.24,0.1,6.92,7.0
ALT-202902,X,Liverpool,Member,Female,Household,6.85,2,0.69,14.39,30/06/2025,12:49:13,Debit Card,13.7,0.19,2.6,5.4
ALT-202903,Z,Birmingham,Member,Male,Frozen Foods,6.28,5,1.57,32.97,06/01/2025,13:39:58,Credit Card,31.4,0.1,3.14,8.0
ALT-202904,Y,Sheffield,Normal,Female,Dairy & Eggs,6.83,4,1.37,28.69,08/06/2025,17:50:45,Debit Card,27.32,0.07,1.91,7.0
ALT-202905,Y,Sheffield,Normal,Female,Health & Wellness,24.95,7,8.73,183.38,15/01/2025,14:02:07,Mobile Wallet,174.65,0.24,41.92,5.8
ALT-202906,Y,Sheffield,Normal,Male,Snacks,1.15,1,0.06,1.21,15/11/2025,20:09:17,Debit Card,1.15,0.17,0.2,5.7
ALT-202907,Z,Birmingham,Normal,Male,Health & Wellness,21.08,5,5.27,110.67,15/12/2025,09:57:15,Credit Card,105.4,0.24,25.3,6.0
ALT-202908,X,Liverpool,Normal,Female,Personal Care,13.16,3,1.97,41.45,18/07/2025,15:53:25,Mobile Wallet,39.48,0.21,8.29,6.4
ALT-202909,X,Liverpool,Member,Male,Personal Care,7.7,1,0.39,8.09,26/01/2025,12:22:49,Credit Card,7.7,0.21,1.62,6.9
ALT-202910,Y,Sheffield,Member,Male,Baby Products,9.35,7,3.27,68.72,08/02/2025,12:43:47,Mobile Wallet,65.45,0.18,11.78,8.6
ALT-202911,Y,Sheffield,Member,Male,Snacks,2.49,2,0.25,5.23,23/10/2025,15:16:28,Mobile Wallet,4.98,0.17,0.85,5.7
ALT-202912,Y,Sheffield,Normal,Female,Bakery,8.9,1,0.45,9.35,28/11/2025,11:49:48,Credit Card,8.9,0.11,0.98,5.9
ALT-202913,X,Liverpool,Member,Female,Health & Wellness,23.09,4,4.62,96.98,03/04/2025,15:25:27,Credit Card,92.36,0.24,22.17,6.3
ALT-202914,X,Liverpool,Normal,Male,Beverages,13.18,11,7.25,152.23,04/02/2025,15:27:55,Mobile Wallet,144.98,0.13,18.85,7.4
ALT-202915,Y,Sheffield,Member,Male,Dairy & Eggs,4.32,4,0.86,18.14,04/05/2025,12:31:03,Debit Card,17.28,0.07,1.21,7.4
ALT-202916,Z,Birmingham,Normal,Male,Household,27.5,4,5.5,115.5,28/12/2025,14:06:39,Debit Card,110.0,0.19,20.9,5.8
ALT-202917,X,Liverpool,Normal,Male,Snacks,3.71,7,1.3,27.27,04/01/2025,17:27:17,Credit Card,25.97,0.17,4.41,8.6
ALT-202918,Y,Sheffield,Member,Female,Beverages,10.44,1,0.52,10.96,03/11/2025,20:13:33,Mobile Wallet,10.44,0.13,1.36,6.2
ALT-202919,X,Liverpool,Member,Male,Baby Products,31.78,3,4.77,100.11,16/10/2025,15:55:13,Credit Card,95.34,0.18,17.16,6.3
ALT-202920,Z,Birmingham,Normal,Male,Household,14.08,2,1.41,29.57,09/05/2025,17:22:05,Debit Card,28.16,0.19,5.35,7.3
ALT-202921,X,Liverpool,Normal,Male,Fresh Produce,6.36,2,0.64,13.36,18/07/2025,18:31:46,Credit Card,12.72,0.08,1.02,8.4
ALT-202922,Z,Birmingham,Member,Female,Beverages,14.95,4,2.99,62.79,01/12/2025,10:36:32,Credit Card,59.8,0.13,7.77,7.1
ALT-202923,Z,Birmingham,Normal,Male,Bakery,7.41,10,3.71,77.81,01/02/2025,19:12:18,Cash,74.1,0.11,8.15,5.1
ALT-202924,X,Liverpool,Member,Male,Fresh Produce,1.23,1,0.06,1.29,06/01/2025,17:05:27,Credit Card,1.23,0.08,0.1,6.4
ALT-202925,Y,Sheffield,Member,Female,Bakery,4.58,4,0.92,19.24,23/01/2025,16:10:16,Credit Card,18.32,0.11,2.02,6.2
ALT-202926,X,Liverpool,Member,Male,Health & Wellness,12.04,7,4.21,88.49,29/12/2025,16:35:21,Debit Card,84.28,0.24,20.23,8.7
ALT-202927,X,Liverpool,Member,Female,Snacks,5.05,4,1.01,21.21,25/01/2025,19:44:07,Debit Card,20.2,0.17,3.43,7.1
ALT-202928,X,Liverpool,Normal,Male,Baby Products,21.34,9,9.6,201.66,28/05/2025,15:13:39,Mobile Wallet,192.06,0.18,34.57,7.0
ALT-202929,Z,Birmingham,Member,Female,Snacks,5.03,4,1.01,21.13,15/04/2025,20:02:22,Credit Card,20.12,0.17,3.42,7.0
ALT-202930,Y,Sheffield,Normal,Male,Dairy & Eggs,5.42,7,1.9,39.84,21/02/2025,17:05:49,Credit Card,37.94,0.07,2.66,4.5
ALT-202931,X,Liverpool,Member,Male,Bakery,5.95,7,2.08,43.73,03/06/2025,14:25:09,Debit Card,41.65,0.11,4.58,6.9
ALT-202932,X,Liverpool,Normal,Female,Bakery,2.16,11,1.19,24.95,20/11/2025,11:01:20,Mobile Wallet,23.76,0.11,2.61,7.1
ALT-202933,X,Liverpool,Normal,Female,Frozen Foods,11.2,2,1.12,23.52,01/09/2025,15:59:37,Mobile Wallet,22.4,0.1,2.24,7.6
ALT-202934,X,Liverpool,Normal,Female,Bakery,5.21,3,0.78,16.41,01/09/2025,12:52:10,Credit Card,15.63,0.11,1.72,6.7
ALT-202935,X,Liverpool,Normal,Male,Bakery,8.29,8,3.32,69.64,12/06/2025,20:33:50,Credit Card,66.32,0.11,7.3,5.6
ALT-202936,Y,Sheffield,Normal,Female,Baby Products,18.1,2,1.81,38.01,27/01/2025,16:58:54,Debit Card,36.2,0.18,6.52,6.0
ALT-202937,Y,Sheffield,Member,Female,Beverages,2.87,3,0.43,9.04,23/11/2025,13:17:54,Debit Card,8.61,0.13,1.12,6.4
ALT-202938,Y,Sheffield,Normal,Female,Fresh Produce,4.66,7,1.63,34.25,16/03/2025,21:27:12,Credit Card,32.62,0.08,2.61,6.0
ALT-202939,X,Liverpool,Member,Female,Beverages,12.25,4,2.45,51.45,03/12/2025,14:27:52,Mobile Wallet,49.0,0.13,6.37,7.0
ALT-202940,Z,Birmingham,Member,Female,Fresh Produce,5.16,9,2.32,48.76,27/12/2025,19:47:57,Mobile Wallet,46.44,0.08,3.72,8.1
ALT-202941,Y,Sheffield,Normal,Male,Household,13.27,5,3.32,69.67,09/03/2025,15:27:35,Debit Card,66.35,0.19,12.61,5.6
ALT-202942,X,Liverpool,Member,Female,Health & Wellness,13.31,1,0.67,13.98,04/08/2025,17:17:53,Credit Card,13.31,0.24,3.19,7.5
ALT-202943,Y,Sheffield,Normal,Female,Snacks,0.69,5,0.17,3.62,23/06/2025,13:32:49,Credit Card,3.45,0.17,0.59,6.0
ALT-202944,Y,Sheffield,Normal,Male,Bakery,7.92,3,1.19,24.95,01/08/2025,09:49:29,Cash,23.76,0.11,2.61,9.4
ALT-202945,Z,Birmingham,Normal,Male,Bakery,4.42,5,1.11,23.21,21/06/2025,15:35:47,Credit Card,22.1,0.11,2.43,6.5
ALT-202946,Z,Birmingham,Normal,Male,Snacks,6.46,2,0.65,13.57,14/07/2025,16:33:21,Debit Card,12.92,0.17,2.2,7.1
ALT-202947,Y,Sheffield,Normal,Male,Fresh Produce,5.39,7,1.89,39.62,21/01/2025,15:11:58,Credit Card,37.73,0.08,3.02,6.9
ALT-202948,X,Liverpool,Normal,Female,Snacks,6.3,4,1.26,26.46,23/12/2025,11:17:03,Debit Card,25.2,0.17,4.28,5.7
ALT-202949,X,Liverpool,Member,Female,Fresh Produce,4.09,9,1.84,38.65,17/12/2025,13:29:16,Mobile Wallet,36.81,0.08,2.94,7.4
ALT-202950,Z,Birmingham,Member,Female,Beverages,14.6,12,8.76,183.96,21/08/2025,12:56:02,Debit Card,175.2,0.13,22.78,5.3
ALT-202951,Z,Birmingham,Member,Female,Baby Products,5.62,2,0.56,11.8,30/07/2025,13:12:05,Credit Card,11.24,0.18,2.02,8.3
ALT-202952,Y,Sheffield,Normal,Female,Health & Wellness,26.84,1,1.34,28.18,23/10/2025,18:12:20,Cash,26.84,0.24,6.44,5.7
ALT-202953,Y,Sheffield,Member,Female,Dairy & Eggs,3.93,1,0.2,4.13,23/12/2025,21:45:59,Credit Card,3.93,0.07,0.28,7.9
ALT-202954,X,Liverpool,Normal,Male,Fresh Produce,2.02,8,0.81,16.97,22/08/2025,14:17:31,Debit Card,16.16,0.08,1.29,6.7
ALT-202955,Z,Birmingham,Normal,Male,Baby Products,5.63,7,1.97,41.38,06/02/2025,18:30:39,Credit Card,39.41,0.18,7.09,6.2
ALT-202956,Y,Sheffield,Member,Female,Household,17.4,5,4.35,91.35,21/05/2025,15:00:50,Mobile Wallet,87.0,0.19,16.53,6.6
ALT-202957,Y,Sheffield,Normal,Female,Health & Wellness,24.45,1,1.22,25.67,27/11/2025,18:15:34,Cash,24.45,0.24,5.87,5.5
ALT-202958,X,Liverpool,Member,Female,Dairy & Eggs,2.68,5,0.67,14.07,06/09/2025,13:07:53,Debit Card,13.4,0.07,0.94,7.5
ALT-202959,Z,Birmingham,Normal,Male,Beverages,1.15,13,0.75,15.7,05/08/2025,20:35:47,Debit Card,14.95,0.13,1.94,6.8
ALT-202960,X,Liverpool,Normal,Female,Dairy & Eggs,7.75,7,2.71,56.96,16/12/2025,20:35:35,Credit Card,54.25,0.07,3.8,8.0
ALT-202961,Y,Sheffield,Member,Male,Bakery,6.67,6,2.0,42.02,13/07/2025,11:32:27,Debit Card,40.02,0.11,4.4,7.3
ALT-202962,Z,Birmingham,Member,Male,Dairy & Eggs,1.94,3,0.29,6.11,15/02/2025,16:49:20,Credit Card,5.82,0.07,0.41,5.5
ALT-202963,Z,Birmingham,Normal,Male,Beverages,10.71,1,0.54,11.25,23/06/2025,16:03:25,Debit Card,10.71,0.13,1.39,7.1
ALT-202964,Z,Birmingham,Member,Male,Dairy & Eggs,7.27,2,0.73,15.27,28/07/2025,14:04:11,Debit Card,14.54,0.07,1.02,5.1
ALT-202965,Z,Birmingham,Member,Male,Bakery,3.65,3,0.55,11.5,13/03/2025,18:20:39,Cash,10.95,0.11,1.2,7.6
ALT-202966,Z,Birmingham,Member,Male,Bakery,1.74,5,0.43,9.13,10/01/2025,11:40:34,Debit Card,8.7,0.11,0.96,8.2
ALT-202967,Y,Sheffield,Member,Female,Personal Care,18.59,5,4.65,97.6,03/10/2025,15:09:52,Cash,92.95,0.21,19.52,6.1
ALT-202968,X,Liverpool,Member,Male,Frozen Foods,4.1,12,2.46,51.66,11/05/2025,18:11:34,Cash,49.2,0.1,4.92,6.6
ALT-202969,X,Liverpool,Normal,Female,Personal Care,25.39,7,8.89,186.62,28/11/2025,15:04:20,Credit Card,177.73,0.21,37.32,7.0
ALT-202970,X,Liverpool,Normal,Male,Bakery,6.01,12,3.61,75.73,11/01/2025,15:48:11,Credit Card,72.12,0.11,7.93,8.1
ALT-202971,Z,Birmingham,Normal,Male,Health & Wellness,5.77,5,1.44,30.29,08/07/2025,17:45:33,Cash,28.85,0.24,6.92,6.4
ALT-202972,X,Liverpool,Normal,Male,Fresh Produce,4.68,5,1.17,24.57,11/05/2025,12:53:08,Mobile Wallet,23.4,0.08,1.87,8.1
ALT-202973,Y,Sheffield,Normal,Male,Fresh Produce,3.87,2,0.39,8.13,13/12/2025,14:09:57,Mobile Wallet,7.74,0.08,0.62,5.3
ALT-202974,Z,Birmingham,Member,Female,Bakery,3.21,4,0.64,13.48,14/12/2025,15:10:59,Debit Card,12.84,0.11,1.41,7.0
ALT-202975,Y,Sheffield,Normal,Female,Health & Wellness,17.11,3,2.57,53.9,16/09/2025,08:18:38,Mobile Wallet,51.33,0.24,12.32,7.0
ALT-202976,X,Liverpool,Member,Male,Household,9.79,1,0.49,10.28,09/09/2025,20:24:31,Debit Card,9.79,0.19,1.86,5.6
ALT-202977,X,Liverpool,Normal,Male,Health & Wellness,7.94,1,0.4,8.34,15/09/2025,14:11:28,Cash,7.94,0.24,1.91,5.4
ALT-202978,X,Liverpool,Member,Male,Snacks,5.36,3,0.8,16.88,23/03/2025,19:39:35,Credit Card,16.08,0.17,2.73,6.5
ALT-202979,X,Liverpool,Normal,Female,Dairy & Eggs,3.55,1,0.18,3.73,20/09/2025,14:07:32,Cash,3.55,0.07,0.25,6.7
ALT-202980,Y,Sheffield,Member,Male,Household,6.22,5,1.56,32.66,27/12/2025,14:05:17,Credit Card,31.1,0.19,5.91,7.5
ALT-202981,X,Liverpool,Normal,Male,Household,8.55,2,0.86,17.96,21/07/2025,12:16:02,Cash,17.1,0.19,3.25,6.0
ALT-202982,Z,Birmingham,Member,Male,Bakery,4.03,9,1.81,38.08,07/07/2025,14:17:59,Cash,36.27,0.11,3.99,6.7
ALT-202983,X,Liverpool,Normal,Female,Frozen Foods,11.97,4,2.39,50.27,17/10/2025,16:05:18,Mobile Wallet,47.88,0.1,4.79,4.8
ALT-202984,X,Liverpool,Member,Male,Household,5.22,3,0.78,16.44,25/07/2025,17:05:39,Debit Card,15.66,0.19,2.98,7.6
ALT-202985,X,Liverpool,Member,Male,Dairy & Eggs,5.53,5,1.38,29.03,12/11/2025,19:08:05,Cash,27.65,0.07,1.94,4.9
ALT-202986,Y,Sheffield,Normal,Female,Snacks,4.71,11,2.59,54.4,03/04/2025,13:25:11,Credit Card,51.81,0.17,8.81,6.6
ALT-202987,Y,Sheffield,Normal,Male,Bakery,1.93,2,0.19,4.05,07/07/2025,15:07:24,Credit Card,3.86,0.11,0.42,6.0
ALT-202988,Z,Birmingham,Member,Female,Personal Care,10.85,2,1.08,22.78,09/10/2025,19:36:14,Mobile Wallet,21.7,0.21,4.56,8.6
ALT-202989,Z,Birmingham,Member,Female,Household,12.25,8,4.9,102.9,05/04/2025,10:06:09,Debit Card,98.0,0.19,18.62,6.6
ALT-202990,X,Liverpool,Normal,Male,Beverages,6.58,9,2.96,62.18,09/07/2025,10:58:28,Credit Card,59.22,0.13,7.7,8.3
ALT-202991,Y,Sheffield,Normal,Female,Fresh Produce,3.8,8,1.52,31.92,01/08/2025,12:39:04,Debit Card,30.4,0.08,2.43,5.8
ALT-202992,Y,Sheffield,Member,Female,Frozen Foods,10.51,8,4.2,88.28,30/05/2025,19:06:00,Mobile Wallet,84.08,0.1,8.41,7.4
ALT-202993,Z,Birmingham,Normal,Female,Bakery,1.82,1,0.09,1.91,26/07/2025,14:05:58,Cash,1.82,0.11,0.2,7.4
ALT-202994,Z,Birmingham,Normal,Male,Bakery,7.33,8,2.93,61.57,23/04/2025,10:11:21,Mobile Wallet,58.64,0.11,6.45,7.6
ALT-202995,X,Liverpool,Normal,Male,Dairy & Eggs,4.73,2,0.47,9.93,17/07/2025,13:10:45,Credit Card,9.46,0.07,0.66,5.4
ALT-202996,Z,Birmingham,Normal,Female,Household,3.45,2,0.35,7.25,17/05/2025,14:25:32,Debit Card,6.9,0.19,1.31,4.6
ALT-202997,Y,Sheffield,Normal,Female,Snacks,4.42,3,0.66,13.92,05/05/2025,18:53:17,Debit Card,13.26,0.17,2.25,8.3
ALT-202998,Z,Birmingham,Normal,Male,Personal Care,26.99,6,8.1,170.04,14/07/2025,13:24:06,Mobile Wallet,161.94,0.21,34.01,6.8
ALT-202999,X,Liverpool,Normal,Male,Dairy & Eggs,1.88,8,0.75,15.79,13/11/2025,15:17:41,Credit Card,15.04,0.07,1.05,4.8
ALT-203000,Y,Sheffield,Normal,Female,Fresh Produce,5.08,2,0.51,10.67,10/12/2025,17:12:42,Debit Card,10.16,0.08,0.81,6.2
ALT-203001,Z,Birmingham,Normal,Male,Beverages,10.4,11,5.72,120.12,03/06/2025,20:13:30,Debit Card,114.4,0.13,14.87,5.7
ALT-203002,Y,Sheffield,Member,Female,Personal Care,21.57,5,5.39,113.24,09/10/2025,15:50:12,Debit Card,107.85,0.21,22.65,8.7
ALT-203003,Y,Sheffield,Member,Male,Dairy & Eggs,4.75,10,2.38,49.88,11/07/2025,19:37:50,Cash,47.5,0.07,3.33,5.2
ALT-203004,Y,Sheffield,Normal,Female,Fresh Produce,8.07,7,2.82,59.31,29/12/2025,17:52:40,Debit Card,56.49,0.08,4.52,5.1
ALT-203005,X,Liverpool,Normal,Female,Frozen Foods,2.11,3,0.32,6.65,24/09/2025,20:40:07,Mobile Wallet,6.33,0.1,0.63,7.3
ALT-203006,X,Liverpool,Normal,Male,Household,14.7,3,2.21,46.31,29/04/2025,13:05:55,Credit Card,44.1,0.19,8.38,6.4
ALT-203007,X,Liverpool,Member,Male,Dairy & Eggs,1.61,1,0.08,1.69,26/01/2025,11:05:11,Cash,1.61,0.07,0.11,7.7
ALT-203008,Y,Sheffield,Member,Male,Frozen Foods,11.24,3,1.69,35.41,20/02/2025,11:06:07,Mobile Wallet,33.72,0.1,3.37,7.0
ALT-203009,Z,Birmingham,Member,Female,Health & Wellness,32.99,8,13.2,277.12,29/03/2025,21:21:45,Cash,263.92,0.24,63.34,5.6
ALT-203010,X,Liverpool,Member,Male,Household,13.97,1,0.7,14.67,22/08/2025,09:47:33,Credit Card,13.97,0.19,2.65,6.9
ALT-203011,Z,Birmingham,Normal,Female,Dairy & Eggs,2.03,3,0.3,6.39,13/09/2025,16:16:44,Credit Card,6.09,0.07,0.43,7.2
ALT-203012,X,Liverpool,Normal,Male,Snacks,5.46,5,1.37,28.67,23/09/2025,14:57:45,Credit Card,27.3,0.17,4.64,7.6
ALT-203013,Z,Birmingham,Member,Female,Snacks,5.5,9,2.48,51.98,19/09/2025,09:20:42,Cash,49.5,0.17,8.42,6.8
ALT-203014,Y,Sheffield,Member,Female,Health & Wellness,26.0,1,1.3,27.3,06/05/2025,17:50:37,Credit Card,26.0,0.24,6.24,7.2
ALT-203015,Y,Sheffield,Normal,Female,Personal Care,8.83,8,3.53,74.17,19/03/2025,10:57:16,Debit Card,70.64,0.21,14.83,7.0
ALT-203016,X,Liverpool,Member,Female,Frozen Foods,4.68,3,0.7,14.74,06/08/2025,14:30:13,Debit Card,14.04,0.1,1.4,6.9
ALT-203017,X,Liverpool,Member,Female,Personal Care,26.13,4,5.23,109.75,27/07/2025,20:11:19,Debit Card,104.52,0.21,21.95,7.1
ALT-203018,Y,Sheffield,Member,Female,Beverages,12.36,1,0.62,12.98,26/02/2025,16:00:10,Debit Card,12.36,0.13,1.61,5.9
ALT-203019,Z,Birmingham,Member,Female,Dairy & Eggs,7.09,7,2.48,52.11,13/06/2025,14:12:13,Debit Card,49.63,0.07,3.47,7.7
ALT-203020,Z,Birmingham,Member,Male,Health & Wellness,16.56,9,7.45,156.49,31/03/2025,12:20:17,Credit Card,149.04,0.24,35.77,7.2
ALT-203021,Y,Sheffield,Normal,Male,Snacks,3.72,6,1.12,23.44,10/08/2025,11:21:11,Debit Card,22.32,0.17,3.79,6.5
ALT-203022,Y,Sheffield,Member,Female,Health & Wellness,24.36,1,1.22,25.58,16/10/2025,10:31:05,Credit Card,24.36,0.24,5.85,6.6
ALT-203023,X,Liverpool,Normal,Male,Bakery,1.66,1,0.08,1.74,08/07/2025,15:23:47,Debit Card,1.66,0.11,0.18,5.6
ALT-203024,Y,Sheffield,Member,Female,Household,5.39,4,1.08,22.64,28/10/2025,20:05:16,Credit Card,21.56,0.19,4.1,6.3
ALT-203025,Y,Sheffield,Member,Male,Household,4.0,8,1.6,33.6,10/02/2025,15:24:49,Debit Card,32.0,0.19,6.08,7.5
ALT-203026,X,Liverpool,Normal,Male,Fresh Produce,5.81,10,2.91,61.01,03/11/2025,15:36:06,Cash,58.1,0.08,4.65,6.6
ALT-203027,Y,Sheffield,Normal,Male,Fresh Produce,9.92,4,1.98,41.66,04/12/2025,11:00:17,Cash,39.68,0.08,3.17,6.2
ALT-203028,X,Liverpool,Member,Male,Household,16.72,9,7.52,158.0,22/09/2025,18:16:03,Cash,150.48,0.19,28.59,7.4
ALT-203029,Z,Birmingham,Normal,Male,Health & Wellness,13.94,3,2.09,43.91,05/04/2025,15:14:09,Mobile Wallet,41.82,0.24,10.04,6.3
ALT-203030,Y,Sheffield,Normal,Male,Baby Products,37.33,2,3.73,78.39,08/04/2025,08:56:08,Credit Card,74.66,0.18,13.44,7.0
ALT-203031,X,Liverpool,Member,Female,Fresh Produce,1.24,5,0.31,6.51,16/04/2025,13:34:16,Credit Card,6.2,0.08,0.5,7.1
ALT-203032,Y,Sheffield,Member,Female,Health & Wellness,35.78,4,7.16,150.28,22/03/2025,17:20:40,Mobile Wallet,143.12,0.24,34.35,7.7
ALT-203033,Z,Birmingham,Member,Female,Health & Wellness,25.87,4,5.17,108.65,29/12/2025,15:22:17,Credit Card,103.48,0.24,24.84,6.4
ALT-203034,Z,Birmingham,Member,Male,Beverages,9.3,5,2.33,48.83,05/12/2025,20:46:46,Debit Card,46.5,0.13,6.04,7.8
ALT-203035,Z,Birmingham,Normal,Male,Health & Wellness,4.17,2,0.42,8.76,11/05/2025,20:50:30,Debit Card,8.34,0.24,2.0,7.3
ALT-203036,Z,Birmingham,Member,Female,Snacks,1.27,6,0.38,8.0,30/01/2025,17:33:07,Credit Card,7.62,0.17,1.3,6.0
ALT-203037,Z,Birmingham,Member,Male,Personal Care,13.49,5,3.37,70.82,11/01/2025,20:12:04,Credit Card,67.45,0.21,14.16,5.3
ALT-203038,Z,Birmingham,Member,Male,Fresh Produce,3.8,3,0.57,11.97,04/01/2025,15:55:02,Mobile Wallet,11.4,0.08,0.91,5.4
ALT-203039,X,Liverpool,Normal,Male,Dairy & Eggs,3.01,5,0.75,15.8,31/12/2025,14:29:15,Debit Card,15.05,0.07,1.05,4.9
ALT-203040,X,Liverpool,Normal,Male,Fresh Produce,8.25,4,1.65,34.65,09/12/2025,19:19:47,Credit Card,33.0,0.08,2.64,6.2
ALT-203041,X,Liverpool,Normal,Male,Health & Wellness,17.27,5,4.32,90.67,21/05/2025,15:14:44,Credit Card,86.35,0.24,20.72,6.4
ALT-203042,Y,Sheffield,Normal,Female,Frozen Foods,8.85,7,3.1,65.05,09/02/2025,17:44:31,Cash,61.95,0.1,6.2,6.4
ALT-203043,Z,Birmingham,Normal,Male,Frozen Foods,2.87,2,0.29,6.03,25/11/2025,13:49:33,Credit Card,5.74,0.1,0.57,7.0
ALT-203044,X,Liverpool,Member,Male,Fresh Produce,4.13,7,1.45,30.36,13/04/2025,15:18:54,Mobile Wallet,28.91,0.08,2.31,6.6
ALT-203045,X,Liverpool,Member,Female,Snacks,3.51,7,1.23,25.8,01/12/2025,09:26:43,Cash,24.57,0.17,4.18,6.5
ALT-203046,X,Liverpool,Normal,Male,Snacks,4.7,11,2.59,54.29,23/05/2025,12:53:10,Credit Card,51.7,0.17,8.79,6.9
ALT-203047,Y,Sheffield,Normal,Male,Baby Products,41.81,2,4.18,87.8,21/12/2025,09:07:34,Credit Card,83.62,0.18,15.05,6.3
ALT-203048,Z,Birmingham,Member,Male,Health & Wellness,23.9,6,7.17,150.57,24/02/2025,21:25:57,Debit Card,143.4,0.24,34.42,7.3
ALT-203049,Z,Birmingham,Member,Male,Dairy & Eggs,1.53,5,0.38,8.03,07/10/2025,08:26:33,Credit Card,7.65,0.07,0.54,6.5
ALT-203050,X,Liverpool,Normal,Male,Frozen Foods,9.75,3,1.46,30.71,10/11/2025,17:51:54,Debit Card,29.25,0.1,2.93,7.5
ALT-203051,Z,Birmingham,Member,Male,Dairy & Eggs,6.6,7,2.31,48.51,01/10/2025,13:15:20,Debit Card,46.2,0.07,3.23,6.8
ALT-203052,Y,Sheffield,Member,Male,Dairy & Eggs,6.9,2,0.69,14.49,16/05/2025,17:51:31,Debit Card,13.8,0.07,0.97,6.0
ALT-203053,X,Liverpool,Normal,Male,Personal Care,25.91,5,6.48,136.03,16/08/2025,12:31:41,Debit Card,129.55,0.21,27.21,5.3
ALT-203054,X,Liverpool,Member,Male,Health & Wellness,21.01,4,4.2,88.24,12/08/2025,16:46:54,Debit Card,84.04,0.24,20.17,8.1
ALT-203055,Y,Sheffield,Member,Female,Dairy & Eggs,6.57,8,2.63,55.19,13/02/2025,18:08:07,Credit Card,52.56,0.07,3.68,5.8
ALT-203056,Y,Sheffield,Member,Male,Snacks,4.35,9,1.96,41.11,03/01/2025,13:35:08,Debit Card,39.15,0.17,6.66,5.3
ALT-203057,Z,Birmingham,Normal,Male,Fresh Produce,2.46,13,1.6,33.58,04/07/2025,16:51:33,Mobile Wallet,31.98,0.08,2.56,7.8
ALT-203058,X,Liverpool,Member,Male,Beverages,12.79,1,0.64,13.43,03/09/2025,21:42:57,Debit Card,12.79,0.13,1.66,6.5
ALT-203059,Y,Sheffield,Member,Female,Snacks,2.6,3,0.39,8.19,20/06/2025,17:45:49,Debit Card,7.8,0.17,1.33,6.6
ALT-203060,X,Liverpool,Normal,Male,Fresh Produce,7.19,4,1.44,30.2,02/08/2025,11:26:55,Credit Card,28.76,0.08,2.3,5.9
ALT-203061,Y,Sheffield,Normal,Female,Bakery,6.02,3,0.9,18.96,10/01/2025,17:54:56,Debit Card,18.06,0.11,1.99,6.1
ALT-203062,X,Liverpool,Normal,Female,Beverages,6.24,8,2.5,52.42,10/12/2025,20:22:06,Cash,49.92,0.13,6.49,7.1
ALT-203063,Y,Sheffield,Normal,Male,Beverages,10.32,4,2.06,43.34,14/03/2025,10:25:43,Cash,41.28,0.13,5.37,7.5
ALT-203064,X,Liverpool,Member,Female,Health & Wellness,12.68,6,3.8,79.88,25/05/2025,11:55:38,Debit Card,76.08,0.24,18.26,7.7
ALT-203065,Y,Sheffield,Member,Male,Health & Wellness,10.44,9,4.7,98.66,19/06/2025,19:31:45,Mobile Wallet,93.96,0.24,22.55,6.6
ALT-203066,X,Liverpool,Member,Male,Beverages,15.75,9,7.09,148.84,20/11/2025,17:57:33,Cash,141.75,0.13,18.43,6.1
ALT-203067,Z,Birmingham,Normal,Female,Health & Wellness,31.98,8,12.79,268.63,16/12/2025,11:17:21,Credit Card,255.84,0.24,61.4,7.4
ALT-203068,X,Liverpool,Normal,Female,Personal Care,3.99,7,1.4,29.33,08/12/2025,13:16:43,Credit Card,27.93,0.21,5.87,7.4
ALT-203069,X,Liverpool,Member,Male,Dairy & Eggs,6.08,2,0.61,12.77,04/05/2025,15:51:51,Mobile Wallet,12.16,0.07,0.85,6.5
ALT-203070,Z,Birmingham,Member,Male,Snacks,2.13,12,1.28,26.84,22/05/2025,10:15:48,Credit Card,25.56,0.17,4.35,6.1
ALT-203071,Y,Sheffield,Member,Female,Household,5.84,2,0.58,12.26,15/07/2025,12:47:45,Debit Card,11.68,0.19,2.22,7.9
ALT-203072,Y,Sheffield,Member,Female,Personal Care,19.23,2,1.92,40.38,10/06/2025,14:39:55,Credit Card,38.46,0.21,8.08,6.7
ALT-203073,Z,Birmingham,Member,Male,Baby Products,5.29,10,2.65,55.55,24/06/2025,10:01:55,Credit Card,52.9,0.18,9.52,8.3
ALT-203074,Z,Birmingham,Member,Male,Personal Care,15.32,7,5.36,112.6,13/06/2025,16:11:52,Credit Card,107.24,0.21,22.52,6.8
ALT-203075,Y,Sheffield,Member,Male,Beverages,7.7,10,3.85,80.85,08/09/2025,12:50:31,Credit Card,77.0,0.13,10.01,6.0
ALT-203076,X,Liverpool,Normal,Female,Beverages,8.72,10,4.36,91.56,20/09/2025,18:33:35,Debit Card,87.2,0.13,11.34,6.1
ALT-203077,Y,Sheffield,Member,Male,Fresh Produce,4.3,10,2.15,45.15,04/07/2025,18:45:33,Mobile Wallet,43.0,0.08,3.44,5.6
ALT-203078,Y,Sheffield,Normal,Male,Bakery,3.31,2,0.33,6.95,11/02/2025,15:56:44,Credit Card,6.62,0.11,0.73,6.1
ALT-203079,X,Liverpool,Normal,Female,Baby Products,10.76,4,2.15,45.19,22/01/2025,15:05:28,Credit Card,43.04,0.18,7.75,7.2
ALT-203080,Y,Sheffield,Member,Male,Frozen Foods,16.4,1,0.82,17.22,05/03/2025,17:13:22,Credit Card,16.4,0.1,1.64,7.1
ALT-203081,Y,Sheffield,Normal,Male,Household,10.46,6,3.14,65.9,31/12/2025,18:43:07,Debit Card,62.76,0.19,11.92,5.2
ALT-203082,X,Liverpool,Member,Male,Beverages,2.46,8,0.98,20.66,12/03/2025,13:39:18,Debit Card,19.68,0.13,2.56,6.0
ALT-203083,Z,Birmingham,Member,Male,Snacks,5.48,12,3.29,69.05,17/01/2025,12:03:56,Mobile Wallet,65.76,0.17,11.18,6.2
ALT-203084,X,Liverpool,Normal,Male,Snacks,1.11,1,0.06,1.17,03/03/2025,14:16:39,Credit Card,1.11,0.17,0.19,7.1
ALT-203085,Y,Sheffield,Normal,Male,Baby Products,4.75,3,0.71,14.96,17/05/2025,16:35:50,Credit Card,14.25,0.18,2.56,6.5
ALT-203086,Y,Sheffield,Member,Male,Fresh Produce,3.93,2,0.39,8.25,24/10/2025,11:12:01,Debit Card,7.86,0.08,0.63,6.4
ALT-203087,X,Liverpool,Normal,Female,Health & Wellness,35.36,12,21.22,445.54,20/10/2025,19:25:14,Mobile Wallet,424.32,0.24,101.84,4.9
ALT-203088,X,Liverpool,Member,Male,Bakery,1.78,1,0.09,1.87,05/06/2025,21:17:48,Debit Card,1.78,0.11,0.2,5.7
ALT-203089,X,Liverpool,Member,Male,Household,17.22,3,2.58,54.24,12/11/2025,19:12:30,Cash,51.66,0.19,9.82,5.5
ALT-203090,Z,Birmingham,Member,Male,Baby Products,16.15,2,1.61,33.91,14/09/2025,12:17:24,Debit Card,32.3,0.18,5.81,8.0
ALT-203091,X,Liverpool,Member,Female,Household,14.71,3,2.21,46.34,04/10/2025,08:13:47,Debit Card,44.13,0.19,8.38,6.5
ALT-203092,X,Liverpool,Member,Female,Bakery,7.33,3,1.1,23.09,06/10/2025,12:19:48,Credit Card,21.99,0.11,2.42,5.7
ALT-203093,Y,Sheffield,Normal,Female,Frozen Foods,11.48,2,1.15,24.11,28/12/2025,17:35:30,Mobile Wallet,22.96,0.1,2.3,5.4
ALT-203094,Z,Birmingham,Member,Female,Baby Products,4.72,2,0.47,9.91,30/01/2025,13:41:26,Debit Card,9.44,0.18,1.7,5.0
ALT-203095,Y,Sheffield,Member,Female,Baby Products,14.13,2,1.41,29.67,09/06/2025,17:21:38,Mobile Wallet,28.26,0.18,5.09,5.8
ALT-203096,Y,Sheffield,Member,Female,Bakery,4.84,4,0.97,20.33,14/07/2025,20:35:04,Debit Card,19.36,0.11,2.13,4.7
ALT-203097,Z,Birmingham,Member,Male,Health & Wellness,9.29,5,2.32,48.77,04/05/2025,14:54:40,Debit Card,46.45,0.24,11.15,9.5
ALT-203098,Y,Sheffield,Normal,Female,Dairy & Eggs,1.81,1,0.09,1.9,04/02/2025,08:14:30,Mobile Wallet,1.81,0.07,0.13,6.4
ALT-203099,Y,Sheffield,Normal,Male,Beverages,10.92,6,3.28,68.8,25/01/2025,14:06:27,Debit Card,65.52,0.13,8.52,6.5
ALT-203100,X,Liverpool,Member,Male,Beverages,6.3,1,0.32,6.62,19/02/2025,12:27:33,Credit Card,6.3,0.13,0.82,7.9
ALT-203101,X,Liverpool,Normal,Male,Frozen Foods,5.12,4,1.02,21.5,26/03/2025,13:58:12,Credit Card,20.48,0.1,2.05,6.8
ALT-203102,X,Liverpool,Normal,Male,Snacks,2.36,5,0.59,12.39,16/04/2025,14:13:23,Mobile Wallet,11.8,0.17,2.01,5.1
ALT-203103,Z,Birmingham,Member,Female,Snacks,4.5,6,1.35,28.35,17/07/2025,17:30:33,Debit Card,27.0,0.17,4.59,7.4
ALT-203104,X,Liverpool,Member,Male,Health & Wellness,15.31,1,0.77,16.08,19/11/2025,14:50:26,Cash,15.31,0.24,3.67,6.2
ALT-203105,Z,Birmingham,Member,Male,Frozen Foods,2.34,3,0.35,7.37,11/12/2025,14:25:21,Credit Card,7.02,0.1,0.7,7.2
ALT-203106,Z,Birmingham,Normal,Male,Baby Products,19.22,2,1.92,40.36,22/08/2025,17:04:05,Debit Card,38.44,0.18,6.92,6.9
ALT-203107,Z,Birmingham,Normal,Female,Health & Wellness,20.92,3,3.14,65.9,28/05/2025,15:47:44,Mobile Wallet,62.76,0.24,15.06,6.8
ALT-203108,X,Liverpool,Member,Male,Snacks,3.44,1,0.17,3.61,19/06/2025,12:34:27,Mobile Wallet,3.44,0.17,0.58,5.5
ALT-203109,X,Liverpool,Normal,Male,Snacks,4.1,4,0.82,17.22,06/04/2025,14:16:34,Cash,16.4,0.17,2.79,6.4
ALT-203110,Z,Birmingham,Normal,Male,Snacks,1.93,1,0.1,2.03,01/04/2025,16:50:22,Mobile Wallet,1.93,0.17,0.33,6.5
ALT-203111,X,Liverpool,Normal,Female,Health & Wellness,13.41,2,1.34,28.16,19/03/2025,20:30:16,Cash,26.82,0.24,6.44,7.4
ALT-203112,X,Liverpool,Normal,Female,Bakery,6.26,3,0.94,19.72,20/01/2025,21:54:55,Mobile Wallet,18.78,0.11,2.07,8.5
ALT-203113,Y,Sheffield,Member,Male,Personal Care,15.15,4,3.03,63.63,09/04/2025,18:34:09,Mobile Wallet,60.6,0.21,12.73,8.1
ALT-203114,X,Liverpool,Normal,Male,Fresh Produce,6.02,4,1.2,25.28,15/10/2025,11:31:24,Cash,24.08,0.08,1.93,7.1
ALT-203115,Y,Sheffield,Normal,Male,Dairy & Eggs,3.55,2,0.35,7.45,11/10/2025,18:23:09,Debit Card,7.1,0.07,0.5,7.1
ALT-203116,Y,Sheffield,Member,Female,Health & Wellness,40.23,13,26.15,549.14,11/12/2025,10:02:57,Credit Card,522.99,0.24,125.52,6.5
ALT-203117,Z,Birmingham,Normal,Male,Frozen Foods,3.31,1,0.17,3.48,25/08/2025,21:14:22,Debit Card,3.31,0.1,0.33,6.3
ALT-203118,Z,Birmingham,Normal,Female,Fresh Produce,8.89,8,3.56,74.68,30/07/2025,18:38:03,Mobile Wallet,71.12,0.08,5.69,5.5
ALT-203119,Y,Sheffield,Member,Female,Dairy & Eggs,3.79,6,1.14,23.88,30/01/2025,17:36:56,Mobile Wallet,22.74,0.07,1.59,7.7
ALT-203120,Y,Sheffield,Normal,Female,Frozen Foods,8.52,3,1.28,26.84,01/10/2025,18:19:11,Debit Card,25.56,0.1,2.56,6.0
ALT-203121,Y,Sheffield,Member,Male,Beverages,10.13,3,1.52,31.91,05/09/2025,16:51:21,Credit Card,30.39,0.13,3.95,7.5
ALT-203122,Z,Birmingham,Normal,Male,Household,10.07,2,1.01,21.15,17/07/2025,17:18:26,Credit Card,20.14,0.19,3.83,6.3
ALT-203123,X,Liverpool,Member,Female,Health & Wellness,13.54,1,0.68,14.22,07/05/2025,15:27:34,Debit Card,13.54,0.24,3.25,6.5
ALT-203124,Z,Birmingham,Member,Female,Personal Care,17.2,3,2.58,54.18,05/03/2025,13:44:48,Credit Card,51.6,0.21,10.84,6.2
ALT-203125,Z,Birmingham,Normal,Male,Personal Care,23.04,8,9.22,193.54,01/05/2025,12:47:50,Credit Card,184.32,0.21,38.71,7.0
ALT-203126,X,Liverpool,Normal,Female,Beverages,12.89,7,4.51,94.74,19/05/2025,13:20:00,Mobile Wallet,90.23,0.13,11.73,7.2
ALT-203127,X,Liverpool,Normal,Male,Snacks,1.48,2,0.15,3.11,16/02/2025,11:01:35,Debit Card,2.96,0.17,0.5,7.0
ALT-203128,Z,Birmingham,Member,Male,Household,8.46,11,4.65,97.71,26/01/2025,14:51:19,Debit Card,93.06,0.19,17.68,6.9
ALT-203129,Y,Sheffield,Normal,Female,Dairy & Eggs,4.3,7,1.51,31.61,28/11/2025,11:31:52,Cash,30.1,0.07,2.11,7.9
ALT-203130,X,Liverpool,Member,Male,Fresh Produce,6.12,2,0.61,12.85,25/02/2025,17:45:15,Debit Card,12.24,0.08,0.98,6.3
ALT-203131,X,Liverpool,Member,Male,Bakery,7.82,1,0.39,8.21,25/12/2025,16:37:34,Mobile Wallet,7.82,0.11,0.86,7.4
ALT-203132,Y,Sheffield,Member,Female,Health & Wellness,23.83,11,13.11,275.24,06/11/2025,12:36:26,Credit Card,262.13,0.24,62.91,7.3
ALT-203133,Y,Sheffield,Member,Female,Household,22.62,2,2.26,47.5,05/11/2025,16:04:54,Credit Card,45.24,0.19,8.6,8.0
ALT-203134,Z,Birmingham,Normal,Male,Baby Products,14.07,1,0.7,14.77,20/02/2025,10:16:35,Credit Card,14.07,0.18,2.53,6.7
ALT-203135,X,Liverpool,Normal,Female,Baby Products,7.4,2,0.74,15.54,16/06/2025,12:25:49,Debit Card,14.8,0.18,2.66,6.0
ALT-203136,Y,Sheffield,Normal,Female,Frozen Foods,6.17,10,3.09,64.79,18/03/2025,10:42:24,Credit Card,61.7,0.1,6.17,8.9
ALT-203137,Z,Birmingham,Normal,Male,Personal Care,27.47,2,2.75,57.69,26/05/2025,15:59:10,Credit Card,54.94,0.21,11.54,5.6
ALT-203138,X,Liverpool,Member,Female,Snacks,2.94,4,0.59,12.35,31/08/2025,17:00:33,Debit Card,11.76,0.17,2.0,7.1
ALT-203139,Z,Birmingham,Member,Female,Household,16.81,2,1.68,35.3,09/12/2025,15:13:21,Credit Card,33.62,0.19,6.39,6.7
ALT-203140,Y,Sheffield,Normal,Female,Health & Wellness,18.69,13,12.15,255.12,15/09/2025,13:28:09,Debit Card,242.97,0.24,58.31,8.6
ALT-203141,Z,Birmingham,Member,Male,Snacks,1.13,4,0.23,4.75,14/11/2025,18:41:36,Debit Card,4.52,0.17,0.77,7.4
ALT-203142,Y,Sheffield,Normal,Male,Snacks,4.02,2,0.4,8.44,23/06/2025,13:57:52,Debit Card,8.04,0.17,1.37,5.8
ALT-203143,X,Liverpool,Member,Female,Fresh Produce,2.76,8,1.1,23.18,12/03/2025,16:28:29,Credit Card,22.08,0.08,1.77,6.7
ALT-203144,X,Liverpool,Normal,Male,Household,7.16,7,2.51,52.63,09/07/2025,10:26:27,Mobile Wallet,50.12,0.19,9.52,6.0
ALT-203145,X,Liverpool,Member,Female,Dairy & Eggs,4.48,4,0.9,18.82,21/11/2025,18:25:05,Debit Card,17.92,0.07,1.25,6.2
ALT-203146,X,Liverpool,Normal,Female,Beverages,10.35,7,3.62,76.07,15/10/2025,17:42:55,Debit Card,72.45,0.13,9.42,7.9
ALT-203147,X,Liverpool,Member,Female,Frozen Foods,17.11,1,0.86,17.97,13/08/2025,09:17:55,Debit Card,17.11,0.1,1.71,4.3
ALT-203148,X,Liverpool,Normal,Male,Beverages,6.23,11,3.43,71.96,09/10/2025,18:51:09,Credit Card,68.53,0.13,8.91,7.8
ALT-203149,Y,Sheffield,Normal,Female,Dairy & Eggs,4.24,6,1.27,26.71,28/02/2025,18:22:37,Mobile Wallet,25.44,0.07,1.78,6.8
ALT-203150,Z,Birmingham,Normal,Male,Baby Products,23.98,3,3.6,75.54,26/12/2025,17:33:42,Debit Card,71.94,0.18,12.95,5.6
ALT-203151,Z,Birmingham,Normal,Female,Bakery,11.35,3,1.7,35.75,01/11/2025,16:39:29,Mobile Wallet,34.05,0.11,3.75,4.7
ALT-203152,Z,Birmingham,Member,Female,Fresh Produce,3.94,4,0.79,16.55,22/09/2025,12:51:31,Credit Card,15.76,0.08,1.26,6.9
ALT-203153,Y,Sheffield,Normal,Male,Frozen Foods,5.15,1,0.26,5.41,23/12/2025,12:26:46,Debit Card,5.15,0.1,0.52,7.6
ALT-203154,Y,Sheffield,Member,Female,Beverages,2.44,6,0.73,15.37,06/07/2025,13:49:35,Mobile Wallet,14.64,0.13,1.9,8.9
ALT-203155,Y,Sheffield,Member,Male,Snacks,2.54,6,0.76,16.0,12/07/2025,17:36:40,Mobile Wallet,15.24,0.17,2.59,7.8
ALT-203156,Z,Birmingham,Normal,Female,Personal Care,16.68,1,0.83,17.51,27/06/2025,16:25:17,Credit Card,16.68,0.21,3.5,5.6
ALT-203157,Y,Sheffield,Normal,Male,Beverages,9.51,2,0.95,19.97,12/02/2025,21:49:28,Credit Card,19.02,0.13,2.47,6.1
ALT-203158,X,Liverpool,Member,Male,Baby Products,6.54,9,2.94,61.8,11/03/2025,20:40:55,Cash,58.86,0.18,10.59,7.6
ALT-203159,X,Liverpool,Member,Male,Baby Products,10.48,2,1.05,22.01,01/03/2025,14:47:46,Mobile Wallet,20.96,0.18,3.77,6.2
ALT-203160,Y,Sheffield,Normal,Male,Beverages,3.23,4,0.65,13.57,16/04/2025,21:36:09,Credit Card,12.92,0.13,1.68,8.4
ALT-203161,Y,Sheffield,Member,Male,Beverages,2.58,8,1.03,21.67,26/05/2025,14:17:15,Debit Card,20.64,0.13,2.68,7.1
ALT-203162,Z,Birmingham,Normal,Male,Personal Care,8.52,1,0.43,8.95,12/03/2025,14:33:42,Credit Card,8.52,0.21,1.79,6.9
ALT-203163,X,Liverpool,Normal,Male,Bakery,9.19,3,1.38,28.95,09/04/2025,15:06:27,Cash,27.57,0.11,3.03,5.4
ALT-203164,Y,Sheffield,Member,Male,Health & Wellness,18.48,5,4.62,97.02,08/01/2025,15:35:34,Mobile Wallet,92.4,0.24,22.18,6.2
ALT-203165,Y,Sheffield,Member,Female,Bakery,4.88,2,0.49,10.25,21/05/2025,18:50:38,Credit Card,9.76,0.11,1.07,8.3
ALT-203166,Z,Birmingham,Normal,Female,Bakery,9.18,6,2.75,57.83,13/10/2025,13:41:35,Cash,55.08,0.11,6.06,8.4
ALT-203167,Y,Sheffield,Member,Male,Personal Care,17.95,4,3.59,75.39,26/04/2025,13:34:12,Cash,71.8,0.21,15.08,6.2
ALT-203168,Y,Sheffield,Member,Male,Frozen Foods,14.82,3,2.22,46.68,03/09/2025,16:41:21,Mobile Wallet,44.46,0.1,4.45,8.6
ALT-203169,Y,Sheffield,Member,Female,Baby Products,32.34,4,6.47,135.83,08/08/2025,17:30:10,Credit Card,129.36,0.18,23.28,7.8
ALT-203170,Y,Sheffield,Member,Female,Beverages,10.45,12,6.27,131.67,28/04/2025,21:57:54,Debit Card,125.4,0.13,16.3,9.4
ALT-203171,X,Liverpool,Member,Female,Personal Care,14.24,5,3.56,74.76,01/04/2025,13:00:59,Credit Card,71.2,0.21,14.95,6.4
ALT-203172,X,Liverpool,Member,Male,Health & Wellness,29.55,5,7.39,155.14,25/07/2025,20:09:51,Cash,147.75,0.24,35.46,7.6
ALT-203173,Y,Sheffield,Member,Female,Dairy & Eggs,4.69,1,0.23,4.92,23/06/2025,15:23:50,Debit Card,4.69,0.07,0.33,6.2
ALT-203174,Z,Birmingham,Member,Male,Snacks,6.3,7,2.21,46.31,30/03/2025,21:22:53,Debit Card,44.1,0.17,7.5,6.9
ALT-203175,Z,Birmingham,Normal,Male,Dairy & Eggs,5.91,3,0.89,18.62,03/02/2025,13:53:46,Credit Card,17.73,0.07,1.24,6.5
ALT-203176,Y,Sheffield,Member,Female,Beverages,9.75,2,0.98,20.48,07/10/2025,15:44:28,Debit Card,19.5,0.13,2.54,8.1
ALT-203177,Z,Birmingham,Normal,Female,Frozen Foods,11.31,1,0.57,11.88,09/09/2025,15:10:36,Cash,11.31,0.1,1.13,5.3
ALT-203178,X,Liverpool,Normal,Female,Bakery,2.1,2,0.21,4.41,01/04/2025,16:20:53,Credit Card,4.2,0.11,0.46,7.5
ALT-203179,Z,Birmingham,Normal,Male,Household,8.59,1,0.43,9.02,23/01/2025,14:26:38,Debit Card,8.59,0.19,1.63,6.1
ALT-203180,Y,Sheffield,Normal,Male,Snacks,4.39,12,2.63,55.31,27/02/2025,11:59:30,Credit Card,52.68,0.17,8.96,5.8
ALT-203181,X,Liverpool,Member,Female,Baby Products,18.73,1,0.94,19.67,23/07/2025,09:45:49,Debit Card,18.73,0.18,3.37,5.1
ALT-203182,X,Liverpool,Member,Male,Frozen Foods,5.99,2,0.6,12.58,02/01/2025,12:03:43,Credit Card,11.98,0.1,1.2,6.2
ALT-203183,Y,Sheffield,Normal,Male,Health & Wellness,26.83,7,9.39,197.2,21/10/2025,13:47:49,Mobile Wallet,187.81,0.24,45.07,6.5
ALT-203184,X,Liverpool,Member,Female,Health & Wellness,34.34,3,5.15,108.17,09/11/2025,12:13:16,Debit Card,103.02,0.24,24.72,6.6
ALT-203185,Y,Sheffield,Normal,Male,Frozen Foods,6.99,6,2.1,44.04,13/02/2025,17:37:30,Debit Card,41.94,0.1,4.19,6.0
ALT-203186,X,Liverpool,Member,Female,Health & Wellness,19.64,1,0.98,20.62,13/02/2025,11:28:35,Debit Card,19.64,0.24,4.71,5.5
ALT-203187,Y,Sheffield,Member,Male,Household,7.01,6,2.1,44.16,20/11/2025,12:28:11,Mobile Wallet,42.06,0.19,7.99,8.2
ALT-203188,X,Liverpool,Member,Male,Snacks,4.39,7,1.54,32.27,18/03/2025,18:47:21,Credit Card,30.73,0.17,5.22,7.7
ALT-203189,Y,Sheffield,Member,Male,Fresh Produce,7.01,4,1.4,29.44,08/01/2025,13:23:31,Credit Card,28.04,0.08,2.24,5.6
ALT-203190,X,Liverpool,Member,Male,Bakery,3.47,4,0.69,14.57,30/04/2025,17:54:35,Cash,13.88,0.11,1.53,7.0
ALT-203191,Z,Birmingham,Member,Male,Beverages,6.18,8,2.47,51.91,28/05/2025,10:16:31,Credit Card,49.44,0.13,6.43,7.3
ALT-203192,Z,Birmingham,Member,Male,Health & Wellness,3.62,2,0.36,7.6,13/02/2025,16:32:57,Mobile Wallet,7.24,0.24,1.74,7.7
ALT-203193,Z,Birmingham,Normal,Female,Fresh Produce,8.1,1,0.41,8.51,15/04/2025,15:27:12,Debit Card,8.1,0.08,0.65,6.1
ALT-203194,Z,Birmingham,Member,Female,Snacks,1.51,3,0.23,4.76,21/09/2025,17:24:41,Debit Card,4.53,0.17,0.77,5.8
ALT-203195,Y,Sheffield,Normal,Female,Bakery,1.71,2,0.17,3.59,16/09/2025,12:38:26,Credit Card,3.42,0.11,0.38,6.4
ALT-203196,Y,Sheffield,Normal,Female,Fresh Produce,1.5,5,0.38,7.88,14/11/2025,08:50:08,Debit Card,7.5,0.08,0.6,8.4
ALT-203197,Y,Sheffield,Member,Female,Dairy & Eggs,5.72,7,2.0,42.04,08/02/2025,19:35:31,Cash,40.04,0.07,2.8,7.8
ALT-203198,X,Liverpool,Member,Female,Frozen Foods,17.14,5,4.29,89.99,08/07/2025,13:38:52,Debit Card,85.7,0.1,8.57,7.3
ALT-203199,Z,Birmingham,Normal,Male,Health & Wellness,40.84,1,2.04,42.88,10/09/2025,09:38:28,Credit Card,40.84,0.24,9.8,5.4
ALT-203200,Y,Sheffield,Normal,Male,Bakery,4.48,7,1.57,32.93,07/02/2025,10:58:30,Mobile Wallet,31.36,0.11,3.45,5.6
ALT-203201,Y,Sheffield,Member,Male,Beverages,6.43,8,2.57,54.01,26/01/2025,08:05:50,Debit Card,51.44,0.13,6.69,6.4
ALT-203202,Y,Sheffield,Member,Male,Fresh Produce,11.36,12,6.82,143.14,27/12/2025,10:25:08,Credit Card,136.32,0.08,10.91,7.5
ALT-203203,Z,Birmingham,Member,Female,Dairy & Eggs,4.15,1,0.21,4.36,11/11/2025,10:31:17,Mobile Wallet,4.15,0.07,0.29,7.4
ALT-203204,Z,Birmingham,Member,Female,Dairy & Eggs,8.97,2,0.9,18.84,17/11/2025,11:22:03,Debit Card,17.94,0.07,1.26,6.1
ALT-203205,Y,Sheffield,Normal,Female,Frozen Foods,14.23,6,4.27,89.65,08/04/2025,13:55:05,Credit Card,85.38,0.1,8.54,4.3
ALT-203206,Y,Sheffield,Normal,Male,Baby Products,15.7,12,9.42,197.82,24/07/2025,11:21:06,Debit Card,188.4,0.18,33.91,5.1
ALT-203207,Y,Sheffield,Normal,Male,Fresh Produce,4.68,2,0.47,9.83,09/03/2025,11:09:15,Mobile Wallet,9.36,0.08,0.75,5.9
ALT-203208,Y,Sheffield,Normal,Female,Beverages,5.48,3,0.82,17.26,29/12/2025,14:57:50,Credit Card,16.44,0.13,2.14,7.1
ALT-203209,Y,Sheffield,Member,Female,Bakery,8.98,2,0.9,18.86,18/09/2025,21:54:10,Debit Card,17.96,0.11,1.98,7.1
ALT-203210,X,Liverpool,Member,Male,Frozen Foods,4.63,3,0.69,14.58,10/09/2025,19:07:14,Debit Card,13.89,0.1,1.39,6.9
ALT-203211,Y,Sheffield,Member,Male,Household,6.66,1,0.33,6.99,09/04/2025,09:15:23,Credit Card,6.66,0.19,1.27,7.5
ALT-203212,Y,Sheffield,Member,Male,Dairy & Eggs,5.59,3,0.84,17.61,16/04/2025,16:03:27,Credit Card,16.77,0.07,1.17,6.9
ALT-203213,Z,Birmingham,Member,Male,Beverages,8.08,4,1.62,33.94,24/04/2025,14:42:09,Debit Card,32.32,0.13,4.2,7.2
ALT-203214,Z,Birmingham,Member,Female,Personal Care,20.68,9,9.31,195.43,29/01/2025,18:38:02,Credit Card,186.12,0.21,39.09,7.6
ALT-203215,Y,Sheffield,Member,Female,Beverages,1.06,6,0.32,6.68,12/07/2025,13:46:52,Credit Card,6.36,0.13,0.83,6.3
ALT-203216,X,Liverpool,Normal,Female,Beverages,0.95,6,0.29,5.99,19/01/2025,21:00:39,Debit Card,5.7,0.13,0.74,6.6
ALT-203217,Z,Birmingham,Member,Male,Bakery,6.53,3,0.98,20.57,18/08/2025,14:53:15,Credit Card,19.59,0.11,2.15,6.3
ALT-203218,Y,Sheffield,Member,Female,Household,8.12,1,0.41,8.53,01/01/2025,13:40:39,Mobile Wallet,8.12,0.19,1.54,7.1
ALT-203219,Y,Sheffield,Normal,Male,Snacks,2.79,3,0.42,8.79,13/02/2025,14:26:36,Credit Card,8.37,0.17,1.42,5.3
ALT-203220,Z,Birmingham,Member,Female,Household,20.62,2,2.06,43.3,18/10/2025,20:16:54,Credit Card,41.24,0.19,7.84,7.6
ALT-203221,X,Liverpool,Normal,Female,Beverages,2.03,7,0.71,14.92,25/07/2025,19:12:21,Debit Card,14.21,0.13,1.85,5.3
ALT-203222,X,Liverpool,Normal,Male,Fresh Produce,4.03,7,1.41,29.62,10/09/2025,16:49:27,Credit Card,28.21,0.08,2.26,5.2
ALT-203223,X,Liverpool,Normal,Female,Baby Products,40.62,4,8.12,170.6,07/11/2025,15:24:50,Credit Card,162.48,0.18,29.25,6.0
ALT-203224,Z,Birmingham,Member,Female,Beverages,4.76,6,1.43,29.99,04/07/2025,16:04:32,Cash,28.56,0.13,3.71,5.7
ALT-203225,Y,Sheffield,Member,Female,Bakery,3.51,3,0.53,11.06,26/06/2025,15:26:00,Credit Card,10.53,0.11,1.16,7.7
ALT-203226,X,Liverpool,Member,Male,Frozen Foods,1.82,7,0.64,13.38,10/05/2025,16:23:14,Debit Card,12.74,0.1,1.27,6.7
ALT-203227,Y,Sheffield,Normal,Female,Frozen Foods,11.44,5,2.86,60.06,25/02/2025,19:51:13,Mobile Wallet,57.2,0.1,5.72,4.6
ALT-203228,X,Liverpool,Normal,Female,Health & Wellness,35.9,8,14.36,301.56,23/08/2025,15:41:59,Debit Card,287.2,0.24,68.93,6.1
ALT-203229,Z,Birmingham,Member,Female,Dairy & Eggs,4.07,4,0.81,17.09,29/10/2025,10:02:32,Credit Card,16.28,0.07,1.14,6.1
ALT-203230,X,Liverpool,Member,Male,Personal Care,14.69,8,5.88,123.4,11/03/2025,10:39:31,Credit Card,117.52,0.21,24.68,6.5
ALT-203231,X,Liverpool,Normal,Female,Bakery,6.89,7,2.41,50.64,17/08/2025,12:33:42,Debit Card,48.23,0.11,5.31,7.6
ALT-203232,Y,Sheffield,Normal,Male,Household,10.81,7,3.78,79.45,13/04/2025,16:22:29,Credit Card,75.67,0.19,14.38,6.3
ALT-203233,Z,Birmingham,Member,Male,Bakery,3.78,6,1.13,23.81,14/06/2025,11:55:49,Credit Card,22.68,0.11,2.49,7.8
ALT-203234,Y,Sheffield,Member,Male,Fresh Produce,9.15,2,0.92,19.22,18/03/2025,21:28:56,Mobile Wallet,18.3,0.08,1.46,7.9
ALT-203235,Y,Sheffield,Member,Female,Snacks,2.68,2,0.27,5.63,16/03/2025,16:19:55,Debit Card,5.36,0.17,0.91,7.6
ALT-203236,Z,Birmingham,Normal,Male,Snacks,2.28,12,1.37,28.73,31/10/2025,08:37:09,Cash,27.36,0.17,4.65,6.5
ALT-203237,Z,Birmingham,Normal,Male,Snacks,3.73,5,0.93,19.58,08/03/2025,17:29:15,Mobile Wallet,18.65,0.17,3.17,5.1
ALT-203238,Y,Sheffield,Member,Female,Frozen Foods,15.29,5,3.82,80.27,28/09/2025,17:54:32,Credit Card,76.45,0.1,7.65,6.1
ALT-203239,X,Liverpool,Normal,Male,Household,14.74,6,4.42,92.86,28/06/2025,20:28:28,Credit Card,88.44,0.19,16.8,5.4
ALT-203240,Z,Birmingham,Member,Female,Bakery,9.72,9,4.37,91.85,26/08/2025,18:38:20,Debit Card,87.48,0.11,9.62,8.4
ALT-203241,Y,Sheffield,Member,Male,Health & Wellness,29.11,5,7.28,152.83,24/08/2025,12:15:10,Credit Card,145.55,0.24,34.93,6.4
ALT-203242,Z,Birmingham,Normal,Female,Bakery,7.81,1,0.39,8.2,29/04/2025,08:06:43,Debit Card,7.81,0.11,0.86,7.6
ALT-203243,Y,Sheffield,Normal,Male,Fresh Produce,8.76,6,2.63,55.19,11/03/2025,18:48:08,Debit Card,52.56,0.08,4.2,4.8
ALT-203244,Y,Sheffield,Normal,Male,Baby Products,40.68,6,12.2,256.28,20/10/2025,10:37:50,Credit Card,244.08,0.18,43.93,6.0
ALT-203245,Y,Sheffield,Normal,Male,Personal Care,24.98,5,6.25,131.15,28/10/2025,19:52:53,Credit Card,124.9,0.21,26.23,5.1
ALT-203246,X,Liverpool,Member,Male,Personal Care,17.02,11,9.36,196.58,13/02/2025,15:14:35,Debit Card,187.22,0.21,39.32,7.7
ALT-203247,Z,Birmingham,Normal,Male,Beverages,9.57,5,2.39,50.24,21/11/2025,16:55:15,Cash,47.85,0.13,6.22,5.3
ALT-203248,Z,Birmingham,Member,Female,Household,19.84,5,4.96,104.16,22/01/2025,16:52:23,Debit Card,99.2,0.19,18.85,5.1
ALT-203249,X,Liverpool,Normal,Female,Bakery,1.48,8,0.59,12.43,20/02/2025,13:30:08,Debit Card,11.84,0.11,1.3,5.9
ALT-203250,Z,Birmingham,Member,Female,Snacks,5.36,3,0.8,16.88,23/10/2025,10:08:46,Mobile Wallet,16.08,0.17,2.73,6.1
ALT-203251,Y,Sheffield,Normal,Male,Frozen Foods,9.55,3,1.43,30.08,06/02/2025,17:06:25,Debit Card,28.65,0.1,2.87,6.8
ALT-203252,X,Liverpool,Member,Male,Household,10.08,1,0.5,10.58,15/07/2025,12:13:23,Cash,10.08,0.19,1.92,7.9
ALT-203253,Y,Sheffield,Member,Female,Beverages,11.65,3,1.75,36.7,28/08/2025,16:12:23,Credit Card,34.95,0.13,4.54,6.8
ALT-203254,Z,Birmingham,Member,Female,Dairy & Eggs,5.71,2,0.57,11.99,05/06/2025,12:04:23,Debit Card,11.42,0.07,0.8,6.7
ALT-203255,X,Liverpool,Member,Female,Snacks,5.55,3,0.83,17.48,08/03/2025,12:15:33,Cash,16.65,0.17,2.83,5.8
ALT-203256,Y,Sheffield,Member,Male,Dairy & Eggs,3.78,2,0.38,7.94,02/08/2025,16:34:58,Debit Card,7.56,0.07,0.53,6.0
ALT-203257,X,Liverpool,Member,Female,Household,21.59,10,10.8,226.7,21/01/2025,11:02:32,Debit Card,215.9,0.19,41.02,6.4
ALT-203258,Z,Birmingham,Member,Female,Beverages,6.4,6,1.92,40.32,22/08/2025,13:22:13,Debit Card,38.4,0.13,4.99,7.1
ALT-203259,Y,Sheffield,Member,Female,Dairy & Eggs,4.8,5,1.2,25.2,05/07/2025,16:54:17,Debit Card,24.0,0.07,1.68,6.4
ALT-203260,Y,Sheffield,Normal,Male,Frozen Foods,10.29,3,1.54,32.41,29/12/2025,15:05:52,Mobile Wallet,30.87,0.1,3.09,7.5
ALT-203261,Y,Sheffield,Member,Male,Beverages,1.2,12,0.72,15.12,21/06/2025,14:57:38,Cash,14.4,0.13,1.87,7.2
ALT-203262,Y,Sheffield,Normal,Female,Beverages,7.42,4,1.48,31.16,13/01/2025,14:17:13,Cash,29.68,0.13,3.86,7.3
ALT-203263,Z,Birmingham,Normal,Male,Household,3.3,9,1.49,31.19,22/01/2025,18:40:12,Debit Card,29.7,0.19,5.64,7.2
ALT-203264,X,Liverpool,Member,Female,Baby Products,27.21,10,13.61,285.71,23/10/2025,13:38:35,Credit Card,272.1,0.18,48.98,5.4
ALT-203265,Z,Birmingham,Member,Female,Beverages,10.43,5,2.61,54.76,15/08/2025,19:51:00,Debit Card,52.15,0.13,6.78,5.6
ALT-203266,X,Liverpool,Normal,Female,Fresh Produce,2.5,8,1.0,21.0,31/10/2025,19:07:37,Mobile Wallet,20.0,0.08,1.6,8.2
ALT-203267,X,Liverpool,Member,Male,Household,12.21,8,4.88,102.56,16/12/2025,18:01:59,Debit Card,97.68,0.19,18.56,5.2
ALT-203268,X,Liverpool,Normal,Male,Frozen Foods,6.81,4,1.36,28.6,11/03/2025,17:48:02,Mobile Wallet,27.24,0.1,2.72,5.3
ALT-203269,Z,Birmingham,Member,Female,Baby Products,32.18,1,1.61,33.79,27/02/2025,19:50:27,Mobile Wallet,32.18,0.18,5.79,6.2
ALT-203270,Z,Birmingham,Member,Female,Bakery,4.43,5,1.11,23.26,21/08/2025,18:29:23,Credit Card,22.15,0.11,2.44,6.5
ALT-203271,X,Liverpool,Normal,Male,Baby Products,6.43,13,4.18,87.77,12/07/2025,13:11:06,Credit Card,83.59,0.18,15.05,5.9
ALT-203272,Z,Birmingham,Member,Female,Fresh Produce,8.5,7,2.98,62.48,14/03/2025,12:55:23,Debit Card,59.5,0.08,4.76,6.5
ALT-203273,Z,Birmingham,Member,Female,Household,12.85,8,5.14,107.94,03/11/2025,19:16:17,Mobile Wallet,102.8,0.19,19.53,6.1
ALT-203274,X,Liverpool,Member,Male,Bakery,3.18,7,1.11,23.37,05/05/2025,19:03:32,Mobile Wallet,22.26,0.11,2.45,6.9
ALT-203275,X,Liverpool,Normal,Female,Baby Products,14.83,4,2.97,62.29,14/08/2025,20:15:53,Mobile Wallet,59.32,0.18,10.68,6.1
ALT-203276,Z,Birmingham,Member,Female,Snacks,3.63,10,1.81,38.11,21/06/2025,16:07:58,Debit Card,36.3,0.17,6.17,5.9
ALT-203277,Z,Birmingham,Member,Male,Household,15.66,2,1.57,32.89,08/02/2025,08:20:41,Credit Card,31.32,0.19,5.95,6.7
ALT-203278,X,Liverpool,Member,Male,Baby Products,32.49,8,13.0,272.92,20/03/2025,10:09:40,Debit Card,259.92,0.18,46.79,8.2
ALT-203279,Z,Birmingham,Member,Male,Baby Products,32.95,4,6.59,138.39,06/10/2025,18:02:03,Mobile Wallet,131.8,0.18,23.72,8.5
ALT-203280,Z,Birmingham,Member,Female,Health & Wellness,18.73,4,3.75,78.67,29/06/2025,15:11:25,Credit Card,74.92,0.24,17.98,8.2
ALT-203281,X,Liverpool,Member,Female,Personal Care,20.54,6,6.16,129.4,12/09/2025,18:01:45,Mobile Wallet,123.24,0.21,25.88,6.7
ALT-203282,Y,Sheffield,Member,Female,Dairy & Eggs,5.28,7,1.85,38.81,08/05/2025,13:20:09,Mobile Wallet,36.96,0.07,2.59,7.5
ALT-203283,X,Liverpool,Member,Female,Bakery,7.64,9,3.44,72.2,08/03/2025,10:38:07,Credit Card,68.76,0.11,7.56,6.6
ALT-203284,Y,Sheffield,Normal,Female,Household,22.29,6,6.69,140.43,13/08/2025,18:48:47,Credit Card,133.74,0.19,25.41,6.0
ALT-203285,Y,Sheffield,Member,Female,Frozen Foods,6.15,7,2.15,45.2,07/09/2025,20:33:13,Mobile Wallet,43.05,0.1,4.3,6.2
ALT-203286,Z,Birmingham,Normal,Male,Frozen Foods,8.35,4,1.67,35.07,06/03/2025,17:20:37,Mobile Wallet,33.4,0.1,3.34,5.3
ALT-203287,X,Liverpool,Member,Female,Dairy & Eggs,2.91,5,0.73,15.28,27/08/2025,20:53:00,Mobile Wallet,14.55,0.07,1.02,4.9
ALT-203288,Y,Sheffield,Member,Male,Fresh Produce,6.64,1,0.33,6.97,18/06/2025,20:23:46,Credit Card,6.64,0.08,0.53,6.1
ALT-203289,Z,Birmingham,Member,Male,Beverages,10.64,7,3.72,78.2,18/03/2025,14:49:35,Cash,74.48,0.13,9.68,5.5
ALT-203290,Z,Birmingham,Member,Male,Personal Care,7.34,2,0.73,15.41,26/11/2025,15:03:48,Cash,14.68,0.21,3.08,6.7
ALT-203291,X,Liverpool,Normal,Male,Dairy & Eggs,7.47,4,1.49,31.37,29/04/2025,14:11:24,Debit Card,29.88,0.07,2.09,7.8
ALT-203292,X,Liverpool,Member,Female,Beverages,1.86,7,0.65,13.67,10/10/2025,10:29:19,Credit Card,13.02,0.13,1.69,8.2
ALT-203293,X,Liverpool,Normal,Female,Beverages,6.27,1,0.31,6.58,31/10/2025,12:11:05,Mobile Wallet,6.27,0.13,0.82,6.5
ALT-203294,Z,Birmingham,Normal,Male,Frozen Foods,10.11,7,3.54,74.31,12/04/2025,12:40:39,Debit Card,70.77,0.1,7.08,5.4
ALT-203295,X,Liverpool,Member,Male,Baby Products,35.95,3,5.39,113.24,05/06/2025,18:55:27,Debit Card,107.85,0.18,19.41,6.3
ALT-203296,Z,Birmingham,Member,Female,Snacks,2.88,3,0.43,9.07,06/02/2025,16:56:18,Credit Card,8.64,0.17,1.47,7.1
ALT-203297,X,Liverpool,Member,Female,Frozen Foods,5.07,8,2.03,42.59,27/08/2025,14:43:31,Credit Card,40.56,0.1,4.06,6.5
ALT-203298,Z,Birmingham,Normal,Female,Bakery,5.49,6,1.65,34.59,25/02/2025,13:35:42,Debit Card,32.94,0.11,3.62,5.5
ALT-203299,X,Liverpool,Member,Male,Frozen Foods,13.77,7,4.82,101.21,02/10/2025,12:02:01,Credit Card,96.39,0.1,9.64,7.2
ALT-203300,X,Liverpool,Normal,Male,Snacks,1.19,8,0.48,10.0,19/01/2025,15:41:10,Debit Card,9.52,0.17,1.62,5.3
ALT-203301,Z,Birmingham,Member,Male,Beverages,14.44,10,7.22,151.62,09/09/2025,10:59:24,Credit Card,144.4,0.13,18.77,7.5
ALT-203302,Y,Sheffield,Normal,Male,Personal Care,12.85,3,1.93,40.48,07/03/2025,18:06:23,Cash,38.55,0.21,8.1,7.0
ALT-203303,Z,Birmingham,Normal,Female,Household,6.94,3,1.04,21.86,05/05/2025,14:20:01,Mobile Wallet,20.82,0.19,3.96,7.3
ALT-203304,Z,Birmingham,Member,Female,Beverages,10.63,6,3.19,66.97,26/04/2025,18:52:30,Credit Card,63.78,0.13,8.29,6.2
ALT-203305,Y,Sheffield,Member,Male,Baby Products,18.19,3,2.73,57.3,16/07/2025,17:38:27,Credit Card,54.57,0.18,9.82,6.3
ALT-203306,X,Liverpool,Member,Male,Fresh Produce,4.38,1,0.22,4.6,27/06/2025,14:38:57,Debit Card,4.38,0.08,0.35,7.4
ALT-203307,X,Liverpool,Member,Female,Fresh Produce,4.72,3,0.71,14.87,25/04/2025,15:01:24,Mobile Wallet,14.16,0.08,1.13,7.8
ALT-203308,X,Liverpool,Normal,Female,Frozen Foods,8.29,7,2.9,60.93,02/09/2025,13:57:43,Credit Card,58.03,0.1,5.8,7.4
ALT-203309,X,Liverpool,Normal,Male,Bakery,4.0,3,0.6,12.6,01/05/2025,15:48:06,Cash,12.0,0.11,1.32,7.1
ALT-203310,X,Liverpool,Normal,Male,Frozen Foods,10.27,6,3.08,64.7,17/07/2025,14:35:50,Mobile Wallet,61.62,0.1,6.16,7.3
ALT-203311,X,Liverpool,Member,Male,Health & Wellness,30.41,5,7.6,159.65,09/02/2025,19:32:43,Mobile Wallet,152.05,0.24,36.49,5.1
ALT-203312,Z,Birmingham,Normal,Female,Personal Care,21.71,1,1.09,22.8,12/06/2025,15:46:35,Cash,21.71,0.21,4.56,6.5
ALT-203313,Y,Sheffield,Member,Male,Dairy & Eggs,6.49,2,0.65,13.63,03/05/2025,15:08:12,Mobile Wallet,12.98,0.07,0.91,8.2
ALT-203314,X,Liverpool,Normal,Female,Household,11.33,3,1.7,35.69,02/01/2025,21:46:27,Credit Card,33.99,0.19,6.46,6.8
ALT-203315,X,Liverpool,Normal,Male,Snacks,0.76,4,0.15,3.19,26/03/2025,18:34:31,Mobile Wallet,3.04,0.17,0.52,6.8
ALT-203316,X,Liverpool,Normal,Male,Snacks,5.42,4,1.08,22.76,02/12/2025,20:20:31,Debit Card,21.68,0.17,3.69,4.2
ALT-203317,Z,Birmingham,Member,Female,Fresh Produce,1.68,13,1.09,22.93,08/10/2025,12:55:51,Credit Card,21.84,0.08,1.75,5.7
ALT-203318,Z,Birmingham,Member,Female,Household,17.26,7,6.04,126.86,12/11/2025,20:18:45,Cash,120.82,0.19,22.96,7.7
ALT-203319,Y,Sheffield,Member,Male,Dairy & Eggs,2.93,9,1.32,27.69,04/07/2025,19:01:30,Credit Card,26.37,0.07,1.85,6.5
ALT-203320,Y,Sheffield,Normal,Male,Household,17.2,8,6.88,144.48,01/01/2025,14:21:10,Debit Card,137.6,0.19,26.14,5.6
ALT-203321,X,Liverpool,Member,Female,Fresh Produce,8.15,5,2.04,42.79,14/09/2025,15:25:16,Credit Card,40.75,0.08,3.26,5.5
ALT-203322,X,Liverpool,Normal,Male,Frozen Foods,15.94,5,3.99,83.69,10/08/2025,20:41:15,Mobile Wallet,79.7,0.1,7.97,7.0
ALT-203323,X,Liverpool,Normal,Male,Health & Wellness,23.68,7,8.29,174.05,23/05/2025,18:02:02,Cash,165.76,0.24,39.78,5.2
ALT-203324,Z,Birmingham,Member,Female,Household,7.07,1,0.35,7.42,02/03/2025,19:48:59,Credit Card,7.07,0.19,1.34,6.0
ALT-203325,X,Liverpool,Normal,Female,Personal Care,20.15,1,1.01,21.16,12/01/2025,12:20:52,Cash,20.15,0.21,4.23,7.4
ALT-203326,Z,Birmingham,Member,Male,Fresh Produce,3.01,6,0.9,18.96,24/11/2025,13:21:14,Credit Card,18.06,0.08,1.44,7.4
ALT-203327,Z,Birmingham,Member,Male,Frozen Foods,2.52,3,0.38,7.94,30/10/2025,16:26:40,Credit Card,7.56,0.1,0.76,7.0
ALT-203328,X,Liverpool,Normal,Male,Dairy & Eggs,3.21,5,0.8,16.85,13/01/2025,16:54:01,Credit Card,16.05,0.07,1.12,7.6
ALT-203329,Y,Sheffield,Normal,Male,Dairy & Eggs,4.39,9,1.98,41.49,19/11/2025,11:16:48,Credit Card,39.51,0.07,2.77,4.4
ALT-203330,Z,Birmingham,Normal,Female,Household,11.56,10,5.78,121.38,17/11/2025,11:49:21,Cash,115.6,0.19,21.96,7.8
ALT-203331,X,Liverpool,Member,Female,Household,4.58,2,0.46,9.62,23/04/2025,16:23:52,Debit Card,9.16,0.19,1.74,5.3
ALT-203332,Y,Sheffield,Member,Male,Fresh Produce,8.78,11,4.83,101.41,23/06/2025,11:19:59,Mobile Wallet,96.58,0.08,7.73,6.6
ALT-203333,X,Liverpool,Normal,Female,Bakery,1.92,2,0.19,4.03,02/03/2025,18:46:47,Debit Card,3.84,0.11,0.42,6.0
ALT-203334,X,Liverpool,Normal,Male,Health & Wellness,15.75,2,1.58,33.08,27/03/2025,09:44:47,Mobile Wallet,31.5,0.24,7.56,5.7
ALT-203335,Y,Sheffield,Member,Male,Health & Wellness,17.56,2,1.76,36.88,11/03/2025,16:20:17,Mobile Wallet,35.12,0.24,8.43,7.1
ALT-203336,Z,Birmingham,Member,Male,Health & Wellness,16.38,9,7.37,154.79,04/09/2025,20:27:12,Credit Card,147.42,0.24,35.38,9.9
ALT-203337,X,Liverpool,Normal,Female,Dairy & Eggs,1.38,9,0.62,13.04,08/02/2025,12:57:12,Credit Card,12.42,0.07,0.87,5.3
ALT-203338,Y,Sheffield,Member,Male,Dairy & Eggs,7.69,2,0.77,16.15,04/11/2025,20:23:41,Debit Card,15.38,0.07,1.08,6.6
ALT-203339,X,Liverpool,Member,Female,Baby Products,29.81,4,5.96,125.2,12/09/2025,12:34:33,Credit Card,119.24,0.18,21.46,6.5
ALT-203340,Z,Birmingham,Normal,Female,Snacks,4.0,3,0.6,12.6,21/07/2025,17:40:04,Credit Card,12.0,0.17,2.04,6.5
ALT-203341,Z,Birmingham,Normal,Male,Baby Products,37.08,8,14.83,311.47,01/05/2025,14:38:42,Cash,296.64,0.18,53.4,7.6
ALT-203342,Y,Sheffield,Member,Male,Baby Products,6.26,6,1.88,39.44,04/08/2025,17:19:55,Mobile Wallet,37.56,0.18,6.76,7.6
ALT-203343,X,Liverpool,Normal,Female,Household,21.7,5,5.43,113.93,05/05/2025,09:05:17,Cash,108.5,0.19,20.62,4.8
ALT-203344,Z,Birmingham,Member,Male,Bakery,8.66,5,2.17,45.47,27/12/2025,09:29:58,Mobile Wallet,43.3,0.11,4.76,6.4
ALT-203345,X,Liverpool,Normal,Female,Dairy & Eggs,2.82,2,0.28,5.92,23/04/2025,11:35:23,Debit Card,5.64,0.07,0.39,7.2
ALT-203346,Y,Sheffield,Member,Female,Baby Products,46.58,6,13.97,293.45,28/12/2025,16:37:28,Credit Card,279.48,0.18,50.31,7.9
ALT-203347,X,Liverpool,Member,Male,Frozen Foods,11.4,2,1.14,23.94,01/11/2025,14:34:36,Debit Card,22.8,0.1,2.28,6.2
ALT-203348,Z,Birmingham,Member,Male,Bakery,5.47,4,1.09,22.97,01/08/2025,13:33:44,Mobile Wallet,21.88,0.11,2.41,6.8
ALT-203349,Z,Birmingham,Member,Male,Snacks,5.82,4,1.16,24.44,18/07/2025,13:07:38,Debit Card,23.28,0.17,3.96,6.0
ALT-203350,Y,Sheffield,Normal,Female,Dairy & Eggs,1.99,2,0.2,4.18,07/02/2025,16:44:57,Cash,3.98,0.07,0.28,5.9
ALT-203351,Y,Sheffield,Member,Female,Dairy & Eggs,5.84,2,0.58,12.26,02/02/2025,18:17:56,Credit Card,11.68,0.07,0.82,8.9
ALT-203352,Z,Birmingham,Normal,Male,Fresh Produce,8.26,6,2.48,52.04,25/03/2025,12:58:30,Mobile Wallet,49.56,0.08,3.96,6.3
ALT-203353,X,Liverpool,Normal,Female,Dairy & Eggs,6.71,9,3.02,63.41,01/01/2025,15:15:41,Debit Card,60.39,0.07,4.23,7.1
ALT-203354,Z,Birmingham,Member,Male,Bakery,5.81,5,1.45,30.5,11/01/2025,13:59:02,Debit Card,29.05,0.11,3.2,5.7
ALT-203355,Z,Birmingham,Normal,Female,Frozen Foods,10.92,2,1.09,22.93,04/01/2025,11:06:31,Credit Card,21.84,0.1,2.18,6.9
ALT-203356,Z,Birmingham,Normal,Female,Bakery,3.06,1,0.15,3.21,28/05/2025,11:48:19,Cash,3.06,0.11,0.34,7.6
ALT-203357,X,Liverpool,Member,Male,Dairy & Eggs,5.38,7,1.88,39.54,14/08/2025,10:39:05,Cash,37.66,0.07,2.64,5.7
ALT-203358,Z,Birmingham,Normal,Male,Bakery,5.89,13,3.83,80.4,15/11/2025,13:59:27,Debit Card,76.57,0.11,8.42,7.1
ALT-203359,X,Liverpool,Normal,Male,Baby Products,21.2,7,7.42,155.82,20/06/2025,13:51:31,Mobile Wallet,148.4,0.18,26.71,5.0
ALT-203360,Y,Sheffield,Normal,Female,Snacks,2.83,6,0.85,17.83,06/12/2025,16:13:53,Credit Card,16.98,0.17,2.89,6.5
ALT-203361,Z,Birmingham,Member,Female,Frozen Foods,17.61,6,5.28,110.94,04/03/2025,14:04:44,Debit Card,105.66,0.1,10.57,6.2
ALT-203362,X,Liverpool,Normal,Male,Bakery,3.96,3,0.59,12.47,26/03/2025,15:33:45,Credit Card,11.88,0.11,1.31,6.1
ALT-203363,X,Liverpool,Normal,Male,Baby Products,17.53,11,9.64,202.47,31/07/2025,13:19:34,Credit Card,192.83,0.18,34.71,6.2
ALT-203364,Z,Birmingham,Member,Male,Beverages,6.65,7,2.33,48.88,17/02/2025,13:57:54,Mobile Wallet,46.55,0.13,6.05,6.4
ALT-203365,Y,Sheffield,Member,Female,Dairy & Eggs,5.86,2,0.59,12.31,18/02/2025,12:51:52,Mobile Wallet,11.72,0.07,0.82,5.4
ALT-203366,Y,Sheffield,Member,Female,Baby Products,39.89,2,3.99,83.77,16/08/2025,17:33:46,Cash,79.78,0.18,14.36,6.3
ALT-203367,Z,Birmingham,Normal,Male,Snacks,1.36,5,0.34,7.14,15/02/2025,17:16:03,Mobile Wallet,6.8,0.17,1.16,6.9
ALT-203368,X,Liverpool,Normal,Male,Fresh Produce,1.84,6,0.55,11.59,31/05/2025,19:14:19,Debit Card,11.04,0.08,0.88,4.8
ALT-203369,X,Liverpool,Member,Female,Fresh Produce,1.26,1,0.06,1.32,09/09/2025,15:42:03,Credit Card,1.26,0.08,0.1,7.1
ALT-203370,Y,Sheffield,Member,Female,Snacks,3.35,11,1.84,38.69,06/08/2025,19:19:44,Credit Card,36.85,0.17,6.26,6.4
ALT-203371,X,Liverpool,Normal,Female,Household,19.66,4,3.93,82.57,21/04/2025,13:26:20,Credit Card,78.64,0.19,14.94,6.9
ALT-203372,X,Liverpool,Normal,Male,Bakery,7.59,7,2.66,55.79,22/10/2025,17:26:48,Mobile Wallet,53.13,0.11,5.84,6.5
ALT-203373,Z,Birmingham,Member,Female,Bakery,8.53,6,2.56,53.74,30/08/2025,19:02:31,Mobile Wallet,51.18,0.11,5.63,7.8
ALT-203374,Y,Sheffield,Member,Male,Dairy & Eggs,5.23,7,1.83,38.44,25/01/2025,16:08:13,Credit Card,36.61,0.07,2.56,6.8
ALT-203375,X,Liverpool,Normal,Female,Frozen Foods,10.13,4,2.03,42.55,22/12/2025,15:15:12,Mobile Wallet,40.52,0.1,4.05,7.4
ALT-203376,X,Liverpool,Normal,Female,Dairy & Eggs,6.45,1,0.32,6.77,07/08/2025,15:00:37,Credit Card,6.45,0.07,0.45,5.4
ALT-203377,Z,Birmingham,Member,Male,Baby Products,14.38,3,2.16,45.3,19/11/2025,11:20:59,Credit Card,43.14,0.18,7.77,6.8
ALT-203378,Z,Birmingham,Member,Female,Frozen Foods,15.02,6,4.51,94.63,10/03/2025,21:19:33,Credit Card,90.12,0.1,9.01,8.6
ALT-203379,X,Liverpool,Normal,Male,Dairy & Eggs,6.6,3,0.99,20.79,07/10/2025,17:04:26,Debit Card,19.8,0.07,1.39,7.0
ALT-203380,Z,Birmingham,Member,Female,Household,12.97,4,2.59,54.47,21/06/2025,11:42:22,Cash,51.88,0.19,9.86,8.8
ALT-203381,X,Liverpool,Normal,Female,Baby Products,8.92,1,0.45,9.37,25/10/2025,14:49:28,Debit Card,8.92,0.18,1.61,6.8
ALT-203382,X,Liverpool,Member,Female,Baby Products,14.5,2,1.45,30.45,24/07/2025,18:47:47,Credit Card,29.0,0.18,5.22,7.8
ALT-203383,Z,Birmingham,Member,Male,Fresh Produce,12.74,7,4.46,93.64,28/11/2025,09:24:33,Credit Card,89.18,0.08,7.13,6.3
ALT-203384,Y,Sheffield,Normal,Female,Baby Products,28.2,1,1.41,29.61,17/10/2025,09:07:40,Debit Card,28.2,0.18,5.08,5.7
ALT-203385,Y,Sheffield,Normal,Male,Personal Care,6.37,9,2.87,60.2,02/03/2025,14:12:48,Debit Card,57.33,0.21,12.04,6.8
ALT-203386,Z,Birmingham,Normal,Male,Household,10.43,4,2.09,43.81,01/01/2025,11:39:58,Credit Card,41.72,0.19,7.93,6.3
ALT-203387,Y,Sheffield,Member,Female,Baby Products,26.92,6,8.08,169.6,12/09/2025,11:40:01,Credit Card,161.52,0.18,29.07,5.6
ALT-203388,Z,Birmingham,Normal,Female,Dairy & Eggs,4.66,7,1.63,34.25,08/09/2025,14:58:55,Cash,32.62,0.07,2.28,8.3
ALT-203389,X,Liverpool,Member,Male,Baby Products,14.27,3,2.14,44.95,27/09/2025,14:35:37,Mobile Wallet,42.81,0.18,7.71,6.3
ALT-203390,Y,Sheffield,Normal,Female,Fresh Produce,6.16,8,2.46,51.74,12/06/2025,20:32:31,Mobile Wallet,49.28,0.08,3.94,5.5
ALT-203391,Y,Sheffield,Member,Male,Frozen Foods,9.02,2,0.9,18.94,24/03/2025,13:34:47,Mobile Wallet,18.04,0.1,1.8,6.7
ALT-203392,Z,Birmingham,Member,Male,Health & Wellness,14.79,7,5.18,108.71,19/08/2025,21:21:40,Debit Card,103.53,0.24,24.85,4.5
ALT-203393,X,Liverpool,Member,Female,Baby Products,34.75,12,20.85,437.85,16/03/2025,11:54:53,Debit Card,417.0,0.18,75.06,7.6
ALT-203394,Z,Birmingham,Normal,Male,Snacks,2.78,7,0.97,20.43,27/06/2025,15:42:44,Mobile Wallet,19.46,0.17,3.31,6.1
ALT-203395,Z,Birmingham,Member,Male,Dairy & Eggs,5.99,7,2.1,44.03,29/05/2025,09:25:20,Cash,41.93,0.07,2.94,7.9
ALT-203396,Z,Birmingham,Normal,Female,Fresh Produce,5.08,2,0.51,10.67,25/06/2025,13:44:10,Cash,10.16,0.08,0.81,4.5
ALT-203397,X,Liverpool,Normal,Female,Snacks,3.86,3,0.58,12.16,10/08/2025,10:19:13,Debit Card,11.58,0.17,1.97,5.3
ALT-203398,Y,Sheffield,Member,Male,Dairy & Eggs,5.48,3,0.82,17.26,29/07/2025,10:51:27,Cash,16.44,0.07,1.15,7.2
ALT-203399,Z,Birmingham,Normal,Female,Dairy & Eggs,4.76,7,1.67,34.99,05/02/2025,19:23:50,Mobile Wallet,33.32,0.07,2.33,6.0
ALT-203400,X,Liverpool,Normal,Male,Personal Care,9.61,11,5.29,111.0,03/07/2025,14:24:53,Credit Card,105.71,0.21,22.2,5.8
ALT-203401,X,Liverpool,Member,Male,Frozen Foods,15.9,1,0.8,16.7,06/04/2025,19:28:18,Debit Card,15.9,0.1,1.59,5.8
ALT-203402,Z,Birmingham,Member,Male,Household,7.66,5,1.92,40.22,24/03/2025,19:03:48,Credit Card,38.3,0.19,7.28,8.2
ALT-203403,Y,Sheffield,Normal,Male,Frozen Foods,14.35,2,1.44,30.14,12/01/2025,13:37:12,Mobile Wallet,28.7,0.1,2.87,7.5
ALT-203404,Y,Sheffield,Normal,Female,Personal Care,19.34,4,3.87,81.23,25/02/2025,12:10:21,Credit Card,77.36,0.21,16.25,6.4
ALT-203405,Z,Birmingham,Member,Female,Bakery,2.89,8,1.16,24.28,09/11/2025,16:50:24,Mobile Wallet,23.12,0.11,2.54,9.4
ALT-203406,X,Liverpool,Member,Female,Household,20.91,2,2.09,43.91,29/06/2025,13:57:56,Mobile Wallet,41.82,0.19,7.95,7.8
ALT-203407,Y,Sheffield,Member,Male,Household,9.03,6,2.71,56.89,05/08/2025,19:34:42,Credit Card,54.18,0.19,10.29,7.1
ALT-203408,Z,Birmingham,Normal,Male,Frozen Foods,3.29,11,1.81,38.0,14/12/2025,12:19:02,Credit Card,36.19,0.1,3.62,6.4
ALT-203409,Y,Sheffield,Member,Male,Baby Products,36.11,9,16.25,341.24,15/11/2025,13:27:12,Mobile Wallet,324.99,0.18,58.5,7.6
ALT-203410,Y,Sheffield,Normal,Male,Bakery,2.33,3,0.35,7.34,09/10/2025,21:10:04,Cash,6.99,0.11,0.77,6.3
ALT-203411,Z,Birmingham,Member,Female,Household,19.54,10,9.77,205.17,21/04/2025,15:23:53,Debit Card,195.4,0.19,37.13,8.1
ALT-203412,Y,Sheffield,Member,Female,Household,7.65,4,1.53,32.13,05/06/2025,16:46:04,Debit Card,30.6,0.19,5.81,7.6
ALT-203413,Z,Birmingham,Member,Female,Fresh Produce,6.94,5,1.74,36.44,06/06/2025,18:19:47,Debit Card,34.7,0.08,2.78,5.7
ALT-203414,Y,Sheffield,Member,Male,Frozen Foods,3.89,7,1.36,28.59,04/03/2025,12:27:11,Credit Card,27.23,0.1,2.72,6.2
ALT-203415,Y,Sheffield,Normal,Male,Personal Care,23.05,6,6.92,145.22,21/05/2025,14:08:04,Credit Card,138.3,0.21,29.04,6.5
ALT-203416,Y,Sheffield,Member,Female,Health & Wellness,14.0,7,4.9,102.9,21/07/2025,10:48:32,Cash,98.0,0.24,23.52,7.6
ALT-203417,X,Liverpool,Normal,Male,Beverages,12.22,6,3.67,76.99,18/01/2025,18:43:51,Cash,73.32,0.13,9.53,7.0
ALT-203418,Y,Sheffield,Normal,Female,Personal Care,10.28,1,0.51,10.79,22/12/2025,14:42:15,Debit Card,10.28,0.21,2.16,5.7
ALT-203419,X,Liverpool,Normal,Male,Bakery,5.91,11,3.25,68.26,17/02/2025,16:12:16,Cash,65.01,0.11,7.15,7.6
ALT-203420,Z,Birmingham,Member,Female,Fresh Produce,2.97,4,0.59,12.47,07/09/2025,10:46:24,Credit Card,11.88,0.08,0.95,7.9
ALT-203421,Z,Birmingham,Normal,Male,Baby Products,8.2,12,4.92,103.32,12/03/2025,12:50:24,Mobile Wallet,98.4,0.18,17.71,5.2
ALT-203422,X,Liverpool,Member,Male,Snacks,3.38,7,1.18,24.84,05/09/2025,21:11:10,Debit Card,23.66,0.17,4.02,5.7
ALT-203423,Y,Sheffield,Normal,Male,Household,6.29,6,1.89,39.63,28/01/2025,14:36:43,Credit Card,37.74,0.19,7.17,5.5
ALT-203424,X,Liverpool,Member,Male,Personal Care,5.18,3,0.78,16.32,20/07/2025,14:30:43,Credit Card,15.54,0.21,3.26,5.9
ALT-203425,X,Liverpool,Member,Female,Snacks,1.7,7,0.6,12.5,13/03/2025,15:37:19,Debit Card,11.9,0.17,2.02,7.6
ALT-203426,Y,Sheffield,Normal,Female,Beverages,4.95,2,0.5,10.4,13/08/2025,16:18:38,Cash,9.9,0.13,1.29,7.5
ALT-203427,Y,Sheffield,Normal,Female,Health & Wellness,7.58,2,0.76,15.92,11/11/2025,19:16:49,Debit Card,15.16,0.24,3.64,5.1
ALT-203428,Y,Sheffield,Member,Male,Dairy & Eggs,2.08,4,0.42,8.74,09/11/2025,17:29:38,Debit Card,8.32,0.07,0.58,7.3
ALT-203429,Z,Birmingham,Member,Female,Beverages,12.73,1,0.64,13.37,14/04/2025,18:42:14,Mobile Wallet,12.73,0.13,1.65,8.3
ALT-203430,Z,Birmingham,Member,Female,Frozen Foods,16.45,6,4.94,103.64,16/12/2025,16:54:48,Credit Card,98.7,0.1,9.87,7.7
ALT-203431,X,Liverpool,Member,Male,Baby Products,42.38,4,8.48,178.0,12/04/2025,12:03:50,Cash,169.52,0.18,30.51,6.3
ALT-203432,X,Liverpool,Member,Male,Dairy & Eggs,3.83,11,2.11,44.24,02/05/2025,17:40:21,Mobile Wallet,42.13,0.07,2.95,5.8
ALT-203433,X,Liverpool,Member,Male,Snacks,1.68,2,0.17,3.53,09/08/2025,18:24:48,Mobile Wallet,3.36,0.17,0.57,8.4
ALT-203434,Y,Sheffield,Normal,Male,Household,22.1,1,1.11,23.21,24/01/2025,11:48:33,Debit Card,22.1,0.19,4.2,7.5
ALT-203435,X,Liverpool,Member,Female,Household,10.39,3,1.56,32.73,03/08/2025,21:30:43,Mobile Wallet,31.17,0.19,5.92,6.9
ALT-203436,X,Liverpool,Normal,Male,Beverages,13.72,1,0.69,14.41,14/07/2025,16:34:38,Debit Card,13.72,0.13,1.78,6.2
ALT-203437,Z,Birmingham,Member,Male,Fresh Produce,8.73,6,2.62,55.0,17/12/2025,09:44:29,Debit Card,52.38,0.08,4.19,6.8
ALT-203438,Y,Sheffield,Member,Male,Health & Wellness,15.45,5,3.86,81.11,22/11/2025,17:03:17,Debit Card,77.25,0.24,18.54,5.7
ALT-203439,Y,Sheffield,Member,Female,Frozen Foods,15.77,5,3.94,82.79,12/04/2025,15:25:56,Mobile Wallet,78.85,0.1,7.88,5.4
ALT-203440,Z,Birmingham,Normal,Female,Bakery,6.51,6,1.95,41.01,30/03/2025,17:13:06,Mobile Wallet,39.06,0.11,4.3,5.2
ALT-203441,X,Liverpool,Normal,Female,Frozen Foods,4.72,5,1.18,24.78,16/05/2025,14:33:45,Credit Card,23.6,0.1,2.36,5.9
ALT-203442,Y,Sheffield,Normal,Female,Baby Products,38.47,4,7.69,161.57,16/10/2025,16:33:50,Credit Card,153.88,0.18,27.7,6.7
ALT-203443,Y,Sheffield,Member,Male,Baby Products,5.25,4,1.05,22.05,26/09/2025,12:46:52,Credit Card,21.0,0.18,3.78,5.7
ALT-203444,Y,Sheffield,Normal,Female,Household,9.13,2,0.91,19.17,04/09/2025,15:55:05,Mobile Wallet,18.26,0.19,3.47,6.4
ALT-203445,Z,Birmingham,Member,Male,Frozen Foods,13.18,8,5.27,110.71,20/04/2025,19:24:15,Cash,105.44,0.1,10.54,7.0
ALT-203446,Y,Sheffield,Member,Male,Snacks,2.42,3,0.36,7.62,26/01/2025,17:08:39,Cash,7.26,0.17,1.23,7.0
ALT-203447,X,Liverpool,Normal,Female,Bakery,5.47,2,0.55,11.49,07/04/2025,19:14:29,Credit Card,10.94,0.11,1.2,6.1
ALT-203448,Y,Sheffield,Normal,Male,Snacks,2.54,9,1.14,24.0,10/06/2025,08:51:52,Credit Card,22.86,0.17,3.89,8.3
ALT-203449,Y,Sheffield,Normal,Male,Household,10.99,1,0.55,11.54,06/05/2025,12:18:02,Credit Card,10.99,0.19,2.09,4.0
ALT-203450,X,Liverpool,Normal,Female,Personal Care,21.92,8,8.77,184.13,13/07/2025,14:08:46,Credit Card,175.36,0.21,36.83,6.2
ALT-203451,Y,Sheffield,Normal,Female,Household,19.06,1,0.95,20.01,03/09/2025,11:14:00,Cash,19.06,0.19,3.62,6.5
ALT-203452,Y,Sheffield,Normal,Female,Health & Wellness,11.31,2,1.13,23.75,06/10/2025,14:40:20,Credit Card,22.62,0.24,5.43,6.3
ALT-203453,X,Liverpool,Member,Male,Baby Products,18.29,4,3.66,76.82,04/11/2025,13:42:21,Debit Card,73.16,0.18,13.17,7.1
ALT-203454,Y,Sheffield,Normal,Female,Snacks,5.75,5,1.44,30.19,01/12/2025,21:05:24,Debit Card,28.75,0.17,4.89,6.4
ALT-203455,Z,Birmingham,Normal,Male,Dairy & Eggs,3.54,5,0.89,18.59,10/05/2025,18:06:00,Debit Card,17.7,0.07,1.24,5.1
ALT-203456,Y,Sheffield,Member,Female,Frozen Foods,6.56,5,1.64,34.44,25/06/2025,17:20:10,Cash,32.8,0.1,3.28,6.1
ALT-203457,Y,Sheffield,Normal,Male,Health & Wellness,7.85,6,2.35,49.45,15/11/2025,16:15:23,Debit Card,47.1,0.24,11.3,7.2
ALT-203458,Z,Birmingham,Normal,Male,Household,6.37,1,0.32,6.69,20/07/2025,16:09:16,Debit Card,6.37,0.19,1.21,6.9
ALT-203459,X,Liverpool,Member,Male,Snacks,3.98,8,1.59,33.43,09/01/2025,16:42:46,Credit Card,31.84,0.17,5.41,8.7
ALT-203460,X,Liverpool,Member,Male,Bakery,4.78,3,0.72,15.06,09/03/2025,09:05:54,Mobile Wallet,14.34,0.11,1.58,8.2
ALT-203461,Y,Sheffield,Normal,Female,Personal Care,4.3,3,0.65,13.55,30/05/2025,11:17:59,Credit Card,12.9,0.21,2.71,7.6
ALT-203462,Z,Birmingham,Normal,Female,Snacks,0.74,4,0.15,3.11,28/01/2025,17:20:31,Debit Card,2.96,0.17,0.5,4.5
ALT-203463,Y,Sheffield,Normal,Female,Baby Products,12.53,7,4.39,92.1,18/06/2025,14:12:14,Credit Card,87.71,0.18,15.79,4.8
ALT-203464,Y,Sheffield,Normal,Male,Health & Wellness,24.59,5,6.15,129.1,29/07/2025,08:28:18,Credit Card,122.95,0.24,29.51,6.1
ALT-203465,X,Liverpool,Normal,Male,Household,20.59,5,5.15,108.1,11/02/2025,08:49:39,Credit Card,102.95,0.19,19.56,6.9
ALT-203466,Y,Sheffield,Normal,Male,Beverages,10.46,6,3.14,65.9,04/12/2025,19:02:11,Cash,62.76,0.13,8.16,7.4
ALT-203467,Y,Sheffield,Normal,Male,Snacks,2.22,1,0.11,2.33,07/05/2025,15:21:25,Mobile Wallet,2.22,0.17,0.38,7.5
ALT-203468,X,Liverpool,Normal,Male,Health & Wellness,25.05,5,6.26,131.51,29/04/2025,17:32:51,Credit Card,125.25,0.24,30.06,6.1
ALT-203469,X,Liverpool,Normal,Female,Health & Wellness,27.0,5,6.75,141.75,09/07/2025,13:55:55,Debit Card,135.0,0.24,32.4,4.8
ALT-203470,Y,Sheffield,Member,Female,Dairy & Eggs,4.88,2,0.49,10.25,22/06/2025,16:37:51,Credit Card,9.76,0.07,0.68,6.4
ALT-203471,Z,Birmingham,Member,Female,Beverages,11.6,6,3.48,73.08,26/12/2025,11:21:55,Mobile Wallet,69.6,0.13,9.05,6.1
ALT-203472,Z,Birmingham,Normal,Female,Dairy & Eggs,6.31,4,1.26,26.5,09/03/2025,10:47:44,Credit Card,25.24,0.07,1.77,6.2
ALT-203473,X,Liverpool,Normal,Male,Dairy & Eggs,4.7,4,0.94,19.74,11/02/2025,14:57:56,Mobile Wallet,18.8,0.07,1.32,4.6
ALT-203474,Y,Sheffield,Normal,Male,Household,20.51,8,8.2,172.28,01/04/2025,10:15:07,Mobile Wallet,164.08,0.19,31.18,6.4
ALT-203475,X,Liverpool,Normal,Male,Health & Wellness,19.55,4,3.91,82.11,30/10/2025,17:52:32,Credit Card,78.2,0.24,18.77,5.8
ALT-203476,Z,Birmingham,Normal,Female,Frozen Foods,2.54,7,0.89,18.67,10/04/2025,14:12:19,Credit Card,17.78,0.1,1.78,6.5
ALT-203477,Z,Birmingham,Member,Male,Fresh Produce,2.47,2,0.25,5.19,24/10/2025,14:20:27,Debit Card,4.94,0.08,0.4,7.8
ALT-203478,Y,Sheffield,Member,Male,Fresh Produce,2.49,4,0.5,10.46,18/12/2025,10:35:56,Mobile Wallet,9.96,0.08,0.8,8.2
ALT-203479,Z,Birmingham,Member,Female,Snacks,4.58,4,0.92,19.24,25/11/2025,12:16:25,Debit Card,18.32,0.17,3.11,6.7
ALT-203480,Z,Birmingham,Member,Male,Snacks,5.81,2,0.58,12.2,23/07/2025,16:03:38,Mobile Wallet,11.62,0.17,1.98,6.9
ALT-203481,Z,Birmingham,Normal,Female,Fresh Produce,5.75,1,0.29,6.04,11/05/2025,18:26:46,Cash,5.75,0.08,0.46,7.2
ALT-203482,Z,Birmingham,Normal,Male,Snacks,5.95,10,2.98,62.48,29/09/2025,12:02:30,Credit Card,59.5,0.17,10.12,6.3
ALT-203483,Y,Sheffield,Member,Male,Baby Products,34.89,3,5.23,109.9,18/02/2025,13:28:00,Cash,104.67,0.18,18.84,5.0
ALT-203484,X,Liverpool,Normal,Male,Frozen Foods,7.83,8,3.13,65.77,08/07/2025,17:14:36,Credit Card,62.64,0.1,6.26,7.0
ALT-203485,Z,Birmingham,Member,Female,Snacks,5.64,9,2.54,53.3,30/04/2025,10:21:21,Debit Card,50.76,0.17,8.63,6.7
ALT-203486,Z,Birmingham,Member,Female,Dairy & Eggs,3.81,9,1.71,36.0,20/07/2025,16:22:20,Credit Card,34.29,0.07,2.4,7.1
ALT-203487,Y,Sheffield,Normal,Male,Dairy & Eggs,6.53,9,2.94,61.71,28/01/2025,21:49:00,Cash,58.77,0.07,4.11,5.2
ALT-203488,Y,Sheffield,Normal,Male,Snacks,4.84,2,0.48,10.16,03/05/2025,14:58:34,Debit Card,9.68,0.17,1.65,7.4
ALT-203489,X,Liverpool,Normal,Female,Fresh Produce,5.06,6,1.52,31.88,08/07/2025,14:27:43,Debit Card,30.36,0.08,2.43,7.9
ALT-203490,Y,Sheffield,Normal,Female,Health & Wellness,10.74,4,2.15,45.11,16/10/2025,20:41:40,Debit Card,42.96,0.24,10.31,6.0
ALT-203491,X,Liverpool,Member,Female,Snacks,5.98,7,2.09,43.95,18/03/2025,13:50:22,Cash,41.86,0.17,7.12,6.3
ALT-203492,Y,Sheffield,Normal,Male,Bakery,1.34,1,0.07,1.41,07/02/2025,17:05:26,Credit Card,1.34,0.11,0.15,5.7
ALT-203493,Y,Sheffield,Normal,Male,Bakery,9.56,12,5.74,120.46,08/12/2025,14:26:25,Debit Card,114.72,0.11,12.62,6.3
ALT-203494,Z,Birmingham,Normal,Female,Bakery,4.49,10,2.25,47.15,09/05/2025,20:32:37,Debit Card,44.9,0.11,4.94,6.8
ALT-203495,X,Liverpool,Normal,Male,Dairy & Eggs,5.04,3,0.76,15.88,08/05/2025,14:07:44,Debit Card,15.12,0.07,1.06,7.3
ALT-203496,Z,Birmingham,Normal,Male,Household,15.79,5,3.95,82.9,27/02/2025,18:28:07,Debit Card,78.95,0.19,15.0,7.3
ALT-203497,Z,Birmingham,Normal,Female,Personal Care,25.52,1,1.28,26.8,18/01/2025,12:57:32,Credit Card,25.52,0.21,5.36,6.4
ALT-203498,X,Liverpool,Member,Female,Household,5.44,1,0.27,5.71,28/05/2025,13:44:51,Cash,5.44,0.19,1.03,6.9
ALT-203499,X,Liverpool,Normal,Male,Fresh Produce,9.06,1,0.45,9.51,06/04/2025,21:43:49,Credit Card,9.06,0.08,0.72,6.4
ALT-203500,Y,Sheffield,Normal,Female,Frozen Foods,15.25,8,6.1,128.1,19/02/2025,10:15:54,Cash,122.0,0.1,12.2,7.0
ALT-203501,X,Liverpool,Member,Male,Household,16.2,3,2.43,51.03,25/06/2025,18:02:20,Debit Card,48.6,0.19,9.23,6.3
ALT-203502,Z,Birmingham,Member,Male,Bakery,3.63,6,1.09,22.87,07/10/2025,09:17:42,Debit Card,21.78,0.11,2.4,7.0
ALT-203503,X,Liverpool,Member,Female,Bakery,6.79,7,2.38,49.91,10/12/2025,20:18:00,Mobile Wallet,47.53,0.11,5.23,7.8
ALT-203504,X,Liverpool,Member,Male,Household,14.55,6,4.37,91.67,07/05/2025,19:13:38,Cash,87.3,0.19,16.59,7.4
ALT-203505,Z,Birmingham,Normal,Male,Baby Products,40.33,1,2.02,42.35,10/06/2025,14:52:37,Debit Card,40.33,0.18,7.26,4.3
ALT-203506,Y,Sheffield,Member,Male,Frozen Foods,10.31,11,5.67,119.08,04/11/2025,13:43:20,Credit Card,113.41,0.1,11.34,7.0
ALT-203507,X,Liverpool,Member,Male,Fresh Produce,4.22,5,1.06,22.16,05/01/2025,12:11:46,Mobile Wallet,21.1,0.08,1.69,7.0
ALT-203508,Z,Birmingham,Normal,Male,Bakery,8.53,8,3.41,71.65,10/05/2025,12:15:01,Debit Card,68.24,0.11,7.51,6.5
ALT-203509,Y,Sheffield,Normal,Male,Health & Wellness,19.73,11,10.85,227.88,10/04/2025,09:36:32,Debit Card,217.03,0.24,52.09,6.4
ALT-203510,Z,Birmingham,Normal,Female,Personal Care,16.83,6,5.05,106.03,19/04/2025,11:52:46,Mobile Wallet,100.98,0.21,21.21,7.0
ALT-203511,X,Liverpool,Normal,Female,Snacks,5.0,5,1.25,26.25,11/09/2025,21:12:58,Credit Card,25.0,0.17,4.25,5.1
ALT-203512,Y,Sheffield,Normal,Female,Fresh Produce,3.11,6,0.93,19.59,22/02/2025,18:04:47,Credit Card,18.66,0.08,1.49,7.2
ALT-203513,X,Liverpool,Member,Female,Bakery,1.99,2,0.2,4.18,26/07/2025,10:50:59,Debit Card,3.98,0.11,0.44,7.2
ALT-203514,Y,Sheffield,Normal,Male,Snacks,4.8,1,0.24,5.04,04/11/2025,13:04:56,Debit Card,4.8,0.17,0.82,5.7
ALT-203515,Y,Sheffield,Member,Female,Health & Wellness,35.97,7,12.59,264.38,30/12/2025,13:12:03,Cash,251.79,0.24,60.43,6.1
ALT-203516,Y,Sheffield,Member,Female,Personal Care,11.39,7,3.99,83.72,24/12/2025,18:48:43,Credit Card,79.73,0.21,16.74,6.5
ALT-203517,Y,Sheffield,Member,Male,Bakery,6.56,1,0.33,6.89,12/06/2025,08:08:00,Cash,6.56,0.11,0.72,7.0
ALT-203518,Y,Sheffield,Normal,Female,Beverages,5.63,8,2.25,47.29,06/12/2025,11:15:57,Debit Card,45.04,0.13,5.86,7.1
ALT-203519,Z,Birmingham,Normal,Male,Snacks,5.6,6,1.68,35.28,23/11/2025,11:12:11,Credit Card,33.6,0.17,5.71,6.9
ALT-203520,Z,Birmingham,Normal,Male,Frozen Foods,7.89,3,1.18,24.85,21/07/2025,15:29:42,Cash,23.67,0.1,2.37,7.1
ALT-203521,Y,Sheffield,Member,Male,Household,23.42,4,4.68,98.36,12/07/2025,12:10:33,Cash,93.68,0.19,17.8,4.0
ALT-203522,Z,Birmingham,Member,Female,Dairy & Eggs,1.9,5,0.48,9.98,14/06/2025,18:52:32,Credit Card,9.5,0.07,0.67,6.2
ALT-203523,X,Liverpool,Normal,Female,Health & Wellness,29.12,7,10.19,214.03,17/10/2025,19:28:01,Mobile Wallet,203.84,0.24,48.92,6.9
ALT-203524,Z,Birmingham,Member,Female,Frozen Foods,8.83,1,0.44,9.27,15/05/2025,17:53:58,Mobile Wallet,8.83,0.1,0.88,7.1
ALT-203525,X,Liverpool,Member,Female,Beverages,4.23,12,2.54,53.3,20/09/2025,15:35:01,Credit Card,50.76,0.13,6.6,5.9
ALT-203526,Z,Birmingham,Member,Female,Snacks,0.98,2,0.1,2.06,01/10/2025,14:19:19,Mobile Wallet,1.96,0.17,0.33,8.0
ALT-203527,Z,Birmingham,Member,Male,Beverages,9.33,6,2.8,58.78,05/09/2025,13:00:22,Debit Card,55.98,0.13,7.28,5.8
ALT-203528,Y,Sheffield,Member,Male,Snacks,5.32,2,0.53,11.17,29/01/2025,17:01:26,Credit Card,10.64,0.17,1.81,7.7
ALT-203529,Z,Birmingham,Member,Female,Dairy & Eggs,7.95,7,2.78,58.43,22/09/2025,17:58:40,Debit Card,55.65,0.07,3.9,6.4
ALT-203530,Z,Birmingham,Member,Female,Personal Care,13.22,4,2.64,55.52,09/07/2025,18:57:31,Debit Card,52.88,0.21,11.1,7.5
ALT-203531,Z,Birmingham,Normal,Male,Household,17.32,6,5.2,109.12,06/08/2025,14:41:19,Mobile Wallet,103.92,0.19,19.74,5.9
ALT-203532,Z,Birmingham,Normal,Female,Household,9.2,1,0.46,9.66,21/11/2025,16:54:17,Debit Card,9.2,0.19,1.75,5.8
ALT-203533,X,Liverpool,Member,Male,Fresh Produce,10.71,9,4.82,101.21,13/08/2025,20:07:12,Cash,96.39,0.08,7.71,7.4
ALT-203534,Z,Birmingham,Normal,Male,Snacks,5.92,7,2.07,43.51,07/05/2025,10:50:04,Mobile Wallet,41.44,0.17,7.04,6.8
ALT-203535,Y,Sheffield,Member,Male,Frozen Foods,2.95,4,0.59,12.39,04/08/2025,13:00:09,Debit Card,11.8,0.1,1.18,6.8
ALT-203536,X,Liverpool,Member,Female,Personal Care,15.59,3,2.34,49.11,25/01/2025,20:26:03,Cash,46.77,0.21,9.82,5.7
ALT-203537,Y,Sheffield,Normal,Male,Frozen Foods,11.22,6,3.37,70.69,20/08/2025,17:10:23,Debit Card,67.32,0.1,6.73,5.6
ALT-203538,Y,Sheffield,Member,Female,Bakery,7.61,8,3.04,63.92,25/05/2025,19:19:04,Credit Card,60.88,0.11,6.7,5.5
ALT-203539,X,Liverpool,Normal,Male,Personal Care,4.89,11,2.69,56.48,21/09/2025,20:08:51,Credit Card,53.79,0.21,11.3,7.2
ALT-203540,Z,Birmingham,Member,Female,Dairy & Eggs,3.81,8,1.52,32.0,14/03/2025,17:15:01,Cash,30.48,0.07,2.13,7.5
ALT-203541,X,Liverpool,Member,Female,Fresh Produce,9.24,1,0.46,9.7,13/11/2025,20:46:19,Cash,9.24,0.08,0.74,7.4
ALT-203542,X,Liverpool,Normal,Male,Household,16.07,6,4.82,101.24,01/08/2025,17:54:04,Mobile Wallet,96.42,0.19,18.32,8.8
ALT-203543,Y,Sheffield,Normal,Female,Beverages,9.24,5,2.31,48.51,06/02/2025,13:49:03,Credit Card,46.2,0.13,6.01,4.5
ALT-203544,X,Liverpool,Normal,Male,Beverages,6.85,7,2.4,50.35,26/06/2025,16:08:20,Debit Card,47.95,0.13,6.23,7.2
ALT-203545,Y,Sheffield,Normal,Male,Personal Care,7.16,5,1.79,37.59,15/02/2025,10:13:11,Mobile Wallet,35.8,0.21,7.52,6.3
ALT-203546,Z,Birmingham,Member,Male,Baby Products,15.82,6,4.75,99.67,03/07/2025,19:59:51,Debit Card,94.92,0.18,17.09,7.6
ALT-203547,Y,Sheffield,Normal,Male,Dairy & Eggs,6.08,1,0.3,6.38,25/02/2025,19:17:42,Debit Card,6.08,0.07,0.43,6.4
ALT-203548,Y,Sheffield,Normal,Female,Snacks,4.73,11,2.6,54.63,10/05/2025,15:28:13,Credit Card,52.03,0.17,8.85,7.0
ALT-203549,X,Liverpool,Member,Female,Beverages,11.26,9,5.07,106.41,28/12/2025,18:10:57,Debit Card,101.34,0.13,13.17,7.5
ALT-203550,X,Liverpool,Member,Male,Health & Wellness,5.22,5,1.31,27.41,31/05/2025,20:37:05,Credit Card,26.1,0.24,6.26,7.4
ALT-203551,Z,Birmingham,Normal,Male,Snacks,6.02,6,1.81,37.93,09/04/2025,14:59:48,Debit Card,36.12,0.17,6.14,7.2
ALT-203552,Z,Birmingham,Member,Male,Frozen Foods,5.5,4,1.1,23.1,11/08/2025,14:47:36,Mobile Wallet,22.0,0.1,2.2,6.8
ALT-203553,Z,Birmingham,Member,Female,Dairy & Eggs,7.81,3,1.17,24.6,16/11/2025,18:21:20,Credit Card,23.43,0.07,1.64,6.3
ALT-203554,Z,Birmingham,Member,Male,Frozen Foods,5.77,11,3.17,66.64,31/07/2025,13:42:50,Cash,63.47,0.1,6.35,5.0
ALT-203555,X,Liverpool,Normal,Male,Household,9.85,8,3.94,82.74,30/04/2025,16:28:38,Mobile Wallet,78.8,0.19,14.97,6.0
ALT-203556,Y,Sheffield,Normal,Male,Fresh Produce,3.55,7,1.24,26.09,14/09/2025,12:18:11,Debit Card,24.85,0.08,1.99,8.1
ALT-203557,Z,Birmingham,Member,Female,Household,11.47,11,6.31,132.48,24/09/2025,19:53:30,Credit Card,126.17,0.19,23.97,6.8
ALT-203558,X,Liverpool,Member,Female,Dairy & Eggs,4.99,11,2.74,57.63,06/01/2025,14:46:51,Credit Card,54.89,0.07,3.84,6.5
ALT-203559,X,Liverpool,Normal,Male,Baby Products,9.06,4,1.81,38.05,19/03/2025,12:03:30,Cash,36.24,0.18,6.52,5.9
ALT-203560,Y,Sheffield,Member,Female,Frozen Foods,6.18,5,1.54,32.44,07/10/2025,20:52:16,Credit Card,30.9,0.1,3.09,7.0
ALT-203561,Z,Birmingham,Normal,Male,Fresh Produce,4.98,13,3.24,67.98,05/01/2025,19:30:06,Mobile Wallet,64.74,0.08,5.18,5.6
ALT-203562,Y,Sheffield,Normal,Male,Beverages,12.84,5,3.21,67.41,26/06/2025,12:22:25,Debit Card,64.2,0.13,8.35,7.0
ALT-203563,Z,Birmingham,Member,Male,Personal Care,22.89,1,1.14,24.03,21/01/2025,16:51:48,Credit Card,22.89,0.21,4.81,7.1
ALT-203564,Z,Birmingham,Member,Male,Bakery,7.95,5,1.99,41.74,30/08/2025,12:26:56,Mobile Wallet,39.75,0.11,4.37,7.1
ALT-203565,X,Liverpool,Normal,Female,Dairy & Eggs,4.95,2,0.5,10.4,05/02/2025,16:51:37,Cash,9.9,0.07,0.69,7.3
ALT-203566,Y,Sheffield,Member,Male,Personal Care,13.57,1,0.68,14.25,02/07/2025,13:08:23,Cash,13.57,0.21,2.85,6.2
ALT-203567,X,Liverpool,Normal,Female,Household,17.1,3,2.56,53.86,28/08/2025,18:17:44,Credit Card,51.3,0.19,9.75,6.5
ALT-203568,Y,Sheffield,Normal,Male,Fresh Produce,8.81,2,0.88,18.5,22/01/2025,17:34:37,Mobile Wallet,17.62,0.08,1.41,6.8
ALT-203569,Z,Birmingham,Normal,Female,Snacks,3.81,7,1.33,28.0,14/08/2025,13:14:51,Credit Card,26.67,0.17,4.53,7.8
ALT-203570,X,Liverpool,Member,Female,Frozen Foods,17.26,8,6.9,144.98,01/07/2025,12:02:54,Debit Card,138.08,0.1,13.81,5.2
ALT-203571,Y,Sheffield,Normal,Female,Baby Products,24.9,6,7.47,156.87,27/10/2025,18:25:57,Credit Card,149.4,0.18,26.89,4.9
ALT-203572,X,Liverpool,Normal,Female,Frozen Foods,8.49,1,0.42,8.91,31/03/2025,19:55:50,Debit Card,8.49,0.1,0.85,6.5
ALT-203573,X,Liverpool,Member,Female,Snacks,2.24,3,0.34,7.06,12/01/2025,16:28:08,Credit Card,6.72,0.17,1.14,5.8
ALT-203574,Y,Sheffield,Member,Male,Dairy & Eggs,6.09,1,0.3,6.39,13/07/2025,08:36:41,Debit Card,6.09,0.07,0.43,5.2
ALT-203575,Z,Birmingham,Normal,Male,Dairy & Eggs,3.8,9,1.71,35.91,05/07/2025,18:29:40,Debit Card,34.2,0.07,2.39,7.0
ALT-203576,X,Liverpool,Normal,Female,Snacks,3.17,1,0.16,3.33,27/12/2025,12:14:08,Debit Card,3.17,0.17,0.54,6.3
ALT-203577,Y,Sheffield,Member,Female,Bakery,5.22,5,1.31,27.41,15/01/2025,13:22:54,Debit Card,26.1,0.11,2.87,6.6
ALT-203578,X,Liverpool,Normal,Female,Personal Care,3.3,3,0.5,10.4,04/07/2025,15:00:38,Credit Card,9.9,0.21,2.08,6.8
ALT-203579,Z,Birmingham,Normal,Male,Personal Care,19.28,6,5.78,121.46,15/05/2025,18:12:43,Cash,115.68,0.21,24.29,4.6
ALT-203580,Y,Sheffield,Member,Male,Dairy & Eggs,5.7,1,0.29,5.99,05/10/2025,18:09:03,Cash,5.7,0.07,0.4,7.7
ALT-203581,Y,Sheffield,Member,Male,Frozen Foods,14.81,2,1.48,31.1,04/03/2025,13:37:16,Credit Card,29.62,0.1,2.96,6.2
ALT-203582,Z,Birmingham,Member,Male,Dairy & Eggs,3.19,6,0.96,20.1,21/06/2025,18:46:45,Mobile Wallet,19.14,0.07,1.34,6.3
ALT-203583,X,Liverpool,Member,Male,Snacks,3.2,1,0.16,3.36,06/11/2025,12:23:44,Credit Card,3.2,0.17,0.54,6.5
ALT-203584,Y,Sheffield,Normal,Male,Fresh Produce,6.18,1,0.31,6.49,10/06/2025,19:52:07,Debit Card,6.18,0.08,0.49,6.1
ALT-203585,Z,Birmingham,Member,Female,Dairy & Eggs,4.95,6,1.49,31.19,10/07/2025,13:04:49,Cash,29.7,0.07,2.08,7.2
ALT-203586,Y,Sheffield,Normal,Female,Baby Products,13.13,7,4.6,96.51,18/08/2025,14:43:31,Credit Card,91.91,0.18,16.54,6.4
ALT-203587,Y,Sheffield,Normal,Male,Frozen Foods,4.12,6,1.24,25.96,15/02/2025,12:19:39,Mobile Wallet,24.72,0.1,2.47,7.3
ALT-203588,Z,Birmingham,Member,Female,Baby Products,7.36,7,2.58,54.1,30/03/2025,13:10:00,Debit Card,51.52,0.18,9.27,4.9
ALT-203589,X,Liverpool,Member,Female,Snacks,2.44,8,0.98,20.5,13/04/2025,10:10:19,Debit Card,19.52,0.17,3.32,8.7
ALT-203590,X,Liverpool,Member,Female,Baby Products,4.75,11,2.61,54.86,05/04/2025,09:50:16,Mobile Wallet,52.25,0.18,9.4,6.9
ALT-203591,X,Liverpool,Normal,Female,Fresh Produce,2.88,3,0.43,9.07,11/12/2025,11:12:54,Credit Card,8.64,0.08,0.69,5.9
ALT-203592,Z,Birmingham,Member,Female,Baby Products,19.05,7,6.67,140.02,09/09/2025,12:24:16,Credit Card,133.35,0.18,24.0,7.2
ALT-203593,X,Liverpool,Normal,Female,Frozen Foods,13.2,8,5.28,110.88,13/03/2025,12:12:39,Debit Card,105.6,0.1,10.56,6.3
ALT-203594,X,Liverpool,Normal,Male,Frozen Foods,3.5,10,1.75,36.75,01/01/2025,13:09:43,Credit Card,35.0,0.1,3.5,6.9
ALT-203595,Y,Sheffield,Normal,Male,Dairy & Eggs,6.0,2,0.6,12.6,10/09/2025,19:08:24,Debit Card,12.0,0.07,0.84,7.9
ALT-203596,Z,Birmingham,Member,Female,Frozen Foods,2.96,4,0.59,12.43,09/07/2025,19:28:52,Mobile Wallet,11.84,0.1,1.18,7.2
ALT-203597,Y,Sheffield,Member,Female,Snacks,5.69,3,0.85,17.92,14/03/2025,16:36:34,Debit Card,17.07,0.17,2.9,6.5
ALT-203598,X,Liverpool,Normal,Male,Health & Wellness,19.13,3,2.87,60.26,26/12/2025,18:05:44,Mobile Wallet,57.39,0.24,13.77,5.4
ALT-203599,Y,Sheffield,Member,Female,Dairy & Eggs,2.06,8,0.82,17.3,06/04/2025,16:40:53,Cash,16.48,0.07,1.15,5.5
ALT-203600,Z,Birmingham,Member,Female,Snacks,0.84,5,0.21,4.41,01/07/2025,17:22:34,Debit Card,4.2,0.17,0.71,7.6
ALT-203601,Y,Sheffield,Member,Male,Health & Wellness,28.53,9,12.84,269.61,10/02/2025,16:03:42,Mobile Wallet,256.77,0.24,61.62,5.5
ALT-203602,X,Liverpool,Member,Male,Snacks,3.57,10,1.79,37.49,10/09/2025,17:42:45,Mobile Wallet,35.7,0.17,6.07,7.1
ALT-203603,X,Liverpool,Member,Female,Household,5.4,11,2.97,62.37,14/02/2025,16:11:30,Mobile Wallet,59.4,0.19,11.29,7.5
ALT-203604,Z,Birmingham,Normal,Female,Dairy & Eggs,7.4,2,0.74,15.54,05/12/2025,20:28:57,Mobile Wallet,14.8,0.07,1.04,7.0
ALT-203605,Z,Birmingham,Normal,Female,Beverages,5.78,3,0.87,18.21,06/05/2025,12:48:39,Debit Card,17.34,0.13,2.25,5.6
ALT-203606,Y,Sheffield,Normal,Female,Frozen Foods,7.16,1,0.36,7.52,11/01/2025,14:01:27,Mobile Wallet,7.16,0.1,0.72,5.5
ALT-203607,Z,Birmingham,Normal,Female,Personal Care,26.16,5,6.54,137.34,28/03/2025,15:49:13,Debit Card,130.8,0.21,27.47,7.1
ALT-203608,X,Liverpool,Member,Male,Beverages,15.12,7,5.29,111.13,22/11/2025,15:05:21,Debit Card,105.84,0.13,13.76,6.7
ALT-203609,Y,Sheffield,Member,Male,Dairy & Eggs,5.74,7,2.01,42.19,21/07/2025,20:13:00,Credit Card,40.18,0.07,2.81,5.6
ALT-203610,X,Liverpool,Normal,Female,Personal Care,16.02,3,2.4,50.46,22/03/2025,09:45:36,Credit Card,48.06,0.21,10.09,6.6
ALT-203611,X,Liverpool,Member,Male,Beverages,10.9,3,1.64,34.34,21/01/2025,16:00:30,Credit Card,32.7,0.13,4.25,7.2
ALT-203612,Y,Sheffield,Normal,Female,Personal Care,8.28,2,0.83,17.39,14/10/2025,19:56:45,Cash,16.56,0.21,3.48,5.2
ALT-203613,X,Liverpool,Normal,Female,Fresh Produce,3.55,7,1.24,26.09,24/04/2025,14:10:01,Debit Card,24.85,0.08,1.99,6.6
ALT-203614,X,Liverpool,Normal,Female,Fresh Produce,7.31,1,0.37,7.68,03/05/2025,14:19:06,Debit Card,7.31,0.08,0.58,6.3
ALT-203615,Z,Birmingham,Member,Female,Frozen Foods,7.73,2,0.77,16.23,01/01/2025,17:47:02,Debit Card,15.46,0.1,1.55,7.1
ALT-203616,X,Liverpool,Member,Male,Frozen Foods,5.57,3,0.84,17.55,02/09/2025,13:13:29,Debit Card,16.71,0.1,1.67,5.6
ALT-203617,X,Liverpool,Normal,Female,Frozen Foods,14.58,5,3.65,76.55,24/07/2025,19:29:38,Cash,72.9,0.1,7.29,6.4
ALT-203618,Y,Sheffield,Member,Male,Bakery,6.8,6,2.04,42.84,31/03/2025,20:09:02,Mobile Wallet,40.8,0.11,4.49,6.6
ALT-203619,Y,Sheffield,Normal,Female,Beverages,9.14,3,1.37,28.79,04/09/2025,10:36:36,Debit Card,27.42,0.13,3.56,5.9
ALT-203620,X,Liverpool,Member,Female,Beverages,9.81,3,1.47,30.9,29/03/2025,13:10:49,Debit Card,29.43,0.13,3.83,6.3
ALT-203621,Z,Birmingham,Normal,Female,Baby Products,28.07,11,15.44,324.21,27/03/2025,10:02:26,Credit Card,308.77,0.18,55.58,6.7
ALT-203622,Z,Birmingham,Member,Female,Dairy & Eggs,9.15,5,2.29,48.04,23/12/2025,10:07:10,Debit Card,45.75,0.07,3.2,8.0
ALT-203623,X,Liverpool,Member,Male,Household,9.73,2,0.97,20.43,04/12/2025,18:09:19,Debit Card,19.46,0.19,3.7,7.5
ALT-203624,Y,Sheffield,Member,Male,Fresh Produce,4.06,8,1.62,34.1,04/09/2025,12:25:53,Debit Card,32.48,0.08,2.6,6.2
ALT-203625,X,Liverpool,Normal,Female,Baby Products,36.65,11,20.16,423.31,28/05/2025,13:07:19,Debit Card,403.15,0.18,72.57,5.8
ALT-203626,Z,Birmingham,Member,Female,Bakery,3.27,1,0.16,3.43,07/09/2025,14:18:03,Mobile Wallet,3.27,0.11,0.36,8.2
ALT-203627,Z,Birmingham,Member,Male,Beverages,6.82,7,2.39,50.13,07/12/2025,13:19:36,Credit Card,47.74,0.13,6.21,5.6
ALT-203628,Z,Birmingham,Normal,Female,Bakery,9.03,4,1.81,37.93,15/12/2025,09:49:22,Mobile Wallet,36.12,0.11,3.97,5.4
ALT-203629,Z,Birmingham,Member,Female,Snacks,6.32,8,2.53,53.09,26/06/2025,15:02:25,Cash,50.56,0.17,8.6,6.9
ALT-203630,X,Liverpool,Member,Male,Beverages,4.73,1,0.24,4.97,20/01/2025,11:43:23,Credit Card,4.73,0.13,0.61,7.3
ALT-203631,Y,Sheffield,Member,Female,Frozen Foods,11.01,9,4.95,104.04,23/10/2025,16:54:15,Debit Card,99.09,0.1,9.91,5.8
ALT-203632,Z,Birmingham,Member,Female,Fresh Produce,11.69,2,1.17,24.55,17/11/2025,15:33:30,Cash,23.38,0.08,1.87,6.4
ALT-203633,Z,Birmingham,Member,Female,Snacks,4.23,2,0.42,8.88,28/06/2025,15:19:45,Mobile Wallet,8.46,0.17,1.44,7.3
ALT-203634,Y,Sheffield,Normal,Female,Baby Products,34.67,4,6.93,145.61,29/09/2025,14:52:39,Credit Card,138.68,0.18,24.96,5.6
ALT-203635,Z,Birmingham,Normal,Female,Personal Care,13.18,6,3.95,83.03,09/12/2025,13:01:33,Credit Card,79.08,0.21,16.61,6.0
ALT-203636,X,Liverpool,Member,Male,Dairy & Eggs,5.36,4,1.07,22.51,26/09/2025,15:52:38,Credit Card,21.44,0.07,1.5,6.4
ALT-203637,X,Liverpool,Member,Female,Bakery,6.57,5,1.64,34.49,22/06/2025,14:18:16,Cash,32.85,0.11,3.61,5.8
ALT-203638,Z,Birmingham,Normal,Male,Baby Products,25.27,2,2.53,53.07,18/07/2025,17:57:08,Credit Card,50.54,0.18,9.1,4.9
ALT-203639,Z,Birmingham,Member,Male,Personal Care,4.22,8,1.69,35.45,21/12/2025,15:21:20,Mobile Wallet,33.76,0.21,7.09,7.1
ALT-203640,X,Liverpool,Member,Male,Snacks,5.16,4,1.03,21.67,07/01/2025,16:51:06,Mobile Wallet,20.64,0.17,3.51,6.0
ALT-203641,X,Liverpool,Member,Male,Bakery,6.92,3,1.04,21.8,23/08/2025,18:07:49,Credit Card,20.76,0.11,2.28,6.3
ALT-203642,Y,Sheffield,Normal,Female,Personal Care,21.47,2,2.15,45.09,26/01/2025,13:37:44,Cash,42.94,0.21,9.02,7.0
ALT-203643,Z,Birmingham,Member,Male,Beverages,6.68,4,1.34,28.06,10/06/2025,12:27:16,Credit Card,26.72,0.13,3.47,6.5
ALT-203644,X,Liverpool,Normal,Female,Fresh Produce,7.6,6,2.28,47.88,03/11/2025,14:48:10,Debit Card,45.6,0.08,3.65,6.9
ALT-203645,Z,Birmingham,Member,Female,Snacks,0.67,4,0.13,2.81,28/10/2025,10:24:55,Credit Card,2.68,0.17,0.46,5.5
ALT-203646,X,Liverpool,Member,Male,Fresh Produce,7.16,10,3.58,75.18,12/02/2025,08:17:56,Debit Card,71.6,0.08,5.73,6.9
ALT-203647,X,Liverpool,Member,Male,Snacks,4.93,5,1.23,25.88,24/04/2025,18:44:04,Mobile Wallet,24.65,0.17,4.19,5.9
ALT-203648,Z,Birmingham,Member,Male,Dairy & Eggs,7.61,5,1.9,39.95,04/05/2025,21:40:30,Credit Card,38.05,0.07,2.66,7.5
ALT-203649,Z,Birmingham,Member,Male,Beverages,13.44,11,7.39,155.23,02/06/2025,14:20:49,Mobile Wallet,147.84,0.13,19.22,7.1
ALT-203650,Y,Sheffield,Member,Female,Bakery,7.89,5,1.97,41.42,06/01/2025,19:47:02,Debit Card,39.45,0.11,4.34,5.8
ALT-203651,Z,Birmingham,Member,Male,Frozen Foods,11.13,4,2.23,46.75,01/05/2025,17:15:07,Credit Card,44.52,0.1,4.45,6.3
ALT-203652,Z,Birmingham,Normal,Female,Baby Products,32.98,3,4.95,103.89,02/07/2025,10:30:10,Credit Card,98.94,0.18,17.81,6.7
ALT-203653,X,Liverpool,Member,Male,Dairy & Eggs,7.61,9,3.42,71.91,20/08/2025,19:40:56,Mobile Wallet,68.49,0.07,4.79,5.9
ALT-203654,Z,Birmingham,Member,Male,Snacks,2.39,4,0.48,10.04,09/04/2025,11:04:16,Mobile Wallet,9.56,0.17,1.63,6.3
ALT-203655,X,Liverpool,Normal,Male,Snacks,4.17,7,1.46,30.65,20/08/2025,15:53:50,Mobile Wallet,29.19,0.17,4.96,5.9
ALT-203656,X,Liverpool,Normal,Male,Personal Care,23.95,4,4.79,100.59,13/05/2025,20:35:57,Credit Card,95.8,0.21,20.12,6.6
ALT-203657,Z,Birmingham,Member,Male,Fresh Produce,9.48,2,0.95,19.91,19/08/2025,19:16:53,Debit Card,18.96,0.08,1.52,4.1
ALT-203658,Z,Birmingham,Normal,Male,Personal Care,21.36,11,11.75,246.71,20/10/2025,13:52:30,Cash,234.96,0.21,49.34,6.8
ALT-203659,X,Liverpool,Member,Male,Beverages,4.41,6,1.32,27.78,03/05/2025,15:17:38,Credit Card,26.46,0.13,3.44,7.8
ALT-203660,X,Liverpool,Member,Male,Health & Wellness,33.36,9,15.01,315.25,27/09/2025,21:45:28,Credit Card,300.24,0.24,72.06,6.4
ALT-203661,Z,Birmingham,Member,Female,Frozen Foods,2.39,9,1.08,22.59,27/04/2025,19:37:30,Mobile Wallet,21.51,0.1,2.15,6.9
ALT-203662,Y,Sheffield,Normal,Female,Beverages,5.74,9,2.58,54.24,01/02/2025,16:40:52,Credit Card,51.66,0.13,6.72,7.5
ALT-203663,X,Liverpool,Member,Male,Bakery,4.46,8,1.78,37.46,26/05/2025,11:52:44,Mobile Wallet,35.68,0.11,3.92,6.4
ALT-203664,Y,Sheffield,Normal,Male,Dairy & Eggs,8.11,8,3.24,68.12,20/11/2025,12:08:25,Credit Card,64.88,0.07,4.54,6.7
ALT-203665,X,Liverpool,Member,Male,Household,22.97,2,2.3,48.24,15/05/2025,18:30:42,Mobile Wallet,45.94,0.19,8.73,7.6
ALT-203666,Z,Birmingham,Normal,Male,Personal Care,21.37,2,2.14,44.88,26/07/2025,15:11:54,Credit Card,42.74,0.21,8.98,6.2
ALT-203667,X,Liverpool,Member,Male,Snacks,2.52,4,0.5,10.58,10/12/2025,20:07:34,Credit Card,10.08,0.17,1.71,6.4
ALT-203668,Z,Birmingham,Normal,Male,Beverages,7.11,2,0.71,14.93,09/01/2025,18:24:35,Credit Card,14.22,0.13,1.85,7.2
ALT-203669,Y,Sheffield,Normal,Male,Snacks,3.7,5,0.93,19.43,16/11/2025,15:25:11,Credit Card,18.5,0.17,3.15,7.7
ALT-203670,Z,Birmingham,Normal,Male,Frozen Foods,8.96,2,0.9,18.82,11/06/2025,13:09:00,Mobile Wallet,17.92,0.1,1.79,4.9
ALT-203671,Y,Sheffield,Normal,Female,Snacks,1.54,9,0.69,14.55,15/04/2025,10:49:55,Credit Card,13.86,0.17,2.36,5.8
ALT-203672,Y,Sheffield,Normal,Male,Health & Wellness,5.98,2,0.6,12.56,07/08/2025,18:36:48,Debit Card,11.96,0.24,2.87,5.6
ALT-203673,X,Liverpool,Normal,Male,Dairy & Eggs,7.45,12,4.47,93.87,27/08/2025,15:57:51,Credit Card,89.4,0.07,6.26,5.9
ALT-203674,Z,Birmingham,Normal,Male,Fresh Produce,9.54,6,2.86,60.1,27/11/2025,16:21:54,Cash,57.24,0.08,4.58,8.2
ALT-203675,Y,Sheffield,Normal,Male,Beverages,11.48,5,2.87,60.27,16/07/2025,15:21:44,Debit Card,57.4,0.13,7.46,7.5
ALT-203676,X,Liverpool,Normal,Male,Dairy & Eggs,6.79,6,2.04,42.78,29/04/2025,20:45:03,Credit Card,40.74,0.07,2.85,6.1
ALT-203677,Y,Sheffield,Normal,Female,Household,17.86,8,7.14,150.02,15/05/2025,18:19:14,Cash,142.88,0.19,27.15,6.0
ALT-203678,Y,Sheffield,Member,Female,Health & Wellness,18.87,3,2.83,59.44,21/04/2025,21:23:01,Debit Card,56.61,0.24,13.59,4.8
ALT-203679,Y,Sheffield,Member,Male,Household,20.41,10,10.21,214.31,20/08/2025,14:53:13,Cash,204.1,0.19,38.78,7.1
ALT-203680,Y,Sheffield,Normal,Male,Personal Care,14.7,2,1.47,30.87,30/10/2025,19:00:31,Debit Card,29.4,0.21,6.17,5.1
ALT-203681,Y,Sheffield,Normal,Male,Household,11.81,2,1.18,24.8,18/08/2025,19:06:15,Debit Card,23.62,0.19,4.49,5.9
ALT-203682,Z,Birmingham,Member,Female,Snacks,1.08,7,0.38,7.94,06/09/2025,15:32:59,Debit Card,7.56,0.17,1.29,5.4
ALT-203683,Z,Birmingham,Normal,Male,Fresh Produce,11.43,9,5.14,108.01,22/07/2025,13:07:21,Debit Card,102.87,0.08,8.23,4.3
ALT-203684,X,Liverpool,Member,Male,Beverages,7.63,10,3.81,80.11,26/02/2025,13:44:40,Mobile Wallet,76.3,0.13,9.92,7.0
ALT-203685,X,Liverpool,Normal,Female,Personal Care,18.88,6,5.66,118.94,06/05/2025,19:17:05,Mobile Wallet,113.28,0.21,23.79,6.6
ALT-203686,Y,Sheffield,Member,Male,Dairy & Eggs,7.17,9,3.23,67.76,21/03/2025,15:28:05,Mobile Wallet,64.53,0.07,4.52,6.7
ALT-203687,Z,Birmingham,Normal,Female,Beverages,13.19,4,2.64,55.4,13/06/2025,17:25:53,Debit Card,52.76,0.13,6.86,5.1
ALT-203688,Z,Birmingham,Member,Male,Baby Products,26.07,4,5.21,109.49,15/10/2025,12:03:14,Mobile Wallet,104.28,0.18,18.77,7.3
ALT-203689,Y,Sheffield,Member,Female,Fresh Produce,6.18,4,1.24,25.96,17/11/2025,18:18:36,Debit Card,24.72,0.08,1.98,7.2
ALT-203690,Z,Birmingham,Normal,Male,Bakery,8.61,1,0.43,9.04,12/10/2025,21:12:12,Debit Card,8.61,0.11,0.95,8.0
ALT-203691,Y,Sheffield,Member,Female,Household,8.57,2,0.86,18.0,17/02/2025,18:59:32,Mobile Wallet,17.14,0.19,3.26,8.5
ALT-203692,X,Liverpool,Member,Female,Frozen Foods,13.61,3,2.04,42.87,20/06/2025,17:52:13,Mobile Wallet,40.83,0.1,4.08,5.4
ALT-203693,X,Liverpool,Normal,Male,Dairy & Eggs,2.54,3,0.38,8.0,01/10/2025,17:14:37,Credit Card,7.62,0.07,0.53,6.2
ALT-203694,Z,Birmingham,Normal,Female,Snacks,4.67,2,0.47,9.81,06/04/2025,16:46:38,Credit Card,9.34,0.17,1.59,6.6
ALT-203695,Y,Sheffield,Member,Female,Beverages,5.46,5,1.37,28.67,15/04/2025,16:32:52,Debit Card,27.3,0.13,3.55,5.6
ALT-203696,X,Liverpool,Normal,Male,Personal Care,6.58,2,0.66,13.82,04/08/2025,18:12:52,Debit Card,13.16,0.21,2.76,5.5
ALT-203697,X,Liverpool,Member,Female,Baby Products,43.14,11,23.73,498.27,14/08/2025,12:45:39,Debit Card,474.54,0.18,85.42,6.9
ALT-203698,Y,Sheffield,Normal,Female,Snacks,5.88,6,1.76,37.04,19/07/2025,18:37:24,Debit Card,35.28,0.17,6.0,5.7
ALT-203699,X,Liverpool,Normal,Male,Personal Care,8.31,2,0.83,17.45,02/07/2025,16:16:15,Cash,16.62,0.21,3.49,6.0
ALT-203700,X,Liverpool,Normal,Female,Household,12.88,6,3.86,81.14,14/12/2025,15:19:39,Debit Card,77.28,0.19,14.68,6.8
ALT-203701,Y,Sheffield,Member,Male,Personal Care,20.8,4,4.16,87.36,16/11/2025,21:37:07,Credit Card,83.2,0.21,17.47,7.7
ALT-203702,X,Liverpool,Member,Male,Snacks,6.83,10,3.42,71.72,23/12/2025,20:26:40,Debit Card,68.3,0.17,11.61,6.1
ALT-203703,X,Liverpool,Normal,Female,Fresh Produce,2.65,9,1.19,25.04,13/12/2025,15:56:24,Mobile Wallet,23.85,0.08,1.91,7.5
ALT-203704,Z,Birmingham,Member,Male,Health & Wellness,7.23,4,1.45,30.37,11/07/2025,16:59:23,Mobile Wallet,28.92,0.24,6.94,9.2
ALT-203705,Y,Sheffield,Normal,Male,Baby Products,20.82,3,3.12,65.58,22/01/2025,12:46:59,Debit Card,62.46,0.18,11.24,6.5
ALT-203706,X,Liverpool,Member,Male,Bakery,7.82,9,3.52,73.9,16/10/2025,12:19:31,Debit Card,70.38,0.11,7.74,7.8
ALT-203707,Z,Birmingham,Normal,Female,Bakery,10.02,1,0.5,10.52,02/08/2025,11:48:18,Mobile Wallet,10.02,0.11,1.1,6.7
ALT-203708,Z,Birmingham,Normal,Female,Personal Care,4.49,3,0.67,14.14,29/01/2025,12:24:06,Cash,13.47,0.21,2.83,6.0
ALT-203709,Z,Birmingham,Normal,Male,Bakery,9.06,3,1.36,28.54,04/08/2025,14:21:58,Debit Card,27.18,0.11,2.99,6.0
ALT-203710,Y,Sheffield,Normal,Female,Bakery,5.64,4,1.13,23.69,05/01/2025,14:28:17,Credit Card,22.56,0.11,2.48,7.2
ALT-203711,Z,Birmingham,Member,Female,Dairy & Eggs,1.99,6,0.6,12.54,23/10/2025,08:13:15,Credit Card,11.94,0.07,0.84,6.9
ALT-203712,Y,Sheffield,Member,Male,Snacks,3.05,2,0.3,6.4,04/08/2025,10:05:50,Cash,6.1,0.17,1.04,5.5
ALT-203713,X,Liverpool,Normal,Female,Household,19.23,7,6.73,141.34,15/03/2025,18:25:24,Mobile Wallet,134.61,0.19,25.58,6.8
ALT-203714,X,Liverpool,Normal,Male,Personal Care,8.22,7,2.88,60.42,25/06/2025,15:33:34,Cash,57.54,0.21,12.08,8.1
ALT-203715,X,Liverpool,Member,Female,Bakery,6.77,2,0.68,14.22,06/03/2025,14:34:20,Debit Card,13.54,0.11,1.49,7.0
ALT-203716,Y,Sheffield,Member,Female,Fresh Produce,1.4,8,0.56,11.76,29/01/2025,16:25:41,Credit Card,11.2,0.08,0.9,6.6
ALT-203717,Z,Birmingham,Normal,Male,Snacks,3.37,4,0.67,14.15,30/06/2025,14:06:39,Credit Card,13.48,0.17,2.29,7.6
ALT-203718,X,Liverpool,Normal,Male,Household,7.88,6,2.36,49.64,02/07/2025,11:26:59,Debit Card,47.28,0.19,8.98,8.3
ALT-203719,X,Liverpool,Normal,Male,Frozen Foods,18.17,5,4.54,95.39,26/06/2025,12:26:34,Debit Card,90.85,0.1,9.08,7.6
ALT-203720,X,Liverpool,Member,Female,Bakery,7.22,2,0.72,15.16,18/09/2025,09:57:47,Credit Card,14.44,0.11,1.59,6.0
ALT-203721,Z,Birmingham,Normal,Female,Beverages,9.27,7,3.24,68.13,22/04/2025,16:27:07,Mobile Wallet,64.89,0.13,8.44,6.3
ALT-203722,Y,Sheffield,Member,Male,Baby Products,36.78,3,5.52,115.86,14/02/2025,11:30:02,Mobile Wallet,110.34,0.18,19.86,7.7
ALT-203723,Y,Sheffield,Normal,Female,Fresh Produce,2.83,9,1.27,26.74,08/11/2025,14:22:17,Debit Card,25.47,0.08,2.04,7.0
ALT-203724,Y,Sheffield,Normal,Male,Dairy & Eggs,4.23,2,0.42,8.88,27/12/2025,13:20:12,Credit Card,8.46,0.07,0.59,7.0
ALT-203725,X,Liverpool,Normal,Female,Bakery,7.23,5,1.81,37.96,26/09/2025,15:10:18,Credit Card,36.15,0.11,3.98,6.4
ALT-203726,Z,Birmingham,Normal,Male,Bakery,4.83,6,1.45,30.43,17/06/2025,15:18:45,Mobile Wallet,28.98,0.11,3.19,7.3
ALT-203727,Z,Birmingham,Member,Female,Beverages,12.47,3,1.87,39.28,19/04/2025,09:44:09,Credit Card,37.41,0.13,4.86,7.4
ALT-203728,Z,Birmingham,Member,Male,Frozen Foods,4.07,8,1.63,34.19,08/12/2025,13:56:31,Debit Card,32.56,0.1,3.26,6.8
ALT-203729,Z,Birmingham,Normal,Female,Snacks,4.97,3,0.75,15.66,22/04/2025,13:14:17,Debit Card,14.91,0.17,2.53,4.2
ALT-203730,X,Liverpool,Member,Male,Fresh Produce,6.62,11,3.64,76.46,29/07/2025,12:02:38,Debit Card,72.82,0.08,5.83,6.7
ALT-203731,Z,Birmingham,Member,Female,Dairy & Eggs,4.46,4,0.89,18.73,26/11/2025,15:23:48,Mobile Wallet,17.84,0.07,1.25,6.7
ALT-203732,Z,Birmingham,Member,Male,Personal Care,26.38,8,10.55,221.59,08/09/2025,15:51:22,Credit Card,211.04,0.21,44.32,6.0
ALT-203733,Z,Birmingham,Member,Female,Personal Care,17.48,1,0.87,18.35,13/11/2025,18:24:24,Debit Card,17.48,0.21,3.67,6.5
ALT-203734,Z,Birmingham,Member,Female,Bakery,7.37,3,1.11,23.22,01/04/2025,15:32:03,Debit Card,22.11,0.11,2.43,8.4
ALT-203735,Y,Sheffield,Normal,Female,Household,12.18,9,5.48,115.1,06/06/2025,18:47:06,Debit Card,109.62,0.19,20.83,6.4
ALT-203736,Z,Birmingham,Member,Female,Frozen Foods,15.43,5,3.86,81.01,29/08/2025,15:26:51,Cash,77.15,0.1,7.72,8.0
ALT-203737,X,Liverpool,Normal,Female,Bakery,6.57,4,1.31,27.59,14/09/2025,18:25:29,Debit Card,26.28,0.11,2.89,5.8
ALT-203738,Z,Birmingham,Member,Male,Bakery,5.76,4,1.15,24.19,01/11/2025,14:26:15,Mobile Wallet,23.04,0.11,2.53,4.9
ALT-203739,Z,Birmingham,Member,Male,Beverages,8.01,2,0.8,16.82,01/04/2025,15:27:27,Mobile Wallet,16.02,0.13,2.08,7.3
ALT-203740,Y,Sheffield,Normal,Female,Frozen Foods,14.71,6,4.41,92.67,13/08/2025,09:48:38,Mobile Wallet,88.26,0.1,8.83,6.3
ALT-203741,Z,Birmingham,Member,Male,Snacks,3.12,1,0.16,3.28,17/03/2025,14:08:08,Mobile Wallet,3.12,0.17,0.53,7.3
ALT-203742,Z,Birmingham,Member,Male,Household,15.84,1,0.79,16.63,30/01/2025,08:47:32,Debit Card,15.84,0.19,3.01,7.6
ALT-203743,Y,Sheffield,Normal,Female,Beverages,12.45,2,1.25,26.15,27/11/2025,14:30:08,Credit Card,24.9,0.13,3.24,6.7
ALT-203744,Z,Birmingham,Normal,Female,Frozen Foods,5.98,9,2.69,56.51,10/03/2025,11:03:45,Credit Card,53.82,0.1,5.38,6.5
ALT-203745,Z,Birmingham,Normal,Female,Dairy & Eggs,2.17,6,0.65,13.67,13/07/2025,15:41:50,Credit Card,13.02,0.07,0.91,6.3
ALT-203746,X,Liverpool,Member,Female,Baby Products,34.64,1,1.73,36.37,09/02/2025,08:46:00,Cash,34.64,0.18,6.24,7.3
ALT-203747,Y,Sheffield,Normal,Female,Household,14.33,6,4.3,90.28,11/06/2025,11:31:02,Mobile Wallet,85.98,0.19,16.34,7.1
ALT-203748,X,Liverpool,Member,Male,Beverages,14.21,12,8.53,179.05,25/03/2025,14:27:15,Credit Card,170.52,0.13,22.17,8.2
ALT-203749,Z,Birmingham,Normal,Male,Frozen Foods,11.41,5,2.85,59.9,20/01/2025,18:25:16,Cash,57.05,0.1,5.71,7.2
ALT-203750,Z,Birmingham,Normal,Male,Dairy & Eggs,5.41,1,0.27,5.68,14/05/2025,20:21:57,Mobile Wallet,5.41,0.07,0.38,6.1
ALT-203751,X,Liverpool,Normal,Female,Fresh Produce,4.75,1,0.24,4.99,21/09/2025,17:36:36,Debit Card,4.75,0.08,0.38,5.8
ALT-203752,X,Liverpool,Member,Male,Beverages,3.92,2,0.39,8.23,16/02/2025,15:39:58,Mobile Wallet,7.84,0.13,1.02,6.2
ALT-203753,Y,Sheffield,Normal,Male,Beverages,5.51,13,3.58,75.21,05/05/2025,19:01:53,Credit Card,71.63,0.13,9.31,5.3
ALT-203754,Y,Sheffield,Member,Female,Baby Products,37.1,3,5.57,116.87,07/07/2025,21:31:08,Credit Card,111.3,0.18,20.03,6.7
ALT-203755,Z,Birmingham,Member,Female,Frozen Foods,19.49,4,3.9,81.86,26/06/2025,18:20:30,Mobile Wallet,77.96,0.1,7.8,5.3
ALT-203756,Z,Birmingham,Member,Male,Bakery,5.6,2,0.56,11.76,11/11/2025,13:53:39,Credit Card,11.2,0.11,1.23,7.1
ALT-203757,X,Liverpool,Normal,Female,Health & Wellness,18.5,7,6.48,135.98,27/08/2025,09:42:23,Mobile Wallet,129.5,0.24,31.08,7.2
ALT-203758,Z,Birmingham,Member,Female,Bakery,9.09,13,5.91,124.08,23/02/2025,16:34:29,Cash,118.17,0.11,13.0,6.6
ALT-203759,X,Liverpool,Member,Female,Baby Products,39.33,2,3.93,82.59,17/12/2025,09:35:48,Debit Card,78.66,0.18,14.16,5.4
ALT-203760,Y,Sheffield,Normal,Male,Beverages,9.92,2,0.99,20.83,31/05/2025,16:40:19,Cash,19.84,0.13,2.58,7.7
ALT-203761,X,Liverpool,Member,Female,Beverages,13.06,6,3.92,82.28,20/03/2025,21:51:58,Debit Card,78.36,0.13,10.19,6.0
ALT-203762,Y,Sheffield,Normal,Female,Beverages,8.9,10,4.45,93.45,12/02/2025,16:39:32,Mobile Wallet,89.0,0.13,11.57,7.0
ALT-203763,X,Liverpool,Normal,Male,Personal Care,14.64,5,3.66,76.86,10/08/2025,11:19:17,Debit Card,73.2,0.21,15.37,8.6
ALT-203764,Y,Sheffield,Member,Female,Household,9.36,2,0.94,19.66,29/04/2025,20:26:16,Credit Card,18.72,0.19,3.56,7.3
ALT-203765,Y,Sheffield,Normal,Male,Beverages,12.4,1,0.62,13.02,22/07/2025,14:06:34,Credit Card,12.4,0.13,1.61,7.0
ALT-203766,Y,Sheffield,Normal,Male,Snacks,3.24,6,0.97,20.41,17/02/2025,15:34:02,Cash,19.44,0.17,3.3,6.8
ALT-203767,Y,Sheffield,Normal,Male,Baby Products,41.56,4,8.31,174.55,10/08/2025,13:51:23,Debit Card,166.24,0.18,29.92,8.6
ALT-203768,Z,Birmingham,Member,Female,Health & Wellness,18.33,13,11.91,250.2,28/04/2025,17:57:38,Credit Card,238.29,0.24,57.19,7.6
ALT-203769,Y,Sheffield,Normal,Female,Snacks,1.52,10,0.76,15.96,03/03/2025,19:31:48,Credit Card,15.2,0.17,2.58,6.5
ALT-203770,X,Liverpool,Normal,Male,Frozen Foods,16.92,11,9.31,195.43,04/09/2025,14:57:03,Debit Card,186.12,0.1,18.61,6.3
ALT-203771,Z,Birmingham,Member,Male,Baby Products,42.7,1,2.14,44.84,10/05/2025,18:46:05,Debit Card,42.7,0.18,7.69,7.5
ALT-203772,X,Liverpool,Normal,Female,Household,5.58,3,0.84,17.58,21/06/2025,19:07:17,Credit Card,16.74,0.19,3.18,7.2
ALT-203773,Z,Birmingham,Member,Female,Baby Products,38.82,3,5.82,122.28,09/02/2025,19:40:02,Debit Card,116.46,0.18,20.96,5.5
ALT-203774,Z,Birmingham,Member,Male,Frozen Foods,10.88,7,3.81,79.97,08/07/2025,17:47:13,Credit Card,76.16,0.1,7.62,7.3
ALT-203775,Z,Birmingham,Normal,Female,Baby Products,25.13,2,2.51,52.77,11/07/2025,19:55:46,Mobile Wallet,50.26,0.18,9.05,7.3
ALT-203776,X,Liverpool,Normal,Female,Fresh Produce,8.93,11,4.91,103.14,28/01/2025,16:56:42,Debit Card,98.23,0.08,7.86,6.0
ALT-203777,Z,Birmingham,Member,Male,Household,19.89,4,3.98,83.54,12/09/2025,14:40:54,Credit Card,79.56,0.19,15.12,7.7
ALT-203778,Z,Birmingham,Normal,Female,Health & Wellness,23.11,3,3.47,72.8,20/07/2025,09:42:39,Credit Card,69.33,0.24,16.64,6.4
ALT-203779,X,Liverpool,Normal,Male,Household,17.46,3,2.62,55.0,13/05/2025,13:17:47,Debit Card,52.38,0.19,9.95,6.3
ALT-203780,Y,Sheffield,Member,Female,Snacks,2.24,5,0.56,11.76,23/08/2025,15:35:31,Credit Card,11.2,0.17,1.9,8.1
ALT-203781,Y,Sheffield,Member,Male,Bakery,8.13,3,1.22,25.61,27/06/2025,13:08:28,Debit Card,24.39,0.11,2.68,7.7
ALT-203782,X,Liverpool,Member,Male,Personal Care,11.09,5,2.77,58.22,23/08/2025,17:26:04,Debit Card,55.45,0.21,11.64,8.1
ALT-203783,Y,Sheffield,Member,Male,Baby Products,17.19,3,2.58,54.15,19/06/2025,19:31:22,Debit Card,51.57,0.18,9.28,7.1
ALT-203784,Z,Birmingham,Normal,Female,Fresh Produce,11.17,1,0.56,11.73,15/04/2025,11:27:50,Mobile Wallet,11.17,0.08,0.89,8.0
ALT-203785,X,Liverpool,Normal,Male,Bakery,5.58,10,2.79,58.59,18/04/2025,16:26:44,Debit Card,55.8,0.11,6.14,6.5
ALT-203786,Y,Sheffield,Normal,Female,Personal Care,18.12,6,5.44,114.16,27/10/2025,10:10:14,Mobile Wallet,108.72,0.21,22.83,5.0
ALT-203787,X,Liverpool,Member,Male,Frozen Foods,4.96,3,0.74,15.62,17/11/2025,16:45:40,Mobile Wallet,14.88,0.1,1.49,7.9
ALT-203788,X,Liverpool,Member,Female,Personal Care,4.62,1,0.23,4.85,13/08/2025,14:18:10,Mobile Wallet,4.62,0.21,0.97,7.1
ALT-203789,Z,Birmingham,Normal,Male,Fresh Produce,12.69,4,2.54,53.3,18/12/2025,15:39:19,Debit Card,50.76,0.08,4.06,4.1
ALT-203790,Y,Sheffield,Member,Female,Health & Wellness,23.77,3,3.57,74.88,27/11/2025,15:15:56,Credit Card,71.31,0.24,17.11,5.8
ALT-203791,X,Liverpool,Normal,Male,Bakery,7.88,9,3.55,74.47,08/09/2025,20:22:06,Mobile Wallet,70.92,0.11,7.8,7.7
ALT-203792,Y,Sheffield,Member,Male,Personal Care,5.26,6,1.58,33.14,11/03/2025,16:10:42,Credit Card,31.56,0.21,6.63,7.9
ALT-203793,X,Liverpool,Normal,Male,Household,20.28,4,4.06,85.18,31/10/2025,15:02:59,Mobile Wallet,81.12,0.19,15.41,6.2
ALT-203794,X,Liverpool,Member,Male,Health & Wellness,21.87,10,10.94,229.64,02/10/2025,20:57:39,Credit Card,218.7,0.24,52.49,7.5
ALT-203795,Y,Sheffield,Member,Male,Fresh Produce,7.89,5,1.97,41.42,16/03/2025,13:43:37,Mobile Wallet,39.45,0.08,3.16,6.7
ALT-203796,X,Liverpool,Member,Female,Bakery,5.79,6,1.74,36.48,04/06/2025,16:53:38,Debit Card,34.74,0.11,3.82,6.4
ALT-203797,X,Liverpool,Member,Male,Baby Products,38.91,3,5.84,122.57,08/09/2025,16:54:06,Mobile Wallet,116.73,0.18,21.01,7.7
ALT-203798,Y,Sheffield,Member,Male,Personal Care,6.24,4,1.25,26.21,22/12/2025,11:52:23,Mobile Wallet,24.96,0.21,5.24,8.6
ALT-203799,X,Liverpool,Normal,Male,Bakery,5.45,1,0.27,5.72,04/06/2025,12:25:03,Mobile Wallet,5.45,0.11,0.6,5.6
ALT-203800,Y,Sheffield,Member,Female,Fresh Produce,5.14,5,1.29,26.99,16/04/2025,18:50:42,Credit Card,25.7,0.08,2.06,6.6
ALT-203801,X,Liverpool,Member,Female,Dairy & Eggs,5.12,7,1.79,37.63,23/03/2025,20:16:41,Debit Card,35.84,0.07,2.51,6.0
ALT-203802,X,Liverpool,Normal,Male,Fresh Produce,10.53,10,5.27,110.57,03/03/2025,20:46:49,Mobile Wallet,105.3,0.08,8.42,6.6
ALT-203803,Z,Birmingham,Member,Female,Frozen Foods,7.0,6,2.1,44.1,06/05/2025,13:33:17,Debit Card,42.0,0.1,4.2,5.9
ALT-203804,Z,Birmingham,Normal,Male,Snacks,1.74,2,0.17,3.65,18/10/2025,08:22:20,Mobile Wallet,3.48,0.17,0.59,7.8
ALT-203805,Y,Sheffield,Normal,Male,Fresh Produce,5.66,2,0.57,11.89,14/04/2025,17:36:24,Mobile Wallet,11.32,0.08,0.91,6.7
ALT-203806,Z,Birmingham,Normal,Male,Baby Products,41.3,3,6.2,130.1,05/09/2025,11:47:23,Cash,123.9,0.18,22.3,7.0
ALT-203807,Y,Sheffield,Normal,Male,Fresh Produce,8.87,7,3.1,65.19,04/12/2025,13:33:22,Cash,62.09,0.08,4.97,4.6
ALT-203808,X,Liverpool,Normal,Female,Health & Wellness,33.24,7,11.63,244.31,26/03/2025,18:51:52,Credit Card,232.68,0.24,55.84,7.2
ALT-203809,Z,Birmingham,Normal,Female,Bakery,4.33,2,0.43,9.09,10/03/2025,18:17:19,Debit Card,8.66,0.11,0.95,6.2
ALT-203810,X,Liverpool,Member,Male,Health & Wellness,24.34,6,7.3,153.34,19/12/2025,10:44:56,Mobile Wallet,146.04,0.24,35.05,6.5
ALT-203811,X,Liverpool,Normal,Male,Personal Care,17.48,2,1.75,36.71,25/06/2025,12:34:24,Credit Card,34.96,0.21,7.34,5.1
ALT-203812,X,Liverpool,Normal,Female,Fresh Produce,8.33,7,2.92,61.23,19/06/2025,18:16:23,Debit Card,58.31,0.08,4.66,7.6
ALT-203813,Y,Sheffield,Normal,Male,Bakery,4.8,3,0.72,15.12,27/10/2025,20:08:33,Debit Card,14.4,0.11,1.58,5.5
ALT-203814,X,Liverpool,Member,Female,Frozen Foods,11.41,7,3.99,83.86,18/11/2025,14:53:57,Mobile Wallet,79.87,0.1,7.99,7.0
ALT-203815,X,Liverpool,Normal,Male,Frozen Foods,2.43,2,0.24,5.1,02/11/2025,15:07:51,Mobile Wallet,4.86,0.1,0.49,7.2
ALT-203816,Y,Sheffield,Member,Female,Baby Products,32.48,9,14.62,306.94,11/12/2025,20:30:01,Credit Card,292.32,0.18,52.62,7.2
ALT-203817,Y,Sheffield,Member,Male,Personal Care,12.37,3,1.86,38.97,05/04/2025,15:25:18,Debit Card,37.11,0.21,7.79,4.8
ALT-203818,Z,Birmingham,Normal,Male,Personal Care,4.34,3,0.65,13.67,11/02/2025,08:42:19,Mobile Wallet,13.02,0.21,2.73,7.0
ALT-203819,Y,Sheffield,Normal,Male,Household,10.33,3,1.55,32.54,23/10/2025,17:03:31,Credit Card,30.99,0.19,5.89,6.2
ALT-203820,Z,Birmingham,Member,Female,Household,20.35,1,1.02,21.37,03/12/2025,11:07:16,Debit Card,20.35,0.19,3.87,7.5
ALT-203821,Y,Sheffield,Normal,Male,Personal Care,18.86,5,4.71,99.01,05/05/2025,16:14:12,Credit Card,94.3,0.21,19.8,7.9
ALT-203822,X,Liverpool,Member,Male,Beverages,12.46,5,3.12,65.42,02/01/2025,13:19:53,Credit Card,62.3,0.13,8.1,6.3
ALT-203823,X,Liverpool,Member,Male,Snacks,3.51,3,0.53,11.06,07/02/2025,11:46:06,Credit Card,10.53,0.17,1.79,7.0
ALT-203824,Z,Birmingham,Member,Male,Dairy & Eggs,7.61,2,0.76,15.98,10/09/2025,17:04:17,Mobile Wallet,15.22,0.07,1.07,7.0
ALT-203825,Z,Birmingham,Normal,Female,Household,24.22,1,1.21,25.43,30/06/2025,14:46:39,Debit Card,24.22,0.19,4.6,6.7
ALT-203826,Z,Birmingham,Member,Male,Fresh Produce,1.89,3,0.28,5.95,02/01/2025,09:05:55,Cash,5.67,0.08,0.45,6.0
ALT-203827,X,Liverpool,Member,Female,Fresh Produce,8.82,10,4.41,92.61,26/02/2025,14:43:09,Mobile Wallet,88.2,0.08,7.06,5.9
ALT-203828,X,Liverpool,Normal,Male,Frozen Foods,8.77,3,1.32,27.63,30/06/2025,10:12:25,Debit Card,26.31,0.1,2.63,6.6
ALT-203829,Y,Sheffield,Normal,Male,Frozen Foods,9.75,6,2.93,61.43,19/07/2025,19:16:44,Credit Card,58.5,0.1,5.85,7.3
ALT-203830,Y,Sheffield,Normal,Male,Personal Care,4.84,1,0.24,5.08,29/03/2025,09:55:59,Mobile Wallet,4.84,0.21,1.02,6.4
ALT-203831,X,Liverpool,Normal,Male,Household,18.08,4,3.62,75.94,15/07/2025,14:24:27,Mobile Wallet,72.32,0.19,13.74,7.4
ALT-203832,X,Liverpool,Member,Male,Health & Wellness,12.96,2,1.3,27.22,01/04/2025,17:17:43,Cash,25.92,0.24,6.22,5.9
ALT-203833,X,Liverpool,Normal,Female,Health & Wellness,8.85,5,2.21,46.46,19/10/2025,17:09:11,Mobile Wallet,44.25,0.24,10.62,7.6
ALT-203834,X,Liverpool,Normal,Female,Health & Wellness,19.36,2,1.94,40.66,02/01/2025,16:59:59,Debit Card,38.72,0.24,9.29,6.0
ALT-203835,Z,Birmingham,Member,Male,Dairy & Eggs,9.12,3,1.37,28.73,22/11/2025,11:10:56,Debit Card,27.36,0.07,1.92,7.7
ALT-203836,Z,Birmingham,Member,Male,Frozen Foods,12.77,12,7.66,160.9,25/08/2025,14:31:12,Mobile Wallet,153.24,0.1,15.32,7.1
ALT-203837,Z,Birmingham,Member,Male,Health & Wellness,9.02,13,5.86,123.12,12/11/2025,14:04:30,Credit Card,117.26,0.24,28.14,6.3
ALT-203838,Z,Birmingham,Member,Female,Personal Care,17.73,8,7.09,148.93,05/04/2025,16:26:55,Cash,141.84,0.21,29.79,7.3
ALT-203839,Y,Sheffield,Normal,Female,Bakery,8.66,2,0.87,18.19,08/06/2025,20:37:42,Cash,17.32,0.11,1.91,6.9
ALT-203840,Z,Birmingham,Normal,Female,Household,21.56,5,5.39,113.19,31/08/2025,09:49:25,Debit Card,107.8,0.19,20.48,5.6
ALT-203841,Y,Sheffield,Member,Male,Beverages,5.07,6,1.52,31.94,12/10/2025,19:18:15,Debit Card,30.42,0.13,3.95,7.5
ALT-203842,Z,Birmingham,Member,Male,Health & Wellness,25.54,3,3.83,80.45,11/12/2025,11:23:24,Debit Card,76.62,0.24,18.39,6.9
ALT-203843,Z,Birmingham,Normal,Female,Health & Wellness,38.86,7,13.6,285.62,14/09/2025,13:56:02,Debit Card,272.02,0.24,65.28,7.3
ALT-203844,Y,Sheffield,Normal,Female,Frozen Foods,4.34,1,0.22,4.56,08/06/2025,15:11:19,Mobile Wallet,4.34,0.1,0.43,6.2
ALT-203845,Z,Birmingham,Normal,Male,Baby Products,33.53,6,10.06,211.24,01/02/2025,13:36:13,Debit Card,201.18,0.18,36.21,7.0
ALT-203846,Y,Sheffield,Normal,Female,Personal Care,15.79,4,3.16,66.32,18/04/2025,10:01:56,Mobile Wallet,63.16,0.21,13.26,7.3
ALT-203847,X,Liverpool,Member,Male,Bakery,1.91,6,0.57,12.03,10/05/2025,16:00:36,Credit Card,11.46,0.11,1.26,6.6
ALT-203848,Y,Sheffield,Normal,Female,Fresh Produce,6.3,1,0.32,6.62,03/05/2025,14:40:45,Credit Card,6.3,0.08,0.5,6.2
ALT-203849,X,Liverpool,Normal,Female,Bakery,1.84,8,0.74,15.46,16/01/2025,16:49:03,Credit Card,14.72,0.11,1.62,6.1
ALT-203850,Z,Birmingham,Member,Male,Frozen Foods,6.26,5,1.57,32.87,25/08/2025,17:26:07,Mobile Wallet,31.3,0.1,3.13,7.7
ALT-203851,X,Liverpool,Member,Male,Beverages,14.82,2,1.48,31.12,21/06/2025,13:26:47,Cash,29.64,0.13,3.85,7.6
ALT-203852,Z,Birmingham,Normal,Female,Bakery,5.39,5,1.35,28.3,23/02/2025,20:48:28,Debit Card,26.95,0.11,2.96,6.8
ALT-203853,Z,Birmingham,Member,Male,Fresh Produce,2.17,4,0.43,9.11,08/03/2025,21:05:53,Debit Card,8.68,0.08,0.69,6.2
ALT-203854,X,Liverpool,Member,Male,Household,9.33,9,4.2,88.17,25/06/2025,12:50:38,Credit Card,83.97,0.19,15.95,5.8
ALT-203855,Y,Sheffield,Member,Female,Health & Wellness,7.01,11,3.86,80.97,12/08/2025,19:12:12,Debit Card,77.11,0.24,18.51,7.0
ALT-203856,X,Liverpool,Member,Female,Baby Products,39.39,6,11.82,248.16,07/05/2025,12:30:12,Mobile Wallet,236.34,0.18,42.54,6.4
ALT-203857,Z,Birmingham,Member,Female,Household,7.79,5,1.95,40.9,24/09/2025,14:53:55,Credit Card,38.95,0.19,7.4,6.1
ALT-203858,X,Liverpool,Member,Male,Frozen Foods,12.61,1,0.63,13.24,27/06/2025,18:02:10,Mobile Wallet,12.61,0.1,1.26,5.8
ALT-203859,Z,Birmingham,Member,Male,Dairy & Eggs,3.62,3,0.54,11.4,16/09/2025,10:14:34,Mobile Wallet,10.86,0.07,0.76,9.0
ALT-203860,X,Liverpool,Normal,Female,Bakery,1.4,7,0.49,10.29,24/02/2025,21:41:12,Mobile Wallet,9.8,0.11,1.08,5.3
ALT-203861,Y,Sheffield,Normal,Male,Dairy & Eggs,3.04,4,0.61,12.77,14/04/2025,10:18:50,Cash,12.16,0.07,0.85,5.6
ALT-203862,Y,Sheffield,Member,Male,Snacks,4.25,7,1.49,31.24,20/01/2025,17:00:16,Debit Card,29.75,0.17,5.06,8.2
ALT-203863,Z,Birmingham,Normal,Female,Fresh Produce,4.83,6,1.45,30.43,02/12/2025,17:42:44,Debit Card,28.98,0.08,2.32,5.8
ALT-203864,X,Liverpool,Member,Female,Health & Wellness,19.0,2,1.9,39.9,28/08/2025,20:15:22,Cash,38.0,0.24,9.12,5.6
ALT-203865,Y,Sheffield,Member,Female,Fresh Produce,9.49,8,3.8,79.72,10/07/2025,17:50:46,Credit Card,75.92,0.08,6.07,6.3
ALT-203866,Z,Birmingham,Normal,Male,Household,25.12,1,1.26,26.38,13/03/2025,14:40:13,Mobile Wallet,25.12,0.19,4.77,5.8
ALT-203867,X,Liverpool,Member,Female,Personal Care,28.15,2,2.81,59.11,02/12/2025,15:55:29,Credit Card,56.3,0.21,11.82,7.3
ALT-203868,X,Liverpool,Normal,Male,Snacks,2.52,1,0.13,2.65,15/08/2025,18:31:06,Credit Card,2.52,0.17,0.43,6.6
ALT-203869,X,Liverpool,Member,Male,Baby Products,40.44,3,6.07,127.39,05/07/2025,09:31:44,Credit Card,121.32,0.18,21.84,6.9
ALT-203870,Y,Sheffield,Normal,Male,Fresh Produce,8.15,1,0.41,8.56,06/03/2025,17:16:08,Debit Card,8.15,0.08,0.65,5.8
ALT-203871,Y,Sheffield,Normal,Male,Health & Wellness,4.71,2,0.47,9.89,08/06/2025,21:08:50,Credit Card,9.42,0.24,2.26,8.5
ALT-203872,Z,Birmingham,Member,Male,Frozen Foods,14.81,2,1.48,31.1,08/09/2025,12:54:45,Cash,29.62,0.1,2.96,6.7
ALT-203873,X,Liverpool,Member,Female,Personal Care,24.28,1,1.21,25.49,07/06/2025,11:12:50,Credit Card,24.28,0.21,5.1,8.7
ALT-203874,X,Liverpool,Normal,Female,Dairy & Eggs,5.32,1,0.27,5.59,19/12/2025,16:26:48,Mobile Wallet,5.32,0.07,0.37,6.3
ALT-203875,Z,Birmingham,Normal,Male,Health & Wellness,11.08,10,5.54,116.34,13/12/2025,20:18:27,Mobile Wallet,110.8,0.24,26.59,5.8
ALT-203876,X,Liverpool,Normal,Male,Frozen Foods,7.9,4,1.58,33.18,26/05/2025,15:42:25,Mobile Wallet,31.6,0.1,3.16,6.6
ALT-203877,X,Liverpool,Normal,Male,Baby Products,16.01,13,10.41,218.54,14/03/2025,15:35:07,Mobile Wallet,208.13,0.18,37.46,6.9
ALT-203878,X,Liverpool,Member,Female,Baby Products,15.48,4,3.1,65.02,04/07/2025,12:33:16,Mobile Wallet,61.92,0.18,11.15,5.5
ALT-203879,X,Liverpool,Member,Male,Bakery,4.43,3,0.66,13.95,09/02/2025,19:33:09,Mobile Wallet,13.29,0.11,1.46,6.1
ALT-203880,Z,Birmingham,Normal,Female,Fresh Produce,9.14,3,1.37,28.79,28/08/2025,14:07:43,Credit Card,27.42,0.08,2.19,7.6
ALT-203881,Z,Birmingham,Member,Male,Dairy & Eggs,7.49,6,2.25,47.19,30/10/2025,11:43:29,Mobile Wallet,44.94,0.07,3.15,8.2
ALT-203882,X,Liverpool,Normal,Male,Fresh Produce,7.53,1,0.38,7.91,20/10/2025,15:58:19,Credit Card,7.53,0.08,0.6,5.0
ALT-203883,Z,Birmingham,Normal,Female,Dairy & Eggs,6.52,8,2.61,54.77,05/08/2025,13:07:25,Credit Card,52.16,0.07,3.65,6.4
ALT-203884,X,Liverpool,Normal,Male,Personal Care,15.33,4,3.07,64.39,29/01/2025,14:51:23,Credit Card,61.32,0.21,12.88,6.3
ALT-203885,Y,Sheffield,Normal,Female,Frozen Foods,8.49,4,1.7,35.66,28/09/2025,10:31:50,Debit Card,33.96,0.1,3.4,6.1
ALT-203886,Y,Sheffield,Member,Female,Household,10.22,5,2.56,53.66,14/05/2025,14:01:50,Debit Card,51.1,0.19,9.71,8.1
ALT-203887,Y,Sheffield,Member,Female,Baby Products,38.07,8,15.23,319.79,26/12/2025,18:12:10,Cash,304.56,0.18,54.82,7.4
ALT-203888,X,Liverpool,Member,Female,Personal Care,17.83,8,7.13,149.77,26/08/2025,17:24:08,Debit Card,142.64,0.21,29.95,6.1
ALT-203889,X,Liverpool,Normal,Female,Personal Care,20.49,11,11.27,236.66,08/09/2025,16:04:56,Debit Card,225.39,0.21,47.33,6.7
ALT-203890,Z,Birmingham,Normal,Male,Personal Care,9.14,4,1.83,38.39,23/10/2025,13:00:05,Mobile Wallet,36.56,0.21,7.68,6.5
ALT-203891,Y,Sheffield,Normal,Male,Frozen Foods,14.5,1,0.73,15.23,06/11/2025,16:38:21,Credit Card,14.5,0.1,1.45,8.3
ALT-203892,Y,Sheffield,Member,Male,Beverages,5.64,7,1.97,41.45,09/06/2025,21:36:52,Debit Card,39.48,0.13,5.13,6.6
ALT-203893,Z,Birmingham,Member,Female,Baby Products,24.93,8,9.97,209.41,22/03/2025,10:53:22,Debit Card,199.44,0.18,35.9,5.7
ALT-203894,X,Liverpool,Member,Female,Health & Wellness,22.99,1,1.15,24.14,09/06/2025,13:28:36,Debit Card,22.99,0.24,5.52,6.1
ALT-203895,Z,Birmingham,Member,Female,Household,21.83,12,13.1,275.06,19/04/2025,12:29:50,Mobile Wallet,261.96,0.19,49.77,6.9
ALT-203896,Y,Sheffield,Normal,Male,Bakery,2.66,1,0.13,2.79,05/02/2025,20:06:03,Cash,2.66,0.11,0.29,6.4
ALT-203897,Y,Sheffield,Normal,Female,Baby Products,13.5,5,3.38,70.88,14/03/2025,15:44:44,Debit Card,67.5,0.18,12.15,7.1
ALT-203898,X,Liverpool,Normal,Female,Snacks,3.65,3,0.55,11.5,25/09/2025,20:39:20,Mobile Wallet,10.95,0.17,1.86,8.0
ALT-203899,Y,Sheffield,Normal,Male,Household,9.9,2,0.99,20.79,17/05/2025,12:04:07,Debit Card,19.8,0.19,3.76,5.1
ALT-203900,Y,Sheffield,Member,Female,Household,15.51,6,4.65,97.71,03/04/2025,15:35:51,Cash,93.06,0.19,17.68,7.5
ALT-203901,Y,Sheffield,Member,Male,Fresh Produce,4.5,2,0.45,9.45,05/03/2025,11:09:46,Mobile Wallet,9.0,0.08,0.72,7.7
ALT-203902,Z,Birmingham,Normal,Male,Bakery,5.05,1,0.25,5.3,22/01/2025,19:44:58,Mobile Wallet,5.05,0.11,0.56,5.6
ALT-203903,Y,Sheffield,Normal,Female,Health & Wellness,30.37,3,4.56,95.67,17/01/2025,16:25:26,Mobile Wallet,91.11,0.24,21.87,8.5
ALT-203904,X,Liverpool,Normal,Female,Health & Wellness,37.5,1,1.88,39.38,05/10/2025,18:46:44,Debit Card,37.5,0.24,9.0,5.2
ALT-203905,Z,Birmingham,Normal,Male,Fresh Produce,4.15,1,0.21,4.36,13/06/2025,16:48:18,Mobile Wallet,4.15,0.08,0.33,5.1
ALT-203906,X,Liverpool,Member,Male,Frozen Foods,9.21,8,3.68,77.36,11/10/2025,21:34:09,Credit Card,73.68,0.1,7.37,8.9
ALT-203907,Z,Birmingham,Member,Male,Frozen Foods,11.83,8,4.73,99.37,24/11/2025,16:41:46,Credit Card,94.64,0.1,9.46,7.6
ALT-203908,Z,Birmingham,Member,Female,Fresh Produce,6.16,4,1.23,25.87,30/01/2025,15:40:00,Mobile Wallet,24.64,0.08,1.97,5.8
ALT-203909,Z,Birmingham,Normal,Male,Frozen Foods,16.39,3,2.46,51.63,29/03/2025,19:08:06,Credit Card,49.17,0.1,4.92,4.6
ALT-203910,Y,Sheffield,Member,Female,Beverages,7.53,2,0.75,15.81,09/07/2025,18:31:45,Credit Card,15.06,0.13,1.96,8.0
ALT-203911,Z,Birmingham,Member,Male,Fresh Produce,8.65,3,1.3,27.25,27/06/2025,11:22:24,Mobile Wallet,25.95,0.08,2.08,6.9
ALT-203912,X,Liverpool,Member,Female,Bakery,3.05,1,0.15,3.2,13/03/2025,08:50:40,Cash,3.05,0.11,0.34,7.0
ALT-203913,X,Liverpool,Member,Male,Baby Products,45.95,9,20.68,434.23,20/12/2025,16:08:52,Debit Card,413.55,0.18,74.44,7.5
ALT-203914,Z,Birmingham,Member,Male,Health & Wellness,31.79,4,6.36,133.52,30/10/2025,16:57:16,Credit Card,127.16,0.24,30.52,7.7
ALT-203915,X,Liverpool,Member,Male,Snacks,2.58,2,0.26,5.42,13/04/2025,19:16:49,Mobile Wallet,5.16,0.17,0.88,8.3
ALT-203916,Y,Sheffield,Member,Male,Personal Care,6.92,13,4.5,94.46,24/02/2025,14:37:19,Debit Card,89.96,0.21,18.89,6.3
ALT-203917,X,Liverpool,Member,Female,Baby Products,42.27,11,23.25,488.22,29/11/2025,11:04:43,Credit Card,464.97,0.18,83.69,5.9
ALT-203918,Y,Sheffield,Member,Female,Snacks,3.95,3,0.59,12.44,03/07/2025,13:52:53,Cash,11.85,0.17,2.01,7.0
ALT-203919,X,Liverpool,Normal,Male,Health & Wellness,11.57,11,6.36,133.63,23/11/2025,18:51:02,Mobile Wallet,127.27,0.24,30.54,7.4
ALT-203920,X,Liverpool,Member,Female,Frozen Foods,15.24,2,1.52,32.0,17/05/2025,15:42:34,Credit Card,30.48,0.1,3.05,8.1
ALT-203921,Y,Sheffield,Normal,Female,Fresh Produce,8.84,1,0.44,9.28,27/11/2025,16:03:37,Debit Card,8.84,0.08,0.71,5.9
ALT-203922,Y,Sheffield,Member,Male,Dairy & Eggs,2.09,5,0.52,10.97,23/04/2025,13:31:29,Credit Card,10.45,0.07,0.73,5.8
ALT-203923,Z,Birmingham,Normal,Male,Snacks,6.47,2,0.65,13.59,29/04/2025,12:15:27,Debit Card,12.94,0.17,2.2,4.6
ALT-203924,Z,Birmingham,Member,Female,Dairy & Eggs,7.79,2,0.78,16.36,07/08/2025,18:20:44,Mobile Wallet,15.58,0.07,1.09,8.1
ALT-203925,Y,Sheffield,Normal,Male,Beverages,3.02,7,1.06,22.2,18/08/2025,19:06:41,Credit Card,21.14,0.13,2.75,4.5
ALT-203926,Y,Sheffield,Member,Male,Snacks,2.11,1,0.11,2.22,19/08/2025,13:32:38,Debit Card,2.11,0.17,0.36,7.6
ALT-203927,X,Liverpool,Normal,Male,Dairy & Eggs,2.8,4,0.56,11.76,15/09/2025,20:17:38,Cash,11.2,0.07,0.78,5.7
ALT-203928,X,Liverpool,Normal,Male,Personal Care,15.91,1,0.8,16.71,19/06/2025,18:31:45,Mobile Wallet,15.91,0.21,3.34,5.4
ALT-203929,Y,Sheffield,Member,Male,Frozen Foods,3.72,4,0.74,15.62,12/01/2025,13:29:30,Debit Card,14.88,0.1,1.49,5.6
ALT-203930,Z,Birmingham,Member,Female,Fresh Produce,5.99,5,1.5,31.45,13/03/2025,16:44:06,Credit Card,29.95,0.08,2.4,5.5
ALT-203931,Z,Birmingham,Member,Male,Bakery,6.62,5,1.66,34.76,16/01/2025,17:20:29,Mobile Wallet,33.1,0.11,3.64,7.5
ALT-203932,Z,Birmingham,Normal,Female,Fresh Produce,9.59,12,5.75,120.83,10/08/2025,09:53:08,Mobile Wallet,115.08,0.08,9.21,6.6
ALT-203933,Y,Sheffield,Normal,Female,Personal Care,4.13,3,0.62,13.01,09/10/2025,16:55:52,Debit Card,12.39,0.21,2.6,6.5
ALT-203934,X,Liverpool,Member,Male,Baby Products,7.5,6,2.25,47.25,04/08/2025,15:35:12,Mobile Wallet,45.0,0.18,8.1,6.6
ALT-203935,X,Liverpool,Member,Male,Snacks,3.24,2,0.32,6.8,05/12/2025,16:18:10,Credit Card,6.48,0.17,1.1,7.1
ALT-203936,Y,Sheffield,Member,Female,Household,9.48,5,2.37,49.77,01/04/2025,12:49:19,Debit Card,47.4,0.19,9.01,6.9
ALT-203937,X,Liverpool,Member,Male,Health & Wellness,42.28,13,27.48,577.12,18/11/2025,18:03:27,Credit Card,549.64,0.24,131.91,7.0
ALT-203938,Z,Birmingham,Normal,Male,Health & Wellness,16.2,3,2.43,51.03,11/10/2025,16:18:54,Debit Card,48.6,0.24,11.66,7.3
ALT-203939,Y,Sheffield,Normal,Female,Health & Wellness,15.03,7,5.26,110.47,23/03/2025,12:44:31,Credit Card,105.21,0.24,25.25,6.8
ALT-203940,Y,Sheffield,Member,Female,Fresh Produce,6.09,7,2.13,44.76,16/09/2025,08:52:21,Cash,42.63,0.08,3.41,7.6
ALT-203941,Y,Sheffield,Member,Female,Household,6.0,5,1.5,31.5,08/07/2025,17:10:39,Credit Card,30.0,0.19,5.7,7.6
ALT-203942,X,Liverpool,Member,Male,Snacks,1.77,5,0.44,9.29,22/03/2025,20:03:34,Debit Card,8.85,0.17,1.5,6.6
ALT-203943,Z,Birmingham,Member,Male,Health & Wellness,15.58,9,7.01,147.23,23/01/2025,16:08:24,Credit Card,140.22,0.24,33.65,6.1
ALT-203944,Z,Birmingham,Normal,Female,Fresh Produce,12.09,2,1.21,25.39,07/11/2025,14:41:57,Cash,24.18,0.08,1.93,6.0
ALT-203945,Z,Birmingham,Normal,Female,Beverages,8.05,1,0.4,8.45,02/07/2025,10:40:52,Mobile Wallet,8.05,0.13,1.05,6.3
ALT-203946,X,Liverpool,Normal,Male,Baby Products,13.88,2,1.39,29.15,15/03/2025,11:55:03,Mobile Wallet,27.76,0.18,5.0,7.0
ALT-203947,X,Liverpool,Member,Female,Fresh Produce,2.82,4,0.56,11.84,06/09/2025,19:24:58,Mobile Wallet,11.28,0.08,0.9,7.5
ALT-203948,X,Liverpool,Normal,Male,Personal Care,19.58,12,11.75,246.71,29/10/2025,13:18:13,Mobile Wallet,234.96,0.21,49.34,6.3
ALT-203949,Y,Sheffield,Normal,Male,Frozen Foods,12.93,12,7.76,162.92,16/02/2025,20:01:21,Credit Card,155.16,0.1,15.52,7.2
ALT-203950,Y,Sheffield,Member,Female,Personal Care,4.11,9,1.85,38.84,26/11/2025,20:21:54,Mobile Wallet,36.99,0.21,7.77,7.9
ALT-203951,Y,Sheffield,Member,Female,Health & Wellness,17.22,5,4.3,90.4,22/08/2025,15:15:49,Credit Card,86.1,0.24,20.66,7.1
ALT-203952,X,Liverpool,Normal,Male,Snacks,4.86,9,2.19,45.93,07/11/2025,15:16:39,Credit Card,43.74,0.17,7.44,6.4
ALT-203953,X,Liverpool,Member,Male,Snacks,2.59,3,0.39,8.16,19/08/2025,12:28:07,Mobile Wallet,7.77,0.17,1.32,5.3
ALT-203954,Y,Sheffield,Normal,Female,Personal Care,22.97,7,8.04,168.83,25/09/2025,16:10:44,Credit Card,160.79,0.21,33.77,7.3
ALT-203955,Y,Sheffield,Normal,Female,Health & Wellness,31.35,6,9.4,197.5,09/10/2025,15:57:43,Mobile Wallet,188.1,0.24,45.14,5.6
ALT-203956,Y,Sheffield,Normal,Male,Dairy & Eggs,3.52,1,0.18,3.7,05/09/2025,14:29:22,Credit Card,3.52,0.07,0.25,7.9
ALT-203957,Y,Sheffield,Member,Male,Personal Care,14.56,5,3.64,76.44,20/05/2025,10:03:25,Credit Card,72.8,0.21,15.29,6.0
ALT-203958,X,Liverpool,Member,Male,Beverages,11.65,3,1.75,36.7,25/07/2025,10:03:49,Credit Card,34.95,0.13,4.54,6.2
ALT-203959,Z,Birmingham,Normal,Female,Baby Products,43.75,7,15.31,321.56,13/09/2025,12:17:18,Credit Card,306.25,0.18,55.12,6.2
ALT-203960,Z,Birmingham,Normal,Female,Beverages,8.95,6,2.69,56.39,16/02/2025,18:06:25,Debit Card,53.7,0.13,6.98,5.9
ALT-203961,X,Liverpool,Normal,Female,Bakery,6.1,9,2.75,57.65,11/08/2025,17:51:59,Credit Card,54.9,0.11,6.04,5.2
ALT-203962,Z,Birmingham,Normal,Male,Frozen Foods,13.59,6,4.08,85.62,21/07/2025,10:55:13,Debit Card,81.54,0.1,8.15,5.9
ALT-203963,Z,Birmingham,Member,Female,Dairy & Eggs,5.11,7,1.79,37.56,20/11/2025,18:25:20,Mobile Wallet,35.77,0.07,2.5,7.2
ALT-203964,X,Liverpool,Normal,Female,Beverages,6.49,3,0.97,20.44,29/03/2025,20:10:54,Credit Card,19.47,0.13,2.53,7.3
ALT-203965,X,Liverpool,Normal,Male,Household,21.88,9,9.85,206.77,21/07/2025,21:10:57,Debit Card,196.92,0.19,37.41,5.1
ALT-203966,Y,Sheffield,Normal,Female,Bakery,5.81,9,2.61,54.9,13/01/2025,09:58:53,Credit Card,52.29,0.11,5.75,5.6
ALT-203967,X,Liverpool,Normal,Female,Personal Care,11.39,4,2.28,47.84,31/08/2025,19:28:20,Debit Card,45.56,0.21,9.57,5.3
ALT-203968,X,Liverpool,Normal,Male,Fresh Produce,4.26,1,0.21,4.47,28/10/2025,18:33:09,Debit Card,4.26,0.08,0.34,5.7
ALT-203969,X,Liverpool,Member,Female,Baby Products,9.01,8,3.6,75.68,03/06/2025,18:14:20,Debit Card,72.08,0.18,12.97,7.8
ALT-203970,X,Liverpool,Member,Female,Beverages,11.41,4,2.28,47.92,18/02/2025,17:33:38,Credit Card,45.64,0.13,5.93,6.1
ALT-203971,X,Liverpool,Member,Male,Personal Care,24.77,12,14.86,312.1,12/07/2025,11:24:04,Mobile Wallet,297.24,0.21,62.42,6.4
ALT-203972,X,Liverpool,Member,Male,Household,7.69,6,2.31,48.45,08/05/2025,17:25:39,Debit Card,46.14,0.19,8.77,5.5
ALT-203973,Z,Birmingham,Normal,Female,Household,4.43,6,1.33,27.91,24/06/2025,11:19:01,Debit Card,26.58,0.19,5.05,6.3
ALT-203974,Y,Sheffield,Member,Female,Dairy & Eggs,4.84,3,0.73,15.25,07/03/2025,18:44:01,Debit Card,14.52,0.07,1.02,6.0
ALT-203975,Z,Birmingham,Normal,Male,Personal Care,6.26,9,2.82,59.16,24/06/2025,17:24:23,Credit Card,56.34,0.21,11.83,6.1
ALT-203976,X,Liverpool,Normal,Male,Beverages,11.09,2,1.11,23.29,01/02/2025,13:01:01,Debit Card,22.18,0.13,2.88,8.6
ALT-203977,Y,Sheffield,Normal,Female,Household,9.26,9,4.17,87.51,19/06/2025,10:47:45,Mobile Wallet,83.34,0.19,15.83,6.6
ALT-203978,X,Liverpool,Normal,Female,Personal Care,21.42,8,8.57,179.93,01/04/2025,15:32:15,Credit Card,171.36,0.21,35.99,6.3
ALT-203979,Z,Birmingham,Member,Female,Fresh Produce,8.76,4,1.75,36.79,10/05/2025,16:44:21,Debit Card,35.04,0.08,2.8,7.3
ALT-203980,Z,Birmingham,Member,Male,Health & Wellness,22.12,7,7.74,162.58,13/02/2025,14:33:08,Cash,154.84,0.24,37.16,7.1
ALT-203981,X,Liverpool,Normal,Female,Dairy & Eggs,2.27,1,0.11,2.38,14/02/2025,15:36:49,Debit Card,2.27,0.07,0.16,6.3
ALT-203982,Y,Sheffield,Member,Female,Health & Wellness,18.55,3,2.78,58.43,04/03/2025,16:24:42,Debit Card,55.65,0.24,13.36,7.7
ALT-203983,Z,Birmingham,Member,Female,Health & Wellness,37.84,6,11.35,238.39,10/06/2025,11:58:40,Credit Card,227.04,0.24,54.49,7.9
ALT-203984,Z,Birmingham,Member,Male,Household,18.79,4,3.76,78.92,10/09/2025,19:30:57,Credit Card,75.16,0.19,14.28,6.5
ALT-203985,Z,Birmingham,Normal,Female,Beverages,11.04,5,2.76,57.96,29/08/2025,19:40:19,Cash,55.2,0.13,7.18,4.9
ALT-203986,Z,Birmingham,Member,Male,Household,15.45,5,3.86,81.11,26/06/2025,15:27:34,Debit Card,77.25,0.19,14.68,6.2
ALT-203987,Y,Sheffield,Member,Female,Beverages,3.96,4,0.79,16.63,06/06/2025,18:43:48,Mobile Wallet,15.84,0.13,2.06,6.0
ALT-203988,Y,Sheffield,Member,Female,Baby Products,35.5,7,12.43,260.93,18/04/2025,16:46:48,Debit Card,248.5,0.18,44.73,5.8
ALT-203989,Y,Sheffield,Normal,Female,Baby Products,9.16,1,0.46,9.62,18/02/2025,17:34:40,Credit Card,9.16,0.18,1.65,6.3
ALT-203990,X,Liverpool,Normal,Male,Health & Wellness,35.37,3,5.31,111.42,27/08/2025,09:22:40,Credit Card,106.11,0.24,25.47,7.5
ALT-203991,Y,Sheffield,Normal,Female,Health & Wellness,25.06,3,3.76,78.94,11/10/2025,12:58:28,Credit Card,75.18,0.24,18.04,5.7
ALT-203992,Y,Sheffield,Normal,Female,Dairy & Eggs,5.51,3,0.83,17.36,29/12/2025,15:09:21,Debit Card,16.53,0.07,1.16,7.2
ALT-203993,X,Liverpool,Normal,Female,Household,3.88,3,0.58,12.22,07/03/2025,20:08:46,Debit Card,11.64,0.19,2.21,7.3
ALT-203994,Y,Sheffield,Normal,Female,Personal Care,3.25,10,1.62,34.12,04/08/2025,15:13:47,Credit Card,32.5,0.21,6.83,7.0
ALT-203995,X,Liverpool,Member,Female,Baby Products,16.78,7,5.87,123.33,25/05/2025,13:08:12,Cash,117.46,0.18,21.14,5.7
ALT-203996,Y,Sheffield,Member,Male,Snacks,0.99,10,0.5,10.4,21/07/2025,13:24:28,Mobile Wallet,9.9,0.17,1.68,4.9
ALT-203997,X,Liverpool,Normal,Female,Personal Care,15.42,7,5.4,113.34,03/07/2025,10:21:14,Mobile Wallet,107.94,0.21,22.67,5.5
ALT-203998,X,Liverpool,Member,Female,Snacks,2.92,1,0.15,3.07,02/01/2025,11:33:26,Credit Card,2.92,0.17,0.5,8.4
ALT-203999,X,Liverpool,Normal,Male,Personal Care,23.65,1,1.18,24.83,19/01/2025,20:54:14,Mobile Wallet,23.65,0.21,4.97,6.9
ALT-204000,Z,Birmingham,Normal,Male,Snacks,3.31,8,1.32,27.8,06/07/2025,13:02:28,Credit Card,26.48,0.17,4.5,6.6
ALT-204001,Z,Birmingham,Member,Male,Snacks,4.56,2,0.46,9.58,02/05/2025,17:07:24,Debit Card,9.12,0.17,1.55,5.0
ALT-204002,Z,Birmingham,Member,Male,Snacks,1.11,3,0.17,3.5,13/06/2025,16:50:31,Credit Card,3.33,0.17,0.57,7.6
ALT-204003,Z,Birmingham,Normal,Female,Beverages,7.68,5,1.92,40.32,04/12/2025,13:24:53,Debit Card,38.4,0.13,4.99,6.0
ALT-204004,Y,Sheffield,Normal,Male,Beverages,7.02,9,3.16,66.34,07/09/2025,16:58:43,Debit Card,63.18,0.13,8.21,4.1
ALT-204005,Z,Birmingham,Normal,Female,Personal Care,14.12,10,7.06,148.26,07/04/2025,18:14:28,Mobile Wallet,141.2,0.21,29.65,7.3
ALT-204006,X,Liverpool,Normal,Male,Beverages,6.86,5,1.71,36.01,22/12/2025,16:15:08,Credit Card,34.3,0.13,4.46,7.2
ALT-204007,X,Liverpool,Normal,Female,Personal Care,13.81,5,3.45,72.5,17/08/2025,17:04:57,Debit Card,69.05,0.21,14.5,8.1
ALT-204008,Y,Sheffield,Normal,Male,Fresh Produce,9.52,11,5.24,109.96,22/04/2025,13:19:10,Cash,104.72,0.08,8.38,7.8
ALT-204009,Y,Sheffield,Normal,Male,Health & Wellness,12.79,5,3.2,67.15,25/03/2025,17:24:42,Credit Card,63.95,0.24,15.35,6.6
ALT-204010,Z,Birmingham,Normal,Female,Household,21.18,1,1.06,22.24,11/05/2025,10:57:54,Debit Card,21.18,0.19,4.02,8.0
ALT-204011,Y,Sheffield,Normal,Male,Dairy & Eggs,4.68,5,1.17,24.57,19/07/2025,14:32:22,Credit Card,23.4,0.07,1.64,6.1
ALT-204012,X,Liverpool,Member,Female,Beverages,2.36,8,0.94,19.82,05/03/2025,20:44:45,Debit Card,18.88,0.13,2.45,8.2
ALT-204013,Z,Birmingham,Normal,Female,Beverages,14.79,1,0.74,15.53,10/07/2025,14:13:09,Credit Card,14.79,0.13,1.92,5.2
ALT-204014,Z,Birmingham,Normal,Female,Snacks,4.12,2,0.41,8.65,25/10/2025,09:22:58,Debit Card,8.24,0.17,1.4,8.8
ALT-204015,Z,Birmingham,Member,Female,Household,3.86,9,1.74,36.48,12/11/2025,14:48:00,Debit Card,34.74,0.19,6.6,6.1
ALT-204016,X,Liverpool,Normal,Male,Frozen Foods,11.67,10,5.84,122.54,31/12/2025,10:47:15,Debit Card,116.7,0.1,11.67,7.5
ALT-204017,X,Liverpool,Member,Female,Household,19.06,3,2.86,60.04,26/01/2025,16:21:23,Credit Card,57.18,0.19,10.86,6.7
ALT-204018,Z,Birmingham,Normal,Male,Personal Care,22.23,5,5.56,116.71,02/12/2025,15:22:56,Cash,111.15,0.21,23.34,6.0
ALT-204019,Z,Birmingham,Member,Female,Dairy & Eggs,6.15,2,0.62,12.92,05/11/2025,19:53:48,Debit Card,12.3,0.07,0.86,5.8
ALT-204020,Y,Sheffield,Member,Male,Dairy & Eggs,3.01,3,0.45,9.48,10/06/2025,14:31:27,Credit Card,9.03,0.07,0.63,7.0
ALT-204021,X,Liverpool,Normal,Female,Bakery,7.48,2,0.75,15.71,31/01/2025,15:37:04,Credit Card,14.96,0.11,1.65,6.3
ALT-204022,Z,Birmingham,Normal,Male,Beverages,8.04,1,0.4,8.44,13/03/2025,19:44:57,Debit Card,8.04,0.13,1.05,6.0
ALT-204023,Y,Sheffield,Member,Male,Snacks,3.56,5,0.89,18.69,28/10/2025,18:32:07,Debit Card,17.8,0.17,3.03,5.7
ALT-204024,X,Liverpool,Normal,Female,Snacks,5.57,1,0.28,5.85,01/09/2025,12:43:25,Debit Card,5.57,0.17,0.95,6.9
ALT-204025,X,Liverpool,Member,Male,Health & Wellness,21.82,3,3.27,68.73,26/10/2025,15:03:03,Credit Card,65.46,0.24,15.71,8.0
ALT-204026,Y,Sheffield,Normal,Male,Household,17.33,7,6.07,127.38,01/03/2025,17:04:24,Credit Card,121.31,0.19,23.05,4.9
ALT-204027,X,Liverpool,Normal,Female,Frozen Foods,5.51,8,2.2,46.28,18/08/2025,21:18:42,Mobile Wallet,44.08,0.1,4.41,6.1
ALT-204028,Z,Birmingham,Normal,Male,Household,4.0,10,2.0,42.0,16/03/2025,17:38:04,Credit Card,40.0,0.19,7.6,6.1
ALT-204029,X,Liverpool,Member,Male,Baby Products,24.61,6,7.38,155.04,19/12/2025,14:07:16,Mobile Wallet,147.66,0.18,26.58,7.6
ALT-204030,Z,Birmingham,Normal,Female,Beverages,3.6,8,1.44,30.24,14/03/2025,13:08:04,Debit Card,28.8,0.13,3.74,5.2
ALT-204031,Y,Sheffield,Member,Male,Fresh Produce,8.86,5,2.21,46.51,31/01/2025,09:15:48,Credit Card,44.3,0.08,3.54,8.3
ALT-204032,X,Liverpool,Member,Male,Personal Care,30.23,1,1.51,31.74,05/11/2025,15:48:19,Cash,30.23,0.21,6.35,5.4
ALT-204033,Z,Birmingham,Normal,Male,Household,24.19,7,8.47,177.8,10/07/2025,12:37:15,Credit Card,169.33,0.19,32.17,4.5
ALT-204034,Y,Sheffield,Member,Female,Baby Products,35.91,7,12.57,263.94,11/04/2025,12:00:40,Debit Card,251.37,0.18,45.25,5.6
ALT-204035,Z,Birmingham,Normal,Female,Personal Care,11.9,7,4.17,87.47,30/05/2025,14:22:48,Credit Card,83.3,0.21,17.49,7.1
ALT-204036,Y,Sheffield,Normal,Male,Fresh Produce,4.66,8,1.86,39.14,09/01/2025,08:52:06,Mobile Wallet,37.28,0.08,2.98,6.7
ALT-204037,Y,Sheffield,Member,Male,Beverages,9.57,1,0.48,10.05,28/07/2025,16:33:30,Credit Card,9.57,0.13,1.24,8.6
ALT-204038,Y,Sheffield,Member,Female,Frozen Foods,10.11,1,0.51,10.62,21/09/2025,17:52:41,Debit Card,10.11,0.1,1.01,7.3
ALT-204039,Z,Birmingham,Member,Female,Health & Wellness,12.61,2,1.26,26.48,15/07/2025,16:34:05,Debit Card,25.22,0.24,6.05,5.3
ALT-204040,Z,Birmingham,Normal,Male,Dairy & Eggs,4.77,2,0.48,10.02,01/07/2025,17:56:50,Debit Card,9.54,0.07,0.67,7.6
ALT-204041,Z,Birmingham,Normal,Female,Baby Products,26.15,8,10.46,219.66,12/08/2025,19:55:06,Credit Card,209.2,0.18,37.66,6.2
ALT-204042,Z,Birmingham,Normal,Male,Frozen Foods,17.85,7,6.25,131.2,28/03/2025,11:27:41,Mobile Wallet,124.95,0.1,12.5,7.3
ALT-204043,X,Liverpool,Normal,Female,Baby Products,16.98,4,3.4,71.32,04/03/2025,12:39:51,Credit Card,67.92,0.18,12.23,5.8
ALT-204044,Z,Birmingham,Normal,Male,Bakery,6.56,1,0.33,6.89,25/08/2025,11:15:54,Cash,6.56,0.11,0.72,6.5
ALT-204045,Y,Sheffield,Member,Male,Health & Wellness,8.7,4,1.74,36.54,10/12/2025,13:41:15,Mobile Wallet,34.8,0.24,8.35,7.0
ALT-204046,Z,Birmingham,Member,Male,Household,8.93,8,3.57,75.01,09/04/2025,16:23:15,Debit Card,71.44,0.19,13.57,8.6
ALT-204047,X,Liverpool,Normal,Female,Dairy & Eggs,4.52,3,0.68,14.24,11/06/2025,09:24:17,Cash,13.56,0.07,0.95,6.2
ALT-204048,X,Liverpool,Member,Male,Baby Products,15.96,2,1.6,33.52,18/11/2025,14:37:16,Credit Card,31.92,0.18,5.75,8.8
ALT-204049,Z,Birmingham,Normal,Female,Beverages,4.48,6,1.34,28.22,18/10/2025,18:02:20,Credit Card,26.88,0.13,3.49,5.4
ALT-204050,Z,Birmingham,Normal,Male,Dairy & Eggs,3.19,6,0.96,20.1,18/04/2025,21:41:31,Cash,19.14,0.07,1.34,6.7
ALT-204051,X,Liverpool,Normal,Female,Dairy & Eggs,1.57,12,0.94,19.78,21/01/2025,21:04:32,Cash,18.84,0.07,1.32,7.2
ALT-204052,X,Liverpool,Member,Female,Personal Care,6.11,2,0.61,12.83,18/04/2025,11:36:21,Debit Card,12.22,0.21,2.57,7.3
ALT-204053,Y,Sheffield,Member,Female,Dairy & Eggs,6.97,3,1.05,21.96,29/04/2025,15:11:31,Mobile Wallet,20.91,0.07,1.46,5.8
ALT-204054,Y,Sheffield,Normal,Male,Baby Products,33.76,8,13.5,283.58,15/02/2025,12:06:26,Debit Card,270.08,0.18,48.61,5.2
ALT-204055,Y,Sheffield,Normal,Female,Health & Wellness,16.52,9,7.43,156.11,08/07/2025,14:24:07,Debit Card,148.68,0.24,35.68,4.5
ALT-204056,Z,Birmingham,Member,Male,Snacks,6.11,7,2.14,44.91,14/10/2025,10:58:34,Debit Card,42.77,0.17,7.27,6.9
ALT-204057,Z,Birmingham,Normal,Male,Beverages,12.76,1,0.64,13.4,11/01/2025,13:07:40,Cash,12.76,0.13,1.66,7.4
ALT-204058,Y,Sheffield,Member,Male,Dairy & Eggs,4.76,4,0.95,19.99,21/09/2025,15:18:37,Debit Card,19.04,0.07,1.33,7.5
ALT-204059,Z,Birmingham,Member,Male,Health & Wellness,7.12,9,3.2,67.28,27/11/2025,09:32:51,Mobile Wallet,64.08,0.24,15.38,6.5
ALT-204060,Y,Sheffield,Normal,Female,Baby Products,15.63,1,0.78,16.41,31/07/2025,21:30:56,Debit Card,15.63,0.18,2.81,7.3
ALT-204061,Z,Birmingham,Normal,Male,Health & Wellness,29.44,7,10.3,216.38,17/10/2025,19:50:43,Debit Card,206.08,0.24,49.46,4.3
ALT-204062,Z,Birmingham,Member,Male,Fresh Produce,10.29,5,2.57,54.02,08/09/2025,13:58:15,Debit Card,51.45,0.08,4.12,5.6
ALT-204063,X,Liverpool,Normal,Female,Health & Wellness,24.01,12,14.41,302.53,04/01/2025,16:02:12,Debit Card,288.12,0.24,69.15,6.0
ALT-204064,Z,Birmingham,Normal,Male,Dairy & Eggs,4.3,2,0.43,9.03,06/07/2025,16:10:22,Debit Card,8.6,0.07,0.6,5.6
ALT-204065,Y,Sheffield,Normal,Male,Snacks,1.35,5,0.34,7.09,24/07/2025,15:09:41,Credit Card,6.75,0.17,1.15,6.3
ALT-204066,Z,Birmingham,Normal,Male,Dairy & Eggs,5.44,6,1.63,34.27,18/07/2025,16:41:38,Mobile Wallet,32.64,0.07,2.28,7.3
ALT-204067,Y,Sheffield,Normal,Female,Dairy & Eggs,5.85,7,2.05,43.0,13/10/2025,15:22:01,Debit Card,40.95,0.07,2.87,7.6
ALT-204068,X,Liverpool,Member,Male,Frozen Foods,8.9,7,3.12,65.42,05/07/2025,16:35:23,Debit Card,62.3,0.1,6.23,7.0
ALT-204069,X,Liverpool,Member,Female,Dairy & Eggs,5.94,6,1.78,37.42,24/03/2025,10:15:38,Credit Card,35.64,0.07,2.49,4.7
ALT-204070,X,Liverpool,Normal,Male,Fresh Produce,2.98,1,0.15,3.13,09/08/2025,12:47:04,Credit Card,2.98,0.08,0.24,7.6
ALT-204071,Z,Birmingham,Member,Male,Snacks,6.3,2,0.63,13.23,12/09/2025,10:18:28,Mobile Wallet,12.6,0.17,2.14,8.4
ALT-204072,Y,Sheffield,Member,Female,Baby Products,15.26,4,3.05,64.09,17/01/2025,13:11:58,Mobile Wallet,61.04,0.18,10.99,6.3
ALT-204073,Y,Sheffield,Normal,Male,Health & Wellness,20.63,11,11.35,238.28,24/03/2025,13:19:10,Mobile Wallet,226.93,0.24,54.46,8.1
ALT-204074,Y,Sheffield,Normal,Male,Dairy & Eggs,5.38,4,1.08,22.6,06/07/2025,12:56:10,Cash,21.52,0.07,1.51,7.1
ALT-204075,Z,Birmingham,Member,Female,Frozen Foods,17.95,9,8.08,169.63,28/01/2025,17:15:05,Cash,161.55,0.1,16.16,7.3
ALT-204076,Z,Birmingham,Normal,Male,Bakery,5.66,5,1.42,29.72,13/02/2025,19:37:24,Mobile Wallet,28.3,0.11,3.11,7.0
ALT-204077,X,Liverpool,Normal,Male,Baby Products,33.1,11,18.21,382.31,22/07/2025,18:35:11,Mobile Wallet,364.1,0.18,65.54,8.1
ALT-204078,Y,Sheffield,Normal,Male,Fresh Produce,2.75,6,0.83,17.33,18/02/2025,18:19:54,Debit Card,16.5,0.08,1.32,7.8
ALT-204079,Z,Birmingham,Member,Female,Beverages,13.19,3,1.98,41.55,22/12/2025,13:41:29,Credit Card,39.57,0.13,5.14,6.7
ALT-204080,Y,Sheffield,Member,Female,Beverages,1.55,1,0.08,1.63,18/05/2025,19:46:43,Credit Card,1.55,0.13,0.2,6.5
ALT-204081,Y,Sheffield,Normal,Male,Health & Wellness,36.33,5,9.08,190.73,05/10/2025,20:11:30,Mobile Wallet,181.65,0.24,43.6,5.3
ALT-204082,X,Liverpool,Normal,Male,Baby Products,19.99,8,8.0,167.92,02/06/2025,18:29:43,Debit Card,159.92,0.18,28.79,5.4
ALT-204083,Z,Birmingham,Member,Female,Dairy & Eggs,7.31,1,0.37,7.68,28/02/2025,20:15:27,Mobile Wallet,7.31,0.07,0.51,6.8
ALT-204084,Z,Birmingham,Member,Male,Frozen Foods,14.65,4,2.93,61.53,31/01/2025,16:36:46,Mobile Wallet,58.6,0.1,5.86,6.4
ALT-204085,X,Liverpool,Member,Male,Snacks,1.84,6,0.55,11.59,09/03/2025,08:28:37,Mobile Wallet,11.04,0.17,1.88,8.9
ALT-204086,X,Liverpool,Normal,Male,Household,18.81,7,6.58,138.25,17/03/2025,18:59:02,Debit Card,131.67,0.19,25.02,6.7
ALT-204087,Y,Sheffield,Member,Female,Household,16.88,1,0.84,17.72,01/05/2025,17:34:19,Mobile Wallet,16.88,0.19,3.21,7.3
ALT-204088,X,Liverpool,Normal,Female,Household,8.13,5,2.03,42.68,01/02/2025,17:07:09,Debit Card,40.65,0.19,7.72,7.5
ALT-204089,X,Liverpool,Normal,Female,Bakery,8.04,2,0.8,16.88,03/01/2025,20:18:37,Cash,16.08,0.11,1.77,4.6
ALT-204090,Z,Birmingham,Member,Female,Household,11.82,11,6.5,136.52,09/09/2025,11:29:05,Mobile Wallet,130.02,0.19,24.7,9.6
ALT-204091,Y,Sheffield,Normal,Male,Snacks,4.17,1,0.21,4.38,19/10/2025,10:44:05,Cash,4.17,0.17,0.71,4.9
ALT-204092,X,Liverpool,Member,Male,Beverages,3.67,1,0.18,3.85,19/05/2025,12:33:33,Credit Card,3.67,0.13,0.48,7.5
ALT-204093,Z,Birmingham,Normal,Male,Personal Care,26.4,4,5.28,110.88,21/11/2025,19:16:42,Credit Card,105.6,0.21,22.18,6.9
ALT-204094,Y,Sheffield,Member,Female,Personal Care,13.7,4,2.74,57.54,09/03/2025,15:06:49,Debit Card,54.8,0.21,11.51,9.4
ALT-204095,X,Liverpool,Normal,Female,Household,16.55,7,5.79,121.64,29/04/2025,12:43:06,Cash,115.85,0.19,22.01,6.3
ALT-204096,Z,Birmingham,Member,Female,Fresh Produce,1.53,4,0.31,6.43,28/04/2025,11:59:31,Debit Card,6.12,0.08,0.49,6.9
ALT-204097,Y,Sheffield,Member,Female,Personal Care,25.02,8,10.01,210.17,30/11/2025,18:50:42,Mobile Wallet,200.16,0.21,42.03,6.9
ALT-204098,X,Liverpool,Normal,Female,Baby Products,26.7,8,10.68,224.28,19/01/2025,18:21:15,Cash,213.6,0.18,38.45,6.5
ALT-204099,X,Liverpool,Member,Female,Personal Care,10.35,6,3.11,65.21,16/03/2025,15:39:04,Credit Card,62.1,0.21,13.04,6.2
ALT-204100,X,Liverpool,Normal,Male,Baby Products,21.43,5,5.36,112.51,22/03/2025,11:18:13,Debit Card,107.15,0.18,19.29,6.0
ALT-204101,Y,Sheffield,Normal,Female,Household,15.45,4,3.09,64.89,21/03/2025,10:20:53,Debit Card,61.8,0.19,11.74,6.0
ALT-204102,X,Liverpool,Normal,Female,Dairy & Eggs,4.43,3,0.66,13.95,28/06/2025,14:19:22,Credit Card,13.29,0.07,0.93,5.4
ALT-204103,Y,Sheffield,Member,Female,Household,17.49,9,7.87,165.28,03/09/2025,16:17:28,Cash,157.41,0.19,29.91,5.6
ALT-204104,Z,Birmingham,Normal,Male,Frozen Foods,11.38,6,3.41,71.69,17/12/2025,09:52:39,Debit Card,68.28,0.1,6.83,6.8
ALT-204105,Z,Birmingham,Member,Male,Dairy & Eggs,5.44,5,1.36,28.56,28/05/2025,21:49:20,Credit Card,27.2,0.07,1.9,8.6
ALT-204106,Y,Sheffield,Normal,Male,Health & Wellness,32.34,1,1.62,33.96,30/05/2025,17:55:09,Cash,32.34,0.24,7.76,6.7
ALT-204107,Z,Birmingham,Normal,Male,Health & Wellness,38.52,7,13.48,283.12,24/01/2025,10:05:43,Credit Card,269.64,0.24,64.71,5.4
ALT-204108,Y,Sheffield,Member,Male,Snacks,3.7,8,1.48,31.08,06/05/2025,20:52:39,Cash,29.6,0.17,5.03,7.3
ALT-204109,Y,Sheffield,Normal,Male,Snacks,1.55,3,0.23,4.88,16/01/2025,19:27:30,Credit Card,4.65,0.17,0.79,6.4
ALT-204110,X,Liverpool,Normal,Female,Beverages,11.39,2,1.14,23.92,27/11/2025,17:53:40,Credit Card,22.78,0.13,2.96,6.6
ALT-204111,X,Liverpool,Member,Male,Snacks,5.29,1,0.26,5.55,12/05/2025,16:58:46,Credit Card,5.29,0.17,0.9,7.2
ALT-204112,Y,Sheffield,Normal,Male,Baby Products,10.45,5,2.61,54.86,08/01/2025,14:20:14,Debit Card,52.25,0.18,9.4,4.8
ALT-204113,X,Liverpool,Member,Female,Fresh Produce,4.66,9,2.1,44.04,21/01/2025,17:28:48,Cash,41.94,0.08,3.36,5.4
ALT-204114,X,Liverpool,Normal,Male,Personal Care,6.74,4,1.35,28.31,28/04/2025,16:30:30,Credit Card,26.96,0.21,5.66,5.7
ALT-204115,Y,Sheffield,Member,Male,Household,4.47,4,0.89,18.77,13/11/2025,15:15:31,Debit Card,17.88,0.19,3.4,6.6
ALT-204116,Y,Sheffield,Member,Male,Dairy & Eggs,2.23,4,0.45,9.37,11/07/2025,15:17:21,Mobile Wallet,8.92,0.07,0.62,6.6
ALT-204117,Y,Sheffield,Member,Female,Snacks,4.95,1,0.25,5.2,02/09/2025,12:04:45,Mobile Wallet,4.95,0.17,0.84,6.6
ALT-204118,Z,Birmingham,Normal,Female,Bakery,6.33,2,0.63,13.29,03/10/2025,09:50:32,Credit Card,12.66,0.11,1.39,8.0
ALT-204119,X,Liverpool,Normal,Female,Baby Products,23.78,3,3.57,74.91,10/09/2025,15:16:49,Credit Card,71.34,0.18,12.84,7.3
ALT-204120,X,Liverpool,Member,Female,Beverages,5.79,11,3.18,66.87,25/12/2025,11:57:06,Debit Card,63.69,0.13,8.28,7.8
ALT-204121,Y,Sheffield,Normal,Female,Personal Care,8.92,5,2.23,46.83,29/10/2025,12:42:53,Credit Card,44.6,0.21,9.37,6.7
ALT-204122,X,Liverpool,Member,Male,Bakery,3.1,9,1.4,29.3,15/05/2025,16:05:08,Debit Card,27.9,0.11,3.07,7.1
ALT-204123,X,Liverpool,Normal,Male,Bakery,6.43,8,2.57,54.01,31/01/2025,17:58:11,Cash,51.44,0.11,5.66,6.1
ALT-204124,X,Liverpool,Member,Female,Bakery,7.53,6,2.26,47.44,23/09/2025,12:32:56,Cash,45.18,0.11,4.97,7.0
ALT-204125,Y,Sheffield,Normal,Female,Fresh Produce,3.57,2,0.36,7.5,25/03/2025,16:21:19,Debit Card,7.14,0.08,0.57,6.8
ALT-204126,Y,Sheffield,Member,Male,Household,13.61,6,4.08,85.74,23/04/2025,09:37:09,Debit Card,81.66,0.19,15.52,6.6
ALT-204127,Z,Birmingham,Normal,Female,Household,24.87,1,1.24,26.11,27/04/2025,20:06:46,Cash,24.87,0.19,4.73,5.8
ALT-204128,Y,Sheffield,Member,Male,Fresh Produce,4.42,6,1.33,27.85,08/08/2025,15:44:52,Credit Card,26.52,0.08,2.12,8.0
ALT-204129,Y,Sheffield,Normal,Male,Snacks,3.34,12,2.0,42.08,07/08/2025,14:11:20,Debit Card,40.08,0.17,6.81,5.1
ALT-204130,Y,Sheffield,Member,Male,Frozen Foods,7.55,3,1.13,23.78,17/04/2025,20:35:42,Debit Card,22.65,0.1,2.27,9.5
ALT-204131,X,Liverpool,Normal,Male,Snacks,4.39,3,0.66,13.83,14/07/2025,12:19:51,Credit Card,13.17,0.17,2.24,5.9
ALT-204132,X,Liverpool,Normal,Female,Household,19.23,7,6.73,141.34,02/01/2025,10:30:53,Mobile Wallet,134.61,0.19,25.58,7.2
ALT-204133,Z,Birmingham,Normal,Male,Bakery,6.38,1,0.32,6.7,05/10/2025,20:55:24,Mobile Wallet,6.38,0.11,0.7,5.8
ALT-204134,Z,Birmingham,Normal,Male,Bakery,8.79,9,3.96,83.07,28/03/2025,18:45:40,Mobile Wallet,79.11,0.11,8.7,5.8
ALT-204135,X,Liverpool,Member,Male,Frozen Foods,14.76,7,5.17,108.49,07/09/2025,15:56:10,Mobile Wallet,103.32,0.1,10.33,6.1
ALT-204136,X,Liverpool,Normal,Female,Baby Products,22.62,5,5.66,118.76,03/03/2025,15:19:56,Mobile Wallet,113.1,0.18,20.36,6.7
ALT-204137,X,Liverpool,Normal,Female,Frozen Foods,9.83,12,5.9,123.86,19/05/2025,18:34:01,Credit Card,117.96,0.1,11.8,5.8
ALT-204138,Z,Birmingham,Normal,Female,Frozen Foods,14.3,12,8.58,180.18,28/04/2025,19:49:32,Debit Card,171.6,0.1,17.16,5.0
ALT-204139,Z,Birmingham,Normal,Female,Snacks,1.92,9,0.86,18.14,18/12/2025,11:06:59,Mobile Wallet,17.28,0.17,2.94,7.1
ALT-204140,X,Liverpool,Member,Female,Frozen Foods,2.93,6,0.88,18.46,12/10/2025,16:00:27,Cash,17.58,0.1,1.76,6.3
ALT-204141,Z,Birmingham,Normal,Male,Frozen Foods,8.08,4,1.62,33.94,07/07/2025,18:27:17,Debit Card,32.32,0.1,3.23,7.4
ALT-204142,Y,Sheffield,Normal,Female,Fresh Produce,3.11,5,0.78,16.33,03/11/2025,15:02:28,Debit Card,15.55,0.08,1.24,5.1
ALT-204143,Z,Birmingham,Normal,Male,Personal Care,6.08,3,0.91,19.15,02/07/2025,19:29:39,Cash,18.24,0.21,3.83,7.0
ALT-204144,Z,Birmingham,Member,Female,Household,4.05,3,0.61,12.76,26/09/2025,17:18:25,Debit Card,12.15,0.19,2.31,6.7
ALT-204145,X,Liverpool,Member,Male,Fresh Produce,10.37,1,0.52,10.89,04/08/2025,11:48:50,Credit Card,10.37,0.08,0.83,5.8
ALT-204146,Y,Sheffield,Normal,Female,Fresh Produce,4.5,3,0.68,14.18,02/06/2025,19:42:01,Mobile Wallet,13.5,0.08,1.08,5.2
ALT-204147,X,Liverpool,Normal,Male,Bakery,4.51,2,0.45,9.47,24/10/2025,14:37:06,Debit Card,9.02,0.11,0.99,6.8
ALT-204148,X,Liverpool,Normal,Male,Personal Care,20.11,4,4.02,84.46,08/07/2025,16:42:22,Cash,80.44,0.21,16.89,7.0
ALT-204149,Z,Birmingham,Member,Male,Fresh Produce,2.33,2,0.23,4.89,18/09/2025,18:53:51,Debit Card,4.66,0.08,0.37,6.5
ALT-204150,Z,Birmingham,Normal,Female,Baby Products,16.79,7,5.88,123.41,17/05/2025,15:18:28,Debit Card,117.53,0.18,21.16,6.6
ALT-204151,X,Liverpool,Member,Male,Health & Wellness,26.74,3,4.01,84.23,27/08/2025,15:26:09,Credit Card,80.22,0.24,19.25,6.1
ALT-204152,X,Liverpool,Normal,Female,Snacks,3.21,3,0.48,10.11,05/06/2025,11:48:50,Cash,9.63,0.17,1.64,6.4
ALT-204153,Z,Birmingham,Normal,Male,Snacks,5.86,5,1.47,30.77,23/12/2025,13:27:42,Credit Card,29.3,0.17,4.98,5.0
ALT-204154,X,Liverpool,Member,Male,Frozen Foods,9.48,7,3.32,69.68,22/10/2025,15:25:50,Debit Card,66.36,0.1,6.64,6.5
ALT-204155,X,Liverpool,Member,Male,Health & Wellness,19.6,8,7.84,164.64,22/05/2025,15:20:52,Mobile Wallet,156.8,0.24,37.63,7.0
ALT-204156,X,Liverpool,Member,Male,Beverages,3.47,7,1.21,25.5,14/05/2025,12:56:17,Debit Card,24.29,0.13,3.16,7.4
ALT-204157,Z,Birmingham,Normal,Female,Fresh Produce,8.83,1,0.44,9.27,09/06/2025,21:34:22,Debit Card,8.83,0.08,0.71,5.0
ALT-204158,Z,Birmingham,Normal,Female,Baby Products,11.99,5,3.0,62.95,19/04/2025,08:41:59,Credit Card,59.95,0.18,10.79,6.9
ALT-204159,Y,Sheffield,Member,Male,Beverages,8.31,12,4.99,104.71,20/04/2025,15:13:31,Mobile Wallet,99.72,0.13,12.96,7.4
ALT-204160,Z,Birmingham,Normal,Male,Personal Care,3.04,3,0.46,9.58,07/04/2025,19:53:27,Debit Card,9.12,0.21,1.92,5.8
ALT-204161,Z,Birmingham,Member,Male,Bakery,2.11,3,0.32,6.65,28/12/2025,20:58:41,Debit Card,6.33,0.11,0.7,5.9
ALT-204162,Y,Sheffield,Member,Male,Snacks,1.14,4,0.23,4.79,29/03/2025,15:42:24,Credit Card,4.56,0.17,0.78,5.1
ALT-204163,X,Liverpool,Normal,Female,Beverages,6.08,1,0.3,6.38,27/04/2025,20:31:46,Debit Card,6.08,0.13,0.79,8.2
ALT-204164,Z,Birmingham,Member,Male,Personal Care,8.2,2,0.82,17.22,19/05/2025,16:56:29,Cash,16.4,0.21,3.44,7.9
ALT-204165,Z,Birmingham,Normal,Female,Beverages,13.73,5,3.43,72.08,29/10/2025,18:48:28,Credit Card,68.65,0.13,8.92,8.1
ALT-204166,X,Liverpool,Member,Male,Frozen Foods,13.73,1,0.69,14.42,25/09/2025,15:12:53,Mobile Wallet,13.73,0.1,1.37,8.2
ALT-204167,X,Liverpool,Member,Female,Health & Wellness,14.72,9,6.62,139.1,29/05/2025,11:14:55,Mobile Wallet,132.48,0.24,31.8,5.7
ALT-204168,Y,Sheffield,Normal,Female,Fresh Produce,8.31,13,5.4,113.43,15/06/2025,09:09:37,Credit Card,108.03,0.08,8.64,8.5
ALT-204169,Y,Sheffield,Normal,Female,Bakery,5.62,7,1.97,41.31,06/07/2025,10:17:39,Debit Card,39.34,0.11,4.33,7.1
ALT-204170,Y,Sheffield,Normal,Male,Frozen Foods,17.89,2,1.79,37.57,28/12/2025,09:57:53,Cash,35.78,0.1,3.58,6.3
ALT-204171,X,Liverpool,Member,Male,Health & Wellness,19.71,7,6.9,144.87,07/07/2025,21:03:19,Cash,137.97,0.24,33.11,4.7
ALT-204172,X,Liverpool,Member,Male,Beverages,2.18,6,0.65,13.73,02/07/2025,14:47:19,Mobile Wallet,13.08,0.13,1.7,8.1
ALT-204173,X,Liverpool,Normal,Female,Snacks,0.76,3,0.11,2.39,15/03/2025,11:41:11,Debit Card,2.28,0.17,0.39,7.3
ALT-204174,Y,Sheffield,Member,Male,Snacks,4.53,5,1.13,23.78,04/06/2025,18:35:50,Debit Card,22.65,0.17,3.85,6.7
ALT-204175,Z,Birmingham,Member,Female,Snacks,2.31,2,0.23,4.85,27/10/2025,12:19:05,Debit Card,4.62,0.17,0.79,5.4
ALT-204176,Y,Sheffield,Normal,Male,Fresh Produce,3.62,2,0.36,7.6,11/12/2025,11:38:36,Debit Card,7.24,0.08,0.58,7.1
ALT-204177,Z,Birmingham,Member,Female,Baby Products,26.54,2,2.65,55.73,01/05/2025,11:11:00,Cash,53.08,0.18,9.55,7.6
ALT-204178,X,Liverpool,Member,Female,Frozen Foods,15.87,3,2.38,49.99,23/12/2025,13:10:54,Debit Card,47.61,0.1,4.76,9.0
ALT-204179,Z,Birmingham,Member,Female,Frozen Foods,7.04,1,0.35,7.39,16/12/2025,15:31:08,Credit Card,7.04,0.1,0.7,6.8
ALT-204180,X,Liverpool,Normal,Female,Baby Products,7.57,6,2.27,47.69,26/12/2025,09:35:33,Mobile Wallet,45.42,0.18,8.18,5.5
ALT-204181,Y,Sheffield,Normal,Female,Dairy & Eggs,1.83,5,0.46,9.61,23/01/2025,19:15:28,Debit Card,9.15,0.07,0.64,6.1
ALT-204182,Y,Sheffield,Member,Male,Beverages,7.77,5,1.94,40.79,23/04/2025,14:24:00,Debit Card,38.85,0.13,5.05,4.9
ALT-204183,Z,Birmingham,Normal,Female,Health & Wellness,35.3,1,1.76,37.06,13/05/2025,11:14:01,Debit Card,35.3,0.24,8.47,7.2
ALT-204184,Y,Sheffield,Member,Male,Frozen Foods,6.74,6,2.02,42.46,22/02/2025,15:37:10,Debit Card,40.44,0.1,4.04,6.5
ALT-204185,Y,Sheffield,Normal,Male,Bakery,7.89,2,0.79,16.57,27/04/2025,09:21:28,Debit Card,15.78,0.11,1.74,7.1
ALT-204186,X,Liverpool,Normal,Female,Dairy & Eggs,1.96,4,0.39,8.23,19/10/2025,17:03:11,Credit Card,7.84,0.07,0.55,5.3
ALT-204187,Z,Birmingham,Normal,Female,Beverages,9.73,11,5.35,112.38,20/01/2025,21:07:37,Credit Card,107.03,0.13,13.91,6.5
ALT-204188,Z,Birmingham,Member,Male,Personal Care,23.13,1,1.16,24.29,26/04/2025,13:12:38,Credit Card,23.13,0.21,4.86,6.1
ALT-204189,X,Liverpool,Member,Male,Household,21.28,9,9.58,201.1,01/10/2025,08:12:17,Credit Card,191.52,0.19,36.39,6.9
ALT-204190,Z,Birmingham,Member,Female,Baby Products,9.91,2,0.99,20.81,20/05/2025,15:06:13,Mobile Wallet,19.82,0.18,3.57,8.3
ALT-204191,Z,Birmingham,Member,Female,Fresh Produce,6.8,1,0.34,7.14,01/02/2025,21:33:24,Debit Card,6.8,0.08,0.54,6.6
ALT-204192,X,Liverpool,Normal,Male,Bakery,6.64,2,0.66,13.94,26/03/2025,13:43:23,Credit Card,13.28,0.11,1.46,6.6
ALT-204193,Z,Birmingham,Member,Male,Beverages,1.05,2,0.11,2.21,12/02/2025,10:31:18,Mobile Wallet,2.1,0.13,0.27,6.4
ALT-204194,Y,Sheffield,Normal,Male,Health & Wellness,21.62,9,9.73,204.31,10/01/2025,09:21:37,Debit Card,194.58,0.24,46.7,6.8
ALT-204195,Y,Sheffield,Normal,Female,Personal Care,7.29,7,2.55,53.58,28/07/2025,12:44:38,Credit Card,51.03,0.21,10.72,5.8
ALT-204196,Y,Sheffield,Member,Male,Household,21.46,1,1.07,22.53,28/09/2025,12:31:25,Credit Card,21.46,0.19,4.08,5.7
ALT-204197,X,Liverpool,Normal,Female,Snacks,4.78,4,0.96,20.08,23/05/2025,13:10:52,Credit Card,19.12,0.17,3.25,7.5
ALT-204198,X,Liverpool,Member,Female,Beverages,12.68,3,1.9,39.94,08/06/2025,11:47:50,Debit Card,38.04,0.13,4.95,6.0
ALT-204199,Z,Birmingham,Normal,Male,Fresh Produce,7.44,5,1.86,39.06,27/12/2025,21:21:19,Debit Card,37.2,0.08,2.98,7.4
ALT-204200,X,Liverpool,Member,Female,Household,12.92,8,5.17,108.53,11/10/2025,11:10:23,Cash,103.36,0.19,19.64,6.8
ALT-204201,Z,Birmingham,Normal,Male,Baby Products,35.29,13,22.94,481.71,29/03/2025,16:35:33,Credit Card,458.77,0.18,82.58,7.8
ALT-204202,Z,Birmingham,Normal,Male,Dairy & Eggs,4.12,4,0.82,17.3,23/09/2025,19:06:20,Credit Card,16.48,0.07,1.15,8.5
ALT-204203,Z,Birmingham,Member,Male,Snacks,1.47,4,0.29,6.17,21/12/2025,12:14:22,Debit Card,5.88,0.17,1.0,7.2
ALT-204204,Y,Sheffield,Normal,Male,Fresh Produce,6.85,8,2.74,57.54,01/07/2025,15:47:12,Credit Card,54.8,0.08,4.38,6.8
ALT-204205,Y,Sheffield,Member,Female,Health & Wellness,14.31,1,0.72,15.03,15/07/2025,17:23:56,Credit Card,14.31,0.24,3.43,5.0
ALT-204206,Y,Sheffield,Normal,Female,Health & Wellness,33.33,3,5.0,104.99,17/04/2025,18:27:10,Credit Card,99.99,0.24,24.0,7.0
ALT-204207,X,Liverpool,Member,Female,Fresh Produce,1.41,6,0.42,8.88,23/10/2025,13:41:40,Credit Card,8.46,0.08,0.68,4.8
ALT-204208,Y,Sheffield,Member,Male,Health & Wellness,23.41,6,7.02,147.48,14/07/2025,11:41:14,Debit Card,140.46,0.24,33.71,5.8
ALT-204209,Y,Sheffield,Normal,Male,Personal Care,8.82,9,3.97,83.35,27/02/2025,15:52:36,Mobile Wallet,79.38,0.21,16.67,5.1
ALT-204210,Y,Sheffield,Normal,Female,Household,22.53,2,2.25,47.31,09/06/2025,14:12:05,Credit Card,45.06,0.19,8.56,8.5
ALT-204211,Z,Birmingham,Member,Female,Bakery,4.15,9,1.87,39.22,29/06/2025,11:49:48,Debit Card,37.35,0.11,4.11,6.0
ALT-204212,X,Liverpool,Normal,Male,Frozen Foods,14.78,1,0.74,15.52,08/12/2025,13:14:24,Credit Card,14.78,0.1,1.48,5.5
ALT-204213,X,Liverpool,Member,Female,Health & Wellness,15.37,10,7.68,161.38,26/04/2025,20:14:50,Debit Card,153.7,0.24,36.89,6.0
ALT-204214,Y,Sheffield,Member,Female,Dairy & Eggs,1.77,7,0.62,13.01,19/05/2025,15:46:51,Credit Card,12.39,0.07,0.87,5.1
ALT-204215,X,Liverpool,Normal,Male,Baby Products,8.76,5,2.19,45.99,03/06/2025,17:56:19,Debit Card,43.8,0.18,7.88,6.5
ALT-204216,Z,Birmingham,Normal,Male,Baby Products,45.94,2,4.59,96.47,20/12/2025,11:37:12,Debit Card,91.88,0.18,16.54,6.4
ALT-204217,Z,Birmingham,Normal,Female,Beverages,12.39,5,3.1,65.05,06/07/2025,20:24:37,Credit Card,61.95,0.13,8.05,6.7
ALT-204218,Y,Sheffield,Normal,Female,Frozen Foods,16.7,5,4.17,87.67,23/03/2025,08:05:18,Mobile Wallet,83.5,0.1,8.35,5.9
ALT-204219,Z,Birmingham,Member,Female,Household,28.96,1,1.45,30.41,14/12/2025,17:26:56,Cash,28.96,0.19,5.5,5.4
ALT-204220,Y,Sheffield,Normal,Male,Baby Products,25.12,4,5.02,105.5,12/05/2025,16:58:26,Debit Card,100.48,0.18,18.09,6.1
ALT-204221,Z,Birmingham,Member,Male,Household,18.68,6,5.6,117.68,23/08/2025,14:31:48,Credit Card,112.08,0.19,21.3,6.4
ALT-204222,X,Liverpool,Normal,Male,Health & Wellness,4.16,7,1.46,30.58,27/02/2025,18:39:07,Debit Card,29.12,0.24,6.99,5.6
ALT-204223,Y,Sheffield,Member,Male,Personal Care,3.09,9,1.39,29.2,26/01/2025,21:30:34,Debit Card,27.81,0.21,5.84,7.2
ALT-204224,X,Liverpool,Normal,Male,Personal Care,7.48,7,2.62,54.98,30/05/2025,20:13:43,Mobile Wallet,52.36,0.21,11.0,5.9
ALT-204225,Y,Sheffield,Normal,Male,Baby Products,26.2,1,1.31,27.51,24/04/2025,13:26:28,Mobile Wallet,26.2,0.18,4.72,6.2
ALT-204226,X,Liverpool,Member,Female,Frozen Foods,13.12,6,3.94,82.66,22/07/2025,17:22:26,Cash,78.72,0.1,7.87,8.6
ALT-204227,X,Liverpool,Member,Male,Snacks,0.72,2,0.07,1.51,12/09/2025,10:14:49,Cash,1.44,0.17,0.24,7.6
ALT-204228,X,Liverpool,Normal,Female,Dairy & Eggs,4.53,9,2.04,42.81,01/08/2025,10:09:31,Debit Card,40.77,0.07,2.85,7.3
ALT-204229,Z,Birmingham,Normal,Female,Personal Care,12.96,6,3.89,81.65,04/11/2025,12:18:06,Debit Card,77.76,0.21,16.33,6.2
ALT-204230,X,Liverpool,Member,Male,Health & Wellness,15.05,11,8.28,173.83,16/01/2025,15:20:01,Credit Card,165.55,0.24,39.73,8.0
ALT-204231,Y,Sheffield,Normal,Female,Snacks,1.09,2,0.11,2.29,03/07/2025,16:41:14,Credit Card,2.18,0.17,0.37,6.4
ALT-204232,Z,Birmingham,Normal,Female,Fresh Produce,5.46,7,1.91,40.13,03/08/2025,15:59:13,Credit Card,38.22,0.08,3.06,6.2
ALT-204233,Y,Sheffield,Normal,Female,Bakery,5.59,10,2.79,58.69,13/02/2025,18:04:48,Debit Card,55.9,0.11,6.15,6.9
ALT-204234,X,Liverpool,Normal,Female,Personal Care,11.59,4,2.32,48.68,15/06/2025,13:20:44,Debit Card,46.36,0.21,9.74,6.1
ALT-204235,X,Liverpool,Member,Male,Personal Care,23.96,3,3.59,75.47,16/05/2025,12:37:06,Credit Card,71.88,0.21,15.09,6.8
ALT-204236,Y,Sheffield,Member,Female,Household,14.4,7,5.04,105.84,14/01/2025,13:22:48,Debit Card,100.8,0.19,19.15,8.6
ALT-204237,Y,Sheffield,Member,Female,Household,16.89,5,4.22,88.67,19/07/2025,14:42:35,Cash,84.45,0.19,16.05,5.7
ALT-204238,X,Liverpool,Normal,Male,Dairy & Eggs,4.78,2,0.48,10.04,23/11/2025,15:22:07,Credit Card,9.56,0.07,0.67,8.3
ALT-204239,X,Liverpool,Normal,Male,Bakery,1.91,11,1.05,22.06,01/09/2025,17:29:43,Cash,21.01,0.11,2.31,6.1
ALT-204240,Y,Sheffield,Normal,Female,Frozen Foods,15.05,4,3.01,63.21,13/05/2025,19:36:10,Mobile Wallet,60.2,0.1,6.02,5.8
ALT-204241,Y,Sheffield,Member,Female,Bakery,3.27,10,1.64,34.34,01/06/2025,14:09:11,Cash,32.7,0.11,3.6,5.2
ALT-204242,Z,Birmingham,Member,Female,Bakery,2.01,3,0.3,6.33,06/10/2025,12:52:06,Debit Card,6.03,0.11,0.66,7.2
ALT-204243,Z,Birmingham,Normal,Female,Health & Wellness,25.13,9,11.31,237.48,10/03/2025,13:48:54,Credit Card,226.17,0.24,54.28,4.9
ALT-204244,X,Liverpool,Member,Female,Snacks,3.44,5,0.86,18.06,08/08/2025,18:30:09,Credit Card,17.2,0.17,2.92,10.0
ALT-204245,X,Liverpool,Member,Female,Health & Wellness,4.23,5,1.06,22.21,28/11/2025,19:10:14,Mobile Wallet,21.15,0.24,5.08,6.6
ALT-204246,X,Liverpool,Normal,Male,Snacks,0.76,3,0.11,2.39,22/07/2025,17:06:54,Cash,2.28,0.17,0.39,6.8
ALT-204247,Z,Birmingham,Normal,Female,Baby Products,19.11,11,10.51,220.72,23/03/2025,16:33:59,Debit Card,210.21,0.18,37.84,5.6
ALT-204248,Y,Sheffield,Normal,Female,Bakery,9.08,1,0.45,9.53,27/10/2025,14:22:37,Cash,9.08,0.11,1.0,7.8
ALT-204249,Y,Sheffield,Member,Male,Frozen Foods,4.6,6,1.38,28.98,23/02/2025,20:00:12,Mobile Wallet,27.6,0.1,2.76,6.8
ALT-204250,X,Liverpool,Member,Female,Baby Products,12.71,11,6.99,146.8,09/12/2025,21:41:20,Cash,139.81,0.18,25.17,8.2
ALT-204251,X,Liverpool,Member,Female,Bakery,7.15,4,1.43,30.03,14/02/2025,12:12:11,Debit Card,28.6,0.11,3.15,6.7
ALT-204252,X,Liverpool,Member,Male,Frozen Foods,10.94,4,2.19,45.95,05/05/2025,18:33:59,Credit Card,43.76,0.1,4.38,6.8
ALT-204253,Y,Sheffield,Member,Female,Snacks,1.35,2,0.14,2.84,13/09/2025,12:16:49,Mobile Wallet,2.7,0.17,0.46,6.4
ALT-204254,Z,Birmingham,Member,Female,Snacks,1.03,5,0.26,5.41,28/06/2025,16:27:49,Credit Card,5.15,0.17,0.88,7.4
ALT-204255,Y,Sheffield,Normal,Female,Frozen Foods,2.13,3,0.32,6.71,04/01/2025,08:16:06,Credit Card,6.39,0.1,0.64,6.2
ALT-204256,X,Liverpool,Member,Male,Household,19.02,5,4.75,99.85,08/04/2025,19:54:25,Credit Card,95.1,0.19,18.07,5.8
ALT-204257,Z,Birmingham,Normal,Male,Health & Wellness,41.03,9,18.46,387.73,22/05/2025,20:56:01,Mobile Wallet,369.27,0.24,88.62,9.3
ALT-204258,Y,Sheffield,Member,Female,Baby Products,4.45,4,0.89,18.69,25/09/2025,13:22:51,Credit Card,17.8,0.18,3.2,7.0
ALT-204259,X,Liverpool,Normal,Male,Snacks,5.47,8,2.19,45.95,03/12/2025,18:31:24,Cash,43.76,0.17,7.44,5.8
ALT-204260,Z,Birmingham,Normal,Female,Baby Products,31.83,1,1.59,33.42,03/07/2025,20:37:16,Mobile Wallet,31.83,0.18,5.73,7.4
ALT-204261,X,Liverpool,Member,Female,Fresh Produce,2.01,3,0.3,6.33,16/06/2025,21:28:31,Mobile Wallet,6.03,0.08,0.48,7.9
ALT-204262,X,Liverpool,Member,Female,Household,20.11,4,4.02,84.46,14/04/2025,14:25:48,Debit Card,80.44,0.19,15.28,7.0
ALT-204263,X,Liverpool,Normal,Male,Household,7.03,6,2.11,44.29,23/12/2025,17:01:04,Debit Card,42.18,0.19,8.01,6.4
ALT-204264,Z,Birmingham,Member,Female,Bakery,9.42,6,2.83,59.35,28/01/2025,10:36:31,Debit Card,56.52,0.11,6.22,8.1
ALT-204265,X,Liverpool,Member,Male,Baby Products,14.54,8,5.82,122.14,28/03/2025,17:15:25,Debit Card,116.32,0.18,20.94,4.5
ALT-204266,X,Liverpool,Member,Male,Snacks,1.46,3,0.22,4.6,17/11/2025,15:54:25,Debit Card,4.38,0.17,0.74,6.3
ALT-204267,Y,Sheffield,Normal,Female,Fresh Produce,3.91,2,0.39,8.21,29/03/2025,17:05:17,Mobile Wallet,7.82,0.08,0.63,4.4
ALT-204268,Z,Birmingham,Member,Female,Frozen Foods,9.0,3,1.35,28.35,18/06/2025,16:07:34,Mobile Wallet,27.0,0.1,2.7,4.1
ALT-204269,X,Liverpool,Normal,Female,Fresh Produce,10.12,2,1.01,21.25,27/09/2025,18:07:22,Debit Card,20.24,0.08,1.62,5.1
ALT-204270,Z,Birmingham,Member,Male,Baby Products,13.35,5,3.34,70.09,12/03/2025,12:20:38,Credit Card,66.75,0.18,12.01,5.7
ALT-204271,Y,Sheffield,Member,Female,Household,4.76,5,1.19,24.99,18/01/2025,09:00:00,Credit Card,23.8,0.19,4.52,5.9
ALT-204272,Z,Birmingham,Member,Female,Beverages,5.68,9,2.56,53.68,26/09/2025,19:12:05,Credit Card,51.12,0.13,6.65,5.7
ALT-204273,Z,Birmingham,Member,Female,Dairy & Eggs,7.88,2,0.79,16.55,03/03/2025,16:17:43,Mobile Wallet,15.76,0.07,1.1,7.3
ALT-204274,Y,Sheffield,Member,Female,Bakery,3.9,1,0.2,4.1,17/10/2025,10:44:04,Credit Card,3.9,0.11,0.43,5.2
ALT-204275,Z,Birmingham,Normal,Female,Bakery,7.36,3,1.1,23.18,25/06/2025,17:59:46,Cash,22.08,0.11,2.43,6.2
ALT-204276,Z,Birmingham,Normal,Male,Bakery,8.26,11,4.54,95.4,04/04/2025,18:42:54,Debit Card,90.86,0.11,9.99,6.6
ALT-204277,Y,Sheffield,Normal,Male,Beverages,5.06,1,0.25,5.31,03/09/2025,12:50:36,Debit Card,5.06,0.13,0.66,6.8
ALT-204278,X,Liverpool,Normal,Male,Fresh Produce,10.65,8,4.26,89.46,22/04/2025,16:33:41,Debit Card,85.2,0.08,6.82,6.5
ALT-204279,Z,Birmingham,Member,Male,Health & Wellness,12.8,6,3.84,80.64,09/02/2025,09:14:23,Debit Card,76.8,0.24,18.43,6.0
ALT-204280,Y,Sheffield,Member,Male,Snacks,2.15,6,0.65,13.55,14/04/2025,21:25:02,Mobile Wallet,12.9,0.17,2.19,9.1
ALT-204281,Z,Birmingham,Member,Female,Frozen Foods,16.15,7,5.65,118.7,17/11/2025,17:27:52,Mobile Wallet,113.05,0.1,11.3,6.5
ALT-204282,X,Liverpool,Member,Male,Frozen Foods,9.16,7,3.21,67.33,24/09/2025,20:29:56,Debit Card,64.12,0.1,6.41,9.0
ALT-204283,X,Liverpool,Member,Female,Household,17.94,8,7.18,150.7,13/04/2025,17:22:30,Mobile Wallet,143.52,0.19,27.27,6.6
ALT-204284,Y,Sheffield,Normal,Male,Personal Care,14.18,8,5.67,119.11,14/12/2025,19:41:18,Credit Card,113.44,0.21,23.82,6.9
ALT-204285,Z,Birmingham,Normal,Female,Beverages,11.35,3,1.7,35.75,12/12/2025,12:33:07,Credit Card,34.05,0.13,4.43,4.2
ALT-204286,Z,Birmingham,Normal,Male,Personal Care,17.6,10,8.8,184.8,17/10/2025,17:22:53,Credit Card,176.0,0.21,36.96,5.1
ALT-204287,Y,Sheffield,Normal,Male,Health & Wellness,6.55,2,0.66,13.76,21/11/2025,16:13:50,Credit Card,13.1,0.24,3.14,4.2
ALT-204288,Y,Sheffield,Member,Female,Dairy & Eggs,4.69,7,1.64,34.47,11/03/2025,10:58:15,Credit Card,32.83,0.07,2.3,7.8
ALT-204289,Y,Sheffield,Member,Male,Beverages,5.78,10,2.89,60.69,30/01/2025,16:46:41,Mobile Wallet,57.8,0.13,7.51,5.8
ALT-204290,Z,Birmingham,Member,Female,Personal Care,20.45,2,2.04,42.94,09/08/2025,16:00:51,Cash,40.9,0.21,8.59,6.7
ALT-204291,Z,Birmingham,Normal,Female,Beverages,7.06,2,0.71,14.83,20/09/2025,18:25:43,Credit Card,14.12,0.13,1.84,9.0
ALT-204292,Y,Sheffield,Normal,Female,Household,20.67,2,2.07,43.41,02/07/2025,13:44:45,Debit Card,41.34,0.19,7.85,6.4
ALT-204293,Y,Sheffield,Normal,Male,Personal Care,12.47,6,3.74,78.56,10/01/2025,15:18:20,Mobile Wallet,74.82,0.21,15.71,7.3
ALT-204294,X,Liverpool,Member,Male,Fresh Produce,9.65,1,0.48,10.13,13/07/2025,08:10:42,Debit Card,9.65,0.08,0.77,6.5
ALT-204295,X,Liverpool,Normal,Female,Baby Products,30.3,2,3.03,63.63,30/04/2025,12:47:05,Credit Card,60.6,0.18,10.91,7.2
ALT-204296,X,Liverpool,Member,Male,Personal Care,10.03,7,3.51,73.72,10/09/2025,19:22:33,Debit Card,70.21,0.21,14.74,6.1
ALT-204297,Y,Sheffield,Member,Male,Personal Care,18.88,2,1.89,39.65,27/09/2025,16:46:35,Debit Card,37.76,0.21,7.93,5.9
ALT-204298,Y,Sheffield,Normal,Male,Beverages,11.87,2,1.19,24.93,03/02/2025,16:27:34,Credit Card,23.74,0.13,3.09,6.5
ALT-204299,Y,Sheffield,Normal,Male,Household,13.18,2,1.32,27.68,09/07/2025,20:11:23,Mobile Wallet,26.36,0.19,5.01,6.5
ALT-204300,X,Liverpool,Member,Male,Personal Care,18.92,4,3.78,79.46,10/05/2025,10:45:18,Mobile Wallet,75.68,0.21,15.89,5.7
ALT-204301,Z,Birmingham,Member,Male,Personal Care,17.82,6,5.35,112.27,01/02/2025,13:59:36,Mobile Wallet,106.92,0.21,22.45,5.3
ALT-204302,X,Liverpool,Normal,Male,Beverages,11.91,1,0.6,12.51,26/05/2025,18:48:54,Debit Card,11.91,0.13,1.55,4.0
ALT-204303,Z,Birmingham,Member,Male,Snacks,3.48,2,0.35,7.31,14/09/2025,13:16:07,Debit Card,6.96,0.17,1.18,7.1
ALT-204304,Y,Sheffield,Normal,Male,Health & Wellness,32.67,9,14.7,308.73,16/04/2025,15:54:09,Debit Card,294.03,0.24,70.57,5.4
ALT-204305,Z,Birmingham,Member,Female,Beverages,5.53,4,1.11,23.23,23/03/2025,14:36:37,Mobile Wallet,22.12,0.13,2.88,6.9
ALT-204306,X,Liverpool,Normal,Female,Personal Care,19.75,1,0.99,20.74,15/10/2025,10:05:18,Debit Card,19.75,0.21,4.15,5.0
ALT-204307,Z,Birmingham,Member,Female,Baby Products,35.18,4,7.04,147.76,18/12/2025,13:11:04,Credit Card,140.72,0.18,25.33,8.6
ALT-204308,Z,Birmingham,Normal,Male,Baby Products,17.29,7,6.05,127.08,09/09/2025,16:27:32,Mobile Wallet,121.03,0.18,21.79,7.3
ALT-204309,X,Liverpool,Normal,Male,Snacks,4.26,2,0.43,8.95,07/01/2025,10:25:04,Mobile Wallet,8.52,0.17,1.45,5.9
ALT-204310,Z,Birmingham,Member,Male,Personal Care,19.7,10,9.85,206.85,08/05/2025,21:06:57,Debit Card,197.0,0.21,41.37,8.5
ALT-204311,X,Liverpool,Member,Female,Household,5.95,2,0.6,12.5,09/02/2025,10:08:15,Credit Card,11.9,0.19,2.26,6.1
ALT-204312,X,Liverpool,Member,Female,Beverages,11.07,9,4.98,104.61,02/11/2025,16:48:02,Cash,99.63,0.13,12.95,6.9
ALT-204313,Y,Sheffield,Normal,Male,Bakery,9.42,2,0.94,19.78,07/07/2025,15:37:03,Credit Card,18.84,0.11,2.07,6.2
ALT-204314,X,Liverpool,Normal,Female,Fresh Produce,1.29,3,0.19,4.06,21/01/2025,18:27:57,Debit Card,3.87,0.08,0.31,5.8
ALT-204315,Z,Birmingham,Normal,Female,Personal Care,15.05,2,1.51,31.61,05/11/2025,17:36:42,Debit Card,30.1,0.21,6.32,6.1
ALT-204316,X,Liverpool,Member,Female,Bakery,7.44,11,4.09,85.93,18/05/2025,15:15:16,Debit Card,81.84,0.11,9.0,6.1
ALT-204317,X,Liverpool,Member,Male,Dairy & Eggs,5.16,10,2.58,54.18,28/04/2025,14:46:10,Debit Card,51.6,0.07,3.61,8.0
ALT-204318,X,Liverpool,Member,Male,Snacks,1.35,7,0.47,9.92,25/01/2025,16:01:02,Credit Card,9.45,0.17,1.61,8.5
ALT-204319,Z,Birmingham,Normal,Female,Household,12.17,5,3.04,63.89,09/07/2025,11:52:18,Credit Card,60.85,0.19,11.56,6.0
ALT-204320,Y,Sheffield,Member,Female,Dairy & Eggs,4.15,2,0.42,8.72,14/12/2025,09:30:59,Credit Card,8.3,0.07,0.58,6.7
ALT-204321,X,Liverpool,Normal,Male,Frozen Foods,16.93,4,3.39,71.11,27/09/2025,17:43:18,Credit Card,67.72,0.1,6.77,8.6
ALT-204322,Y,Sheffield,Normal,Female,Health & Wellness,9.99,1,0.5,10.49,27/01/2025,08:46:35,Debit Card,9.99,0.24,2.4,7.5
ALT-204323,Y,Sheffield,Member,Male,Frozen Foods,4.69,5,1.17,24.62,04/12/2025,13:04:29,Credit Card,23.45,0.1,2.35,6.5
ALT-204324,Z,Birmingham,Normal,Female,Fresh Produce,11.28,1,0.56,11.84,05/08/2025,17:39:37,Debit Card,11.28,0.08,0.9,6.0
ALT-204325,Z,Birmingham,Normal,Male,Frozen Foods,4.81,2,0.48,10.1,03/01/2025,17:21:34,Mobile Wallet,9.62,0.1,0.96,6.2
ALT-204326,Z,Birmingham,Normal,Female,Frozen Foods,6.94,8,2.78,58.3,02/06/2025,18:24:52,Mobile Wallet,55.52,0.1,5.55,6.9
ALT-204327,X,Liverpool,Normal,Male,Dairy & Eggs,5.23,8,2.09,43.93,10/10/2025,17:59:49,Cash,41.84,0.07,2.93,7.7
ALT-204328,X,Liverpool,Normal,Male,Health & Wellness,5.11,8,2.04,42.92,14/05/2025,14:56:45,Credit Card,40.88,0.24,9.81,9.8
ALT-204329,X,Liverpool,Normal,Female,Frozen Foods,14.65,3,2.2,46.15,18/10/2025,19:46:57,Debit Card,43.95,0.1,4.4,7.3
ALT-204330,X,Liverpool,Normal,Male,Fresh Produce,10.05,2,1.01,21.11,04/02/2025,08:46:04,Debit Card,20.1,0.08,1.61,7.4
ALT-204331,X,Liverpool,Normal,Female,Household,12.94,2,1.29,27.17,13/07/2025,17:18:10,Mobile Wallet,25.88,0.19,4.92,7.3
ALT-204332,Y,Sheffield,Normal,Female,Personal Care,6.68,11,3.67,77.15,14/11/2025,16:59:56,Credit Card,73.48,0.21,15.43,6.7
ALT-204333,Y,Sheffield,Member,Male,Baby Products,40.52,7,14.18,297.82,25/03/2025,21:35:57,Cash,283.64,0.18,51.06,6.7
ALT-204334,Y,Sheffield,Member,Female,Fresh Produce,8.8,2,0.88,18.48,05/02/2025,21:55:47,Debit Card,17.6,0.08,1.41,6.0
ALT-204335,X,Liverpool,Member,Male,Fresh Produce,6.28,11,3.45,72.53,24/02/2025,14:50:55,Mobile Wallet,69.08,0.08,5.53,6.5
ALT-204336,X,Liverpool,Normal,Male,Personal Care,7.98,7,2.79,58.65,13/10/2025,15:59:44,Mobile Wallet,55.86,0.21,11.73,6.2
ALT-204337,Z,Birmingham,Member,Male,Bakery,2.88,1,0.14,3.02,25/12/2025,16:08:54,Mobile Wallet,2.88,0.11,0.32,7.4
ALT-204338,X,Liverpool,Member,Female,Bakery,2.34,8,0.94,19.66,23/08/2025,20:11:47,Debit Card,18.72,0.11,2.06,6.9
ALT-204339,Y,Sheffield,Normal,Female,Dairy & Eggs,2.64,2,0.26,5.54,14/07/2025,13:49:11,Debit Card,5.28,0.07,0.37,6.1
ALT-204340,Z,Birmingham,Normal,Female,Household,14.61,8,5.84,122.72,11/09/2025,14:08:42,Mobile Wallet,116.88,0.19,22.21,6.2
ALT-204341,X,Liverpool,Member,Female,Frozen Foods,14.12,2,1.41,29.65,05/10/2025,18:49:55,Mobile Wallet,28.24,0.1,2.82,6.5
ALT-204342,Y,Sheffield,Member,Female,Dairy & Eggs,4.07,3,0.61,12.82,01/07/2025,16:54:54,Mobile Wallet,12.21,0.07,0.85,9.0
ALT-204343,Z,Birmingham,Normal,Female,Dairy & Eggs,7.09,5,1.77,37.22,01/03/2025,16:18:46,Mobile Wallet,35.45,0.07,2.48,6.1
ALT-204344,X,Liverpool,Normal,Male,Health & Wellness,22.13,5,5.53,116.18,28/07/2025,16:46:18,Mobile Wallet,110.65,0.24,26.56,6.7
ALT-204345,Z,Birmingham,Member,Male,Fresh Produce,7.35,3,1.1,23.15,27/05/2025,17:44:16,Cash,22.05,0.08,1.76,7.8
ALT-204346,Z,Birmingham,Normal,Male,Baby Products,24.05,1,1.2,25.25,15/07/2025,13:49:41,Debit Card,24.05,0.18,4.33,5.4
ALT-204347,Z,Birmingham,Normal,Female,Snacks,3.97,8,1.59,33.35,15/10/2025,14:27:15,Credit Card,31.76,0.17,5.4,5.7
ALT-204348,X,Liverpool,Member,Male,Bakery,4.36,4,0.87,18.31,25/07/2025,14:52:10,Debit Card,17.44,0.11,1.92,6.4
ALT-204349,Y,Sheffield,Normal,Male,Health & Wellness,18.24,10,9.12,191.52,07/04/2025,15:19:01,Debit Card,182.4,0.24,43.78,6.9
ALT-204350,X,Liverpool,Normal,Male,Beverages,6.79,12,4.07,85.55,24/03/2025,20:21:13,Mobile Wallet,81.48,0.13,10.59,7.7
ALT-204351,Z,Birmingham,Normal,Female,Household,9.65,1,0.48,10.13,04/03/2025,18:54:24,Mobile Wallet,9.65,0.19,1.83,8.1
ALT-204352,Y,Sheffield,Member,Female,Baby Products,39.06,8,15.62,328.1,09/12/2025,15:35:47,Debit Card,312.48,0.18,56.25,7.0
ALT-204353,X,Liverpool,Member,Male,Frozen Foods,11.15,10,5.58,117.08,02/04/2025,18:12:43,Mobile Wallet,111.5,0.1,11.15,7.3
ALT-204354,X,Liverpool,Member,Male,Baby Products,25.67,3,3.85,80.86,16/11/2025,12:44:22,Mobile Wallet,77.01,0.18,13.86,7.9
ALT-204355,Y,Sheffield,Normal,Male,Beverages,2.55,6,0.77,16.07,25/05/2025,14:55:33,Mobile Wallet,15.3,0.13,1.99,5.6
ALT-204356,X,Liverpool,Normal,Male,Snacks,1.47,1,0.07,1.54,11/06/2025,12:38:44,Debit Card,1.47,0.17,0.25,5.2
ALT-204357,X,Liverpool,Member,Female,Snacks,4.63,2,0.46,9.72,04/02/2025,16:43:51,Mobile Wallet,9.26,0.17,1.57,8.4
ALT-204358,X,Liverpool,Normal,Male,Dairy & Eggs,7.59,12,4.55,95.63,14/05/2025,14:12:59,Debit Card,91.08,0.07,6.38,8.2
ALT-204359,Z,Birmingham,Member,Male,Bakery,5.23,1,0.26,5.49,15/01/2025,20:31:23,Mobile Wallet,5.23,0.11,0.58,6.8
ALT-204360,Z,Birmingham,Member,Male,Health & Wellness,43.58,2,4.36,91.52,02/12/2025,13:55:45,Credit Card,87.16,0.24,20.92,7.0
ALT-204361,X,Liverpool,Member,Male,Household,15.32,8,6.13,128.69,25/03/2025,19:05:05,Mobile Wallet,122.56,0.19,23.29,5.6
ALT-204362,Z,Birmingham,Member,Female,Health & Wellness,44.88,4,8.98,188.5,08/11/2025,11:47:25,Mobile Wallet,179.52,0.24,43.08,7.6
ALT-204363,Z,Birmingham,Normal,Female,Baby Products,35.56,2,3.56,74.68,23/01/2025,13:04:51,Debit Card,71.12,0.18,12.8,7.0
ALT-204364,Z,Birmingham,Normal,Male,Personal Care,23.42,8,9.37,196.73,18/11/2025,16:53:34,Credit Card,187.36,0.21,39.35,6.9
ALT-204365,Z,Birmingham,Member,Female,Frozen Foods,16.53,5,4.13,86.78,04/07/2025,17:49:35,Mobile Wallet,82.65,0.1,8.27,6.2
ALT-204366,X,Liverpool,Normal,Male,Household,21.89,2,2.19,45.97,18/10/2025,14:17:55,Mobile Wallet,43.78,0.19,8.32,8.3
ALT-204367,Y,Sheffield,Member,Male,Household,3.75,4,0.75,15.75,08/07/2025,16:42:09,Mobile Wallet,15.0,0.19,2.85,6.0
ALT-204368,Z,Birmingham,Normal,Male,Personal Care,12.05,7,4.22,88.57,17/09/2025,18:17:40,Debit Card,84.35,0.21,17.71,4.5
ALT-204369,Y,Sheffield,Member,Female,Beverages,5.1,2,0.51,10.71,13/04/2025,15:47:47,Cash,10.2,0.13,1.33,6.2
ALT-204370,Z,Birmingham,Normal,Male,Health & Wellness,35.35,2,3.54,74.24,09/10/2025,16:56:16,Cash,70.7,0.24,16.97,7.0
ALT-204371,Y,Sheffield,Normal,Male,Baby Products,5.67,1,0.28,5.95,05/10/2025,20:02:29,Mobile Wallet,5.67,0.18,1.02,6.5
ALT-204372,Z,Birmingham,Normal,Male,Personal Care,17.16,1,0.86,18.02,28/12/2025,14:17:40,Mobile Wallet,17.16,0.21,3.6,7.1
ALT-204373,Z,Birmingham,Member,Female,Household,7.62,9,3.43,72.01,17/11/2025,15:30:01,Credit Card,68.58,0.19,13.03,5.6
ALT-204374,Y,Sheffield,Member,Female,Frozen Foods,16.11,6,4.83,101.49,10/12/2025,10:57:13,Credit Card,96.66,0.1,9.67,7.0
ALT-204375,Z,Birmingham,Member,Male,Frozen Foods,5.03,9,2.26,47.53,26/09/2025,12:42:56,Credit Card,45.27,0.1,4.53,6.5
ALT-204376,X,Liverpool,Normal,Male,Baby Products,34.63,10,17.32,363.62,04/07/2025,15:28:57,Credit Card,346.3,0.18,62.33,7.4
ALT-204377,Z,Birmingham,Member,Female,Personal Care,26.09,13,16.96,356.13,24/07/2025,18:52:09,Mobile Wallet,339.17,0.21,71.23,7.0
ALT-204378,Z,Birmingham,Normal,Female,Health & Wellness,18.39,13,11.95,251.02,10/09/2025,11:49:38,Debit Card,239.07,0.24,57.38,6.6
ALT-204379,Y,Sheffield,Member,Male,Baby Products,9.39,8,3.76,78.88,06/10/2025,08:25:30,Credit Card,75.12,0.18,13.52,5.4
ALT-204380,X,Liverpool,Normal,Male,Frozen Foods,5.63,9,2.53,53.2,20/12/2025,18:46:34,Debit Card,50.67,0.1,5.07,5.8
ALT-204381,Y,Sheffield,Member,Male,Health & Wellness,19.05,1,0.95,20.0,14/03/2025,17:05:40,Credit Card,19.05,0.24,4.57,8.5
ALT-204382,Z,Birmingham,Member,Female,Dairy & Eggs,8.08,7,2.83,59.39,28/10/2025,11:15:43,Credit Card,56.56,0.07,3.96,7.7
ALT-204383,Z,Birmingham,Normal,Female,Fresh Produce,1.87,1,0.09,1.96,22/02/2025,19:20:31,Cash,1.87,0.08,0.15,7.2
ALT-204384,X,Liverpool,Member,Female,Fresh Produce,6.64,2,0.66,13.94,07/10/2025,19:01:54,Debit Card,13.28,0.08,1.06,7.6
ALT-204385,Z,Birmingham,Normal,Female,Dairy & Eggs,4.67,7,1.63,34.32,18/10/2025,12:00:13,Mobile Wallet,32.69,0.07,2.29,7.9
ALT-204386,X,Liverpool,Normal,Female,Health & Wellness,22.58,9,10.16,213.38,26/06/2025,16:30:03,Credit Card,203.22,0.24,48.77,7.7
ALT-204387,Y,Sheffield,Normal,Female,Household,13.96,5,3.49,73.29,05/03/2025,19:52:31,Mobile Wallet,69.8,0.19,13.26,6.4
ALT-204388,X,Liverpool,Member,Male,Dairy & Eggs,7.08,8,2.83,59.47,10/08/2025,16:46:58,Debit Card,56.64,0.07,3.96,6.3
ALT-204389,Z,Birmingham,Member,Male,Beverages,3.34,1,0.17,3.51,28/06/2025,12:01:49,Mobile Wallet,3.34,0.13,0.43,6.6
ALT-204390,Z,Birmingham,Member,Male,Fresh Produce,5.73,3,0.86,18.05,04/06/2025,19:40:51,Debit Card,17.19,0.08,1.38,7.2
ALT-204391,Z,Birmingham,Normal,Female,Snacks,5.95,5,1.49,31.24,09/06/2025,14:14:59,Credit Card,29.75,0.17,5.06,7.1
ALT-204392,Z,Birmingham,Normal,Female,Beverages,12.75,2,1.28,26.78,15/01/2025,11:55:13,Mobile Wallet,25.5,0.13,3.31,6.0
ALT-204393,X,Liverpool,Member,Male,Beverages,4.7,4,0.94,19.74,06/12/2025,11:47:43,Mobile Wallet,18.8,0.13,2.44,7.4
ALT-204394,X,Liverpool,Normal,Female,Snacks,4.81,1,0.24,5.05,18/10/2025,16:10:42,Credit Card,4.81,0.17,0.82,5.5
ALT-204395,X,Liverpool,Normal,Male,Household,3.73,6,1.12,23.5,15/07/2025,16:48:25,Cash,22.38,0.19,4.25,7.4
ALT-204396,Y,Sheffield,Member,Female,Personal Care,16.78,7,5.87,123.33,24/01/2025,21:23:10,Cash,117.46,0.21,24.67,6.6
ALT-204397,Z,Birmingham,Member,Male,Health & Wellness,9.29,5,2.32,48.77,16/01/2025,11:54:30,Debit Card,46.45,0.24,11.15,6.8
ALT-204398,Z,Birmingham,Member,Female,Baby Products,21.67,9,9.75,204.78,27/08/2025,12:28:42,Mobile Wallet,195.03,0.18,35.11,7.5
ALT-204399,X,Liverpool,Member,Male,Snacks,5.9,1,0.3,6.2,13/09/2025,15:25:08,Debit Card,5.9,0.17,1.0,6.6
ALT-204400,X,Liverpool,Normal,Male,Personal Care,17.9,3,2.69,56.39,09/05/2025,10:15:25,Cash,53.7,0.21,11.28,6.7
ALT-204401,Y,Sheffield,Member,Female,Baby Products,35.63,3,5.34,112.23,24/10/2025,20:49:53,Mobile Wallet,106.89,0.18,19.24,8.0
ALT-204402,Y,Sheffield,Normal,Male,Dairy & Eggs,2.85,9,1.28,26.93,22/03/2025,14:31:17,Cash,25.65,0.07,1.8,7.1
ALT-204403,Y,Sheffield,Normal,Female,Baby Products,40.6,11,22.33,468.93,28/12/2025,14:53:11,Cash,446.6,0.18,80.39,6.7
ALT-204404,Z,Birmingham,Member,Female,Frozen Foods,14.4,8,5.76,120.96,14/08/2025,12:54:29,Credit Card,115.2,0.1,11.52,7.2
ALT-204405,X,Liverpool,Normal,Male,Fresh Produce,6.0,3,0.9,18.9,18/03/2025,14:07:41,Debit Card,18.0,0.08,1.44,4.4
ALT-204406,X,Liverpool,Normal,Male,Fresh Produce,1.92,2,0.19,4.03,03/08/2025,19:34:42,Mobile Wallet,3.84,0.08,0.31,6.7
ALT-204407,Y,Sheffield,Normal,Male,Bakery,4.25,8,1.7,35.7,21/04/2025,19:11:51,Cash,34.0,0.11,3.74,6.4
ALT-204408,X,Liverpool,Member,Female,Beverages,1.41,8,0.56,11.84,04/07/2025,09:09:41,Credit Card,11.28,0.13,1.47,6.1
ALT-204409,Z,Birmingham,Member,Male,Fresh Produce,5.37,8,2.15,45.11,07/10/2025,16:01:37,Credit Card,42.96,0.08,3.44,6.4
ALT-204410,Z,Birmingham,Member,Male,Health & Wellness,30.17,1,1.51,31.68,25/07/2025,11:53:29,Credit Card,30.17,0.24,7.24,6.0
ALT-204411,X,Liverpool,Member,Male,Dairy & Eggs,5.57,3,0.84,17.55,30/09/2025,17:52:16,Debit Card,16.71,0.07,1.17,6.9
ALT-204412,X,Liverpool,Member,Female,Beverages,6.4,8,2.56,53.76,12/05/2025,19:44:33,Debit Card,51.2,0.13,6.66,6.1
ALT-204413,Z,Birmingham,Normal,Male,Bakery,9.95,11,5.47,114.92,13/07/2025,13:58:42,Mobile Wallet,109.45,0.11,12.04,7.5
ALT-204414,Z,Birmingham,Member,Male,Dairy & Eggs,2.18,5,0.55,11.45,27/09/2025,15:39:26,Debit Card,10.9,0.07,0.76,6.1
ALT-204415,X,Liverpool,Normal,Male,Bakery,3.87,1,0.19,4.06,22/04/2025,14:12:34,Cash,3.87,0.11,0.43,7.7
ALT-204416,Z,Birmingham,Normal,Female,Personal Care,23.76,4,4.75,99.79,07/09/2025,17:06:44,Debit Card,95.04,0.21,19.96,7.3
ALT-204417,Z,Birmingham,Normal,Female,Frozen Foods,2.11,2,0.21,4.43,20/08/2025,14:37:33,Cash,4.22,0.1,0.42,5.5
ALT-204418,X,Liverpool,Normal,Male,Baby Products,15.47,12,9.28,194.92,05/04/2025,12:38:34,Debit Card,185.64,0.18,33.42,6.8
ALT-204419,X,Liverpool,Member,Male,Baby Products,33.92,11,18.66,391.78,13/03/2025,12:48:15,Debit Card,373.12,0.18,67.16,6.4
ALT-204420,Y,Sheffield,Normal,Male,Health & Wellness,15.78,7,5.52,115.98,20/01/2025,17:20:38,Credit Card,110.46,0.24,26.51,6.1
ALT-204421,Z,Birmingham,Member,Male,Dairy & Eggs,2.94,9,1.32,27.78,16/10/2025,08:48:41,Credit Card,26.46,0.07,1.85,7.6
ALT-204422,Z,Birmingham,Member,Male,Household,12.17,10,6.09,127.79,07/10/2025,19:18:39,Debit Card,121.7,0.19,23.12,6.6
ALT-204423,Y,Sheffield,Normal,Male,Snacks,1.96,6,0.59,12.35,03/02/2025,12:33:00,Credit Card,11.76,0.17,2.0,5.2
ALT-204424,Y,Sheffield,Member,Male,Beverages,12.59,5,3.15,66.1,22/07/2025,15:29:54,Mobile Wallet,62.95,0.13,8.18,8.5
ALT-204425,X,Liverpool,Normal,Female,Baby Products,23.92,6,7.18,150.7,05/05/2025,20:40:00,Debit Card,143.52,0.18,25.83,6.6
ALT-204426,Z,Birmingham,Normal,Male,Dairy & Eggs,7.16,8,2.86,60.14,04/07/2025,20:11:40,Debit Card,57.28,0.07,4.01,7.0
ALT-204427,X,Liverpool,Member,Male,Fresh Produce,11.75,2,1.18,24.68,08/11/2025,13:41:00,Credit Card,23.5,0.08,1.88,6.4
ALT-204428,Z,Birmingham,Normal,Male,Fresh Produce,2.14,6,0.64,13.48,05/01/2025,15:35:42,Credit Card,12.84,0.08,1.03,4.8
ALT-204429,Y,Sheffield,Member,Male,Fresh Produce,1.71,2,0.17,3.59,28/01/2025,16:56:31,Credit Card,3.42,0.08,0.27,8.5
ALT-204430,Z,Birmingham,Member,Female,Bakery,4.66,8,1.86,39.14,04/02/2025,20:27:54,Cash,37.28,0.11,4.1,6.2
ALT-204431,X,Liverpool,Normal,Male,Frozen Foods,2.72,11,1.5,31.42,14/11/2025,10:39:20,Credit Card,29.92,0.1,2.99,4.3
ALT-204432,Y,Sheffield,Normal,Male,Dairy & Eggs,4.86,3,0.73,15.31,23/08/2025,15:56:06,Debit Card,14.58,0.07,1.02,6.4
ALT-204433,Z,Birmingham,Normal,Male,Beverages,2.02,3,0.3,6.36,07/07/2025,10:16:23,Credit Card,6.06,0.13,0.79,7.6
ALT-204434,X,Liverpool,Member,Male,Household,6.71,2,0.67,14.09,22/06/2025,20:12:28,Cash,13.42,0.19,2.55,7.2
ALT-204435,Y,Sheffield,Member,Male,Baby Products,36.2,11,19.91,418.11,29/12/2025,13:54:15,Mobile Wallet,398.2,0.18,71.68,6.3
ALT-204436,Y,Sheffield,Normal,Male,Baby Products,37.01,1,1.85,38.86,22/07/2025,16:27:24,Cash,37.01,0.18,6.66,8.8
ALT-204437,Z,Birmingham,Member,Male,Baby Products,19.85,3,2.98,62.53,27/11/2025,12:46:59,Debit Card,59.55,0.18,10.72,7.7
ALT-204438,Y,Sheffield,Normal,Female,Personal Care,15.25,3,2.29,48.04,15/05/2025,15:31:02,Mobile Wallet,45.75,0.21,9.61,5.2
ALT-204439,X,Liverpool,Member,Female,Bakery,6.07,2,0.61,12.75,31/12/2025,17:45:28,Debit Card,12.14,0.11,1.34,7.4
ALT-204440,Y,Sheffield,Normal,Female,Bakery,5.68,12,3.41,71.57,07/08/2025,17:44:30,Cash,68.16,0.11,7.5,5.6
ALT-204441,X,Liverpool,Member,Female,Dairy & Eggs,3.87,1,0.19,4.06,24/09/2025,15:58:04,Debit Card,3.87,0.07,0.27,6.7
ALT-204442,X,Liverpool,Member,Male,Snacks,5.33,11,2.93,61.56,09/06/2025,16:03:43,Debit Card,58.63,0.17,9.97,5.5
ALT-204443,X,Liverpool,Member,Male,Bakery,5.57,5,1.39,29.24,25/08/2025,09:54:21,Credit Card,27.85,0.11,3.06,7.2
ALT-204444,Z,Birmingham,Normal,Female,Dairy & Eggs,4.14,1,0.21,4.35,05/06/2025,15:37:24,Credit Card,4.14,0.07,0.29,7.5
ALT-204445,X,Liverpool,Normal,Male,Baby Products,16.15,4,3.23,67.83,17/03/2025,12:42:45,Credit Card,64.6,0.18,11.63,6.2
ALT-204446,X,Liverpool,Member,Male,Snacks,2.23,8,0.89,18.73,26/01/2025,17:03:27,Debit Card,17.84,0.17,3.03,7.6
ALT-204447,Z,Birmingham,Member,Female,Personal Care,20.95,3,3.14,65.99,27/03/2025,17:24:41,Credit Card,62.85,0.21,13.2,5.8
ALT-204448,Z,Birmingham,Member,Male,Snacks,4.35,11,2.39,50.24,25/05/2025,20:16:58,Mobile Wallet,47.85,0.17,8.13,6.4
ALT-204449,X,Liverpool,Normal,Male,Health & Wellness,22.02,9,9.91,208.09,05/01/2025,08:45:42,Debit Card,198.18,0.24,47.56,5.9
ALT-204450,X,Liverpool,Member,Female,Baby Products,23.47,2,2.35,49.29,19/10/2025,15:41:31,Debit Card,46.94,0.18,8.45,7.8
ALT-204451,Y,Sheffield,Normal,Male,Health & Wellness,13.86,10,6.93,145.53,02/11/2025,14:48:30,Credit Card,138.6,0.24,33.26,6.5
ALT-204452,Y,Sheffield,Normal,Female,Personal Care,22.66,4,4.53,95.17,09/06/2025,09:13:46,Credit Card,90.64,0.21,19.03,7.0
ALT-204453,Z,Birmingham,Normal,Female,Snacks,4.01,5,1.0,21.05,31/10/2025,09:36:09,Mobile Wallet,20.05,0.17,3.41,5.7
ALT-204454,Y,Sheffield,Member,Female,Baby Products,20.24,3,3.04,63.76,22/03/2025,08:42:42,Debit Card,60.72,0.18,10.93,7.3
ALT-204455,Y,Sheffield,Member,Male,Health & Wellness,21.26,6,6.38,133.94,06/09/2025,12:40:53,Credit Card,127.56,0.24,30.61,6.5
ALT-204456,Z,Birmingham,Normal,Male,Baby Products,49.54,8,19.82,416.14,12/12/2025,20:01:26,Debit Card,396.32,0.18,71.34,8.2
ALT-204457,X,Liverpool,Member,Female,Health & Wellness,30.82,2,3.08,64.72,30/06/2025,14:49:47,Mobile Wallet,61.64,0.24,14.79,6.3
ALT-204458,Y,Sheffield,Normal,Male,Fresh Produce,10.88,3,1.63,34.27,06/11/2025,20:40:50,Debit Card,32.64,0.08,2.61,7.4
ALT-204459,X,Liverpool,Member,Male,Snacks,2.04,6,0.61,12.85,09/06/2025,16:01:16,Credit Card,12.24,0.17,2.08,7.4
ALT-204460,Z,Birmingham,Normal,Female,Household,8.88,2,0.89,18.65,12/10/2025,14:05:58,Mobile Wallet,17.76,0.19,3.37,7.7
ALT-204461,Z,Birmingham,Member,Male,Beverages,12.67,8,5.07,106.43,17/11/2025,15:35:46,Debit Card,101.36,0.13,13.18,7.3
ALT-204462,Z,Birmingham,Normal,Male,Personal Care,3.79,4,0.76,15.92,12/10/2025,16:52:30,Credit Card,15.16,0.21,3.18,6.3
ALT-204463,Z,Birmingham,Normal,Female,Household,9.44,2,0.94,19.82,24/02/2025,11:25:40,Credit Card,18.88,0.19,3.59,5.5
ALT-204464,X,Liverpool,Member,Male,Frozen Foods,3.96,2,0.4,8.32,27/01/2025,18:45:52,Debit Card,7.92,0.1,0.79,5.8
ALT-204465,Y,Sheffield,Normal,Male,Frozen Foods,6.2,3,0.93,19.53,16/07/2025,11:37:35,Credit Card,18.6,0.1,1.86,7.0
ALT-204466,X,Liverpool,Normal,Male,Frozen Foods,9.63,5,2.41,50.56,04/02/2025,14:16:28,Debit Card,48.15,0.1,4.82,7.3
ALT-204467,X,Liverpool,Normal,Male,Dairy & Eggs,3.69,5,0.92,19.37,27/06/2025,13:03:24,Debit Card,18.45,0.07,1.29,7.6
ALT-204468,Z,Birmingham,Member,Male,Personal Care,24.86,1,1.24,26.1,31/12/2025,15:03:56,Mobile Wallet,24.86,0.21,5.22,7.8
ALT-204469,Y,Sheffield,Member,Male,Dairy & Eggs,4.85,4,0.97,20.37,08/07/2025,10:42:27,Debit Card,19.4,0.07,1.36,6.8
ALT-204470,Z,Birmingham,Member,Female,Bakery,11.6,7,4.06,85.26,29/12/2025,15:50:00,Credit Card,81.2,0.11,8.93,5.1
ALT-204471,X,Liverpool,Member,Female,Household,21.25,1,1.06,22.31,10/10/2025,11:12:32,Mobile Wallet,21.25,0.19,4.04,6.4
ALT-204472,Z,Birmingham,Normal,Female,Health & Wellness,17.43,4,3.49,73.21,24/04/2025,13:00:53,Credit Card,69.72,0.24,16.73,5.7
ALT-204473,Y,Sheffield,Member,Female,Household,4.89,2,0.49,10.27,20/07/2025,13:59:28,Cash,9.78,0.19,1.86,6.2
ALT-204474,Z,Birmingham,Member,Male,Snacks,3.9,6,1.17,24.57,01/07/2025,14:06:30,Credit Card,23.4,0.17,3.98,5.9
ALT-204475,Y,Sheffield,Normal,Female,Frozen Foods,11.64,1,0.58,12.22,01/05/2025,14:00:45,Mobile Wallet,11.64,0.1,1.16,7.9
ALT-204476,X,Liverpool,Member,Male,Bakery,5.23,8,2.09,43.93,05/04/2025,16:09:47,Debit Card,41.84,0.11,4.6,8.8
ALT-204477,X,Liverpool,Normal,Female,Dairy & Eggs,6.7,5,1.68,35.18,28/04/2025,15:36:07,Debit Card,33.5,0.07,2.35,6.6
ALT-204478,Z,Birmingham,Normal,Male,Snacks,4.25,9,1.91,40.16,31/10/2025,16:32:38,Mobile Wallet,38.25,0.17,6.5,8.0
ALT-204479,Y,Sheffield,Normal,Female,Personal Care,20.85,1,1.04,21.89,12/11/2025,08:32:34,Mobile Wallet,20.85,0.21,4.38,9.5
ALT-204480,Z,Birmingham,Normal,Male,Fresh Produce,7.6,6,2.28,47.88,16/03/2025,12:14:39,Cash,45.6,0.08,3.65,4.9
ALT-204481,Y,Sheffield,Member,Female,Fresh Produce,8.94,2,0.89,18.77,11/05/2025,19:23:28,Cash,17.88,0.08,1.43,8.0
ALT-204482,X,Liverpool,Member,Female,Snacks,0.9,6,0.27,5.67,17/10/2025,16:45:29,Credit Card,5.4,0.17,0.92,5.7
ALT-204483,Y,Sheffield,Member,Male,Frozen Foods,8.71,1,0.44,9.15,09/09/2025,08:33:07,Debit Card,8.71,0.1,0.87,5.3
ALT-204484,Z,Birmingham,Normal,Male,Baby Products,11.47,1,0.57,12.04,23/01/2025,18:25:11,Credit Card,11.47,0.18,2.06,4.9
ALT-204485,Y,Sheffield,Normal,Male,Household,14.42,10,7.21,151.41,07/08/2025,16:59:29,Debit Card,144.2,0.19,27.4,6.8
ALT-204486,Z,Birmingham,Normal,Male,Household,13.52,1,0.68,14.2,30/10/2025,20:49:10,Mobile Wallet,13.52,0.19,2.57,6.0
ALT-204487,Z,Birmingham,Normal,Male,Baby Products,32.01,4,6.4,134.44,27/11/2025,18:27:31,Credit Card,128.04,0.18,23.05,5.6
ALT-204488,X,Liverpool,Normal,Female,Beverages,3.99,5,1.0,20.95,23/06/2025,12:00:44,Credit Card,19.95,0.13,2.59,6.6
ALT-204489,X,Liverpool,Member,Female,Baby Products,38.62,3,5.79,121.65,29/12/2025,18:51:00,Credit Card,115.86,0.18,20.85,5.6
ALT-204490,X,Liverpool,Normal,Male,Snacks,1.47,1,0.07,1.54,27/03/2025,15:07:58,Debit Card,1.47,0.17,0.25,5.8
ALT-204491,Y,Sheffield,Normal,Male,Bakery,10.53,1,0.53,11.06,13/12/2025,19:02:13,Debit Card,10.53,0.11,1.16,4.9
ALT-204492,X,Liverpool,Normal,Male,Household,8.86,3,1.33,27.91,25/08/2025,12:18:28,Debit Card,26.58,0.19,5.05,6.2
ALT-204493,Y,Sheffield,Normal,Female,Bakery,3.01,13,1.96,41.09,22/05/2025,16:04:54,Mobile Wallet,39.13,0.11,4.3,5.3
ALT-204494,Z,Birmingham,Member,Male,Bakery,7.86,6,2.36,49.52,14/05/2025,18:40:25,Credit Card,47.16,0.11,5.19,7.3
ALT-204495,Y,Sheffield,Normal,Male,Snacks,3.48,1,0.17,3.65,12/04/2025,19:45:02,Debit Card,3.48,0.17,0.59,7.0
ALT-204496,X,Liverpool,Member,Female,Bakery,6.78,4,1.36,28.48,05/08/2025,11:31:08,Credit Card,27.12,0.11,2.98,7.0
ALT-204497,X,Liverpool,Member,Female,Personal Care,21.27,1,1.06,22.33,31/01/2025,18:59:58,Cash,21.27,0.21,4.47,6.9
ALT-204498,X,Liverpool,Normal,Male,Fresh Produce,10.2,5,2.55,53.55,02/07/2025,09:31:13,Credit Card,51.0,0.08,4.08,5.8
ALT-204499,Y,Sheffield,Normal,Male,Bakery,9.49,6,2.85,59.79,18/11/2025,08:14:38,Credit Card,56.94,0.11,6.26,4.1
